pid,name
1936781921,        Creature Codex
B00000K5CK,"        Folkmanis Mouse Hand Puppet, White       "
B00004OCKR,"        OXO Good Grips Large Salad Spinner - 6.22 Qt., White       "
B00004SQ0K,        Rabbit W6004N Original Lever Corkscrew Wine Opener with Foil Cutter and Extra Spiral (Black)       
B00004SU18,"        Brita Standard Water Filter for Pitchers and Dispensers, BPA-Free, Reduces Copper, Cadmium and Mercury Impurities, Lasts Two Months or 40 Gallons, Includes 3 Filters for Pitchers       "
B00004TBJP,"        Springfield Indoor Outdoor Big and Bold Dial Thermometer, Wireless Thermometer with Easy to Read Large Numbers for Patio, Pool, and Indoor Areas, 8-Inch, White       "
B00005338S,"        Gillette Foamy Regular Shaving Foam, 2 oz       "
B0000536EY,"        Aveeno Therapeutic Shave Gel with Oat and Vitamin E to Help Prevent Razor Bumps, Soothes Dry Skin and Provides a Close, Smooth Shave with Less Irritation, Fragrance-Free, 7 oz       "
B000058AK9,"        Farberware Classic Stainless Steel Sauce Pan/Saucepan with Lid, 3 Quart, Silver       "
B00005AS51,        Vacu Vin Wine Saver Vacuum Stoppers - Set of 4 - Gray - for Wine Bottles - Keep Wine Fresh for Up to a Week with Airtight Seal - Compatible with Vacu Vin Wine Saver Pump       
B0000645YM,"        Cuisinart Food Processor, Mini-Prep 3 Cup, 24 oz, Brushed Chrome and Nickel, DLC-2ABC       "
B00006JKZN,"        Cuisinart WMR-CAP2 Round Classic Waffle Maker, Brushed Stainless,Silver       "
B00006JSUA,"        Lodge 10.25 Inch Cast Iron Pre-Seasoned Skillet – Signature Teardrop Handle - Use in the Oven, on the Stove, on the Grill, or Over a Campfire, Black       "
B00007J6CX,"        Lysol Pro Kitchen Spray Cleaner and Degreaser, Antibacterial All Purpose Cleaning Spray for Kitchens, Countertops, Ovens, and Appliances, Citrus Scent, 22oz       "
B00008CM69,"        Cuisinart 1.5 Quart Saucepan w/Cover, Chef's Classic Stainless Steel Cookware Collection, 719-16       "
B00008CM6A,"        Cuisinart 722-20 8-Inch Chef's-Classic-Stainless-Cookware-Collection, 8"", Open Skillet       "
B00008ELEA,"        Farberware Electric Coffee Percolator, FCP240, Stainless Steel Basket, Automatic Keep Warm, No-Drip Spout, 4 Cup       "
B00008GKDN,"        Lodge L9OG3 Cast Iron Round Griddle, Pre-Seasoned, 10.5-inch       "
B00008W70F,"        Farberware Nonstick Bakeware Baking Pan / Nonstick Cake Pan, Rectangle - 9 Inch x 13 Inch, Gray       "
B0000AH849,"        Summit...responsible solutions 110-12 Mosquito Dunks, 6-Pack       "
B0000ASZXN,        Franklin Sports Official Size Football - All-Weather 1000 Regulation Outdoor Football - Synthetic Leather Adult Ball - Extra Grip Official Size - Brown + White       
B0000CF66W,"        Lodge L8SGP3 Cast Iron Square Grill Pan, Pre-Seasoned, 10.5-inch       "
B0000CFPFZ,"        Farberware 12 Cup Electric Coffee Percolator, Coffee Maker with Stainless Steel Basket, Automatic Keep Warm, No-Drip Spout       "
B0000DJQCA,"        Mikasa Cheers Martini Glass, 10-Ounce, Set of 4       "
B0000TN7ME,"        Vicks Warm Steam Vaporizer, Small to Medium Rooms, 1.5 Gallon Tank – Warm Mist Humidifier for Baby and Kids Rooms with Night Light, Works with Vicks VapoPads and VapoSteam       "
B00018RR48,"        Cuisinart Fondue Pot, 3 Quart, For Chocolate, Cheese, Broth, Oil, Stainless Steel, CFO-3SSP1       "
B0001AUF8G,        SUMMIT CHEMICAL CO 117-6 30OZ Mosquito Bits       
B0001LE1VC,"        Summit 116-12 Quick Kill Mosquito Bits, 8-Ounce       "
B0001LQGPG,"        Gillette Sensor3 Sensitive Men's Disposable Razor, 4 Razors       "
B0001TQCSO,"        Naturtint 5N Light Chestnut Brown Permanent Hair Color (Pack of 1), Ammonia Free, Vegan, Cruelty Free, up to 100% Gray Coverage, Long Lasting Results (Packaging may vary)       "
B0001VQIYU,"        Joyce Chen 2-Tier Bamboo Steamer Baskets, 10-Inch       "
B00023B72U,"        144 Oxygen Absorbing Beer Bottle Caps, 26mm US Standard Size Pry Off Gold Crown Caps for Homebrew, PVC Free Caps for Beer Bottles       "
B0002TT3N4,"        Ultra PRO - Penny Sleeves® Clear Soft Card Sleeves 100ct. 2.5"" x 3.5"", Protect and Store Valuable Sports Cards, Baseball Cards, Football Cards, Basketball Cards and Even Gaming Cards, MTG & DND       "
B0002UEOMS,"        Permatex 80036 Valve Grinding Compound, 1.5 oz.       "
B0002WRHE8,"        Mr. Heater 18,000 BTU Big Buddy Pro Series Portable Propane Heater       "
B00068XCQU,"        Battery Tender Plus 12V 1.25 AMP Car & Motorcycle Battery Charger and Maintainer, Float Charge for Automotive, and ATVs - Smarter Than a Trickle Charger       "
B0006O8Q7Y,"        Stomp Rocket Ultra Rocket Launcher for Kids, 4 Rockets - Fun Backyard & Outdoor Kids Toys Gifts for Boys & Girls - High Flying Toy Foam Blaster Set - Multi-Player Adjustable Launch Stand       "
B0007QO4ZE,"        Folkmanis Mini Raccoon Finger Puppet, Gray, 1 EA       "
B0009JRPBY,        Aurora® Interactive Hand Puppet Esmeralda™ Stuffed Animal - Storytelling Adventures - Playful Learning - White 11 Inches       
B0009P67US,"        Glad Medium Square Food Storage Containers for Everyday Use | Medium Square Food Storage Containers Hold up to 25 Ounces of Food (25 Oz) |5 Count, Standard Food Containers, Blue, Clear       "
B000A1EH0S,"        20B-HEAT Prestone Driveway Heat Concentrated Ice Melter, 20-Pound       "
B000B58J4S,"        Jovan Musk for Women Eau de Cologne Spray 2 fl oz (Pack of 1), Notes of Jasmine, Amber, and Neroli, Women's Fragrance, Long Lasting, Everyday Fragrance, Travel Size       "
B000B6MKMO,"        Hot Wheels Toy Cars & Trucks 10-Pack, Set of 10 1:64 Scale Vehicles, Includes Race Cars, Semi, Rescue or Construction Trucks (Styles May Vary)       "
B000BQMOF2,"        Raid Wasp & Hornet Killer Spray, Bug Killer Kills the Entire Nest, 14 Oz, 2 Count       "
B000BQT5IG,"        Combat Indoor and Outdoor Ant Killing Gel, 27 Gram       "
B000BX1HGC,"        Bonide Bontone II Rooting Powder, 1.25 oz Ready-to-Use Dust for Houseplants and Transplants Speeds Root Development       "
B000BX1HKI,"        Bonide Systemic Houseplant Insect Control, 8 oz Ready-to-Use Granules for Indoors and Outdoors, Protects Plants from Insects       "
B000BZ8HNG,"        Miracle-Gro Water Soluble All Purpose Plant Food, Fertilizer for Indoor or Outdoor Flowers, Vegetables or Trees, 3 lbs.       "
B000C213ZM,"        Guy Laroche Drakkar Noir, Iconic Designer Fragrance, Intense & Powerful Eau de Toilette, Fougere Blend & Aromatic Spices, Long Lasting Mens Cologne, Day and Evening Scent       "
B000CO89T8,        Mr.Coffee Mug Warmer       
B000CPCRS6,        VHT SP999 Nite-Shades Lens Cover Tint Translucent Black Paint Can - 10 oz.       
B000CPINBG,        VHT Flameproof Coating Very High Heat Nu-Castâ„¢ Cast Iron       
B000E0OCR8,        Daxter       
B000EMUDVK,        Tweezerman Stainless Steel Slant Tweezer - Eyebrow Tweezers for Women and Men (Sky Blue)       
B000FK3WDC,"        Toysmith Tech Gear Multi Voice Changer – Amplifies Voice with 8 Fun Effects, Fun Toy or Gift for Kids Ages 5+- Christmas Gifts, Stocking Stuffer, 6.5”, Colors May Vary       "
B000FYZS6M,        Grand Theft Auto Vice City Stories - Sony PSP       
B000FZ4TZC,"        Nostalgia 3 Tier Electric Chocolate Fondue Fountain Machine for Parties - Melts Cheese, Queso, Candy, and Liqueur - Dip Strawberries, Apple Wedges, Vegetables, and More - 24-Ounce - Black, Small       "
B000GFZWE8,        Nexxus Humectress Moisturizing Conditioner Ultimate Moisture for Dry Hair Moisturizing ProteinFusion with Elastin Protein and Green Caviar 33.8 oz       
B000GKD722,        Bead Sealer Flammable 32Oz (TI250)       
B000KL1LDE,"        Combat Max 12 Month Roach Killing Bait, Small Roach Bait Station, Child-Resistant, 18 Count       "
B000L9DFN4,"        rokz Triple Berry Cocktail Sugar, drink rimmer       "
B000LEXR0K,"        Lodge Pre-Seasoned Cast Iron Double Dutch Oven With Loop Handles, 5 qt       "
B000LTJRQ8,"        Triple Paste Diaper Rash Cream for Baby - 8 Oz Tub - Zinc Oxide Ointment Treats, Soothes and Prevents Diaper Rash - Pediatrician-Recommended Hypoallergenic Formula with Soothing Botanicals       "
B000NDS2CC,"        Clearblue Rapid Detection Pregnancy Test, Home Pregnancy Kit, 3 Count       "
B000NG69E2,"        OPI Nail Lacquer Nail Polish | Opaque Dark Brown Crème Chip Resistant Nail Polish | Vegan, Fast Drying, Streak Free       "
B000O622LA,"        Leisure Time RENU5 Renew Non-Chorine Shock, 5 lbs       "
B000OM82J0,"        SUPERthrive The Original Vitamin Solution - Liquid Concentrate, May Add to Any Fertilizing Program, 4 fl. oz.       "
B000OP9AA2,"        Leisure Time E5 Spa 56 Chlorinating Granules for Spas and Hot Tubs, 5-Pounds (Packaging may vary)       "
B000P158OW,"        BIC Silky Touch Women's Disposable Razors, With 2 Blades, Pretty Pastel Razor Handles, 10 Count Pack of Shaving Razors       "
B000PGE032,"        Cutter Backyard Bug Control Spray Concentrate, Mosquito Repellent, Kills Mosquitoes, Fleas & Listed Ants, 32 fl Ounce       "
B000PW64JY,"        Hoppe's No. 9 Lubricating Oil, 2-1/4 oz. Bottle       "
B000Q0VBOS,"        Dolce & Gabbana Light Blue, Eau De Toilette Spray, For Women       "
B000QFQEMW,        True Temper 1627200 Poly Snow Shovel/Pusher with Steel Handle and D-Grip       
B000QRAXSG,"        Combat Max Roach Killing Gel for Indoor and Outdoor Use, 1 Syringe, 2.1 Ounce (Pack of 1)       "
B000RNCKQ2,"        Miracle-Gro Pour & Feed Plant Food, Fertilizer Instantly Feeds Live Plants, For Outdoor & Indoor Plants in Containers, 32 oz.       "
B000SDKDM4,"        Lavazza Super Crema Whole Bean Coffee, Medium Espresso Roast, Arabica and Robusta Blend, 2.2 lb Bag, Package May Vary (Pack of 1)       "
B000SSPH3E,        Final Fantasy Tactics: The War of the Lions - Sony PSP       
B000TP2V3A,        Mx Vs ATV Untamed - Xbox 360       
B000TQXNKE,        Daron Toy Airplane – Southwest Airlines – Die-Cast Metal Model Airplane Toy with Plastic Parts for Kids Ages 3+       
B000TTSXNI,"        Lasko Oscillating Ceramic Tower Space Heater for Home with Adjustable Thermostat, Timer and Remote Control, 22.5 Inches, Grey/Black, 1500W, 751320       "
B000U7QDKO,"        Rubbermaid Commercial Products Fg295700Gray Plastic Resin Deskside Wastebasket, 10 Gallon/41 Quart, Gray       "
B000UMG2XM,"        Paris Hilton Enameled Cast Iron Dutch Oven Heart-Shaped Pot with Lid, Dual Handles, Works on All Stovetops, Oven Safe to 500°F, 2-Quart, Pink       "
B000V3MFUY,"        Weleda Baby Calendula Diaper Cream, 2.8 Fluid Ounce, Plant Rich Protection with Calendula, Chamomile, Sweet Almond Oil, Lanolin and Zinc Oxide       "
B000V87OY6,"        Leisure Time D Metal Gon Protection for Spas and Hot Tubs, 16 fl oz (Package may vary)       "
B000V8MTIC,        Wild Growth Hair Oil 4 Oz       
B000VOPG0E,"        Dolce & Gabbana Light Blue Pour Homme, Eau De Toilette Spray, Fragrance For Men       "
B000VTLTI2,"        Chefmaster Coal Black Liqua-Gel® Food Coloring | Vibrant Color | Professional-Grade Dye for Icing, Frosting, Fondant | Baking & Decorating | Fade-Resistant | Easy-to-Use | Made in USA | 2.3 oz       "
B000VYH6HU,        Morton Safe-T-Salt Rock Salt 25.0 LB For Snow And Ice Removal       
B000WFIR5S,"        683051 Paw Thaw Ice Melt for Pets, 25-Pound Bag       "
B000XEATY0,"        Dolce & Gabbana Light Blue, Eau De Toilette Spray, For Women       "
B0010B5EQS,"        Clorox ToiletWand Toilet Cleaning Kit, ToiletWand, Caddy and 6 Refills, Pack of 6 (Pack May Vary)       "
B00112BUBO,"        COVERGIRL - Cheekers Blush, Soft, blendable, lightweight formula, easy & natural look, 100% Cruelty-Free       "
B001167VIQ,"        T-fal Signature Nonstick Cookware Set 12 Piece, Oven Broiler Safe 350F, Pots and Pans, Kitchen Cooking Set w/ Fry Pans, Saucepans, Saute Pan, Dutch Oven, Griddle, Kitchen, Home, Dishwasher Safe, Black       "
B00117ENIQ,"        KOHLER 87115-CP Left Trip Lever Service Kit, Polished Chrome, Left replacement trip lever kit for Kohler toilets, Composed of durable materials       "
B00122JE66,"        EARTHLITE Disposable Face Cradle Covers – Medical-Grade, Ultra Soft, Luxurious, Non-Sticking Massage Headrest Covers for Massage Tables & Massage Chairs       "
B0012XH8WM,"        Combat Roach Killing Bait, Roach Bait Station For Large Roaches, Kills The Nest, Child-Resistant, 8 Count,Insects       "
B001334UNQ,"        Fat Daddio's Round Cake Pan, 6 x 2 Inch, Silver       "
B0014CZ16Q,        Q-tips Cotton Swabs For Hygiene and Beauty Care Original Cotton Swab Made With 100% Cotton 500 Count       
B0015A8RQ8,        Secret Agent Clank       
B0016HF5GK,"        BISSELL Little Green Multi-Purpose Portable Carpet and Upholstery Cleaner, Car and Auto Detailer, with Exclusive Specialty Tools, Green, 1400B       "
B001797W40,"        BioSilk Silk Therapy Original, Reconstructing Treatment For Adding Shine & Helping Prevent Split Ends, Sulfate, Paraben, & Cruelty-Free, 5.64 Oz       "
B0018U0A3S,"        Oregon 54-026 Premium Bar and Chain Oil and Lubricant for Chainsaws, 1 Quart Bottle (32 fl.oz / 946 ml)       "
B001A4N47G,"        Hoppe's No. 9 Cleaning Kit with Aluminum Rod, .38/.357 Caliber, 9mm Pistol (Packaging's May Vary)       "
B001ACMBJK,"        Combat Max Large Roach Killing Bait, 8 count (Pack of 1)       "
B001B1KGCO,"        TERRO T901-6 Ant Killer Plus Multi-Purpose Insect Control for Outdoors - Kills Fire Ants, Fleas, Cockroaches, and Other Crawling Insects - 3lb       "
B001B1LI8A,"        Harris Roach Tablets, Boric Acid Roach and Insects Killer with Lure, Alternative to Bait Traps (6oz, 145 Tablets)       "
B001BR1LNG,        Crosman 15-Count CO2 Cartridges For Air Rifles And Air Pistols       
B001CH0ZLE,"        Hamilton Beach 6-Speed Electric Hand Mixer with Whisk, Traditional Beaters, Snap-On Storage Case, 250 Watts, White       "
B001CUQ1C8,"        ZeroWater Official Replacement Filter - 5-Stage 0 TDS Filter Replacement - System IAPMO Certified to Reduce Lead, Chromium, and PFOA/PFOS, 2-Pack       "
B001DKPL14,        Dupli-Color DA1692 Multi-Purpose Acrylic Enamel Spray Paint - Crystal Clear - 12 oz. Aerosol Can       
B001DULLKE,"        First Response Early Result Pregnancy Test, 2 Count (Packaging & Test Design May Vary)       "
B001E1IVBE,        YOTTOY Mo Willems Collection | Pair of Elephant & Piggie Soft Stuffed Animal Plush Toys – 7” & 5” Sitting       
B001ECQ7G4,"        Tend Skin The Skin Care Solution For Unsightly Razor Bumps, Ingrown Hair And Razor Burns, 8 Fl Oz Bottle       "
B001EGMZC0,"        Hot Shot Liquid Roach Bait, Roach Killer, 1 Pack, 6-Count       "
B001FWXMGG,"        Ed Hardy Women's Perfume Fragrance by Christian Audigier, Eau De Parfum, 3.4 Fl Oz       "
B001G2ABZU,        Pelican 1010 Micro Case (Black)       
B001G3AZS2,        Sonic's Ultimate Genesis Collection (Platinum Hits) - Xbox 360       
B001GL1NXU,"        Bissell Natural Sweep Carpet and Floor Sweeper with Dual Brush Rotating System and 2 Corner Edge Brushes, 92N0A, 4.2 lb.       "
B001GM60LE,"        Twinings English Breakfast Black Tea Individually Wrapped Bags, 100 Count (Pack of 1), Smooth, Flavourful, and Robust, Caffeinated, Enjoy Hot or Iced | Packaging May Vary       "
B001I912SQ,"        SKLZ Pro Mini Indoor Basketball Hoop - Over The Door – Portable - Great for Home, Dorms, Offices, and Gifts       "
B001JQLNGY,"        Gillette Sensor3 Comfort Disposable Razors for Men, 8 Count, Lubrastrip Glides Easily Over Your Skin       "
B001JQLNHS,"        Gillette Fusion5 Razor Refills for Men, 5 Bladed Razor, with Precision Trimmer and Lubrastrip for a Close Shave, 12 Razor Blade Refills       "
B001K26ZPG,"        Wilton Perfect Results Premium Non-Stick Cupcake Pan, 12-Cup Muffin Tin, Steel Baking Supplies       "
B001KMRN0M,        PlayStation Portable 3000 Core Pack System - Piano Black       
B001KYPZ4G,"        VEET Sensitive Skin Hair Removal Cream For Women, Painless Bikini Hair Removal Gel, Dermatologically Tested Depilatory Cream For Bikini Line, Legs, Arms, Underarms, 13.5 FL OZ Pump Bottle with Tool       "
B001NDNV18,"        Oreck Commercial XL Vacuum Cleaner, Bagged Upright Vac for Carpets and Hard Floor, Lightweight, Automatic Height Adjust, High-Speed Brush Roll, Powerful Vacuum Cleaners for Commercial Use       "
B001QY8QXM,"        Astra Platinum Double Edge Safety Razor Blades,100 Blades (20 x 5)       "
B001R1RXUG,"        Honeywell Turboforce Fan, Ht-900, 11 inch       "
B001RJTQ8U,"        BLACK+DECKER The Classic Iron, F67E-T, Aluminum Soleplate, Steam or Dry Ironing, 7 Temperature Settings, Anti-Drip       "
B001T6JTMY,"        If You Care Parchment Baking Paper, 70 sq ft       "
B001U005B8,"        FoodSaver Precut Vacuum Sealer Bags for Airtight Food Storage and Sous Vide Cooking, BPA-Free, 1 Quart, 44 Count       "
B001UGL84U,"        Selsun Blue Medicated Antidandruff Shampoo, Maximum Strength Scalp Treatment With Selenium Sulfide, 11 fl. oz.       "
B001UI37N8,        NutriMill Classic High Speed Electric Grain Mill for Fresh Flour Wheat Grinder with Stainless Steel Milling Heads       
B001VEK1HQ,        Braun Series 7 70S Electric Shaver Head Replacement Cassette – Silver       
B0021HR94K,"        Earth Mama Organic Diaper Balm 2-Ounce | Diaper Cream for Baby | EWG Verified, Petroleum & Artificial Fragrance-Free with Calendula for Sensitive Skin       "
B0025KZV7A,        Left 4 Dead - Game of the Year Edition -Xbox 360       
B0025U73E4,"        Chefmaster Super Red Liqua-Gel® Food Coloring | Vibrant Color | Professional-Grade Dye for Icing, Frosting, Fondant | Baking & Decorating | Fade-Resistant | Easy-to-Use | Made in USA | 10.5 oz       "
B00267S7TQ,        Nikon D5000 12.3 MP DX Digital SLR Camera with 18-55mm f/3.5-5.6G VR Lens and 2.7-inch Vari-angle LCD       
B0026MD0G6,        HARRIS Boric Acid Roach and Silverfish Killer Powder w/Lure for Insects (16oz)       
B0026RHI3M,"        GoodCook Everyday Nonstick Carbon Steel Baking Sheet Set, 3 Pack – Small 13” x 9”, Medium 15” x 10”, Large 17” x 11” – Carbon Steel Cooking Pans, Cookie Sheet Bakeware Set       "
B0027EA3UO,"        56825 Power 6300 Enviro Blend Ice Melter, 25-Pound       "
B0028LRKJI,"        Good Cook 12-inch Bamboo Skewers, 100 Count       "
B002969BQW,        Dupli-Color EPS100000 Prep Grease and Wax Remover Automotive Spray Paint Primer - 11 oz. Aerosol Can       
B0029818Q6,        Dupli-Color BSP200 Paint Shop Finish System Base Coat – Jet Black - 32 oz. Automotive Paint       
B002B4SX8O,"        Oggi Insulated Ice Bucket, 4 Quart / 3.8 L, Stainless Steel, Black.       "
B002BSC57U,        Gran Turismo - Sony PSP       
B002CMLTXG,"        Lodge LDP3 Cast Iron Rectangular Reversible Grill/Griddle, 9.5-inch x 16.75-inch, Black       "
B002CVTT4S,"        BLACK+DECKER 2-Slice Toaster, T2569B, Extra Wide Slots, 6 Shade Settings, 850 Watts, Crub Tray, Cancel Button       "
B002ED3IP0,"        Just For Men Mustache & Beard, Beard Dye for Men with Brush Included for Easy Application, With Biotin Aloe and Coconut Oil for Healthy Facial Hair - Jet Black, M-60, Pack of 1       "
B002HQCWYM,"        Twinings English Breakfast Black Tea K-Cup Pods for Keurig, 24 Count (Pack of 1), Smooth, Flavourful, Robust, Caffeinated, Enjoy Hot or Iced | Packaging May Vary       "
B002I0GZ5Y,        Kingdom Hearts: Birth by Sleep - Sony PSP       
B002IMMDN0,        Hot Wheels 100 Car Rolling Storage Case       
B002LFGES4,"        Anchor Hocking Rio Drinking Glasses Set, 16 Piece Set (8 Rocks Glasses & 8 Tumbler Glasses)       "
B002NHW0NS,"        American Fireglass Medium Lava Rock, 1/2"" - 1"" | Use in Fireplace, Fire Pit or Bowl | Outdoor & Indoor Volcanic Rock for Natural Gas or Propane Fires | Decorative Landscaping | 10 lb Bag       "
B002R0DXQE,"        Affresh W10282479 Dishwasher Cleaner, 1 Pack       "
B002SIHY4M,        Bath and Body Works Eucalyptus Spearmint Stress Relief Lotion and Wash 2 Piece Set       
B002UNMZPI,"        USA Pan Bakeware Pullman Loaf Pan with Cover, 13 x 4 inch, Nonstick & Quick Release Coating, Made in the USA from Aluminized Steel       "
B002ZCZ0F6,"        Hot Wheels 1:64 Scale Die-Cast Toy Cars 5-Pack, Set of 5 Toy Race Cars, Hot Rods, Character Cars, Rescue or Pick-Up Trucks (Styles May Vary)       "
B0030GG2GC,"        Lifetime 60012 Extra Large Deck Box, 130 Gallon, Desert Sand/Brown       "
B0030UUBMO,        Holly 3” Fiber Baby Crib Mattress       
B00310210I,"        Wagner's 13008 Deluxe Wild Bird Food, 10 lb Bag       "
B0031081MU,"        Wagner's 62032 Cardinal Blend Wild Bird Food, 6-Pound Bag       "
B0032FOQXW,"        Tablecraft Free Flow Pourers, 2.5 x 1.25 Inch, 12 Count, Black       "
B0035EYNNS,        Amscan 409858 Football Molded Party Picks | 36 pieces       
B0036QO8M6,"        Reynolds Kitchens Cut-Rite Wax Paper, 75 Square Foot Roll       "
B0036RKGHQ,"        Bright Starts Disney Baby Finding Nemo Mr. Ray Ocean Lights & Music Gym, Ages Newborn +       "
B0037LOPQY,"        Gillette Venus Tropical Women's Disposable Razor, 3 Count       "
B00394DQGO,"        Huggies Little Swimmers Disposable Swim Diapers, Size 5-6 (32+ lbs), 17 Ct       "
B0039LMTAQ,        Gillette Venus Sensitive Women's Disposable Razors - Single Package of 3 Razors       
B0039LMTBU,"        Gillette Venus Sensitive Disposable Razors for Women with Sensitive Skin, 6 Count, Delivers Close Shave with Comfort       "
B0039LMTHE,"        Gillette Mach3 Razor Refills for Men, 15 Razor Blade Refills       "
B003C1XB8W,"        56840 Power 6300 Enviro-Blend Ice Melter, 40-Pound       "
B003DN1WJY,"        Desitin Daily Defense Baby Diaper Rash Cream with 13% Zinc Oxide, Barrier Cream to Treat, Relieve & Prevent Diaper Rash, Hypoallergenic, Dye-, Phthalate- & Paraben-Free, 16 oz       "
B003E1CYHO,"        Tea Tree Special Shampoo, Deep Cleans, Refreshes Scalp, For All Hair Types, Especially Oily Hair       "
B003EMNITQ,"        Gillette Venus ComfortGlide White Tea Women's Razor Blade Refills, 6 Count       "
B003EMVYEC,        Therapist's Choice® Massage Table Fleece Face Cover       
B003JFJF4A,        Nad's Facial Wax Strips - Hypoallergenic All Skin Types - Facial Hair Removal For Women - At Home Waxing Kit with 20 Face Wax Strips + 4 Calming Oil Wipes + Skin Protection Powder       
B003JOZU1S,"        Diane Standard 1X Magnification Hand Mirror, Single Sided Hand Held Mirror with Handle for Salon, Barber, Grooming, Vanity, Shaving, and Travel, Medium, 5"" x 11"", Black       "
B003KK3C52,        Best Choice Products Set of 2 Adjustable Steel Mesh Zero Gravity Lounge Chair Recliners w/Pillows and Cup Holder Trays - Black       
B003KYSLNQ,        Cuisinart 1.7-Liter Stainless Steel Cordless Electric Kettle with 6 Preset Temperatures       
B003MGJ06Y,"        Cuddle Barn - Gondolomio | Romantic Italian Animated Plush Puppy Dog Toy Dancing and Singing Song Ole Sole Mio Valentine's Gift, 12 inches       "
B003N9M6YI,        Nuby Ice Gel Teether Keys       
B003NLXDI4,"        Issey Miyake L'eau D'issey Fragrance for Women, EDT Perfume, Eau De Toilette Spray, 3.3 oz       "
B003OAJGJO,"        Crock-Pot 7 Quart Oval Manual Slow Cooker, Stainless Steel (SCV700-S-BR), Versatile Cookware for Large Families or Entertaining       "
B003QX2JMA,        Glencairn Whisky Glass Set of 4       
B003TW70E0,"        Wahl Micro Groomsman Battery Personal Trimmer for Hygienic Grooming with Rinseable, Interchangeable Heads for Eyebrows, Neckline, Nose, Ears, & Other Detailing - 05640-600       "
B003TXBE4Q,"        Pool RX 101001 6 Month Algaecide Blue Treats 7.5k-20k gallons, Single, Unit       "
B003TZUXIW,"        AGE beautiful Permanent Hair Color Dye Liqui Creme | 100% Gray Coverage | Anti-Aging Haircolor | Biotin for Thicker, Fuller Hair | Professional Salon Coloring       "
B003ZK9436,"        Folkmanis Mini Red Squirrel Finger Puppet Multi-colored, 1 EA       "
B003ZWH7A6,        MLB Chicago Cubs Greg Maddux 300 Win Mega Ticket       
B0040VOEKW,"        AprilAire 413 Replacement Filter for AprilAire Whole House Air Purifiers - MERV 13, Healthy Home Allergy, 16x25x4 Air Filter (Pack of 1)       "
B0040ZOD04,"        Scott® Professional Multifold Paper Towels, Bulk (01840), with Absorbency Pockets, 9.2"" x 9.4"" sheets, White, Compact Case for Easy Storage (250 Sheets/Pack, 16 Packs/Case, 4,000 Sheets/Case)       "
B0042B4AHM,"        Ostrich Chaise Lounge Beach Chair for Adults with Face Hole- Versatile, Folding Lounger for Outside Pool, Sunbathing and Reading on Stomach - Deluxe, Foldable Laying Out Chair for Tanning (Blue)       "
B0042X9LCO,        Nikon D7000 16.2 Megapixel Digital SLR Camera with 18-105mm Lens (Black)       
B0043B7UQY,        Spray max USC 2k High Gloss Clearcoat Aerosol       
B0043P0GRA,"        Scotch-Brite Zero Scratch Scrub Sponge, 9 Units per Each       "
B004477ASK,"        Wagner's 62059 Greatest Variety Blend Wild Bird Food, 16-Pound Bag       "
B0044G4RTQ,"        56811 Power 6300 Enviro Blend Ice Melter, 11-Pound       "
B0047P8G96,"        Hot Shot Bed Bug & Flea Fogger, 3 Count (Pack of 1), Kills Fleas Indoors, Get Rid of Fleas In House, Inhibits Reinfestation Up to 7 Months       "
B0049C2S32,"        Nordic Ware Naturals Half Sheet - USA Made Aluminum Sheet Pan, 2-Pack       "
B004B8F8MM,"        Gillette Fusion5 Power Razor Blade Refills, 8 Count, Lubrastrip for a More Comfortable Shave for Men       "
B004BQ87YK,        G2 High Temperature Brake Caliper Paint System Set RED G2160 - High Gloss       
B004GG4EVA,"        EARTHLITE Fitted Disposable Face Cradle Covers – Medical-Grade, Soft, Non-Sticking Massage Headrest Covers for Massage Tables & Massage Chairs (50 count)       "
B004HZ4G90,"        56708 Sure Paws Ice Melter, 8-Pound       "
B004L5WLZ2,"        Chemical Guys GAP 619 16 Black Light Hybrid Radiant Finish, Glaze & Sealant, (Safe for Cars, Trucks, SUVs, & More) for Black and Dark Colored Cars, 16 fl oz       "
B004LHQEOY,        Boveda 72% Two-Way Humidity Control Packs For Wood Humidifier Boxes – Size 60 – 4 Pack – Moisture Absorbers – Humidifier Packs – Hydration Packets in Resealable Bag       
B004M5M39K,        Adore Semi Permanent Hair Color - Vegan and Cruelty-Free Brown Hair Dye - 4 Fl Oz - 048 Honey Brown (Pack of 1)       
B004O0TJFY,        Vacu Vin Wine Saver Pump Black with Vacuum Wine Stopper - Keep Your Wine Fresh for up to 10 Days - 1 Pump 1 Stopper - Reusable - Made in the Netherlands       
B004P2LEE0,"        Crockpot® 2-Quart Classic Slow Cooker, Small Slow Cooker, Black       "
B004QILD6W,        Igloo Polar Hard Coolers       
B004QM8W5S,"        Lodge ASHH41MPK Handle Holder, 5-5/8"" L x 2"", Red       "
B004VGIGVY,"        GermGuardian Air Purifier for Home with HEPA Pure Filter, for Wildfire Smoke, Pet Dander, Pollen, Odors, Large Rooms Up To 743 Sq. Ft., Removes 99.97% Pollutants, UV-C Light, 22"", AC4825E, Gray       "
B004VTGL9A,        4oz LubeTube – Pool O-Ring Lubricant (Made in USA)       
B004WKVYMM,        MLB Detroit Tigers 1984 World Series Mini-Mega Ticket       
B004X77L2Q,"        Kaytee Wild Bird Food Mealworms For Bluebirds, Wrens, Robins, Chickadees, Woodpeckers, Cardinals & Chickens, 3.5 Ounce       "
B004X8K93S,"        Palmer's Cocoa Butter Formula Massage Cream for Stretch Marks and Pregnancy Skin Care, 4.4 Ounces (Pack of 2)       "
B00503E8S2,        Call of Duty: Modern Warfare 3 - Xbox 360       
B0051U9D5M,"        Tervis Clear & Colorful Tabletop Made in USA Double Walled Insulated Tumbler Travel Cup Keeps Drinks Cold & Hot, 16oz - 4pk, Clear       "
B0055521W0,"        GermGuardian Genuine HEPA PURE Replacement Air Purifier Filter B for AC4825, AC4300, AC4900, AC4825DLX, AC4850, CDAP4500 & AP2200, FLT4825, Black/Yellow       "
B00569GU18,"        Boudreaux's Butt Paste Maximum Strength Diaper Rash Cream, Ointment for Baby, 4 oz Tube       "
B0057UMYAW,"        Sunbeam Hot-2-Trot Travel Steam Iron, 800 Watt Dual Voltage 120/240, Compact Size, Portable, Non-Stick Soleplate, Soft Touch Handle, Horizontal or Vertical Use, White and Blue       "
B005BIC9QE,"        SANWA JLF-TP-8YT Joystick Red Original - for Arcade Jamma Game 4 & 8 Way Adjustable, Compatible with Catz Mad SF4 Tournament Joystick (Red Ball Top), Use for Arcade Game Machine Cabinet S@NWA       "
B005D6GFFA,"        Farberware Classic Wood Rolling Pin, 17.75 Inch, Natural       "
B005DGD93Q,"        SpaChoice 472-3-3041 Spa Shock for Hot Tub, 2-Pounds       "
B005H05SXM,"        Cuisinart 11-Piece Cookware Set, Chef's Classic Stainless Steel Collection 77-11G       "
B005IHT880,"        Johnson's Baby Naturally Derived Cornstarch Baby Powder with Aloe and Vitamin E for Delicate Skin, Hypoallergenic and Free of Parabens, Phthalates, and Dyes for Gentle Baby Skin Care, 1.5 oz       "
B005IMZ9K6,"        Catchmaster Pro Strength Mouse & Insect Glue Boards 60pk Traps Indoor for Home, Adhesive Bug Catcher, Rat & Rodent Sticky Trap, Non Toxic Bulk Pre-Baited Glue Traps, Pet Safe House Pest Control       "
B005IMZ9TC,"        Catchmaster Mouse and Insect Glue Boards, 75-Pack Mouse Traps Indoor for Home, Sticky Pest Control Adhesive for Catching Bugs, Small Mice & Rodents, Non Toxic Bulk Glue Traps       "
B005KMDV9A,"        Shark Upright Vacuum, Navigator Lift-Away with Swivel Steering, HEPA Filter, XL Dust Cup, Pet Power, Dusting Brush, and Crevice Tool, Perfect for Pet Hair, White/Silver, NV356E       "
B005KOJ86I,"        Wagner's 53003 Farmer's Delight Wild Bird Food with Cherry Flavor, 20-Pound Bag       "
B005N0WCE4,"        Rabbit W6121 Bottle Stoppers, Set of 4, Multicolor       "
B005OJ4X32,"        Lavazza Espresso Barista Gran Crema Whole Bean Coffee Blend, Medium Espresso Roast, Oz Bag (Packaging May Vary) - 2.2 LB, 35.2 Ounce       "
B005PV0FDG,"        It's a 10 Haircare Miracle Leave-In product, 10 fl. oz.       "
B005QSI52G,"        Nostalgia 6-Cup Electric Fondue Pot Set for Cheese & Chocolate - 6 Color-Coded Forks, Temperature Control - Stainless Steel Kitchen Gadgets and Appliances for Hors d'Oeuvres and More - Stainless Steel       "
B005SS9EB0,"        Poolmaster 33430 Heavy Duty In-Ground Pool Vacuum Hose With Swivel Cuff, Made in the USA, 1-1/2-Inch by 30-Feet       "
B005UEB96K,"        Aquaphor Baby Healing Ointment Advanced Therapy Skin Protectant, Dry Skin and Diaper Rash Ointment, 14 Oz Jar       "
B005VEC4RM,"        Rubbermaid Small Vertical Resin Outdoor Storage Shed With Floor (2.3 x 4.6 Ft), Weather Resistant, Beige/Brown, Organization for Home/Backyard/Pool Chemicals/Toys/Garden Tools/Porch/Patio Cushions       "
B005Z7WUMO,        Bobby Garland Crappie Baits       
B0060BELNA,        Toyota Touch up Paint 040 Super White Genuine Scion/Lexus       
B0060D6UHI,"        TCP Global Wood Paint Mixing Sticks - 50 Pack - Automotive, Crafts, Airbrush, Art       "
B0064H0MWY,"        Fermax Yeast Nutrient, 1lb       "
B006LXOJC0,"        BLACK+DECKER dustbuster AdvancedClean Cordless Handheld Vacuum, Compact Home and Car Vacuum with Crevice Tool (CHV1410L)       "
B006OH5EHW,"        ENGEL 13qt Leak-Proof, Air Tight, Drybox Cooler and Small Hard Shell Lunchbox for Men and Women       "
B006YFCHSS,"        Diane Neck Duster Brush for Hair Cutting, Removes Loose Hair from Neckline and Ears, Soft Nylon Bristles, Stand Up Base, 5”, Medium       "
B006ZLR9GQ,"        Rust-Oleum 251591 Caliper Spray Paint, 12 oz, Red       "
B00730QW70,"        Advion Cockroach Gel Bait, 4 Tubes x 30-Grams, 4 Plunger and 4 Tips, German Roach Insect Pest Control, Indoor and Outdoor Use, Roach Killer Gel for American, German and Other Major Cockroach Species       "
B00745TVNQ,"        Pelican Vault Long Cases - Hard Case For Camera, Rifle, Gear, Equipment       "
B0076OW80S,"        AprilAire 35 Water Panel Humidifier Filter Replacement for AprilAire Whole-House Humidifier Models 300, 350, 360, 560, 560A, 568, 600, 600A, 600M, 700, 700A, 700M, 760, 760A, 768 (Pack of 2)       "
B0078W0QOI,"        Boiron Oscillococcinum For Relief From Flu-Like Symptoms Of Body Aches, Headache, Fever, Chills, And Fatigue - 30 Count       "
B00795A63A,        Whitecap Cheat Sheets for Nikon DSLR D3500 D5600 D7500 D3400 D3300 D5500 D5300 D7200 Z7 Z6 D850 D810 D610 D750 D500 Df D5 Tip Cards Camera Quick Guide       
B007CRG4CW,"        Bonide Captain Jack's Neem Oil, 32 oz Ready-to-Use Spray, Multi-Purpose Fungicide, Insecticide and Miticide for Organic Gardening       "
B007E83LUM,"        Catchmaster Max-Catch Mouse & Insect Glue Trap 36pk, Mouse Traps Indoor for Home, Sticky Pest Control Adhesive Tray for Catching Bugs, Rats & Rodents, Non Toxic Bulk Pre-Baited Glue Boards       "
B007FGYZFI,        Canon EOS 5D Mark III 22.3 MP Full Frame CMOS with 1080p Full-HD Video Mode Digital SLR Camera (Body)       
B007FJ0FJU,"        Kaytee Hummingbird ElectroNectar Wild Bird Food, Ready to Use, 64 Ounces       "
B007JCHA6E,"        Utopia Towels Cotton Washcloths Set - 100% Ring Spun Cotton, Premium Quality Flannel Face Cloths, Highly Absorbent and Soft Feel Fingertip Towels (24 Pack, White)       "
B007KGISK6,        Ubisoft RockSmith Real Tone Cable       
B007N8FWB4,"        Fertility Sperm Count Test for Men, at Home Sperm Test, Easy to Read Results, Over 98% Accurate       "
B007P70UKQ,"        Plant Therapy Organic Lavender Essential Oil 100% Pure, USDA Certified Organic, Undiluted, Natural Aromatherapy, Therapeutic Grade 10 mL (1/3 oz)       "
B007TGDXNO,"        San Francisco Bay Compostable Coffee Pods - French Roast (80 Ct) K Cup Compatible including Keurig 2.0, Dark Roast       "
B007VBXB48,"        Scotch Thermal Laminating Pouches, for Use with Thermal Laminators, 8.9 x 11.4 Inches, Letter Size Sheets, 100 Count       "
B007VGGFZU,        Nikon D3200 24.2 MP CMOS Digital SLR with 18-55mm f/3.5-5.6 Auto Focus-S DX VR NIKKOR Zoom Lens (Black) (OLD MODEL)       
B007WQ9YNO,"        AROMA Digital Rice Cooker, 4-Cup (Uncooked) / 8-Cup (Cooked), Steamer, Grain Cooker, Multicooker, 2 Qt, Stainless Steel Exterior, ARC-914SBD       "
B00821FLT4,"        Ubbi Steel Diaper Pail, Odor Locking, No Special Bag Required, Award-Winning, Registry Must-Have, White       "
B0083973FK,"        Sposie Booster Pads, Stop Overnight Diaper Leaks, Adhesive-Free for Easy repositioning, Helps Reduce Nighttime Diaper Changes and Diaper Rash, Use with Sizes 4-6, 90 ct.       "
B00851LRZI,"        Bodum 17oz Bistro Electric Water Kettle For Coffee & Tea, BPA-Free Plastic, Rapid-Boil, Auto Shut-Off, White       "
B0085OSWCQ,        WinCraft Kansas City Chiefs KC Large 3x5 Flag       
B0088AYPOG,"        Igloo 2 Gallon Portable Sports Cooler Water Beverage Dispenser, Insulated Cooler Dispenser, Majestic Blue       "
B0088DNY2C,        Rico Industries NFL Standard 3' x 5' Banner Flag Single Sided - Indoor or Outdoor - Home Décor       
B008FUJ2LK,"        Instant Pot Tempered Glass Lid, 9.1-In, 6-Qt, Cooking Pot Lid, Stainless Steel Handle and Rim, Clear       "
B008GMER30,"        NFL San Francisco 49Ers Sb Championship Ticket Collection, Bronze, 18 "" x 14"" x 3""       "
B008GS8R3K,"        Elite Gourmet MST-250XS Electric Slow Cooker Ceramic Pot, Adjustable Temp, Entrees, Sauces, Stews & Dips, Dishwasher Safe Glass Lid & Crock, 1.5 Quart, Stainless Steel       "
B008J1QP7Y,"        Bright Starts Oball Shaker Rattle Toy, Ages Newborn Plus       "
B008KJEYLO,"        WaterWipes Plastic-Free Original Baby Wipes, 99.9% Water Based Wipes, Unscented & Hypoallergenic for Sensitive Skin, 60 Count (Pack of 12), Packaging May Vary       "
B008OHHVDA,"        30SNC 36-inch Bi-Directional Wheeled Snow Shovel Pusher and Barn Shovel, 7.5"" x 36 "", Blue       "
B008OQTRYW,        Sonic & All-Stars Racing Transformed - Xbox 360       
B0091JG0LY,"        Shark NV501 Rotator Professional Lift-Away Upright Vacuum with HEPA Filter, Swivel Steering, LED Headlights, Wide Upholstery Tool, Dusting Brush & Crevice Tool, White/Red       "
B00939I7EK,"        Ninja BL770 Mega Kitchen System, 1500W, 4 Functions for Smoothies, Processing, Dough, Drinks & More, with 72 Blender Pitcher, 64 Processor Bowl, (2) 16-oz. to-Go, Black, with 2 Nutri Cups + Lids       "
B0093B541M,        2 PACK PLASTI DIP Mulit-Purpose Rubber Coating Spray BLACK 11oz …       
B009F98SSS,"        Munchkin® Arm and Hammer Diaper Bag Refills, 6 Pack, 72 Bags       "
B009GDBNF8,"        Starbucks K-Cup Coffee Pods, Medium Roast Coffee, Pike Place Roast for Keurig Brewers, 100% Arabica, 4 boxes (96 pods total)       "
B009GIFAQG,"        Plaid Double Sided Framed Chalkboard, 8.5""X10.5"", 1 Pack       "
B009HBKQ16,"        Tramontina Professional 10-Inch Non Stick Frying Pan, Heavy-Gauge Aluminum Skillet with Reinforced Nonstick Coating, Red Handle, Dishwasher and Oven Safe       "
B009HSNDI2,"        Dunkin' Original Blend Medium Roast Ground Coffee, 12 Ounce       "
B009N83O1C,"        Utopia Towels Kitchen Towels, 15 x 25 Inches, 100% Ring Spun Cotton Super Soft and Absorbent Black Dish Towels, Tea Towels and Bar Towels, (Pack of 12)       "
B009P4VHIQ,        YouTheFan NFL Philadelphia Eagles Boasters       
B009R27JVU,"        Munchkin® Arm & Hammer Diaper Pail Snap, Seal & Toss™ Refill Bags, Holds up to 600 Newborn Diapers, 20 Pack       "
B009TJ3J60,        Diaper Genie Bags Refills 270 Count (Pack of 3) with Max Odor Lock | Holds Up to 810 Newborn Diapers       
B009WQH8SA,"        Cremo Original Shave Cream, Astonishingly Superior Ultra-Slick Shaving Cream for Men, Fights Nicks, Cuts and Razor Burn, 6 Fl Oz       "
B009YKHZ96,"        Work Sharp Guided Field Sharpener, Compact Travel Hunting Knife Sharpener Tool       "
B009ZJ2M7G,"        Hoover Power Scrub Deluxe Carpet Cleaner Machine, Upright Shampooer, FH50150, Red       "
B00A2BVCO0,        Canon EOS M 18.0 MP Compact Systems Camera with 3.0-Inch LCD and EF-M18-55mm is STM Lens       
B00A2JBMRE,"        Homedics SoundSleep White Noise Sound Machine, Silver, Small Travel Sound Machine with 6 Relaxing Nature Sounds, Portable Sound Therapy for Home, Office, Nursery, Auto-Off Timer, by Homedics       "
B00A6MKU6G,"        Yes4All Neoprene Coated Dumbbell Hand Weight Sets of 2 - Multiple Weight Options with 15 Colors, Anti-roll, Anti-Slip, Hexagon Shape       "
B00A78GZOA,"        AGPTEK Electric Air Balloon Pump, 110V 600W Rose Red Portable Dual Nozzle Inflator/Blower for Party Decoration       "
B00A8PW9QK,"        Crazy Aaron's Thinking Putty® - Super Scarab - Multi-Color Sensory Putty for Kids and Adults in a 4"" Tin - Creative and Endless Fun, Stress Relief Therapy Toys, Never Dries Out - Made in USA       "
B00AHYLJJA,"        Engel 19qt Leak-Proof, Air Tight, Drybox Cooler and Small Hard Shell Lunchbox for Men and Women       "
B00AU03Y4Y,"        Scrubbing Bubbles Foaming Bleach Bathroom and Shower Cleaner Disinfectant Spray, Helps Erase Mold & Mildew, 32oz       "
B00AU6G4QS,"        Coleman Insulated Can Cooler: 50 Quart Xtreme 5 Day Wheeled Cooler, Insulated Cooler with Wheels Keeps Ice for 5 Days, Portable Rolling Hard Cooler       "
B00B3HXCZ4,"        POR-15 Fuel Tank Sealer, Stops Rust, Corrosion and Leaks, Resistant to All Fuels, Alcohols and Additives, 8 Fluid Ounces       "
B00B73JONS,        Celestron – Nature DX 8x42 Binoculars – Outdoor and Birding Binocular – Fully Multi-Coated with BaK-4 Prisms – Rubber Armored – Fog & Waterproof Binoculars – Top Pick Optics       
B00B8Q31UQ,"        Streamlight 69260 TLR-1 HL 1000-Lumen Weapon Light with Rail Locating Keys and Lithium Batteries, Box, Black       "
B00BBXEJ1Q,"        Bright Starts Portable Automatic 6-Speed Baby Swing with Adaptable Speed, Taggies, Music, Removable-Toy-Bar, 0-9 Months 6-20 lbs (Whimsical Wild)       "
B00BFDI3MI,        Genuine Honda Accessories 08703-NH603PAH-A1 White Diamond Pearl Touch-Up Paint - 08703-NH603PAH-2P       
B00BFUSDO4,"        Kleenex Disposable Paper Hand Towels, 6 Boxes, 60 Tissues per Box (360 Total Tissues), Packaging May Vary       "
B00BH0PZBG,"        Desitin Maximum Strength Baby Diaper Rash Cream with 40% Zinc Oxide for Treatment, Relief & Prevention, Hypoallergenic, Phthalate- & Paraben-Free Paste, 16 oz       "
B00BRGF3D0,"        Folkmanis Little Turtle Hand Puppet, Green       "
B00BVR96TW,"        The Snowplow the Original Snow Pusher 36"" Wide Model       "
B00BYKVMSY,"        DEWALT 20V MAX Battery, Compact 2.0Ah Double Pack (DCB203-2)       "
B00C4TSZ2A,"        Rubbermaid Laundry Basket, XL Hip-Hugger Basket, 2.1-Bushel, White, Laundry, Storage/Bathroom/Bedroom/Home Closet       "
B00C4Y6GY4,"        Michael Jordan Autographed UNC/Bulls ""Championship Shots"" Jersey Numbers Display - Framed       "
B00C6OUDX2,        KastKing SuperPower Braided Fishing Line - Abrasion Resistant Braided Lines – Incredible Superline – Zero Stretch – Smaller Diameter – A Must-Have!       
B00C7WMQTW,"        COWAY AP-1512HH & 200M Air Purifier Filter Replacement, Fresh Starter Pack, 2 Fresh Starter Deodorization Filters and 1 True HEPA Filter, 1 Pack, Black       "
B00C8CGK2A,"        Easy@Home Ovulation Test Strips and Pregnancy Test Strips Combo Kit, Package May Vary (100LH+20HCG)       "
B00C9VYGDK,"        DAVID Roasted and Salted Original Jumbo Sunflower Seeds, 16 oz       "
B00CD44RQO,        CTEK - 40-206 MXS 5.0 Fully Automatic 4.3 amp Battery Charger and Maintainer 12V       
B00CDJH4XC,"        Let's Count Soft Book - World of Eric Carle the Very Hungry Caterpillar Baby on the Go Clip Teething Crinkle Soft Sensory Book for Babies, 5.25x5.25 Inch       "
B00CDS9HTM,"        Amazon Basics Large DSLR Gadget Bag, Black with Grey Interior       "
B00CEJJNWQ,"        Swisspers Premium Exfoliating Rounds, 2 Distinct Raised Textured Surface, Cotton Facial Pads, 80 Count Re-closable Bag       "
B00CHGSKU2,        Babe Ruth Ty Cobb 6 Card Collector Plaque w/8x10 Rare Vintage Photo       
B00DAPQV0K,"        THERMOS FUNTAINER 12 Ounce Stainless Steel Vacuum Insulated Kids Straw Bottle, Blue       "
B00DC7G2W8,        Mario Kart 8 - Wii U       
B00DDXWFY0,"        DASH Rapid Egg Cooker: 6 Egg Capacity Electric Egg Cooker for Hard Boiled Eggs, Poached Eggs, Scrambled Eggs, or Omelets with Auto Shut Off Feature - Black       "
B00DEPGY7G,        OVENTE Glass Electric Kettle Water Boiler 1.5 Liter Borosilicate Glass Fast Boiling Countertop Heater - BPA Free Auto Shut Off Instant Water Heater Kettle for Coffee & Tea Maker - Black KG83B       
B00DEQDEZA,"        OVENTE Electric Kettle, Hot Water, Heater 1.7 Liter - BPA Free Fast Boiling Cordless Water Warmer - Auto Shut Off Instant Water Boiler for Coffee & Tea Pot - White KP72W       "
B00DFBDALC,"        Shark Rocket Ultra-Light Corded Bagless Vacuum for Carpet and Hard Floor Cleaning with Swivel Steering (HV301), Gray/Orange       "
B00DMS0GTC,        Canon EOS 70D Digital SLR Camera (Body Only)       
B00DRCBOC6,"        San Francisco Bay Whole Bean Coffee - DECAF Gourmet Blend (2lb Bag), Medium Roast, Swiss Water Processed       "
B00DS4Q1IK,"        Starbucks - RTD Coffee Espresso And Cream, 6.5oz Cans (12 Pack) (Packaging May Vary)       "
B00DTLE3AA,"        Suncast 54 Cubic Feet Vertical Storage Shed with Durable Plastic Construction, Multiple Wall Panels and Ample Space for Outdoor Storage       "
B00DTR9R9Q,"        illy Classico Espresso Ground Coffee, Medium Roast, Classic Roast with Notes of Chocolate & Caramel, 100% Arabica Coffee, All-Natural, No Preservatives, 8.8 oz, Ground for Espresso Machines       "
B00DV6SI3Q,        Celestron - Cometron 7x50 Bincoulars - Beginner Astronomy Binoculars - Large 50mm Objective Lenses - Wide Field of View 7X Magnification       
B00DW10WMK,"        Juicy Couture Viva La Juicy Eau De Parfum, Women's Perfume, Valentine's Day Gift for Her, Notes of Mandarin, Gardenia & Caramel, Floral & Sweet, EDP Spray       "
B00E0IBKLQ,"        Hamilton Beach Juicer Machine, Big Mouth Large 3” Feed Chute for Whole Fruits and Vegetables, Easy to Clean, Centrifugal Extractor, BPA Free, 800W Motor, Black       "
B00E3RKC36,"        Ingenuity Soothe 'n Delight Compact Portable 6-Speed Plush Baby Swing with Music, Folds Easy, 0-9 Months 6-20 lbs (Cozy Kingdom)       "
B00E3RYZF2,"        ForPro Premium Flannel 3-Piece Massage Sheet Set for Massage Tables, Includes Flat, Fitted Sheet, and Fitted Face Rest Cover, Natural       "
B00E4GACB8,"        TERRO T300B Liquid Ant Killer, 12 Bait Stations       "
B00EI7DPI0,"        Hamilton Beach Power Elite Wave Action Blender For Shakes and Smoothies, 40 Oz Glass Jar, 12 Functions Including Puree, Crush Ice, Black, 700 Watts, Black (58148A)       "
B00EI7DPPI,"        Hamilton Beach 2-Way 12 Cup Programmable Drip Coffee Maker & Single Serve Machine, Glass Carafe, Auto Pause and Pour, Black (49980R)       "
B00ESQMA8M,        XtremepowerUS Premium Automatic Suction Vacuum-generic Climb Wall Pool Cleaner Sweeper In-Ground Suction Side + Hose Set       
B00EX5K1GG,"        Melissa & Doug K's Kids Pull-Back Vehicle Set - Soft Baby Toy Set With 4 Cars and Trucks and Carrying Case Pull Back Cars, Soft Vehicles Toys For Babies And Toddlers       "
B00EZI26GO,"        Hamilton Beach Portable 6 Quart Digital Programmable Slow Cooker Lock, Dishwasher Safe Crock & Lid, Set & Forget, Stainless Steel       "
B00F4CEHNK,        $10 Xbox Gift Card [Digital Code]       
B00F8OOBLC,        Versace Eros for Men 6.7 oz Eau de Toilette Spray       
B00F9U0T52,"        Mr. Coffee Flintshire Stainless Steel Whistling Tea Kettle, 1.75-Quart, Brushed Satin       "
B00FBM5MSC,        OSTENT Protector Clear Crystal Travel Carry Hard Cover Case Shell for Sony PSP 1000 Game Console       
B00FGP62MY,"        Comfort Gear Double Tank Top Portable Propane Radiant Heater, 30,000 BTUs, Instant Infrared Heat, for Jobsite/Garage/Workspace, Up to 48 Hrs on 20 lb Tank, Outdoor Use Only       "
B00FLYWNYQ,"        Instant Pot Duo 7-in-1 Electric Pressure Cooker, Slow Cooker, Rice Cooker, Steamer, Sauté, Yogurt Maker, Warmer & Sterilizer, Includes App With Over 800 Recipes, Stainless Steel, 6 Quart       "
B00FO9U46W,"        Yoga Mat, 1/2-Inch Extra Thick High Density Exercise Mat, Anti-Tear Exercise Yoga Mat with Carrying Strap, Suitable for Various Yoga Exercises       "
B00FOTF8M2,        Nikon D610 24.3 MP CMOS FX-Format Digital SLR Camera (Body Only)       
B00FUF5K8W,"        All-Clad D3 Stainless Steel Frying Pan with Lid, Tri-Ply Bonded, 12-Inch, Silver       "
B00FXNAAW2,"        Amazon Basics Slim, Velvet, Non-Slip Suit Clothes Hangers, Pack of 50, Black       "
B00FXNACDE,"        Amazon Basics Slim, Velvet, Non-Slip Shirt Clothes Hangers, Pack of 30, Black       "
B00FY4YXHS,"        Natria 706250A Neem Oil Spray for Plants Pest Organic Disease Control, 24-Ounce, Ready-to-Use       "
B00G00BTEA,"        McCulloch MC1385 Deluxe Canister Steam Cleaner with 23 Accessories, Chemical-Free Pressurized Cleaning for Most Floors, Counters, Appliances, Windows, Autos, and More, 1-(Pack), Black       "
B00G2XGC88,"        Lodge Cast Iron Skillet with Red Silicone Hot Handle Holder, 12-inch       "
B00G87KE5A,        Toy Story Finger Puppets       
B00GJX58PE,"        Leven Rose Jojoba Oil Organic, Pure Cold Pressed Natural Unrefined Moisturizer for Skin Hair and Nails 4 oz       "
B00GLQX3CO,"        IRIS USA 4"" x 6"" Photo Storage Craft Keeper, 2 Pack, Main Container with 16 Organization Cases for Pictures, Crafts, Scrapbooking, Stationery Storage, Protection and Organization, Clear       "
B00GS8W3T4,"        MedPride Powder-Free Nitrile Exam Gloves, Iris Blue, Medium, Box/100       "
B00GXJYOVS,        Safe Step Power 6300 Enviro Blend Melts Ice Down To - 10 F / - 23 C 40 Lbs.       
B00GZ8UE2K,"        PlayTape Road Tape for Toy Cars - Sticks to Flat Surfaces, No Residue; 2 inch Wide x 30 ft Asphalt Road       "
B00GZP041Y,        Versace Bright Crystal Absolu for Women 3.0 oz Eau de Parfum Spray       
B00H3SU7RI,"        Pets First PET SHIRT for Dogs & Cats - NFL KANSAS CITY CHIEFS Dog T-Shirt, Medium. - Cutest Pet Tee Shirt for the real sporty pup       "
B00H7P1GPO,"        Amazon Basics Foldable Portable Laundry Drying Rack for Air Drying Clothing, Indoor Outdoor Use - 14.5"" D * 29.5"" W * 41.8"" H, White       "
B00HKBSQ26,        Magpul QD Sling Swivel       
B00HQ4W1QE,        Nikon D3300 24.2 MP CMOS Digital SLR with Auto Focus-S DX Nikkor 18-55mm f/3.5-5.6G VR II Zoom Lens (Black)       
B00HT2HD6Q,        Whitmor Scorch Resistant Ironing Board Cover and Pad - Grey Swirl       
B00HWEIKZO,"        Victoria Cast Iron Tortilla Press, Tortilla and Roti Maker, Made in Colombia, 8 Inches       "
B00HY28H9I,"        100 Vintage NBA Basketball Cards in Old Sealed Wax Packs - Perfect for New Collectors Includes Players Such as Michael Jordan, Charles Barkley , Magic Johnson and Larry Bird !       "
B00HZ0ION8,"        Handy Laundry Collapsible Mesh Pop Up Hamper with Wide Opening and Side Pocket – Breathable, Sturdy, Foldable, and Space-Saving Design for Clothes and Storage. (Black)       "
B00HZ6WFZA,"        Swiffer Sweeper Wet Mopping Cloths, Mops for Floor Cleaning, Open-Window Fresh, 24 Count       "
B00HZI5XNO,"        Contigo West Loop Stainless Steel Travel Mug with AUTOSEAL Lid, 16oz., Stainless Steel/Black       "
B00HZWEB74,        MAYFLASH W010 Wireless Sensor Dolphinbar for PC USB Wii Remote Adapter Used on PC Windows       
B00I08JAYG,"        The Original Donut Shop Regular Keurig Single-Serve K-Cup Pods, Medium Roast Coffee, 12 Count (Pack of 6), Total 72 Count       "
B00I08JH58,"        Green Mountain Coffee Roasters Half Caff Keurig Single-Serve K-Cup pods, Medium Roast Coffee, 72 Count       "
B00I0YNYSI,"        Epica glass bottles with lids – 18oz glass water bottles, reusable glass juice bottles with lids for storing juices, reusable water bottles durable & ecofriendly set of 6       "
B00I4F1NLI,"        Bounty Paper Napkins, White, 1 Pack, 400 Sheets per Pack       "
B00I54FGXY,"        Medium Soft Padded Camera Equipment Bag/Case for Nikon, Canon, Sony, Pentax, Olympus Panasonic, Samsung & Many More       "
B00I5FWWPI,"        Green Mountain Coffee Roasters Dark Magic Keurig Single-Serve K-Cup Pods, Dark Roast Coffee, 72 Count       "
B00I5H5Z1O,"        Gillette Venus Extra Smooth On The Go Women's Razor, Convenient and Compact, Mini Handle, Travel Razor Kit, 5 Bladed Razor Handle + 1 Blade Refill + 1 Travel Case       "
B00I8I4HJQ,"        ForPro Premium Fleece Massage Pad Set, Extra Soft, Hypoallergenic, for Massage Tables, Includes Pad and Face Rest Cover, 31” W x 72” L       "
B00ID1A5TO,"        L'Oréal Paris Advanced Hairstyle Sleek It Iron Straight Heat Spray, 5.7 Ounce       "
B00IMKSYTO,        Saloniture Professional Portable Folding Massage Table with Carrying Case - Black       
B00IOEFBKS,"        BLACK+DECKER dustbuster PIVOT VAC Cordless Handheld Vacuum, Home and Car Vacuum with Crevice Tool and Pivot Nozzle (BDH2000PL)       "
B00JA1AHRG,"        Dorco Tinkle Eyebrow Razor | 3 Pack Hair Trimmer & Dermaplane Tool | Facial Razor with Safety Cover for Fine Hair Removal | Perfect Beauty Gift, Gift Set, Spa Day       "
B00JAP2IPQ,"        Tramontina Seattle Tri-Ply Clad Stainless Steel 10-Inch Frying Pan, Induction-Ready Skillet, Dishwasher-Safe, NSF-Certified, Made in Brazil       "
B00JCG1V42,"        Utopia Towels Blue Dish Towels [12 Pack - 15 x 25 Inches] 100% Ring Spun Cotton Highly Absorbent & Reusable Cleaning Bar, Tea, Kitchen and Dishcloths Set - 200 GSM       "
B00JJ63MDS,        NEIKO 20762A Oil Drain Pan | Black Plastic Anti Splash | Motor Oil Drip Catcher Pan | 2 Gallon (8L) Capacity       
B00JM82H0W,"        Gillette ProGlide Razor Refills for Men, 12 Razor Blade Refills       "
B00JR5N0JM,"        Minetom Fairy Lights Plug in, 33Ft 100 LEDs Waterproof Silver Wire Firefly Lights, Adaptor Included, Starry String Lights for Wedding Indoor Outdoor Christmas Patio Garden Decoration, Warm White       "
B00JZZKLHI,"        Victoria Manual High-Hopper Grain Grinder, Made in Colombia, Silver       "
B00K0OW60I,        BestMassage Massage Table Portable Massage Bed Lash Bed 28 in Wide Spa Bed Hight Adjustable 2 Fold Spa Bed Facial Cradle Salon Bed with Non-Woven Bag for Spa Footmassage Facial CareSpa Tattoo       
B00K316IB6,"        Bissell 28806 Perfect Sweep Turbo, Grey       "
B00KBTPTF6,"        Chemical Guys AIR_SPRAY_1 Black On Black Instant Trim Shine Exterior Spray Dressing & Protectant, (Safe for Cars, Trucks, SUVs, RVs, & More) 11 fl oz       "
B00KBUGQNY,"        Wilton Candy Melts Candy And Chocolate Melting Pot, 2.5 Cups Capacity, Assorted Colors, Plastic       "
B00KFITCXS,"        The Honest Company Hypoallergenic Diaper Rash Cream | Moisturizing + Calming Zinc Oxide Ointment | NEA Recognized, Cruelty Free | 2.5 oz       "
B00KQU1ENG,        DEWALT 20V MAX 5 Ah Lithium Ion Battery 2-Pack (DCB205-2)       
B00KSW970Y,"        Keekaroo Peanut Changer Baby Vanilla– The Original Made in USA Easy-to-Clean Changing pad and The only Shell Over Foam, Fully impermeable to Fluid       "
B00KVZ27UA,"        Hamilton Beach Portable Blender for Shakes and Smoothies with 14 Oz BPA Free Travel Cup and Lid, Durable Stainless Steel Blades for Powerful Blending Performance, Black (51101AG)       "
B00KWRM5Z4,        DEWALT 20V MAX 5 Ah Lithium Ion Battery (DCB205)       
B00KY4S388,"        Outland Living Firebowl 893 Deluxe Outdoor Portable Propane Gas Fire Pit with Cover & Carry Kit, 19-Inch Diameter 58,000 BTU, Black       "
B00LD3MT6G,"        Hot Wheels Track Set Super Speed Blastway Playset, Dual-Track Racing for 1 or 2 Players, Includes 1:64 Scale Toy Car       "
B00LGLHUA0,"        Pyrex Glass Prepping, Baking and Cooking, Preheated Oven, Dishwasher, Freezer, and Microwave Safe, 3-Piece, 3 PC Mixing Bowl Set       "
B00LHE5OSQ,"        Wagner's 53002 Farmer's Delight Wild Bird Food with Cherry Flavor, 10-Pound Bag       "
B00LOVZVBC,        Masontops Pickle Pebble Glass Infinity Weights for Fermenting - Pickling Weight Set - Small/Regular Mouth Mason Jar Fermentation       
B00LPWW9VK,        Xbox 360 250GB Slim Console - (Renewed)       
B00LXVPFQO,"        EARTHLITE BODYWORKER’S CHOICE Massage Table Warmer – Three Heat Settings, Felt Lined Heating Pad (30” x 71”) | One-Year Replacement Guarantee       "
B00LZSJ642,        Gatorade 32 Oz Squeeze Water Sports Bottle - Pack of 2 - New Easy Grip Design       
B00M2J7PCI,"        Pyrex 3 Piece Measuring Cup Set, Includes 1, 2, and 4 Tempered Glass Liquid Measuring Cups, Dishwasher, Freezer, Microwave, and Oven Safe, Essential Kitchen Tools       "
B00M40ANMO,"        Crazy Korean Cooking Premium Kimchi, Sauerkraut Fermentation and Storage Container with Inner Vacuum Lid, Sandy Brown, 0.9 gallon (3.4 L) (0.9 Gal (3.4L) 1 PACK)       "
B00M49SG0Q,        Honest Amish - Classic Beard Oil - 2 Ounce       
B00M8ZEB3C,"        Hefty Strong Lawn & Leaf Trash Bags, 39 Gallon, 38 Count       "
B00MBFOHEW,"        POR-15 Top Coat Spray Paint, Direct to Metal Paint, Long-term Sheen and Color Retention, 15 Fluid Ounces, Chassis Black       "
B00MKB6G8M,"        Miracle-Gro Succulent Plant Food, Liquid Plant Food for All Indoor Succulents, Cacti, Jade Plants, Aloe Vera and More, 8 oz.       "
B00MSZSDM2,"        JOVAN WHITE MUSK by Jovan Eau De Cologne Spray, 3.2 ounce       "
B00MUEHPGQ,"        PriorityChef Large 15oz Potato Ricer, Heavy Duty Stainless Steel Potato Masher and Ricer Kitchen Tool, Press and Mash Kitchen Gadget For Perfect Mashed Potatoes - Everytime       "
B00MVER3CQ,"        Glade Automatic Spray Air Freshener Refill, Scented Air Freshener for Home and Bathroom, Clean Linen, 6.2 Oz, 2 Count       "
B00MVWGQX0,"        Cuisinart Coffee Maker, 14-Cup Glass Carafe, Fully Automatic for Brew Strength Control & 1-4 Cup Setting, Stainless Steel, DCC-3200P1       "
B00N1QPNMA,"        PartySticks 100 Ultra Bright Glow Sticks Bracelets and Necklaces - Premium Glow in the Dark Party Supplies and Decorations - Bulk 8"" Glowsticks Party Favors Pack       "
B00N25STVC,        Ariens Genuine OEM Ariens 5/16th Deluxe Snow Blower Shear Bolt 52100100       
B00N4OP3OW,"        Hasbro Gaming Simon Micro Series Electronic Game for 1 or More Players, Classic Simon Gameplay in a Compact Size, Fun Party Game for Kids Ages 8+       "
B00NES7LMU,"        Raid® Ant & Roach Killer Spray, Fragrance-Free, 17.5 Oz, Pack of 2       "
B00NG3CRS6,        VIPERTEK Double Lock Steel Police Edition Professional Grade Handcuffs (Black)       
B00NGV4506,"        Ninja BL610 Professional 72 Oz Countertop 1000-Watt Base and Total Crushing Technology for-Smoothies, Ice and Frozen Fruit, Black, Blender + Pitcher       "
B00NGVF4II,"        Shark HV322 Rocket Deluxe Pro Corded Stick Vacuum with LED Headlights, XL Dust Cup, Lightweight, Perfect for Pet Hair Pickup, Converts to a Hand Vacuum, with Pet Attachments, Bordeaux/Silver       "
B00NS4J6BY,        Thermaltronics TMT-TC-2 Tip Tinner (20g) in 0.8oz Container       
B00O4QAF9C,"        NIVEA MEN Sensitive Shave Gel with Vitamin E, Soothing Chamomile and Witch Hazel Extracts, No Drying Alcohols, 3 Pack of 7 Oz Cans       "
B00O64QJOC,"        Munchkin Secure Grip Baby Diaper Changing Pad for Dresser, Waterproof and Wipeable, Contoured, Standard Size (16"" x 31""), White       "
B00O9GPEDO,        amiibo Link (Super Smash Bros. Series)       
B00OFOKTEE,        (12 Pack Stainless Steel Classic Bottle Pourers w/Tapered Spout       
B00OXLY49A,"        Retevis RT628 Walkie Talkies for Kids,Toys Gifts for 6-12 Years Old Boys Girls,Long Range 2 Way Radio 22CH VOX,Birthday Gift,Family Walkie Talkie for Camping Hiking Indoor Outdoor       "
B00P2XZKZ0,"        GCI Outdoor Freestyle Rocker Camping Chair | Portable Folding Rocking Chair with Solid, Durable Armrests, Drink Holder & Comfortable Backrest — Cinnamon       "
B00P7MZZAG,"        Hot Shot Fogger With Odor Neutralizer, Kills Roaches, Ants, Spiders & Fleas, 3 Count, 2 Ounce Pack of 2       "
B00PCI71TS,"        OXO Enhanced 10"" Frying Pan Skillet, PFAS-Free Ceramic Nonstick, Durable Hard Anodized Cookware, Scratch Resistant, Stainless Steel Handle, Good Grips, Dishwasher Safe, Oven safe, Black       "
B00PFDH0IC,        Jade Leaf Matcha Organic Green Tea Powder - Culinary Grade Premium Second Harvest - Authentic Japanese Origin (1.06 Ounce Resealable Pouch)       
B00PY05VMS,"        Nostalgia Tabletop Indoor Electric S'mores Maker - Smores Kit With Marshmallow Roasting Sticks and 4 Trays for Graham Crackers, Chocolate, and Marshmallows - Movie Night Supplies - Brown       "
B00Q2MYU9W,"        Aquaphor Baby Diaper Rash Cream, 3-in-1 Diaper Rash Relief, 3.5 Oz Tube, (Pack of 3)       "
B00Q98YPBM,"        Handy Laundry, Christmas Tree Storage Bag - Stores 7.5 Foot Artificial Xmas Holiday Tree, Durable Waterproof Material, Zippered Bag, Carry Handles. Protects Against Dust, Insects and Moisture.       "
B00Q9H7IUS,        Road Runner Ice Melt; 50lb. Bag       
B00RPBT6CA,"        Lancôme La Vie Est Belle Eau de Parfum - Long Lasting Fragrance with Notes of Iris, Earthy Patchouli, Warm Vanilla & Spun Sugar - Floral & Sweet Women's Perfume       "
B00RSXRLUE,"        Mayflash GameCube Controller Adapter for Wii U, PC USB and Switch, 4 Port       "
B00S7O6RG2,        Luigi amiibo       
B00S7O6RJO,        Bowser amiibo (Super Mario Bros Series)       
B00S93EQUK,        Alpha Grillers Instant Read Meat Thermometer for Cooking Grilling and Griddle Accessories Kitchen Essentials - Waterproof Backlight & Calibration       
B00SA5IJIM,"        Gamecube Controller Adapter for Nintendo Switch Gamecube Adapter, Super Smash Bros Gamecube Adapter for Wii u/Switch/PC USB, Support 4 Gamecube Controller and 180cm Long Data Cable       "
B00SP1AI3K,        The Snow Dominator - Snow Pusher & Scoop Combo Tool       
B00SXCXEHI,"        Easy@Home 40 Pregnancy Test Strips with 40 Urine Cups - Fast & Accurate Early Detection, Sensitive & Clear Results, Designed for Women Trying to Conceive       "
B00T1F5CSU,        Vintorio Wine Aerator Pourer - Premium Aerating Pourer and Decanter Spout (Black)       
B00T3ER7QO,        Canon EOS Rebel T6i Digital SLR with EF-S 18-55mm is STM Lens - Wi-Fi Enabled       
B00T4RH8E6,"        Hamilton Beach Smooth Touch Electric Automatic Can Opener with Easy Push Down Lever, Eliminates Sharp Edges, Opens All Standard-Size and Pop-Top Cans, Extra Tall, Black and Chrome (76606AG)       "
B00TJ6WLV2,"        Pampers Diapers - Baby Dry - Size 1, 120 Count, Absorbent Disposable Infant Diaper (Packaging May Vary)       "
B00TQ849E0,"        Pearhead Baby Memory Book, First 5 Years Baby Milestone Book, Pregnancy Journal, Gender Neutral Newborn Keepsake, With Clean-Touch Ink Pad For Baby's Handprint or Footprint, Pink Chevron       "
B00TQPO38A,        O2COOL Deluxe Handheld Battery Powered Water Misting Fan (Dark Blue)       
B00TSTZQEY,"        Majestic Pure Lavender Essential Oil with Glass Dropper | 100% Pure and Natural Lavender Oil | Premium Grade Essential Oils for Diffusers, Skin, Aromatherapy, Massage | 4 Fl Oz       "
B00TY15GO6,"        McCafe Premium Roast, Single-Serve Keurig K-Cup Pods, Medium Roast Coffee Pods Pods, 84 Count       "
B00U1OCPWQ,"        Lodge 6 Quart Enameled Cast Iron Dutch Oven with Lid – Dual Handles – Oven Safe up to 500° F or on Stovetop - Use to Marinate, Cook, Bake, Refrigerate and Serve – Oyster White       "
B00U3ODTV0,"        Starbucks K-Cup Coffee Pods, Starbucks Blonde Roast Coffee, Veranda Blend for Keurig Brewers, 100% Arabica, 6 boxes (60 pods total)       "
B00U3ODVUE,"        Starbucks K-Cup Coffee Pods, Dark Roast Coffee, Sumatra for Keurig Brewers, 100% Arabica, 6 boxes (60 pods total)       "
B00UFQ2LJ2,"        Hamilton Beach Electric Tea Kettle, Water Boiler & Heater, 1.7 Liter, Cordless Serving, 1500 Watts for Fast Boiling, Auto-Shutoff and Boil-Dry Protection, Stainless Steel (40880)       "
B00UJV3E12,        FOXWELL NT301 OBD2 Scanner Live Data Professional Mechanic OBDII Diagnostic Code Reader Tool for Check Engine Light       
B00UTFZAII,"        Miele 10123210 AirClean 3D Efficiency Dust Bag, Type GN, 4 Bags & 2 Filters, White       "
B00UTFZB82,"        Miele AirClean 3D Efficiency Dust Bag, Type FJM, 4 Bags & 2 Filters, White       "
B00VDP9EB2,"        Skip Hop Baby Activity Center: Interactive Play Center with 3-Stage Grow-with-Me Functionality, 4mo+, Silver Lining Cloud       "
B00VK5HMXC,        Kenneth Cole Black Eau de Toilette Spray Cologne for Men       
B00VKO4ULA,"        Mr. Bar-B-Q 29 Inch Wood Burning Steel Fire Pit Bowl Outdoor Bonfire Fireplace with Spark Screen and Poker for Deck, Patio, and Backyard Porch, Black       "
B00VU5R8JA,"        Super Z Outlet Velvet Cute Animal Style Finger Puppets for Children, Shows, Playtime, Schools - 10 Animals Set       "
B00WFE2PAC,        NFL Molded Auto Emblem       
B00WL6LC1W,        Franklin Sports Blackhawk Backyard Soccer Goal - Portable Pop Up Soccer Nets - Youth + Adult Folding Indoor + Outdoor Goals - Multiple Sizes + Colors - Perfect for Games + Practice       
B00X230DYU,"        Luvable Friends Unisex Baby Cotton Flannel Receiving Blankets, Basic Elephant 7-Pack, One Size       "
B00X4WQMAS,"        Utopia Kitchen Saute Fry Pan - Chefs Pan, Pre-Seasoned Cast Iron Skillet - Frying Pan 12 Inch - Safe Grill Cookware for Indoor & Outdoor Use - Cast Iron Pan - Cooking Gifts for Men & Women (Black)       "
B00X597ZXS,"        Spring Chef Premium Swivel Vegetable Peeler, Soft Grip Handle and Ultra Sharp Stainless Steel Blades - Perfect Kitchen Peeler For Veggie, Fruit, Potato, Carrot, Apple - Black       "
B00X5ILD0K,"        BLACK+DECKER Allure Professional Steam Iron, 30% More Steam, Precision Tip, Stainless Steel Soleplate, Vertical Steam Function       "
B00X5T5512,"        TOSSWARE POP 9oz Flute, Premium Quality, Recyclable, Unbreakable & Crystal Clear Plastic Champagne Glasses,Flute , 12 Count (Pack of 1)       "
B00X7OI03U,"        onlyfire Universal Gas Valve Key for Gas Fire Pits and Fireplaces, 3"" Chrome Replacement Gas Key Fits 1/4"" and 5/16"" Turn Ball Valve       "
B00XA1075Y,"        Dunkin' Original Blend Medium Roast Coffee, 60 Keurig K-Cup Pods       "
B00XNYXQHE,"        Plugable Digital Microscope with Flexible Arm Observation Stand Compatible with USB and USB-C Windows, macOS, ChromeOS, iPad (USB C), Android, Linux Systems (2MP, 250x Magnification)       "
B00Y9PZEP8,"        Greenworks 80V (75+ Compatible Tools) 20” Brushless Cordless Snow Blower, 2.0Ah Battery and Charger Included       "
B00YCL7I1M,        Rawlings Official MLB Team Logo Baseball (ALL TEAM OPTIONS)       
B00YJKZQOC,"        Pets First NFL Kansas City Chiefs Hoodie for Dogs & Cats. | NFL Football Licensed Dog Hoody Tee Shirt, Small| Sports Hoody T-Shirt for Pets | Licensed Sporty Dog Shirt       "
B00YLTG7DA,"        Athlon Optics 8x42 Midas UHD Gray Binoculars with ED Glass for Adults and Kids, High-Powered Binoculars for Hunting, Birdwatching, and More       "
B00YNPKZNU,"        DecoBrothers Crystal Tempered Glass Vertuo Pod Holder Drawer, 24 Large or 48 Small Nespresso Capsule Organizer       "
B00YT78ES0,        Mario Kart Wii - Game Only by Nintendo (Renewed)       
B00YXO5U40,"        Turtle Beach Recon 50 Wired Gaming Headset - Xbox Series X|S, Xbox One, PS5, PS4, PlayStation, Nintendo Switch, Mobile & PC with 3.5mm - Removable Mic, 40mm Speakers, In-line Controls – Black       "
B00YXO5UKY,"        Turtle Beach Recon 50 Wired Gaming Headset - PS5, PS4, PlayStation, Xbox Series X|S, Xbox One, Nintendo Switch, Mobile & PC with 3.5mm - Removable Mic, 40mm Speakers, In-line Controls – Black       "
B00Z0UWV98,"        Logitech G920 Driving Force Racing Wheel and Floor Pedals, Real Force Feedback, Stainless Steel Paddle Shifters, Leather Steering Wheel Cover for Xbox Series X|S, Xbox One, PC, Mac - Black       "
B00ZB7W4QU,        Microsoft Xbox Wireless Adapter for Windows 10       
B00ZFY5IDK,"        Air Venturi Steel BBS, 177 Cal, 5.1 Grains, Zinc-Plated, 2,500ct,Chrome       "
B00ZQXT4EY,"        Desitin Maximum Strength Baby Diaper Rash Cream, 40% Zinc Oxide for Treatment, Relief & Prevention, Hypoallergenic, Phthalate- & Paraben-Free Paste, Protects Skin for 12 Hours, 4.8 oz       "
B00ZT38BIQ,"        Ubbi Diaper Pail Plastic Bags, Disposable Baby Waste Bags, 3 Pack, 75 Count, 13-Gallon Bags       "
B0101S7K6C,"        Canon PG-243 / CL-244 Genuine Ink Value Pack (2 Cartridges), Compatible with iP2820, MX492, MG2420/2520/2920/2922/2924/3020/2522/2525, TS3120/302/302a/202/4520/3320       "
B0105SSMRO,"        7-piece WORKPRO Pliers Set with Groove Joint, Long Nose, Slip Joint, Linesman, and Diagonal Pliers for DIY & Home Use       "
B0107QP1VE,"        Aquaphor Baby Healing Ointment Advanced Therapy Skin Protectant, Dry Skin and Diaper Rash Ointment, 7 Oz Tube       "
B010GGGSRG,        ACDelco GM Original Equipment 19367651 Black (WA8555) Four-In-One Touch-Up Paint - 0.25 fl oz Pen       
B010OVK234,"        Febreze Air Mist Air Freshener Spray, Odor-Fighting Room Spray, Air Fresheners for Home and Bathroom and Kitchen, Aerosol Can, Linen & Sky Scent, 8.8oz, 6 Count       "
B010OVNPEW,"        Finish Dual Action Dishwasher Cleaner: Fight Grease & Limescale, Fresh, 8.45oz       "
B010TFEMZ4,"        Mattel WWE Championship Title Belt, Kid-Sized Wearable Role-Play & Costume Accessory with Adjustable Strap       "
B010VFKZEO,"        Amazon Basics 46,000 BTU Outdoor Propane Patio Heater with Wheels, Commercial & Residential, Slate Gray, with water tank, 32.1 x 32.1 x 91.3 inches (LxWxH)       "
B0113UZJE2,"        Etekcity Food Kitchen Scale, Digital Grams and Ounces for Weight Loss, Baking, Cooking, Keto and Meal Prep, LCD Display, Medium, 304 Stainless Steel       "
B012CFJFOW,"        Swiffer Sweeper Wet Mopping Cloth Multi Surface Refills, Mops for Floor Cleaning, Febreze Lavender Scent, 36 Count       "
B012RDT44U,"        Tomcat Mouse Traps (Wooden), 4 Traps       "
B012RGM7BO,"        Tomcat Rat Snap Trap, 1 Rat Size Trap - Reusable - Effectively Kill Rats - Ideal for Home and Farm Use       "
B012RGQ936,"        Tomcat Repellents Rodent Repellent Ready-to-Use, For Indoor and Outdoor Mouse and Rat Prevention with Peppermint, Cinnamon and Garlic Essential Oils, 1 gal.       "
B012T634SM,"        Magic Bullet Blender, Small, Silver, 11 Piece Set       "
B012VJLZOM,"        Tomcat Glue Traps Mouse Size with Eugenol for Enhanced Stickiness for Mice, Cockroaches, and Spiders, 6 Traps       "
B013IJPTFK,"        Pure Enrichment MistAire Ultrasonic Cool Mist Humidifier - Quiet Air Humidifier for Bedroom, Nursery, Office, & Indoor Plants - Lasts Up To 25 Hours       "
B013JKW8Z2,"        Boiron Arnica Montana 30C Homeopathic Medicine for Relief from Muscle Pain, Muscle Stiffness, Swelling from Injury, and Discoloration from Bruises - 3 Count (240 Pellets)       "
B013TEEKOK,        6 Pack 7Feet Starry String Lights Waterproof Fairy String Lights 20 Micro Starry LEDs On Silvery Copper Wire CR2032 Batteries Included for Wedding Centerpiece Party Christmas Table Decor Warm White       
B013TMNPBQ,        Made for Amazon SanDisk 128GB microSD Memory Card for Fire Tablets and Fire -TV       
B013WOEC1I,        Whitmor Deluxe Ironing Board Cover and Pad (Ironing board not included) - Medallion Grey       
B01467U8LS,        FastRack 24-Pack 12oz Amber Longneck Glass Beer Bottles       
B0148W0WOE,"        Advion Cockroach Gel Bait, 4 Tubes x 30-Grams, 1 Plunger and 2 Tips, German Roach Insect Pest Control, Indoor and Outdoor Use, Roach Killer Gel for American, German and Other Major Cockroach Species       "
B014P0K2A8,"        Clorox ToiletWand Disinfecting Refills, Rainforest Rush, 30 Ct (Package May Vary)       "
B014RS9NQ2,        TenTen Labs Wine Aerator Pourer (2-pack) - Premium Aerating Spout and Decanter Set - No Drip and No Spill - Improve Taste and Smell Immediately - Gift Box Included - Black       
B014UQBA3A,"        Matys Multipurpose Baby Ointment, All Over Gentle Skin Protection for Newborns & Up, Soothes Dry Irritated Skin, Diaper Area, Dry Scalp, Drool Irritation, Petroleum Free, Fragrance Free, 10 oz tub       "
B0157G34AY,"        Pyrex Simply Store 9-Pack Mixed Sized Glass Food Storage Set, Round & Rectangular Containers With Lids, BPA-Free, Dishwasher & Microwave Safe       "
B0159YQCPI,"        Freshware Food Storage Containers [24 Set] 32 oz Plastic Deli Containers with Lids, Slime, Soup, Meal Prep Containers | BPA Free | Stackable | Leakproof | Microwave/Dishwasher/Freezer Safe       "
B015EWMYYS,"        NuLink Electric Portable Dual Nozzle Balloon Blower Pump Inflation for Decoration, Party, Sport [110V~120V, 600W, Rose Red]       "
B015J4GIJ8,"        BIOLAGE Hydra Source Shampoo - Hydrates & Moisturizes Dry Hair, Helps Repair Split Ends, For Dry Hair       "
B015VEB9AO,"        Crave Naturals Glide Thru Detangling Brush - Detangler Brush for Natural, Curly, Straight, Wet and Dry Hair for Adults and Kids - Hair Brush for Little Girls, Toddlers, Teens - 7.5 x 3 in, Turquoise       "
B0164ND75Q,"        BIOLAGE Color Last Shampoo - For Color-Treated Hair, Helps Protect Hair & Maintain Vibrancy, Vegan, Paraben & Silicone-Free       "
B0168MB6BA,"        Gillette ProGlide Shield Razor Refills for Men, 8 Blade Refills       "
B016DDKVRO,"        Raid Ant Killer Baits, For Household Use, Kills the Colony, Kills Ants for 3 Months, Child Resistant, 4 Count       "
B016I2JUWM,"        A+D Original Diaper Rash Ointment, Prevents & Protects Diaper Rash, Moisturizes & Heals Dry Skin With Vitamins A&D, 16oz Jar       "
B016K07V96,"        SM Arnold Refinishing Spray Paint - BEIGE 11 Oz. - For Leather, Carpet, Vinyl, Metal, Plastic, Polycarbonate, Polypropylene, Acrylic, Lexan, Fiberglass | Pro Grade Aerosol Refinisher, 11 Ounce (Pack of 1)       "
B016OP6N3M,"        Bamboo Cutting Boards for Kitchen [Set of 3] Wood Cutting Board for Chopping Meat, Vegetables, Fruits, Cheese, Knife Friendly Serving Tray with Handles       "
B016P0BVH4,"        KontrolFreek FPS Freek Galaxy Purple for Xbox One and Xbox Series X Controller | 2 Performance Thumbsticks | 1 High-Rise, 1 Mid-Rise | Purple       "
B016RY0LWO,"        Lavazza Espresso Italiano Whole Bean Coffee Blend, Medium Roast,Premium Quality Arabic, 2.2 Pound (Pack of 1) (Packaging may vary)       "
B016SN90HQ,        Canon EOS Rebel T5 EF-S 18-55mm is II Digital SLR Kit (Renewed)       
B016Y8JSK4,"        BLACK+DECKER 6-Cup Rice Cooker, RC506, 3-cup Uncooked Rice, Steaming Basket, Removable Non-Stick Bowl, One Touch       "
B0170TFNXM,"        All-Clad HA1 Hard Anodized Non Stick Fry Pan Set 2 Piece, 8, 10 Inch, Induction, Oven Broiler Safe 500F, Pots and Pans Set, Kitchen Frying Pans, Skillets, Premium Cookware, Home, Dishwasher Safe Black       "
B017GYO3I2,"        Saline Nose Wipes by Boogie, for Baby & Kids, Face, Hand & Body, FSA/HSA Eligible, Made with Vitamin E, Aloe, and Natural Saline, Unscented, 30 Count (Pack of 6)       "
B017JBQAWO,"        wall26 Custom Canvas Wall Art, Personalized Photo to Canvas - 24""x36""       "
B017LJ70A0,"        Bentgo Salad Container - 54 oz Bowl with 4-Compartment Toppings Tray, Leak-Proof Dressing Container, Reusable Fork, BPA-Free Lunch Box for Meal Prep & Food Storage; Removable Bento Tray (Gray)       "
B017NEYOQQ,"        BAGAIL Laundry Bags Mesh Wash Bag for Intimates Lingerie and Delicates, 5Pcs (1XL,2L,2M)       "
B017NFIGU0,        Amiibo Animal Crossing Series Figure (Shizue Winter Clothes)       
B017VJOYJU,        Ultimate Rifle Build Gun Snake for .223 5.56mm/.22/9mm/.380/12 GA/.30/.308/.44 Cal and More | Compact Gun Cleaner Rope       
B017W17G6K,        Nintendo Animal Crossing amiibo cards Series 2 (6-Pack) - Wii U       
B017XNL39S,"        Ingenuity Swing 'n Go 5-Speed Baby Swing - Foldable, Portable, 2 Plush Toys & Sounds, 0-9 Months 6-20 lbs (Hugs & Hoots)       "
B0181R6WUA,"        YCCSKY Power Supply for Xbox 360 Slim AC Adapter, Non-OEM Replacement, Global Voltage, LED Indicator, 135W, 12V-10.83A       "
B0184XUCR0,"        TOSSWARE POP 14oz Vino SET OF 12, Recyclable, Unbreakable & Crystal Clear Plastic Wine Glasses, 12 Count (Pack of 1)       "
B0186U9736,"        Sky Organics Organic Castor Oil, 100% Pure, Hexane Free, Cold-Pressed to Support Stronger, Fuller-Looking Hair, Eyelashes & Eyebrows,Good for Castor Packs, Navel Oiling, Carrier Oil Use, 16 fl oz       "
B018FVO8SU,"        Crock Pot Artisan 5 Quart Enameled Cast Iron Round Dutch Oven, Slate Gray       "
B018H74H74,"        UBERFLEX™ Kink Resistant Pressure Washer Hose 1/4"", 3,100 PSI with (2) 22MM (50 Feet)       "
B018LNFQWE,"        Kitchen Trash Can with Lid, 13 Gallon Automatic Garbage Can for Bathroom Bedroom Home Office 50 Liter Touch Free High-Capacity Brushed Stainless Steel Waste Bin       "
B018NG8MZW,        Craft A Brew - Oktoberfest Ale - Beer Making Kit - Make Your Own Craft Beer - Complete Equipment and Supplies - Starter Home Brewing Kit - 1 Gallon       
B018R7P27I,"        BREKX Hammered Stainless-Steel Beverage Tub, Double-Walled Insulated Anchored Drink Tub & Ice Bucket with Double Hinged Handles, Drink Chiller for Parties, 12 Quarts       "
B018SWAAOW,        20-Piece Story Time Finger Puppets Set - Cloth Velvet Puppets - 14 Animals and 6 People Family Members       
B018UQ5AMS,"        Keurig K-Classic Single Serve K-Cup Pod Coffee Maker, with 3 Brew Sizes, 48oz Removable Reservoir, Black       "
B018Y4R4FC,"        Chefmaster Super Red Liqua-Gel® Food Coloring | Vibrant Color | Professional-Grade Dye for Icing, Frosting, Fondant | Baking & Decorating | Fade-Resistant | Easy-to-Use | Made in USA | 0.70 oz       "
B018ZNLWUK,"        Hot Wheels Tara Toy: ZipBin Wheelie Track Pack - Unzips Into A Racetrack Mat, Holds 100 Toy Cars, Storage & Play, Circle Tire Design, Kids Ages 3+       "
B0196H75KA,"        Lighting EVER Fairy Lights Plug in, 33ft 100 LED String Lights for Bedroom, Warm White Copper Wire Lights, Waterproof Indoor Outdoor Decorative Fairy Lights for Patio, Garden, Balcony, Vases, Craft       "
B019CXRMI8,"        Ecolution Patented Micro-Pop Microwave Popcorn Popper with Temperature Safe Glass, 3-in-1 Lid Measures Kernels and Melts Butter, Made Without BPA, Dishwasher Safe, 3-Quart, Red       "
B019FW8PA0,        Aromatherapy Sensual Massage Oil for Couples - Relaxing Lavender Massaging Oil for Massage Therapy with Vitamin E Jojoba & Sweet Almond - Naturally Scented Vegan Non GMO & Gluten Free (8 Fl Oz)       
B019HVTUGM,"        Magical Flames Fire Color Changing Packets for Fire Pit, Indoor/Outdoor Fireplace, Campfires, Bonfires- 25 Pack of Flame Color Changing Packets, Camping Accessories for Kids & Adults       "
B019ICFYNI,        VTech Baby Rattle and Sing Puppy       
B019MDK0GE,"        WORKPRO 5-Piece Locking Pliers Set, Pliers Tool Set, Vice Grips with Chrome-vanadium Steel, 5/7/10 inch Curved Jaw Pliers, 6.5/9 inch Long Nose Pliers       "
B019MOCBCY,        Wolf Link amiibo (Nintendo Wii U/Nintendo 3DS/Nintendo Switch)       
B019PP2UN0,"        Onlyfire 10 pounds Fire Glass for Propane Fire Pit and Gas Fireplace, 1/2 Inch Reflective Firepit Glass Rocks for Fire Pit Table and Fire Bowl, High Luster Pacific Blue       "
B01A425KQW,"        SPORTBIT Ball Pump for Sports Balls - Push & Pull Inflating System - Hand Pump for All Exercise Balls - Volleyball Pump, Basketball Inflator, Football & Soccer Ball Air Pump - Goes with 5 Needles Set       "
B01A4W8AUK,        KardiaMobile 1-Lead Personal EKG Monitor – Record at Home – Detects AFib & Irregular Arrhythmias – Easy Results in 30 Seconds – Works w/Most Smartphones - FSA/HSA Eligible       
B01A6R2194,"        Munchkin® Arm & Hammer Diaper Pail Refill Rings, Holds up to 544 Newborn Diapers, 2 Pack       "
B01A9EZHK4,        FROG @Ease Floating System for Hot Tubs - Quick & Easy Self-Regulating Hot Tub Sanitizer - Hot Tub Maintenance System with Cleaning Minerals & SmartChlor Technology       
B01ACUA8HC,"        Non-slip Pastry Mat Extra Large with Measurements 28''By 20'' for Silicone Baking/ Counter Mat, Dough Rolling Mat,Oven Liner,Fondant/Pie Crust Mat By Folksy Super Kitchen Red       "
B01AFZAQEY,"        Filter Replacement for Shark Navigator Lift Away Deluxe Professional Vacuum ZU503AMZ NV350 NV351 NV352 NV355 NV357 NV360 NV370 UV440 UV540, Parts XFF350 & XHF350, 1 HEPA + 2 Pre-Felt Filters       "
B01AK8GPIW,"        FastRack - Wide Mouth Glass Jar with Lid and Econolock Airlock, Large , 1 Gallon , Clear       "
B01AL32KN0,"        Stanbroil 10-Pound Fire Glass Beads - 1/2 inch Luster Fire Glass Drops for Fireplace Fire Pit | Gas Log Sets | Landscaping | Fish Tank, Caribbean Blue Luster       "
B01AL32UOO,"        Stanbroil 10-Pound Fire Glass - 1/4 inch Reflective Tempered Fire Glass for Fireplace Fire Pit, Platinum Reflective       "
B01ALAVIK4,"        Gillette Satin Care Ultra Sensitive Shave Gel for Women, Pack of 2, 7oz Each, Frangrance Free       "
B01AVDVHTI,"        Fit Simplify Resistance Loop Exercise Bands with Instruction Guide and Carry Bag, Set of 5       "
B01AX6RCD8,"        Sunbeam Steammaster 1400 Watt Iron with 8' Retractable Cord, Large Anti-Drip Nonstick Stainless Steel Soleplate, Horizontal or Vertical Shot of Steam and 3-Way Auto Shut-Off, Chrome/Teal       "
B01B1US01I,"        Melissa & Doug Wooden Magnetic Train Cars - 8 Piece Educational and Skill-Building Wooden Toy for Boys and Girls Magnetic Train, For Toddlers And Kids Ages 3+       "
B01BCO1J9S,"        KontrolFreek FPS Freek Galaxy White for Xbox One and Xbox Series X Controller | Performance Thumbsticks | 1 High-Rise, 1 Mid-Rise | White       "
B01BE8FVUK,"        Mr. Heater MH540T 540-Degree 45,000 BTU Radiant Tank Top Portable Propane Heater For Sporting Events, Hunting, Fishing, Camping, Tailgating & Porches       "
B01BEUL5T4,        Wolf Link Amiibo Jp Model (The Legend of Zelda Series)       
B01BMMOAFU,"        KISS Clear Strip Lash Adhesive With Aloe, Waterproof, Formaldehyde and Latex Free, Odor Free, Cruelty Free, Super Strong Hold Eyelash Glue with Brush Applicator, 0.17 Oz.       "
B01BOGKXYQ,"        FastRack Bag of 30, #8 Premium Straight Wine Corks for Wine Bottles - 7/8"" x 1-3/4"" - Beige, Wine Bottle Cork Stoppers, Replacement Corks for Wine Beer Bottles       "
B01BOVFHB0,"        Oster Sangerfield Stainless Steel Cookware, 3.0-Quart Dutch Oven w/Steamer Basket       "
B01BQ0VP0G,        Xbox Wireless Controller - Black (Renewed)       
B01BYKUI9C,"        HP 65 Black Ink Cartridge | Works with HP AMP 100 Series, HP DeskJet 2600, 3700 Series, HP ENVY 5000 Series | Eligible for Instant Ink | N9K02AN       "
B01BYKV7I8,"        HP 65 Black/Tri-color Ink Cartridges (2-pack) | Works with HP AMP 100 Series, HP DeskJet 2600, 3700 Series, HP ENVY 5000 Series | Eligible for Instant Ink | T0A36AN       "
B01BZ0MDH6,"        Hefty Ultra Strong Tall Kitchen Trash Bags, Unscented, 13 Gallon, (80 Count)       "
B01BZ0N69U,"        Hefty Strong Large Trash Bags, 30 Gallon, 74 Count (Packaging may vary)       "
B01CDCRGNG,        Nikon D750 Digital SLR Camera Body & AF-S 24-120mm f/4 G VR ED Zoom-Nikkor Lens (Renewed)       
B01CKH0XHA,        Nintendo Animal Crossing amiibo Cards Series 4 (6-Pack) - Nintendo Wii U       
B01CNMASFY,"        JPNK Blackhead Remover Tool Comedones Extractor Acne Removal Kit for Blemish, Whitehead Popping, 6 Pcs Zit Removing for Nose Face Tools with a Leather Bag       "
B01COH2R98,"        Lilly's Love Stuffed Animal Hammock, 2 Pack | Corner Hanging Organizer, Toy Storage, Stuffed Animal Storage | Easy to Hang Plushie Net w/Anchors & Hooks | Cute Room, Bedroom & Home Decor (White)       "
B01CQTWNN4,"        Melissa & Doug Animal Hand Puppets (Set of 2, 4 animals in each) - Zoo Friends and Farm Friends       "
B01CX2EZ3K,"        Spring Chef Heavy Duty Ice Cream Scoop with Comfortable Handle - Professional Ice Cream Scooper for Gelato, Sorbet, Cookie Dough, Melon, Frozen Yogurt - Dishwasher Safe Metal Kitchen Tool - Black       "
B01D2NTLZG,"        A+D Original Diaper Rash Ointment Prevents & Treats Diaper Rash, Moisturizing Skin Protectant with Vitamins A & D, Healing Skin Ointment for Dry and Cracked Skin 4oz       "
B01D50RYSC,"        Yogasleep Hushh Portable White Noise Sound Machine For Baby, 3 Soothing Natural Sounds With Volume Control, Compact Size, Noise Canceling For Sleep Aid, Office Privacy, & Meditation, Registry Gift       "
B01D5TM5QE,"        FoodSaver Custom Fit Vacuum Sealer Bags, Airtight Food Storage and Sous Vide Rolls, BPA-Free, 11 x 16' (Pack of 3)       "
B01D8DBN2Y,"        Ritz Terry 100% Cotton Potholders - Heat Resistant, Ergonomic Grip, Machine Washable - Graphite, 2-Pack       "
B01DAI5CF6,"        BLACK+DECKER dustbuster Handheld Vacuum, Cordless 10.8V, with Rotating and Extendable Nozzle (HHVI320JR02)       "
B01DGGW0MU,        OSTENT 100-127V 203W US Plug AC Adapter Power Supply Brick Cable Cord for Microsoft Xbox 360 Console       
B01DKT9Y5O,        Nikon D7200 24.2 MP DX-Format Digital SLR Body with Wi-Fi and NFC (Black)(Renewed)       
B01DMTWTFY,        COLOR WOW Dream Cocktail Carb Infused Leave-in Treatment – Transform Thin Hair to Thick & Full | with Heat Protection       
B01DQID0N6,        Diaper Genie Carbon Filter (4-Pack) | Diaper Pail Odor Eliminator & Deodorizer | Compatible with the Diaper Genie Complete and Expressions Pail       
B01DTQD7VA,        Jade Leaf Matcha Organic Café Style Sweetened Matcha Latte Premium Barista Crafted Mix - Original - Authentically Japanese (5.3 Ounce Pouch)       
B01DZQT01U,"        THERMOS Stainless King Vacuum-Insulated Food Jar with Spoon, 16 Ounce, Matte Stainless Steel       "
B01E17THKQ,        Sizzlenheat Bird Food 5#       
B01E6OLE64,"        Watkins Assorted Food Coloring, 1 Each Red, Yellow, Green, Blue, Total Four 0.3 oz bottles, 4 Count (Pack of 1)       "
B01EDKGFGU,"        Homemory 12-Pack Flameless LED Tea Lights Candles Battery Operated, 200+Hour Fake Electric Candles TeaLights for Votive, Aniversary, Wedding Centerpiece Table Decor, Funeral, Halloween, Christmas       "
B01EJPYQ7O,"        FOSOTO Waterproof Anti-shock Camera Case Bag Compatible for Canon Powershot SX540 SX530 SX60 SX420 HS M5,Nikon Coolpix L340 B500 B700 L330 L840 P610,Panasonic LUMIX,Sony a6000 Digital Camera       "
B01ENIMUDE,"        Stanbroil Universal 3-Inch Gas Valve Key Fits 1/4"" and 5/16"" Turn Ball Valve for Gas Fire Pits and Fireplaces, Antique Copper       "
B01ENULZ7E,"        ProsourceFit Tri-Fold Folding Thick Exercise Mat 6’x2’ with Carrying Handles for MMA, Gymnastics Core Workouts       "
B01ERZGVVK,        Masontops Pickle Pipes - Airlock Fermentation Lids - Fermentation Kit for Small Mouth Mason Jar Sauerkraut & Pickle Kit Fermentation Jar not Included       
B01EYUMENC,"        John Deere Sandbox Toys - Includes Dump Truck Toy and Tractor Toy with Loader, Kids Outdoor Toys - Easter Gifts for Kids, Frustration Free Packaging ,Green, Ages 18 Months and Up, 2 Count ( Pack of 1)       "
B01FG2H28Y,"        Bee Bald HEAL Aftershave for Men Healing Balm, Immediately Calms & Soothes Damaged Skin, Treats Bumps, Redness, Razor Burn & Other Shaving Irritations (2 Fl Oz)       "
B01FH6QNTS,        Genexa Flu Fix | Multi-Symptom Flu Remedy for Kids & Adults | Delicious Organic Acai Berry Flavor | Certified Organic & Non-GMO | Homeopathic Remedy Made Clean | 60 Chewable Tablets       
B01FHOWYA2,"        Ninja Fit Compact Personal Blender, Portable Blender for-Smoothies, Shakes, Food Prep, and Frozen Blending, 700-Watt Base, (2) 16-oz. Cups and Spout Lids, Black QB3001SS       "
B01FOITH9M,        CYLAPEX 6 Pack Warm White Fairy Lights String Battery Operated Fairy Lights Firefly Lights LED Starry String Lights 3.3ft 20 LEDs Silvery Copper Wire for Christmas DIY Decoration Costume Wedding Party       
B01FW3U26G,"        Orion Motor Tech 24pcs Heavy Duty Disc Brake Piston Caliper Compressor Rewind Tool Set and Wind Back Tool Kit for Brake Pad Replacement Reset, Fits Most American, European, Japanese Autos       "
B01FYDNC0M,        Pregmate 50 Ovulation and 20 Pregnancy Test Strips Predictor Kit       
B01FZPCT6M,"        KODAK Premium Memory Card 32GB, 85MB/s Read Speed, 25MB/s Write Speed for Full HD Video and High-Resolution Pictures, Compatible with SDHC Standard - EKMSD32GHC10K       "
B01G1JD36G,        Metallic Wine Glass Markers – Pack of 8 Food-Safe Non-Toxic Wine Glass Marker Pens - Can also be Used on Ceramic Plates and other Glass and Dinnerware       
B01G3WS3PW,        Utopia Home Velvet Hangers 50 Pack - Non-Slip Clothes Hanger Black with 360 Degree Rotatable Hook - Heavy Duty Coat Hanger - Pants Hangers       
B01G4BDS2A,"        2 Liter Oak Aging Barrel with Wood Stand, Bung & Spigot - Mini Whiskey Barrels for The Home Alcohol Distiller, Moonshiner & Winemaker - Age Cocktails, Bourbon, Whisky, Tequila, Rum, Mead Wine (2L)       "
B01G4NMIZG,"        BOLDIFY Hair Fibers (28g) - Fill In Thinning and Fine Hair for an Instantly Fuller, Thicker Look - 14 Shades for Women & Men - Dark Brown       "
B01G7JUPK2,"        Freshware Food Storage Containers [50 Set] 8 oz Plastic Deli Containers with Lids, Slime, Soup, Meal Prep Containers | BPA Free | Stackable | Leakproof | Microwave/Dishwasher/Freezer Safe       "
B01GDQ8I3U,        Component HDTV AV Audio Video Component Cable for Nintendo Wii High Definition       
B01GJBUNTG,        Wireless Bluetooth Dual Analog Joystick for Nintendo Wii U Pro Controller Gamepad.       
B01GJOMWVA,"        BLACK+DECKER 12-Cup Digital Coffee Maker, Programmable, Washable Basket Filter, Sneak-A-Cup, Auto Brew, Water Window, Keep Hot Plate, Black       "
B01GWGXBV0,        Just Dance 2017 - Wii U       
B01H0NRT8K,"        Lucky Brand, Lucky You Women's Body Mist, Eau de Toilette Spray, Day or Night Fragrance with Fresh Flower Citrus Scent, 8 Fl Oz       "
B01H1R0K68,        ThermoPro TP50 Digital Hygrometer Indoor Thermometer Room Thermometer and Humidity Gauge with Temperature Monitor       
B01H2XD2DY,        FOVAL 150W Car Power Inverter 12V DC to 110V AC Converter Vehicle Adapter Plug Outlet with 3.1A Dual USB Car Charger for Laptop Computer (Classic Red)       
B01H6GUCCQ,"        BENGOO G9000 Stereo Gaming Headset for PS4 PC Xbox One PS5 Controller, Noise Cancelling Over Ear Headphones with Mic, LED Light, Bass Surround, Soft Memory Earmuffs for Nintendo       "
B01HDPY7RG,"        Keter Outdoor Storage Deck Box, 150 Gallon Resin Patio Bin & Bench, Wood Grain, Brown       "
B01HFNDT84,        FOCO Philadelphia Eagles NFL Gradient Drawstring Backpack       
B01HI7VY84,"        Aveeno Baby Eczema Therapy Nighttime Moisturizing Body Balm, Nourishing Skin Protectant Soothes & Relieves Dry, Itchy Skin from Eczema, Hypoallergenic, Fragrance- & Steroid-Free, 11 oz       "
B01HPWATOC,        Feyachi Reflex Sight - Adjustable Reticle (4 Styles) Both Red and Green in one Sight!       
B01HTLRT88,"        Clear Table Protector 36 x 60 Inch, 1.5mm Thick Plastic Table Cover, Waterproof PVC Clear Table Cover Protector, Desk Protector Mat, Writing Desk Pad for Desktop, Coffee & Dining Room Table       "
B01I0IGFKC,"        Amazon 9W Official OEM USB Charger and Power Adapter for Fire Tablets, Kindle eReaders, and Echo Dot       "
B01I3K8GUE,"        ForPro Professional Collection Premium Microfiber 3-Piece Massage Sheet Set, Cool Grey, Ultra-Light, Stain, and Wrinkle-Resistant, Includes Flat, Fitted Sheet and Massage Face Rest Cover       "
B01I40ZQWE,        EPAuto Spill Proof Radiator Coolant Filling Funnel Kit       
B01I8YY4FQ,        WinCraft Kansas City Chiefs Double Sided Garden Flag       
B01IHHLB3W,"        ThermoPro TP03B Digital Meat Thermometer for Cooking, Instant Read Thermometer with Backlight, Kitchen Food Thermometer for Grill Smoker BBQ Oil Deep Fry Candy Bread Coffee with Pop-up Meat Probe       "
B01IW1APTY,"        ForPro Professional Collection Extra Large Hand Mirror with Handle, 9"" W x 12"" L, Multi-Purpose Handheld Mirror with Distortion-Free Reflection, Black       "
B01IZDFWY2,"        All Purpose 1/4-Inch High Density Anti-Tear Exercise Yoga Mat with Carrying Strap, Multiple Colors       "
B01J0GCNCW,"        10 Line Football Sports Strip Cards - 100 Cards with Different Number Sequences - Made In the USA - Over 6,500,000 Cards Sold - For Basketball, Baseball, Ice Hockey, Soccer, Volleyball & Rugby Games       "
B01JCO56OO,        ALVABABY Swim Diapers 2pcs Baby & Toddler Snap One Size Reusable Adjustable Baby Boys' Swim Diapers for Swimming Lessons SW18-21       
B01JG5V0E4,        Versace Pour Homme Dylan Blue for Men 3.4 oz Eau de Toilette Spray       
B01JND0YAK,        Nintendo Nunchuk Controller - White (Renewed)       
B01KITZRBE,        Nikon D3400 w/ AF-P DX NIKKOR 18-55mm f/3.5-5.6G VR & AF-P DX NIKKOR 70-300mm f/4.5-6.3G ED       
B01KM58NU6,"        Taf Toys Baby Tummy Time Pillow | Perfect for 2-6 Months Old Babies, Enables Easier Development & Easier Parenting, Natural Developmental, Comfortable Tummy Time, Ergonomic Design, Detachable Toys       "
B01KNDFD78,        Acekid 10pcs Soft Plush Animal Finger Puppets Set Baby Story Time Velvet Animal Style for Toddlers       
B01KURGS9E,"        Canon EOS 5D Mark IV Digital SLR Camera (Body Only), Full-Frame DSLR Camera, 30.4 Megapixel CMOS Sensor, 4K Video, Content Creator Camera, EF Mount, Black       "
B01KWIKUU4,"        Essential Oils Set by Pure Aroma - Top 6 Aromatherapy Oils Gift Set-6 Pack, 10ml (Eucalyptus, Lavender, Lemongrass, Sweet Orange, Peppermint, Tea Tree)       "
B01KWTGIBS,"        Amazon Basics Round Reusable Silicone Baking Cups, Muffin Liners, Pack of 24, Multicolor, 2.9 x 2.9 x 1.3 inches (LxWxH)       "
B01KXHIXSK,        Hydro Flask Stainless Steel Standard Mouth Water Bottle with Flex Cap and Double-Wall Vacuum Insulation       
B01KZJ2X2S,"        22 pcs Plush Animals Finger Puppet Toys - Mini Plush Figures Toy Assortment for Kids, Soft Hands Finger Puppets Game for Autistic Children, Great Family Parents Talking Story Set       "
B01L03UTVK,"        YAMAHA Original OEM Yamalube ACC-MRNPA-IT-8D Marine Spray Paint Yamalube OEM, Dark Bluish Grey, (1) 12 oz Spray Cans…       "
B01L2F9C78,"        Kenneth Cole for Her Body Mist for Women, 8 Fl Oz       "
B01L2GW7SI,"        Naoki Matcha Superior Ceremonial Blend – Authentic Japanese First Harvest Ceremonial Grade Matcha Green Tea Powder from Uji, Kyoto (40g / 1.4oz)       "
B01L9WSTEG,"        EPAuto 12V DC Portable Air Compressor Pump, Digital Tire Inflator       "
B01LB1862A,"        Otis Classic Swing Top Glass Bottles - Set of 6, 16oz w/Marker & Labels - Clear Bottle with Caps for Juice, Water, Kombucha, Wine, Beer Brewing, Kefir Milk or Eggnog       "
B01LC98QEE,        Amiibo ToonLink (Wind Tact) (The Legend of Zelda Series)       
B01LC9A6M4,        Nintendo Amiibo Link Ocarina of Time (The Legend of Zelda Series) [Japan Import]       
B01LDWMGNC,        Nintendo Link: Ocarina of Time amiibo       
B01LDZJHAE,"        The Honest Company Foaming Bubble Bath | Gentle for Baby | Naturally Derived, Tear-free, Hypoallergenic | Lavender Calm, 12 fl oz       "
B01LLSNG1E,"        Twinkle Star 300 LED Curtain String Lights, 8 Modes Plug in Fairy Lights for Bedroom,Wedding,Party,Birthday, Hanging Twinkle Light for Indoor Outdoor Wall Window Backdrop Decoration, Warm White       "
B01LP0U5X0,        Amazon Basics 1/2 Inch Extra Thick Exercise Yoga Mat with Carrying Strap       
B01LPZM7VI,        Xbox Wireless Controller – Black       
B01LR5S6HK,        Amazon Basics Neoprene Dumbbell Hand Weights       
B01LTF4YB0,"        DMoose Fitness Ankle Straps for Cable Machines - One Size Fit with Premium Padding, Glute Kickback Ankle Strap for Women & Men, Cable Attachments for Gym, Booty Workouts, Leg Extension & Hip Abductors       "
B01LWMWU59,"        Zojirushi Micom Water Boiler and Warmer (135 oz. / 4L, Silver)       "
B01LWP8AL2,"        Amazon Basics 3-Shelf Adjustable Heavy Duty Steel Wire Rack Storage Shelving Organizer for Kitchen, Garage, 23.2"" L x 13.4"" W x 30"" H, Black       "
B01LWU54YY,"        JOYIN 24 Pack Mini Animal Plush Toy Assortment (24 Units 3"" Each), Animals Keychain Decoration for Kids, Small Stuffed Animal Bulk for Kids, Carnival Prizes, School Gifts, Valentine's Day Party Favors       "
B01LY0HHCE,"        28-Pack Flying Paper Airplanes Valentines Cards for Kids Classroom with Envelopes I Valentines Day Cards for Kids School | Party Favor Bulk Toys, Classroom Toy | Origami Paper Airplane Kit       "
B01LZJVSTE,        hiccapop Baby Wipe Warmer and Baby Wet Wipes Dispenser | Baby Wipes Warmer for Babies | Diaper Wipe Warmer with Changing Light       
B01M09XDW3,"        2 Pcs Oil Spout Liquor Bottle Pourer Spouts Stainless Steel Speed Pour Spouts Olive Oil Dispenser Spout for About 3/4"" Bottle Mouth, with Flip Top       "
B01M0F4NFO,"        GLORYFIRE Gun Cleaning Kit Universal for Guns, Gun Brushes for Pistol, Handgun, Shotgun, Elite Brass Rods and Wire Rope, Hunting Gear Gun Accessories for Men       "
B01M4RLBJU,"        Febreze Air Mist Air Freshener Spray, Odor-Fighting Room Spray, Air Fresheners for Home and Bathroom and Kitchen, Aerosol Can, Heavy Duty Crisp Clean Scent, 8.8oz, 3 Count       "
B01M7SG1J5,"        T-fal Premium Waffle Dish Cloths: Highly Absorbent, Super Soft - 100% Cotton, 12""x13"" Flat Waffle Dish Cloth for Cleaning & Drying, (4-Pack), Sand       "
B01M7WZFAS,"        Descaler (2 Pack, 2 Uses Per Bottle) - Made in the USA - Universal Descaling Solution for Keurig, Nespresso, Delonghi and All Single Use Coffee and Espresso Machines       "
B01M8PHD4B,"        Syntus 2 Pack Adjustable Bib Apron Waterdrop Resistant with 2 Pockets Cooking Kitchen Aprons for Women Men Chef, Black       "
B01M9I779L,"        DASH Mini Waffle Maker - 4” Waffle Mold, Nonstick Waffle Iron with Quick Heat-Up, PTFE Nonstick Surface - Perfect Mini Waffle Maker for Kids and Families, Just Add Batter (Aqua)       "
B01MG81X27,        Melissa & Doug Disney Mickey Mouse & Friends Soft & Cuddly Hand Puppets       
B01MQ0ZWZJ,        3 in 1 Charger Dock Charging Station Base for Wii U Gamepad Charger Stand wii u Gamepad Charger Cradle WII U Gamepad Power Stand wii u Charging Dock       
B01MQERON0,"        Nespresso Capsules Vertuo, Espresso Bold Variety Pack, Medium and Dark Roast Coffee, 40-Count Espresso Pods, Brews 1.35oz.       "
B01MQJN7OR,"        OUTREE Kids Pod Swing Seat, Cotton Child Hammock Swing Chair, Sensory Swing for Indoor and Outdoor Use, Blue       "
B01MR4Y0CZ,"        ASAKUKI 500ml Premium, Essential Oil Diffuser with Remote Control, 5 in 1 Ultrasonic Aromatherapy Fragrant Oil Humidifier Vaporizer, Timer and Auto-Off Switch Brown       "
B01MRHXM0I,        Terro Fruit Fly Trap 4 Traps + 180 Days Lure Supply       
B01MRI9H1G,"        Hefty Blue Trash Bags, Blue, 13 Gallon, 60 Count       "
B01MS4NEQJ,"        Tomcat Glue Boards with Immediate Grip Glue for Mice, Cockroaches, and Insects, Use Flat or Covered, Ready-To-Use, 4 Traps       "
B01MS6AASK,        Thomas & Friends Toy Trains MINIS 20 Pack of Miniature Push-Along Engines & Railway Vehicles for Pretend Play​ Preschool Kids Ages 3+ Years (Amazon Exclusive)       
B01MS76DKL,        Guardian amiibo - The Legend OF Zelda: Breath of the Wild Collection (Nintendo Wii U/Nintendo 3DS/Nintendo Switch)       
B01MSNFSAF,        640084B Carburetor for Tecumseh 5HP MTD 632107A 632107 640084 640084A TORO 521 Snow Blower HSSK40 HSSK50 HS50 LH195SA - Tecumseh 632107 640084 640105 640299 632107A 640084A 4 & 5 HP Engines Carburetor       
B01MT6BOR0,"        Tomcat Mouse Killer Child and Dog Resistant, Refillable Station       "
B01MTAPW3R,        Amiibo Guardian - Legend of Zelda Breath of the Wild series Ver. [Switch / Wii U]       
B01MUCC1KI,        Amiibo Link Rider - Legend of Zelda Breath of The Wild Series Ver. [Switch/Wii U] [Japan Import]       
B01MXJ06II,        Autograph Warehouse 70941 Corben Bone Autographed Soccer Card Mls Soccer 2011 Upper Deck No. 1       
B01MYAAB4K,        Insect Deterrent-20LB Bag| Monthly Insect Shield| Multi-Purpose Insect Control for Outdoors| Prevents Ants & Other Insects       
B01MZ5T0HF,"        Hefty Small Garbage Bags, Flap Tie, Lavender & Sweet Vanilla Scent, 4 Gallon, 26 Count       "
B01MZBAZAD,        Amiibo ゼルダ【ブレス オブ ザ ワイルド】 (ゼルダの伝説シリーズ)       
B01N03AFO9,        Autograph Warehouse 33558 Steve Cauthen Autographed Card Horse Racing       
B01N05APQY,"        Nespresso Capsules Vertuo, Variety Pack, Medium and Dark Roast Coffee, 30 Count Coffee Pods, Brews 7.8 oz.       "
B01N07DYXQ,        Autograph Warehouse 74197 John Naber Autographed Card Usa Olympic Swimming 1983 La Olympic Card No 23       
B01N07HRYP,        JoyJolt Savor Double Wall Insulated Glasses Espresso Mugs (Set of 2) - 5.4-Ounces       
B01N0993NM,"        Wahl Color Pro Cordless Rechargeable Hair Clipper & Trimmer – Easy Color-Coded Guide Combs - for Men, Women, & Children – Model 9649P       "
B01N0DSRJC,"        Victor Allen's Coffee Variety Pack (Morning Blend, 100% Colombian, Donut Shop Blend, and French Roast), 42 Count, Single Serve Coffee Pods for Keurig K-Cup Brewers       "
B01N10NNYD,        Link (Rider) amiibo - The Legend OF Zelda: Breath of the Wild Collection (Nintendo Wii U/Nintendo 3DS/Nintendo Switch)       
B01N1QE5ME,"        BEAUTURAL Steamer for Clothes, Portable Handheld Garment Fabric Wrinkles Remover, 30-Second Fast Heat-up, Auto-Off, Large Detachable Water Tank       "
B01N1UX8RW,"        RENPHO Smart Scale for Body Weight, FSA HSA Eligible, Digital Bathroom Scale BMI Weighing Bluetooth Body Fat Scale, Body Composition Monitor Health Analyzer with Smartphone App, 400 lbs - Elis 1       "
B01N1YP8O6,"        Coco Bliss Coco Coir Bricks (650gm Bricks, 5-Pack) - Organic Coco Coir for Plants - OMRI-Listed Coconut Coir for Plants - Coconut Coir Bricks - Coco Peat for Plants, Garden Soil, & Organic Mulch       "
B01N2HLDIY,        640052 Carburetor For Tecumseh HMSK80 HMSK90 8hp 9hp 10hp LH318SA LH358SA for Snow Blower Generator Chipper Shredder 640054 640349 640058 640058A OREGON 50-659 STENS 520-926 Carb (640054)       
B01N2KFHRS,"        Peet's Coffee, Dark Roast Keurig K-Cup Pods - Major Dickason's Blend 75 Count (1 Box of 75 K-Cup Pods)       "
B01N349SON,        HIWARE 9 Inch Non-stick Cheesecake Pan Springform Pan with Removable Bottom/Leakproof Cake Pan - Black       
B01N3UFQEG,        Autograph Warehouse 74191 Lee Trevino Autographed Golf Card 1991 Pro Set Pga Tour No 280       
B01N3Y22K4,"        RMR-86 Instant Mold and Mildew Stain Remover Spray - Scrub Free Formula, 30 Fl Oz       "
B01N4NS5OM,        Zelda amiibo - The Legend OF Zelda: Breath of the Wild Collection (Nintendo Wii U/Nintendo 3DS/Nintendo Switch)       
B01N4NTNO2,        Nintendo amiibo-Link (Archer): Breath of the Wild       
B01N5C39CX,"        ArtCreativity Light Up Monster Trucks for Boys and Girls, Toy Truck Set of 2, Monster Trucks for Boys 3-6 Years Old, Toddler Monster Truck Toys, Light Up Trucks, Easter Gifts for Kids       "
B01N6JJ3QG,"        Tomcat Super Hold Glue Traps Mouse Size for Mice, Cockroaches, Spiders, and Scorpions, Ready-To-Use, 4 Traps       "
B01N6QLRPU,        Bokoblin amiibo - The Legend OF Zelda: Breath of the Wild Collection (Nintendo Wii U/Nintendo 3DS/Nintendo Switch)       
B01N6S068R,"        Nintendo Switch Wired Internet LAN Adapter by HORI Officially Licensed by Nintendo, Case       "
B01N7ENHO6,"        Skylight Frame – WiFi Digital Picture Frame Customer Support, Touch Screen Digital Photo Frame with Easy Setup, Photo Gifts for Parents and Grandparents - 10 Inch Black       "
B01N7KSXHX,"        Ortho Home Defense Insect Killer for Indoor & Perimeter2 with Comfort Wand, Controls Ants, Roaches, and Spiders, 1.1 gal       "
B01N8VT1D8,        YETI MagSlider Lid for 10oz Lowball & 20oz Tumbler       
B01N8XA4YI,        Wii Remote Battery Charger(Free USB Wall Charger+Lengthened Cord) Dual Charging Station Dock with Two Rechargeable Capacity Increased Batteries for Wii/Wii U Game Remote Controller (White)       
B01NAS808Q,"        ForPro Professional Collection Waterproof Massage Table Cover, Protective Spa Treatment Sheet Set for Massage Tables, Machine Washable, includes Massage Fitted Sheet and Face Rest Cover, Natural       "
B01NB05WI5,"        BLACK+DECKER Easy Steam Compact Iron for Clothes, Automatic Shutoff, Nonstick Plate, Light Weight, 1200 Watts       "
B01NCQI8SB,        AMAGABELI GARDEN & HOME 8ft Firewood Rack Outdoor Heavy Duty Fire Wood Racks Outdoor for Firewood Log Holder Wrought Iron Firewood Log Racks Stand Wood Pile Lumber Storage Stacking Black       
B01NH0D2T5,"        modelones Top Coat and Base Coat, 2 Pcs No Wipe Gel Base and Top Coat Clear Top Coat Long Lasting Shiny 10 ml       "
B06VXND7JF,"        Braun Clean & Renew Refill Cartridges CCR, Cleans your Shaver for Optimal Hygiene, Removes Residual Hair & Skin Particles, Lemon Scent, 22.8 fl oz (Pack of 4)       "
B06W5PD1KY,        NuDerma Portable Handheld Skin Therapy Wand Machine w/Neon – Anti-Aging - Skin Tightening - Wrinkle Reducing - Dark Circles – Clarifying - Hair & Scalp Stimulator       
B06WP6GJ4M,"        DEWALT FLEXVOLT 20V/60V MAX* Batteries, 9.0-Ah, 2-Pack (DCB609-2)       "
B06X421WJ6,        Utopia Home Plastic Hangers 50 Pack - Perfect for Clothes Hanger Space Saving - Durable and Strong Coat or Pant Hangers for Closet Organizers and Storage with Shoulder Grooves (White)       
B06X8ZFGHP,"        Utopia Kitchen Saute Fry Pan - Pre-Seasoned Cast Iron Skillets Set 3-Piece Frying Pan comprised of 6"", 8"", and 10"" Cast Iron Pan - Easy Use in the Oven, Stove, Grill, or Campfire - Black       "
B06X9NQ8GX,"        Amazon Basics Digital Kitchen Scale with LCD Display, Batteries Included, Weighs up to 11 pounds, Black and Stainless Steel       "
B06XCWWLXQ,"        Colorfullife Filters for Shark Vacuum Filter Replacement for Navigator Lift-away NV350 NV351 NV352 NV355 NV356E NV360 UV440 UV540 CU500, XFF350 XHF350 (Not Fit ZU560)       "
B06XD7T64J,"        Hair Cutting Capes Umbrella for Adults, Barber Cape Cloak Cape for Home and Salon Use, Keep Hair Off Clothes and Floor       "
B06XGL8R89,        Glue Traps 12 Glue Boards Trap Mouse Bugs Insects Bed Bugs Spiders Cockroaches Non-Toxic       
B06XGP85LR,"        PureWine Wine Wands Purifier, 8 Wine Filters Remover Histamines Sulfite - May Reduce and Alleviate Wine Allergies & Sensitivities - Restores Taste, Perfect Wine Pour, Gifting, Holiday (8 Pack)       "
B06XHNJCMX,        Rico Industries NFL Football Triple Spirit Stickers Triple Sticker Sheet       
B06XJKK893,        JJC 2-Pack 58mm Front Lens Cap Cover for Canon EOS Rebel T7 T6 T5 T100 4000D T8i T7i T6s T6i T5i T4i T3i T2i T1i SL3 SL2 SL1 XSi XTi with EF-S 18-55mm Kit Lens and other Lenses with 58mm Filter Thread       
B06XKH666P,        ThermoPro TP60 Digital Hygrometer Indoor Outdoor Thermometer Wireless Temperature and Humidity Gauge Monitor Room Thermometer with 500ft/150m Range Humidity Meter       
B06XKMH86J,"        VIVOSUN Digital pH and TDS Meter Kits, 0.01pH High Accuracy Pen Type pH Meter ± 2% Readout Accuracy 3-in-1 TDS EC Temperature Meter for Hydroponics, Pool and Aquarium, Yellow Blue, UL Certified       "
B06XPFW75C,"        Utopia Bedding Queen Sheet Set, Soft Microfiber 4 Piece Hotel Luxury Bed Sheets for Women, Men, Kids & Teens with Side Storage Deep Pocket Fitted Sheet - Embroidered Pillow Cases - Flat Sheet (Grey)       "
B06XQ6BLLJ,"        US Weight 40 Pound Canopy Weight Set of 4 and Carry Strap with No-Pinch Design - Easy Installation and Removal to Secure Tents, Canopies, and Umbrellas at Outdoor Events       "
B06XQXG52M,"        Vera Wang Embrace Green Tea and Pear Blossom Body Mist 8.4 fl oz (Pack of 1), Notes of Earthiness, Peony, and Sandalwood, Women's Fragrance, Long Lasting, Everyday Fragrance       "
B06XR7SYF7,"        KBS Coatings 8114 Clear High Gloss Diamond Finish Clear Watercolor Aerosol, Covers 35 sq ft, Clear High Gloss, 16 Ounce (Pack of 1)       "
B06XRLR9RQ,"        Essential Oils Set - Top 6 Blends for Diffusers, Home Care, Candle Making Scents, Fragrance, Aromatherapy, Humidifiers, Gifts - Peppermint, Tea Tree, Lavender, Eucalyptus, Lemongrass, Orange (10mL)       "
B06Y1YD5W7,"        Instant Pot Duo 7-in-1 Mini Electric Pressure Cooker, Slow Rice Cooker, Steamer, Sauté, Yogurt Maker, Warmer & Sterilizer, Includes Free App with over 1900 Recipes, Stainless Steel, 3 Quart       "
B06Y281FK3,"        Amazon Brand - Mama Bear Diaper Pail Refills for Diaper Genie Pails, Unscented, 1080 Count (4 Packs of 270 Count)       "
B06Y2GZWCJ,"        Hamilton Beach Electric Vegetable Chopper & Mini Food Processor, 3-Cup, 350 Watts, for Dicing, Mincing, and Puree, Black (72850)       "
B06Y2LGTW3,"        Power Supply Brick for Xbox One, Xbox Power Supply Brick Cord AC Adapter Power Supply Charger Replacement for Xbox One       "
B06Y4MCKFM,"        Consevisen Vegetable Steamer Basket for Cooking Food, Stainless Steel Veggie Steam Basket for Pot, Folding Expandable Steaming Insert with Extendable Handle Fits Various Size Pot, 5.1"" to 9""       "
B06Y5RTN1T,"        Nikon D7500 20.9MP DSLR Camera with AF-S DX NIKKOR 18-140mm f/3.5-5.6G ED VR Lens, Black       "
B06Y61YW7S,"        Weigh Gram 200g Digital Pocket Gram Scale 0.01g Accuracy, 200g x 0.01g Mini Digital Grams Scale, Small Food Scale, Jewelry Scale, Ounces Grains Scale With100g Calibration Weight       "
B06Y64N4DY,"        BUBM Double Compartment Storage Case Compatible with PS Vita and PSP, Protective Carrying bag, Portable Travel Organizer Case Compatible with PSV and Other Accessories,Gray       "
B06ZYFNB3K,        Skyward Sword Link Amiibo - TLOZ Collection (Nintendo Switch/3DS/Wii U)       
B06ZYY3Z3S,        Fidget Dodecagon –12-Side Fidget Toys Cube Relieves Stress and Anxiety Anti Depression Cube for Children and Adults Easter Basket Stuffers Gift Idea (B3 Blue Sky)       
B06ZZQWMF2,        Nintendo amiibo Link - skyward sword (Series : The legend of Zelda) Japan Import       
B07114FXYT,"        Bionic Steel Metal Garden Hose 50 Ft with Nozzle, 304 Stainless Steel Water Hose, 50 Ft Garden Hose Tough & Flexible, Lightweight, Crush Resistant Fittings, Kink & Tangle Free, Rust Proof - 2024 Model       "
B0711QYPJD,"        Tovla Jr. Knives for Kids 3-Piece Kitchen Cooking and Baking Knife Set: Montessori Children's Knives in 3 Sizes & Colors/Firm Grip, Serrated Edges, BPA-Free Kids' Toddler Knives (colors vary)       "
B0713M8Z5L,"        Playtex Diaper Genie Complete Pail with Built-In Odor Controlling Antimicrobial, Includes Pail & 1 Refill, White , 8.36 Pound       "
B07193B7TL,        Peak Design Cuff Camera Wrist Strap       
B071HFP57N,"        BEAUTURAL 1800-Watt Steam Iron with Digital LCD Screen, Double-Layer and Ceramic Coated Soleplate, 3-Way Auto-Off, 9 Preset Temperature and Steam Settings for Variable Fabric Gray       "
B071KW9GTT,"        Finishing Touch Flawless Women's Painless Hair Remover , White/Rose Gold       "
B071L32Q8W,"        GOTHAM STEEL 5 Qt Ceramic Stock Pot Multipurpose Pasta Pot with Strainer Lid & Twist and Lock Handles, Nonstick Ceramic Pot for Soup, Spaghetti, Rice, Pots for Kitchen, Dishwasher Safe - Copper       "
B071LQFHPY,"        SVA Eucalyptus Essential Oil Organic – 4 Fl Oz – 100% Natural Organic Eucalyptus Oil - for Diffuser, Hair, Face, Skin Care, Aromatherapy, Scalp and Body Massage, Soap and Candle Making - with Dropper       "
B071P2MQ5D,        Amazon Basics High Density Foam Roller for Exercise and Recovery       
B071RCL7ZL,        Midwest Hearth Universal Valve Key for Gas Fire Pits and Fireplaces - Polished Chrome (3-Inch)       
B071S2T4YW,"        Ortho Orthene Fire Ant Killer1, Kills the Queen and Destroys Mounds, Begins Working in 60 minutes, 12 oz., 2-Pack       "
B071V91LGC,        Vault X Premium Exo-Tec Zip Binder - 9 Pocket Trading Card Album Folder - 360 Side Loading Pocket Binder for TCG CCG Card Storage and Organisation (Black)       
B071WCB1T6,"        TOSHIBA EM131A5C-BS Countertop Microwave Ovens 1.2 Cu Ft, 12.4"" Removable Turntable Smart Humidity Sensor 12 Auto Menus Mute Function ECO Mode Easy Clean Interior Black Color 1100W       "
B071X8S8WQ,"        Infinity Cube Sensory Fidget Toy, EDC Fidgeting Game for Kids and Adults, Cool Mini Gadget Best for Stress and Anxiety Relief and Kill Time, Unique Idea That is Light on The Fingers and Hands       "
B071X9PTYV,"        GreenLife Soft Grip 16 Piece Cookware Set, Non-Toxic PFAS-Free Ceramic Nonstick, Pots, Frying, Sauce, Saute, Glass Lids, Stay-Cool Handles, Wobble Free Bases, Dishwasher & Oven Safe, Turquoise       "
B071XTWK2S,"        Party Essentials 20 Count Hard Plastic Twopiece 5 oz Champagne Flutes, Neon Pink       "
B071YNWRPP,"        AccuMed Pregnancy Test Strips, 25-Count Individually Wrapped Pregnancy Strips, Early Home Detection Pregnancy Test Kit, Clear HCG Test       "
B071ZBBJNQ,"        CHAPIN R E 81008A 80LB Residential Salt Spreader, 80 lb, Blue       "
B0721CGJMT,"        Hot Wheels Toy Car Mega Track Set Pack, 87 Component Building Parts for 40-ft of Track & 1:64 Scale Vehicle (Amazon Exclusive)       "
B07233837H,"        YETI Rambler Bottle Chug Cap, nylon, Fits 18/26/36/46/64 OZ Bottles, Dishwasher Safe       "
B07238WW4N,"        LONDON LINENS Extra Thick 3 Piece Set Massage Table Sheets Set - 100% Natural Cotton Flannel - Includes Massage Table Cover, Massage Fitted Sheet, and Massage Face Rest Cover (Natural)       "
B07258TNZD,        Leash Camera Strap (Charcoal)       
B0725BK81G,"        Gillette Mach3 Razor Refills for Men, 15 Razor Blade Refills       "
B0725GYNG6,"        Amazon Basics Rectangular Silicone, Non-Stick Reusable, Food Safe Baking Mat, Pack of 2, 16.5"" x 11.6"", New Beige/Gray       "
B0728C4K7W,"        SVBONY SV28 Spotting Scopes with Tripod, Angled 25-75x70mm Spotter Scope with Phone Adapter, Waterproof Fogproof Spotting Scope for Bird Watching, Target Shooting, Wildlife Viewing       "
B072C9BYHG,"        American Flag 3x5 ft: Longest Lasting US Flag, Made From Nylon, Embroidered Stars, Sewn Stripes, Brass Grommets, UV Protection Perfect for Outdoors! USA Flag       "
B072JXTF26,"        Mr. Fireglass 10 Pounds Fire Glass - 1/2 Inch High Luster Reflective Tempered Glass Rocks for Fireplace Fire Pit Table and Landscaping, Copper       "
B072K1G53F,"        Gorilla Grip 100% Waterproof All-Season WeatherMax Doormat, Durable Natural Rubber, Stain and Fade Resistant, Low Profile, Indoor Outdoor Door Mats, Easy Clean Patio Entrance Mat, 17x29, Gray Diamond       "
B072M5FFZ5,"        Gillette ProGlide Shield Men's Razor, 5 Bladed Razor, with Precision Trimmer, Comfortglide Lubrication, Glide and Comfort, Handle + 4 Blade Refills       "
B072PCY6R8,        COLOR WOW STYLE ON STEROIDS Texturizing Spray – Achieve Instant Sexy Volume and Texture | Non-Sticky & Moisturizing       
B072Q417JQ,        YEBODA Clear Glass Beer Bottles for Home Brewing with Easy Wire Swing Cap & Airtight Silicone Seal 16 oz- Case of 6       
B072X7CYH4,        Toddler Toys for 1 2 Year Old Boy and Girl Gifts Wooden Race Track Car Ramp Racer with 4 Mini Car       
B0732NXYNS,"        CAROTE Nonstick Frying Pan Skillet,Non Stick Granite Fry Pan Egg Pan Omelet Pans, Stone Cookware Chef's Pan, PFOA Free,Induction Compatible(Classic Granite, 8-Inch)       "
B0734849YK,"        Handcraft Blends Organic Castor Oil - 16 Fl Oz - 100% Pure and Natural - Premium Grade Carrier Oil for Hair Growth, Eyelashes and Eyebrows - Hair and Body - Expeller-Pressed & Hexane-Free       "
B0738C7RXF,"        Deiss PRO Lemon Zester & Heavy Duty Cheese Grater & Vegetable Grater — Parmesan Cheese Lemon, Garlic, Nutmeg, Chocolate, Fruits, Vegetables, Ginger Grater - Cheese Shredder & Stainless Steel Grater       "
B073CJMDBY,        Babyfeel Refills Compatible with DEKOR PLUS Diaper Pails | 4 Pack | Exclusive 30% Extra Thickness | Diaper Pail Refills with Powerful Odor Elimination | Fresh Powder Scent | Holds up to 2320 Diapers       
B073CLKNK3,"        Compatible with Diaper Genie Pails, 4-Pack, 1080 count       "
B073P52PPR,"        Amazon Basics Rectangular Baking Bread Loaf Pan, 9.5 x 5 Inch, Set of 2, Gray       "
B073Q9WV88,"        Amazon Basics Cast Iron Dutch Oven Pot with Lid, Enameled, Round, Dual Handles, Heavy-Duty, Small, 4.3-Quart, Blue       "
B073R51JHG,        Babyfeel Refills Compatible with DEKOR CLASSIC Diaper Pails | 4 Pack | Exclusive 30% Extra Thickness | Diaper Pail Refills with Powerful Odor Elimination | Powder Scent | Holds up to 1980 Diapers       
B073T7FQ23,        SEM 39143 Trim Black Spray Aerosol (2)       
B073V1SPHP,"        Amazon Basics Cube Organizer Storage Bins Handles, Collapsible Fabric, Pack of 6, 10.5""x10.5""x11"", Black       "
B073WFLD35,"        Utopia Kitchen Non-Stick Frying Pan Set with Induction Bottom, 3-Piece Nonstick Cookware Set Including 8, 9.5, and 11 Inch Frying Pans Nonstick with Bakelite Handle, PFOA Free, Dishwasher Safe, Grey       "
B073WJMKHN,        YETI Rambler 20 oz Stainless Steel Vacuum Insulated Tumbler w/MagSlider Lid       
B073WJRJZZ,"        YETI Rambler 30 oz Stainless Steel Vacuum Insulated Tumbler w/MagSlider Lid, Black       "
B073WL1QX4,"        MasterPieces - NFL Playing Cards, Officially Licensed Kansas City Chiefs Football Deck, Family Games for Adults and Kids, Standard Index       "
B0741WGQ36,        Amazon 5ft USB to Micro-USB Cable (designed for use with Fire tablets and Kindle E-readers)       
B0742G9C3D,"        HOOSUN Garden Flag Stand, Premium Garden Flag Pole Holder Metal Powder-Coated Weather-Proof Paint with one Tiger Clip and two Spring Stoppers without flag       "
B0747NLXSZ,"        Utopia Care Professional Straight Razor for Men, Valentines Day Gifts for Him and Her Barber Straight Edge Razor Safety with 100-Pack Derby Blades - 100 Percent Stainless Steel - Black       "
B074817DK1,"        Amazon Basics Non Stick 8-Piece Kitchen Cookware Set, Includes Pots and Pans, Black       "
B0748J34WZ,"        Dixie Medium Paper Plates, 8.5 Inch, 90 Count, 2X Stronger*, Microwave-Safe, Soak-Proof, Cut Resistant, Disposable Plates For Everyday Breakfast, Lunch, & Dinner Meals       "
B0749H4S9D,"        Cocktail Shaker,24 oz Martini Shaker,Drink Shaker Built-in Strainer,Professional Stainless Steel Margarita Mixer,Bartender Kit Gifts.       "
B0749KYFXX,"        Hotec Stainless Steel Kitchen Tongs Set of 2 - 9"" and 12"", Locking Metal Food Tongs Non-Slip Grip       "
B074CR89QG,"        Amazon Brand - Presto! Flex-a-Size Paper Towels, 158 Sheet Huge Roll, 12 Rolls (2 Packs of 6), Equivalent to 38 Regular Rolls, White       "
B074DZ5YL9,        Amazon Basics Rubber Hex Dumbbell Hand Weight       
B074J7MSRD,"        Magiczone Professional Hairdressing Salon Nylon Cape with Closure Snap,Barber Styling Cape,Unisex Black Hair Cutting Cape - 59"" x 51""       "
B074KHPS7F,"        OXO Brew Gooseneck Electric Kettle – Hot Water Kettle, Pour Over Coffee & Tea Kettle, Adjustable Temperature, Built-In Brew Timer, Stainless Steel, 1L​       "
B074MX8VN5,"        Amazon Basics Ceramic Space Heater, Mini Heater for Office Desk, Portable Tent Heater for Camping (Indoor Use), 500 W, With Tip-Over Protection, Lightweight (1.4 LBS), Black, 5.8""D x 3.4""W x 6""H       "
B074T6KZRK,"        Hamilton Beach Glass Electric Tea Kettle, Water Boiler & Heater, 1 Liter, 1500 Watts for Fast, BPA Free, Cordless Serving, Auto-Shutoff & Boil-Dry Protection, Soft Blue LED (40930)       "
B074TC662N,        Ethernet Adapter for Amazon Fire TV Devices       
B074VH2VWV,"        BCW 3x4 Standard Topload Card Holders - 100 Pack | Toploader Hard Plastic Card Sleeves for Baseball, Football, Basketball, Pokemon, Yugioh, MTG Cards | Clear Card Protector Sleeves       "
B074W66D85,"        HULISEN Biscuit Cutter Set (5 Pieces/Set), Round Cookies Cutter with Handle, Professional Baking Dough Tools, Gift Package       "
B074Y4V445,"        Wall Hooks 13lb(Max) Transparent Seamless Coat Hooks,Waterproof and Oilproof,Bathroom Kitchen Heavy Duty Self Adhesive Hooks,8 Pack       "
B074YZX457,"        AOZITA 12 Pack Classic Bottle Pourers, Stainless Steel Liquor Pour Spouts Tapered Spout - Liquor Pourers with Rubber Dust Caps for Alcohol, Olive Oil,Bar Bartender Accessories       "
B074Z2NFWW,        Foval Automatic Trickle Battery Charger 12V 1000mA Smart Battery Charger       
B074ZPLPS3,"        OXO SteeL Expanding Wine Stoppers, 2 Count       "
B0751TRS6Y,"        Command Small Wire Toggle Hooks, 16 Hooks and 24 Command Strips, Damage Free Hanging Wall Hooks with Adhesive Strips, No Tools Adhesive Hooks for Hanging, Organization and Storage, Holds up to 0.5 lb       "
B07524LHMT,        Nikon D850 FX-Format Digital SLR Camera Body       
B0752ZJ5LF,"        Rubbermaid Brilliance 16-Cup Airtight Food Storage Container with Lid, Clear/Grey - optimal for pantry organization, flour, sugar, and food storage       "
B07539JW4W,"        PORTHOLIC Wii to HDMI Converter 1080P with 5FT/1.5M High Speed HDMI Cable Wii2 HDMI Adapter Video&Audio with 3.5mm Jack Audio, Support All Wii Display 720P Compatible with HD Device(Plug and Play)       "
B0753NHZVQ,"        Command Large Utility Hooks, Holds up to 5 lb, 7 Hooks and 12 Command Strips, Damage Free Hanging Wall Hooks with Adhesive Strips, No Tools Adhesive Hooks for Hanging, Organization and Storage       "
B0756CK6SB,        HollyHOME Hand Puppets Monkey Animal Puppets Zoo Plush Animal Toys 13 Inches       
B0756D1D39,        Four Sigmatic Focus Mushroom Coffee | Organic Ground Coffee with Lion's Mane Mushroom and Chaga for Better Focus and Immune Support | 12oz Bag       
B0756KCKFN,"        US Acrylic Cafe Plastic Reusable Tumblers (Set of 16) 20-ounce Water Cups Coastal Colors | Restaurant Style Drinking Glasses Value Set, Stackable, BPA-free, Made in the USA | Top-rack Dishwasher Safe       "
B0757Y3MF9,        Handcraft Blends Eucalyptus Essential Oil - Huge 4 Fl Oz - 100% Pure and Natural - Premium Grade Essential Oil for Diffuser and Aromatherapy       
B0758BZKQN,"        Hamilton Beach 1.7 Liter Temperature Control Electric Kettle, Water Boiler & Heater, Fast 1500 Watts, BPA Free, Cordless, Auto-Shutoff and Boil-Dry Protection, Stainless Steel (41020R)       "
B0758MQ99L,"        Gee Di Moda Square Tablecloth - 52 x 52 Inch White Table Cloth for Small Square or Round Tables - Heavy Duty Washable Fabric - for Buffet Table, Holiday Party, Dinner, Wedding & Baby Shower       "
B0758W9SV6,"        Gee Di Moda Rectangle Tablecloth - 70 x 120 Inch Black Table Cloth for 6 or 8 Foot Rectangle Table - Heavy Duty Washable Fabric - for Buffet Table, Holiday Party, Dinner, Wedding & Baby Shower       "
B075FRT75T,        20pcs Different Cartoon Animal Finger Puppets Soft Velvet Dolls Props Toys Easter Basket Stuffers       
B075L6BL61,        Karseell Collagen Hair Treatment Deep Repair Conditioning Argan Oil Collagen Hair Mask Essence for Dry Damaged Hair All Hair Types 16.90 oz 500ml       
B075LQ4WTF,"        PREXTEX 100 Count Clear Christmas Tree Lights with Green Wire - 20 ft Ultra Bright Christmas Lights Outdoor or Indoor - String Fairy Lights for Christmas Trees, Holidays, Patios, and Garden       "
B075LRMRDQ,"        Jillmo Fermentation Kit, Stainless Steel Fermenting Kit for Wide Mouth Mason Jars (NO Jars)       "
B075LXP47V,"        Carhartt Camping Cooler, Worksite Lunchbox, Soft Shell Cooler for Construction Sites, Work and Everyday Use Cooler, Black       "
B075MND5D2,        The Champions Amiibo - The Legend of Zelda: Breath of the Wild Collection (Nintendo Wii U/Nintendo 3DS/Nintendo Switch)       
B075P7J8BB,"        Eureka Blaze Stick Vacuum Cleaner, Powerful Suction 3-in-1 Small Handheld Vac with Filter for Hard Floor Lightweight Upright Home Pet Hair, Dark Black       "
B075QKVCC8,"        Amazon Basics Kids Velvet, Non-Slip Clothes Hangers for Infant and Toddler, 11.6 Inches (for baby clothes), Pack of 50, Gray       "
B075RB35LN,"        BOOSTEADY Universal Handgun Cleaning kit .22,.357,.38,9mm,.45 Caliber Pistol Cleaning Kit Bronze Bore Brush and Brass Jag Adapter       "
B075W63K67,"        Gaiam Yoga Block - Supportive Latex-Free Eva Foam - Soft Non-Slip Surface with Beveled Edges for Yoga, Pilates, Meditation - Yoga Accessories for Stability, Balance, Deepen Stretches       "
B075X1KPLZ,"        Mueller Immersion Blender Handheld - 8 Speed Stainless Steel Electric Hand Blender, 3 in 1 Emulsion Blender Handheld with Turbo Mode, Stick Blender Emulsifier for Kitchen for Soup, Smoothie, Puree       "
B075XRRB8D,        Wildlife Sciences High Energy Suet Cake 10 Pack       
B076672QXY,"        T-fal Advanced Non Stick Fry Pan 8 Inch, Oven Broiler Safe 350F, Skillet, Non Stick Frying Pan, Kitchen Egg Pan, Omelet Pan, Always Pan, Versatile, Home, Cookware, Pots and Pans, Dishwasher Safe Black       "
B0767QGBVD,        Libbey Ascent 16-Piece Tumbler and Rocks Glass Set       
B0768ZC23W,"        Shark S1000 Steam Mop with 2 Dirt Grip Pads, Lightweight, Safe for all Sealed Hard Floors like Tile, Hardwood, Stone, Laminate, Vinyl & More, Machine Washable, Removable Water Tank, White/Seafoam       "
B076DDVRPG,"        Swiffer Dusters Refill for Cleaning, Feather & Microfiber Duster Disposable Alternative, For Dusting Furniture, Blinds, Ceiling Fans, Walls, Helps Remove Allergens, Heavy Duty, Unscented, 11ct       "
B076DSBHD1,        Anti Cellulite Massage Oil for Massage Therapy - Collagen and Stem Cell Skin Tightening Cellulite Cream for Women - 8 Fl Oz by M3 Naturals       
B076GZFLR3,        Mcbazel Wireless USB 2.0 Gaming Receiver Adapter for Microsoft Xbox 360 Desktop Pc Laptop Gaming - Black       
B076HH3NXS,"        NFL Pro Football Tabletop Stackers Block Game by Wild Sports - Perfect Gift for NFL Football Fan, Dorm Game, Rec Room, Tailgate       "
B076JK8PXX,        TRESemmé Rich Moisture Shampoo and Conditioner Rich Moisture 2 Count for Dry Hair Formulated With Vitamin E and Biotin 28 oz       
B076JKHDQT,        Ring Rechargeable Quick Release Battery Pack       
B076MJSRRC,"        OVENTE Electric Immersion Hand Blender 300 Watt 2 Mixing Speed with Stainless Steel Blades, Powerful Portable Easy Control Grip Stick Mixer Perfect for Smoothies, Puree Baby Food & Soup, Black HS560B       "
B076Q6442Z,"        HEETA Shampoo Scalp Brush Massager Hair Growth, Scalp Scrubber with Soft Silicone Bristles for Hair Growth & Dandruff Removal, Hair Brush for Scalp Exfoliator, Black       "
B076V4V2QQ,"        Ultra PRO 3"" x 4"" Clear Regular TopLoaders For Cards With Card Sleeves Bundle Standard Size 100ct Trading Baseball Toploader Card Sleeve Protectors       "
B076ZM1799,"        Command Outdoor Light Clips, 20 Clear Clips and 24 Command Strips, Damage Free Hanging Outdoor Light Clips with Weather Resistant Strips, Wall Clips for Hanging Outdoor Lights and Cable Management       "
B077122PPW,        Anyoo Garden Cotton Hammock Comfortable Fabric Hammock with Tree Straps for Hanging Sturdy Hammock Up to 660lbs Portable Hammock with Travel Bag for Camping Outdoor/Indoor Patio Backyard       
B07714S19Q,        ULTCOVER Waterproof Outdoor Sofa Cover - Heavy Duty Patio Bench Covers 58W x 28D x 35H inch       
B0771FFWPX,"        OXO Tot Perfect Pull Wipes Dispenser - Gray, 1 Count (Pack of 1)       "
B07773PQG7,"        GORILLA GRIP powerGRIP Drawer Shelf and Cabinet Liner, Thick Strong Hold, Non-Adhesive Liners Protect Kitchen Cabinets and Cupboard, Bathroom Drawers, Easy Install, Breathable Mat, 12"" x20', Beige       "
B0777NG2DM,"        Cliganic Premium Cotton Rounds for Face (300 Count) - Makeup Remover Pads, Hypoallergenic, Lint-Free | 100% Pure Cotton (Packaging May Vary)       "
B0778NNWJ3,        CÉLLOT Super Stretchy Soft Knot Headbands with Hair Bows Head Wrap Hair Accessories For Newborn Baby Girls Infant Toddlers Kids       
B077JBQZPX,        Fellow Stagg EKG Electric Gooseneck Kettle - Pour-Over Coffee and Tea Kettle - Stainless Steel Kettle Water Boiler - Quick Heating Electric Kettles for Boiling Water - Matte Black       
B077JM5PB9,"        Dr Infrared Heater DR-238 Carbon Infrared Outdoor Heater for Restaurant, Patio, Backyard, Garage, and Decks, Standard, Black       "
B077PJDCG3,"        SMEG 50's Retro Style Electric Water Kettle with Automatic Shutoff, Removable Base, and Water Indicator, KLF03CRUS, Cream       "
B077S6KQ88,"        PurSteam 10-in-1 Steam Mop, Floor Steamer with Detachable Handheld Steam Cleaner for Tile, Hardwood Floors       "
B077SN7QN3,"        Fosmon Fast Charging Xbox Controller Charger Station for Xbox Series X | S, Xbox One, Elite w/ 2X 5280mWh Rechargeable Battery Packs, 4 Covers & Dock Stand - White       "
B077XM4WYK,        Miracle-Gro Fruit & Citrus Plant Food Spikes       
B0781QV3H4,"        Peak Design SL-BK-3 Slide, Camera Strap, Black       "
B07856RRDW,        OXO Good Grips POP Container - Airtight Food Storage - Big Square Medium 4.4 Qt Ideal for 5lbs of flour or sugar       
B0786BNC1L,"        FastSnail Controller Charger Compatible with Nintendo Switch & OLED Model for Joycon, Charging Dock Station for Joy con and for Pro Controller with Charger Indicator and Type C Charging Cable       "
B0787GLBMV,"        Schick Hydro Silk Touch-Up Dermaplaning Tool with Precision Cover, 3ct | Dermaplane Razor, Face Razors for Women, Eyebrow Razor, Facial Razor, Dermaplaning Razor, Womens Face Razor Peach Fuzz Remover       "
B0787JNN97,"        BIC Soleil Smooth Colors Women's Disposable Razors With Aloe Vera and Vitamin E Lubricating Strip for Enhanced Glide, With 3 Blades, 14 Count       "
B078FBQSBC,        for Sony PSP 1000 PSP1000 Black Front Faceplate Shell Case Cover Proctector Replacement       
B078FPTDY1,"        Libbey Province Tumbler and Rocks Glass Set, Elegant Drinkware Glasses Set, Tall Drinking Glasses with Modern Lines, Drinking Glasses Set of 16       "
B078J362SX,"        Upright Christmas Tree Storage Bag - Canvas Cover for 7.5-Foot Artificial Trees, Inflatables, and Christmas Decorations by Tiny Tim Totes (Green)       "
B078JZ3V1V,"        JoyJolt Layla White Wine Glasses, Set of 4 Italian Glasses, 13.5 oz Clear – Made in Europe       "
B078K36RQ1,"        Viking Revolution Sandalwood Beard Oil for Men - Natural Mens Beard Oil with Argan Oil and Jojoba Oil - Beard Softener, Strengthens and Moisturizes - Beard Conditioner for Men (Sandalwood, 1 Pack)       "
B078KCYLZF,        HELIMIX 2.0 Vortex Blender Shaker Bottle Holds upto 28oz | No Blending Ball or Whisk | USA Made | Portable Pre Workout Whey Protein Drink Cup | Mixes Cocktails Smoothies Shakes | Top Rack Safe       
B078KSHVCS,"        Made for Amazon, USB Power Cable (Eliminates the Need for AC Adapter)       "
B078NN17K3,"        Keurig K-Elite Single Serve K-Cup Pod Coffee Maker, with Strength and Temperature Control, Iced Coffee Capability, 8 to 12oz Brew Size, Programmable, Brushed Slate       "
B078NZCK8Q,"        Stick On Thermometer Strip, Digital Temperature Display for Fermenting, Brewing, Wine, Beer, Kombucha or Aquariums. 50-90F (10-32C) Adhesive Sticker 10 Pack (10)       "
B078PPV6SZ,"        Keracolor Clenditioner COPPER Hair Dye - Semi Permanent Hair Color Depositing Conditioner, 12 Fl. Oz.       "
B078PQLHX4,"        Burpee Organic Coconut Coir Concentrated Seed Starting Mix, 16 Quart       "
B078SFLTJQ,"        Cardboard Gold Card Saver 1 - 50 Count - Semi Rigid Card Holder, Trading Card Protectors - PSA-Approved Cardsaver for Baseball, Trading, Sports Cards - Card Sleeves, Binder, & Storage Box Compatible       "
B078SXMFLD,"        Gift Boutique 96 Count Heart Doilies 10"" Red Pink and White Paper Lace Doilies for Valentine Day Decorations Crafts for Valentine's Day       "
B078WPSJ9R,        Nikon D7500 20.9MP DX-Format Wi-Fi 4K Digital SLR Camera Body - (Renewed)       
B078X2WW5V,        Grandipity 12 Pack Premium Disposable Plastic Tablecloth 54 Inch. x 108 Inch. with 0.3mm Thickness Table Cover - White       
B078XR1CS8,"        CROWN SHADES 10x10 Pop Up Canopy - Beach Tent with One Push Setup - Easy Outdoor Sun Shade for Events, Parties, Camping - Gazebo with STO-N-Go Cover Bag, Silver Coated Top, White       "
B078YD8YRD,"        Catchmaster Glue Mouse Traps Indoor for Home 12PK, Bulk Glue Traps for Mice and Rats, Pre-Baited Adhesive Plastic Trays for Inside House, Snake, Lizard, Insect, & Spider Traps, Pet Safe Pest Control       "
B078YQ3P9M,"        Cuisinart CTG-00-CHS Champagne Stopper, 6.13"", Stainless Steel       "
B078YZ586K,"        Hoover PowerDash Pet Carpet Cleaner, FH50700       "
B0791VW48N,"        Skyflame Universal Gas Valve Key Fits 1/4"" and 5/16"" Gas Valve Stems, for Fire Pit and Fireplace, Flat Black - 3 Inches       "
B07935QL3F,"        Hydro Flask Flex Boot - Accessory Silicone Water Bottle Protector - Dishwasher Safe, BPA-Free, Non-Toxic       "
B0795WF49L,"        Pampers Swim Diapers - Splashers - Size M, 18 Count, Gap-Free Disposable Baby Swimming Pants       "
B0796RL27B,"        KongNai Kitchen Funnel Set 4 Pack, Small and Large, Kitchen Gadgets Accessories Foldable Silicone Collapsible Funnels for Filling Water Bottle Liquid Transfer Food Grade       "
B0797JLDKW,        Porch Shield Fire Pit Cover - Waterproof 600D Heavy Duty Fade Resistant Round Patio Fire Bowl Cover Black - 36 inch       
B079M8FPTW,"        Rubbermaid Brilliance Food Storage Containers, BPA Free, Airtight Lids, Ideal for Lunch, Meal Prep & Leftovers, Set of 5 (3.2 Cup)       "
B079PS12M6,        Disposable Fitted Face Cradle Covers Silky Massage Headrest Covers Box of 100       
B079V8CKDM,"        Amazon Brand - Solimo Dark Roast Coffee Pods, Compatible with Keurig 2.0 K-Cup Brewers 100 Count(Pack of 1)       "
B079VGBX2H,        Canon EOS 6D Mark II Digital SLR Camera Body (Renewed)       
B079VQCYSM,        5 x Optical DVD Drive Replacement Belt Ring for Xbox 360 / Slim and DVD Drives Stuck Open Tray       
B079WWFZY6,"        4-in-1 Kitchen Knife Accessories: 3-Stage Knife Sharpener Helps Repair, Restore, Polish Blades and Cut-Resistant Glove (Black)       "
B079Y7VBZF,"        wall26 Custom Poster Prints - Upload Your Image/Photo, Personalized Photo to Poster Printing, Durable and Waterproof, Home Decor Wall Art Prints - 24x36 inches       "
B07B1N67J5,        O2COOL Mist 'N Sip Misting Water Bottle 2-in-1 Mist And Sip Function With No Leak Pull Top Spout Reusable Sports Water Bottle - 20 oz (Basketball)       
B07B46XTZR,"        Starbucks Ground Coffee, Dark Roast Coffee, Caffè Verona, 100% Arabica, 1 bag (28 oz)       "
B07B6RZP4H,"        Katchy Indoor Insect Trap - Catcher & Killer for Mosquitos, Gnats, Moths, Fruit Flies - Non-Zapper Traps for Inside Your Home - Catch Insects Indoors with Suction, Bug Light & Sticky Glue (Black)       "
B07B8LSJ4P,"        12x16 12x18 12x24 Poster Frame, Magnetic Light Wood Frame Hanger for Photo Picutre Canvas Artwork Art Print Wall Hanging (1 Pack, 12"")       "
B07B956LNK,"        Ubbi Retractable On the Go Bag Dispenser for Travel, Diaper Bag Accessory Must Have for Newborn, Helpful Item, Baby Gift, Lavender Scented, Gray       "
B07B9BNN24,"        FIRST ALERT HOME2PRO Rechargeable Compliance Fire Extinguisher, UL RATED 2-A:10-B:C, Red, 1-Pack       "
B07BB3VQ42,"        Gymreapers Lifting Wrist Straps for Weightlifting, Bodybuilding, Powerlifting, Strength Training, & Deadlifts - Padded Neoprene with 18 inch Cotton       "
B07BGT9MSJ,"        Two Way Radios for Adults, Topsung M880 FRS Walkie Talkie Long Range with VOX Belt Clip/Hands Free Walki Talki with Noise Cancelling for Women Kids Camping Hiking Cruise Ship (Orange 2 in 1)       "
B07BHCB9Y2,"        PURA D'OR Anti-Thinning Biotin Shampoo & Deep Moisturizing Conditioner Original Gold Label Set (16oz x2) Natural Earthy Scent, CLINICALLY TESTED Effective Results, DHT Blocker Thickening, Women & Men       "
B07BLJDRSZ,        Impress Basic Clothing Iron | Non-Stick | Compact | Spray | Adjustable Steam | Fabric Selector | Swivel Cord | Lightweight | 1200-Watt (Blue)       
B07BNQ3R9H,"        Rat Traps Indoor and Outdoor - 2 Pack Dual-Entry Large Rat Trap Outdoor and Indoor for Home, Garden and Restaurant with 99.9% Trap Rate | Easy to Use Rodent Traps with Safe Hands Free Design       "
B07BPXDKQK,"        Taylors of Harrogate Organic Chamomile Herbal Tea, 50 Teabags       "
B07BR52P26,"        Soil pH Meter, MS02 3-in-1 Soil Moisture/Light/pH Tester Gardening Tool Kits for Plant Care, Great for Garden, Lawn, Farm, Indoor & Outdoor Use (Green)       "
B07BR7ZLZZ,"        Drop It Drop The Headache Enjoy The Wine Drop It Wine Drops - Pack of 2 - Naturally Reduces Sulfites & Tannins - Can Eliminate Sensitivities, Allergies, and Histamines - Treats up to 55 Glasses       "
B07BRC62Z4,        Husqvarna XP+ 2 Stroke Oil 2.6 oz. Bottle 6-Pack       
B07BRYQ4V6,"        FIOTOK Gamecube Controller, Classic Wired Controller for Wii Nintendo Gamecube (Black-2Pack)       "
B07C3SWZXK,"        RUVALINO Diaper Bag Backpack, Multifunction Travel Pack Maternity Baby Changing Bags, Large Capacity, Waterproof, Gray       "
B07C44DM6D,"        Dupray Neat Steam Cleaner with 17-Piece Accessory Kit – Chemical-free cleaning for floors, cars, tiles, kitchen appliances, grout, and more, offering versatile, deep cleaning performance.       "
B07C7QWGWF,"        1571F Campfire Beer Caramelizer Poking Tool (Standard Kit) Novelty Beer Accessories for Camping & Home Brewing - Perfect Beer Gifts for Men, Women, Boyfriends, Holidays, Parties, Bdays       "
B07C81F48R,"        BlenderBottle Shaker Bottle Pro Series Perfect for Protein Shakes and Pre Workout, 24-Ounce, Black       "
B07C8V4FDR,"        Cuisinart Bread Maker Machine, Compact and Automatic, Customizable Settings, Up to 2lb Loaves, CBK-110P1, Silver,Black       "
B07C91PXNM,"        ivoler Carrying Case for Nintendo Switch and NEW Switch OLED Model(2021),Portable Hard Shell Pouch Carrying Travel Game Bag for Switch Accessories Holds 10 Game Cartridge (Black)       "
B07CB6RBSP,"        Bissell Pet Hair Eraser Lithium Ion Cordless Hand Vacuum, Purple       "
B07CHFPBMW,"        12""x18"" Sight in Splatterburst Target - Instantly See Your Shots Burst Bright Florescent Yellow Upon Impact!       "
B07CJ2V1LR,"        JMEXSUSS 300 LED Remote Control Christmas Curtain Lights, Plug in Fairy Curtain Lights Outdoor, Window Wall Hanging Curtain String Lights for Bedroom Backdrop Wedding Party Indoor Decor, Warm White       "
B07CJWSH8Z,"        Tervis Clear & Colorful Lidded Made in USA Double Walled Insulated Tumbler Travel Cup Keeps Drinks Cold & Hot, 16oz Mug, Black Lid       "
B07CKBKTRC,        2Packs Nunchuck Controller Remote Replacement for Nintendo Nunchuk Wii Wii U Console White       
B07CKKDBF1,        Danish Dough Whisk Stainless Steel Dough Hook Dutch Whisk for Sourdough Bread Dough Mixer Hand Wooden Handle Kitchen Whisking Mixing Tool Bread Making Tools and Supplies       
B07CLXDF9J,"        waka Rapid Camera Neck Strap with Quick Release and Safety Tether, Adjustable Camera Shoulder Sling Strap for Nikon Canon Sony Olympus DSLR Camera - Black       "
B07CQ91GPG,"        Paracord Planet Paracord (50+ Colors) - 1,000 Foot spools - 250 Foot spools - 100 feet Hank       "
B07CRL2G2M,"        2 x Fairy Lights Battery Operated,Silver Wire Chains 8 Mode 16Ft/5Meter 50 LEDs Timer String Lights with Remote Control for Bedroom Christmas Party Wedding Decoration(Warm White)       "
B07CRZQ9MY,"        Tress Wellness Waxing Kit for Brazilian Wax - Easy to Use - For Sensitive Skin - Digital Display, Black Purple Flower       "
B07CTL32QW,"        AC Power Adapter Replacement Charger for Xbox One, Power Supply with Cable for Xbox One 100-240V       "
B07CYN88NJ,"        Amazon Basics 5-Blade Razor for Women, Handle, 12 Cartridges & Shower Hanger (Cartridges fit Amazon Basics Razor Handles only) 14 Piece Set, Blue       "
B07CYWKJRY,"        SHACOS 15 inch Round Braided Placemats Set of 6 Non Slip Heat Resistant Round Table Mats Washable Place Mats for Dinner Party Table Decoration (Beige, 6)       "
B07CZCQ481,"        Amazon Basics 5-Blade MotionSphere Razor for Men with Dual Lubrication and Precision Trimmer, Handle & 16 Cartridges, Cartridges fit, Razor Handles only, 17 Piece Set, Black       "
B07D15V7T3,"        Farberware 5211438 Professional Heat Resistant Nylon Meat and Potato Masher, Safe for Non-Stick Cookware, 10-Inch, Black       "
B07D1W33SD,"        Braun Clean & Renew Refill Cartridges CCR, Replacement Shaver Cleaner Solution for Clean&Charge Cleaning System, Pack of 6       "
B07D37SBHF,"        Olaplex No. 5 Bond Maintenance Conditioner, Repairs, Strengthens, & Nourishes All Hair Types, Leaving Hair Feeling Soft & Adds Shine, 8.5 fl oz       "
B07D395945,"        Tangle Teezer Ultimate Detangler Hairbrush for Wet & Dry Hair, Eliminates Knots & Reduces Breakage for All Hair Types, Millennial Pink       "
B07D3BFY6R,"        Antonki 2 Pack Digital Timer for Kids, Magnetic Countdown Kitchen Timers for Cooking, Egg, Classroom, Teacher, Exercise, Study, Oven - Battery Included       "
B07D3NHCVG,"        Hairingrid 26""-28"" Mannequin Head Hair Styling Training Manikin Cosmetology Doll Head Synthetic Fiber Hair and Free Clamp Holder (Black)       "
B07D4BNCCM,        Simple Modern Insulated Tumbler with Lid and Straw | Iced Coffee Cup Reusable Stainless Steel Water Bottle Travel Mug | Gifts for Women Men Her Him | Classic Collection | 24oz | Midnight Black       
B07D5NBJB3,"        Breathe Essential Oil Blend 30 ml - Breath Ease Sinus Relief with Menthol Oils - for Humidifiers, Diffusers, and Aromatherapy - Nexon Botanics       "
B07D5PSMRS,"        Shot Glasses Measuring cup Espresso Shot Glass Liquid Heavy Glass Wine Glass 2 Pack 26-Incremental Measurement 1oz, 6 Tsp, 2 Tbs, 30ml (Black and Red)       "
B07D6GM758,"        Aofmee Bath Bombs, 7 Bath Bombs for Women, Handmade Bathbombs for Kids Girls, Mothers Day Gifts for Mom, Spa Relaxation Gifts for Her, Birthday Valentines Christmas Gifts for Women Who Have Everything       "
B07D78CC85,"        Canboc Hard Case for Canon Ivy 2/Canon Ivy/Canon Ivy CLIQ+2 CLIQ 2 CLIQ+ Mini Photo Printer Mobile Wireless Bluetooth Instant Camera Printer, Mesh Bag fit Photo Paper and Cable, Rose Gold       "
B07D859X6X,        Off the Hook Set amiibo - Pearl and Marina - Splatoon Collection (Nintendo Switch/ Wii U/ 3DS)       
B07DBC9JF8,"        Wagner's 82072 Gourmet Nut & Fruit Wild Bird Food, 5 Pound (Pack of 1)       "
B07DC8BR3B,"        Pampers Baby Diapers - Swaddlers - Size 4, 150 Count, Ultra Absorbent Disposable Infant Diaper       "
B07DD3CPMW,"        OVENTE Portable 5 Speed Mixing Electric Hand Mixer with Stainless Steel Whisk Beater Attachments & Snap Storage Case, Compact Lightweight 150 Watt Powerful Blender for Baking & Cooking, Red HM151R       "
B07DFBR6Y3,"        Rebuff Reality Trackstraps for Vive Tracker 3.0, 2.0, Vive UltimateTracker, Tundra Tracker – Empower Full Body Tracking in VR Chat, Dance Dash, and Other FBT Apps (Tracker Sold Separately), Black       "
B07DG1642Z,"        EzPosterPrints - Custom Poster Print - Upload Your Image/Photo - Personalized Photo Prints, Create Your Own Poster - Print Any Photos, Images - 24 X 36 inches       "
B07DGF8K2S,        Walkie Talkies for Kids 22 Channel 2 Way Radio 3 Miles Long Range Handheld Walkie Talkies Durable Toy Best Birthday Gifts for 6 Year Old Boys and Girls fit Adventure Game Camping (Green Camo 1)       
B07DGKWFJM,"        Johnson's Baby Shampoo with Tear-Free Formula, Shampoo for Baby's Delicate Scalp & Skin, Gently Washes Away Dirt & Germs, Paraben-, Phthalate-, Sulfate- & Dye-Free, 20.3 fl. oz       "
B07DHXJQ92,"        Pogo 18oz Kids Plastic Water Bottle with Straw Lid and Carry Handle, Reusable, BPA Free, Dishwasher Safe, Perfect for Travel, School, Outdoors, and Gym       "
B07DJ6J6GD,        Flamaker 3 Pieces Patio Set Outdoor Wicker Furniture Sets Modern Rattan Chair Conversation Sets with Coffee Table for Yard and Bistro (Black)       
B07DKY929H,"        Aluan Wine Bottle Lights with Cork, 12 LED 10 Pack Fairy / String Lights Waterproof Battery Operated for Jar Party Wedding Christmas Festival Bar Decoration, Warm White       "
B07DLFY6X2,        Super Mario Galaxy (Renewed)       
B07DMBXB9X,        Magpul Rifle Bipod Gun Rest for Hunting and Shooting       
B07DNTWD2G,"        K&F Concept 82mm Variable ND2-ND400 ND Lens Filter (1-9 Stops) for Camera Lens, Adjustable Neutral Density Filter with Microfiber Cleaning Cloth (B-Series)       "
B07DPNYGST,"        Ponkor Rechargeable Battery Packs for Xbox Series X|S/Xbox One, 2 x 6200 mWh Batteries with High-Speed Charging Station for Xbox One S/Xbox One X/Xbox One Elite Controller Battery Pack       "
B07DQDLP63,"        32-Piece 8 Colors Mini Bubble Wands Assortment Party Favors Toys for Kids Child, Christmas Celebration,Thanksgiving New Year, Themed Birthday,Wedding, Bath Time,Summer Outdoor Gifts for Girls Boys       "
B07DRLT7TL,"        Tree Swing Hanging Straps Kit, Heavy Duty Holds 2200LBS 5FT Extra Long, with Safer Lock Snap Carabiners & Carry Pouch Bag       "
B07DSX9RSP,"        VINABON Wine Aerator Pourer Spout 2025 – Professional Wine Aerator Attaches to Bottle for Improved Flavor, Enhanced Bouquet, and Rich Finish. No-Drip, Spill-Free Design. Includes Wine Guide eBook.       "
B07DWGQ4LR,"        BLACK+DECKER Light ‘N Easy Compact Steam Iron, IR1020S, Stainless Steel Soleplate, Spray Mist, Anti-Drip, Auto Shutoff       "
B07DZDJ739,"        Aokin Sensor Bar for Wii, Replacement Wired Infrared Ray Sensor Bar for Nintendo Wii and Wii U Console, includes Clear Stand       "
B07DZYGDS3,"        Gillette Fusion5 Razors for Men, 1 Razor, 4 Blade Refills, Lubrastrip for a More Comfortable Shave       "
B07F2XQWGQ,        24 Pack Liquor Pour Spouts Set - Stainless Steel bottle spout and Liquor Pourers Dust Caps Covers       
B07F38LXDM,"        Head & Shoulders Classic Clean Dandruff Shampoo Twin Pack, Anti-Dandruff Daily Use, Paraben-Free, Color-Safe, 32.1 Fl Oz Each (Set of 2)       "
B07F4CPP7C,"        Hyland's Restful Legs PM, Nighttime Formula, Calms Agitated Legs so You Can Sleep, 50 Quick Dissolving Tablets       "
B07F4G837S,"        Parfums Belcam G Eau, Inspired by Designer Fragrance, Eau de Toilette Spray, 3.4 Fl Oz       "
B07F638LR2,        Camera Strap For Photographers Padded Universal Fit Neck Shoulder & Crossbody Strap Quick Release For DSLR/SLR/Mirrorless Canon Nikon Sony Olympus Compatible Photographer Gift for Men & Women - Blue       
B07F63FPT3,"        Funturbo Ultimate Version SD2Vita 5.0 Memory Card Adapter, PS Vita PSVSD Micro SD Adapter PSV 1000/2000 PSTV FW 3.60 HENkaku Enso System       "
B07F6ZBW52,"        Hot Wheels Monster Trucks 2-Pack, Demolition Doubles Set of 2 Toy Vehicles in 1:64 Scale, for Kids & Collectors (Styles May Vary)       "
B07F731D86,        GRILLART Grill Brush and Scraper Bristle Free - Safe BBQ Brush for Grill -Stainless Grill Grate Cleaner - Safe Grill Accessories for Porcelain/Weber Gas/Charcoal Grill - Gifts for Grill Wizard/Men/Dad       
B07F8NXBXD,"        Antlu Saddle Stool Rolling Chair for Medical Massage Salon Kitchen Spa Drafting,Adjustable Hydraulic Stool with Wheels (Without Backrest, Black)       "
B07FCNW3JK,"        Gya Labs Australian Tea Tree Essential Oil for Skin - 0.34 Fl Oz - 100% Pure Natural Melaleuca Tea Tree Oil for Hair, Face, & Toenail, Piercings Scalp & Candle Making Scent       "
B07FCS5KQL,"        Nintendo Switch Joy-Con (L/R) Gaming Controller, Gray (Renewed)       "
B07FDJMC9Q,"        Ninja Air Fryer, Roast, Bake, Air Fry, Roast, Broil, Reheats, & Dehydrates, 4-in-1, Fries, Frozen Food, Veggies, and Juicy Meat, Less Oil, Easy Meals, Healthy Meals, Compact, 4 QT, Grey, AF101       "
B07FDSRJ51,"        Peak Design Anchor Connectors for Peak Design Straps (4-Pack, 4th Generation)       "
B07FH6VRJM,"        Skyflame High Luster 10-Pound Fire Glass Fire Pit Fireplace Landscaping, 1/4 inch Gold Reflective       "
B07FJXSZTS,"        d-CON Refillable Corner Fit Mouse Bait Station, 1 Trap + 18 Bait Refills       "
B07FK8MNG5,        Al-Rehab Choco Musk Eau De Spray Perfume (50 ml/1.65 fl. oz)- 2 pack       
B07FK8YBPC,"        Teenitor Clear Elastic Hair Bands, 2000pcs Mini Hair Rubber Bands, Hair Ties, Soft Hair Elastics Ties, 2mm in Width and 30mm in Length       "
B07FK9Q81N,        Wii Fit Plus with Balance Board (Renewed)       
B07FKRJTFZ,"        BLACK+DECKER Easy Steam Compact Iron, IR06V, Dual Position Cord, TrueGlide Non-Stick Soleplate, Vertical Steam, SmartSteam       "
B07FL94PMM,"        Clairol Root Touch-Up by Nice'n Easy Permanent Hair Dye, 5 Medium Brown Hair Color, (Pack of 1)       "
B07FLMNQRG,        Splashin'kids Inflatable Tummy time Premium Water mat Infants and Toddlers is The Perfect Fun time Play Activity Center Your Baby's Stimulation Growth       
B07FNDCK95,"        MomMed Ovulation Test Strips, Ovulation and Pregnancy Tests (LH50-HCG20), Includes 50 Ovulation Tests and 20 Pregnancy Tests with 70 Urine Cups, Accurately Track Ovulation and Detect Early Pregnancy       "
B07FNN38XR,"        Vailge Patio Chair Covers, Lounge Deep Seat Cover, Heavy Duty and Waterproof Outdoor Lawn Patio Furniture Covers (2 Pack - Large, Beige & Brown)       "
B07FNW57J7,"        Chefman Electric Kettle with Temperature Control, 5 Presets LED Indicator Lights, Removable Tea Infuser, Glass Tea Kettle & Hot Water Boiler, 360° Swivel Base, BPA Free, Stainless Steel, 1.8 Liters       "
B07FP18423,        Trenro 2X Black Battery Pack Cover Shell Case Kit for Xbox 360 Wireless Controller (Black)       
B07FR65S9G,"        Portable Air Pump,Ball Pump Inflator Kit with Needle,Nozzle, Extension Hose for Soccer Basketball Football Volleyball Water Polo Rugby Exercise Sports Ball Balloon Swim Inflatables       "
B07FT2LLLK,        Umarex Glock 19 Gen3 .177 Caliber BB Gun Air Pistol       
B07FVQLBL3,"        Kitchen Mama Auto Electric Can Opener: Open Your Cans with A Simple Press of Button - Automatic, Hands Free, Smooth Edge, Battery Operated, YES YOU CAN (Red)       "
B07FXJN5L1,        GFCC 8FTX10FT White Backdrop Background for Photography Photo Booth Backdrop for Photoshoot Background Screen Video Recording Parties Curtain       
B07FZ2ZMWK,"        VOYEE PC Controller, Wired Controller Compatible with Microsoft Xbox 360 & Slim/PC Windows 10/8/7, with Upgraded Joystick, Double Shock | Enhanced (Pink)       "
B07G2MBM6L,"        Bodum 27oz Bistro Gooseneck Electric Water Kettle, Pour Over Coffee & Tea, Stainless Steel, Matte Black       "
B07G3JGZ2G,        Wii Remote Controller White (Renewed)       
B07G5NHRCM,        Super Smash Bros. Brawl (Renewed)       
B07G7G55W4,"        Nintendo Wii Console, White (Renewed)       "
B07G7HXHBF,"        ForPro Professional Collection Premium Hot Towel Warmer, 23L Extra Large Capacity, Two Stainless Steel Racks, White       "
B07G853D6N,"        Costa Farms Money Tree, Easy Care Indoor Plant, Live Houseplant in Ceramic Planter Pot, Bonsai Potted in Potting Soil, Home Décor, Birthday Gift, New Home Gift, Outdoor Garden Gift, 16-Inches Tall       "
B07G8L135X,"        ubdyo Extra Durable Door Mat - Dirt Trapping Outdoor Welcome Mats - Non-Slip Outdoor Indoor Entrance - Low Profile Front Doormat (30"" x 17"", Bright Brown)       "
B07G91F3MJ,        Gemini&Genius Shark Hand Puppet for Kids Swimming Pool Beach Bathing Toys Soft Rubber Realistic Great White Shark Puppets Role Play Toy Marine Animal World Action Figure       
B07G9J4745,"        COSORI Coffee Mug Warmer & Mug Set for Desk, Cup Heater, Office & Christmas Gifts, 1°F Precise Temperature Control, Touch Tech & LCD Digital Display (77-194℉), 304 Stainless Steel, Silver/Black       "
B07GB4S9H5,"        Eureka WhirlWind Bagless Canister 2.5L Vacuum Cleaner, Lightweight Vac for Carpets and Hard Floors, NEN110A, Blue       "
B07GBGZLDZ,        Kinect Sports (Renewed)       
B07GD8TN2M,"        Ponkor Power Supply for Xbox One, AC Cord Replacement Power Brick Adapter 100-240V Compatible with Xbox One       "
B07GHNVBTC,        Little Big Planet - Sony PSP (Renewed)       
B07GN7F516,"        33ft 100 LED Outdoor String Lights, Warm White Fairy Lights Battery Operated with Remote, Led Twinkle Lights for Bedroom, Dorm, Backyard, Wedding, Tree, Mason Jar, Wall, Christmas       "
B07GPK3CNK,"        LECLSTAR 50 LED Photo Clips String Lights, 17ft with Remote - 8 Modes Fairy Lights to Clip on Pictures, Photos, Cards       "
B07GRD5WLD,"        BeautifyBeauties Spray Bottle For Hair – Continuous Mister Spray Bottle for Hairstyling, Cleaning, Plants, Pets, Barbers, Salons, Essential Oil Scents (10.1 Ounce)       "
B07GT7HS7M,"        Baby Trend Trend Walker®, Zoo-ometry       "
B07GT9VB9X,"        6 Pack 1940 for Bissell Steam Mop Pads for Bissell PowerFresh Steam Mop 1806 1544 1440 2075A 2685A 1940W 19404 Series, Model 19402 19408 1940a 1940f 1940q 1940t B0006 B0017, Part #5938#203-2633       "
B07GTKVCYJ,"        Monster Jam, Champ Ramp Freestyle Playset with Exclusive Son-uva Digger Monster Truck, 1:64 Scale Die-Cast, Kids Toys for Boys and Girls Ages 4-6 and Up       "
B07GTWZC8Y,"        FIOTOK Gamecube Controller, Classic Wired Controller for Wii Nintendo Gamecube (Pink)       "
B07GV2S1GS,"        Keurig K-Mini Single Serve K-Cup Pod Coffee Maker, 6 to 12oz Brew size, with Cord Storage, Perfect for Small Spaces, Black       "
B07GWBCJ92,        SUNMON USB Charger Cable for Wii U Gamepad Remote Controller Back-up USB Charger Power Cable Cord Replacement - White       
B07GX6TRQX,        Swedish Dishcloth Cellulose Sponge Cloths – Bulk 10 Pack of Eco-Friendly No Odor Reusable Cleaning Cloths for Kitchen – Absorbent Dish Cloth Hand Towel (10 Dishcloths – Assorted)       
B07GXN1SB3,"        UPGRADE Privacy Screen 6' x 50' Fence Commercial Shade Cover with Brass Grommets Heavy Duty Perfect for Outdoor Back Yard, Black, Customizable       "
B07GYLFFVR,"        HOUSE DAY Black Velvet Hangers 60 Pack, Non Slip Clothes Felt Hanger Heavy Duty for Coat, Premium Slim Space Saving Suit Hangers for Closet Organizer, 360° Rotating Silver Hook       "
B07H18G2P4,"        T-fal Ultimate Hard Anodized Nonstick Fry Pan Set 2 Piece, 10, 12 Inch, Oven Broiler Safe 400F, Cookware, Pots and Pans Set Non Stick, Kitchen Frying Pans, Cooking Skillets, Dishwasher Safe, Grey       "
B07H1B724W,"        Sattiyrch 12"" Wreath Hanger for Front Door,Metal Over The Door Single Hook,Black (1)       "
B07H1NLW4K,"        Amazon Brand - Mama Bear 99% Water Based Baby Wipes, Hypoallergenic for Sensitive Skin, Fragrance Free, 432 Count (6 Packs of 72)       "
B07H3LT9LN,"        VIVOHOME 8ft Waterproof Log Rack Cover, Heavy Duty 600D Oxford Outdoor Firewood Storage Cover with Zipper and Hook Loop Tape (Log Rack not Included) Black       "
B07H4HHNQK,"        Sattiyrch 15"" Wreath Hanger for Front Door,Sturdy Steel Wreath Door Hanger,Over The Door Hanger Hook (Black,1)       "
B07H54QQQH,        4X 6ft Wii/Gamecube Extension Cables for Nintendo Wii Gamecube GCN (4 Pack)       
B07H76BZW8,        SUNNY GUARD Sun Shade Sail 10' x 13' Rectangle Sand UV Block Sunshade for Backyard Yard Deck Patio Garden Outdoor Activities and Facility(We Make Custom Size)       
B07H79KX8W,"        SMARTAKE 200 Pcs Parchment Paper Baking Sheets, 12x16 Inches Non-Stick Precut Baking Parchment, for Baking Grilling Air Fryer Steaming Bread Cup Cake Cookie and More (Unbleached)       "
B07H7D8YH3,"        Clear Christmas String Lights 100 Count 25 Feet Incandescent Bulb Mini Lights for Indoor Xmas Tree Garland Birthday Wedding Party Festival Decoration, Green Wire       "
B07H7GBJC4,"        Desitin Daily Defense Baby Diaper Rash Cream with Zinc Oxide to Treat, Relieve & Prevent diaper rash, Hypoallergenic, Dye-, Phthalate- & Paraben-Free, 4.8 oz       "
B07H9L1RW9,"        Safe Paw Ice Melt - Pet & Kid Friendly, Salt-Free & Chloride-Free, Safe for Concrete, Driveways & Sidewalks | Long-Lasting & Fast- Snow & Ice Melter for Winter Use - 3X Longer Effect       "
B07HC898GM,"        Tool Daily Foam Cannon with 1/4 Inch Quick Connector, 1 Liter, 5 Pressure Washer Nozzle Tips       "
B07HCJL6L7,"        VOBAGA Imitation Wood Grain Coffee Cup Warmer & Mug Warmer for Desk, Electric Cup Beverage Warmer Plate with 3 Temperature Settings for Tea, Cocoa, Milk with Auto Shut Off After 4 Hours, for Gifts       "
B07HF3X6Y4,"        HiLIFE Steamer for Clothes, Portable Handheld Design, 240ml Big Capacity, 700W, Strong Penetrating Steam, Removes Wrinkle, for Home, Office(ONLY FOR 120V)       "
B07HFFBNH1,        Canon EOS M6 (Black) EF-M 15-45mm f/3.5-6.3 is STM Lens Kit (Renewed)       
B07HGGJXZ8,        Nikon D850 FX-Format Digital SLR Camera Body (Renewed)       
B07HGH1KG6,"        BLACK+DECKER EM720CB7 Digital Microwave Oven with Turntable Push-Button Door, Child Safety Lock, 700W, Stainless Steel, 0.7 Cu.ft       "
B07HGWZ7LG,"        Dttery 3 Post + 3 Foam & Felt Filters Kit Replacement for Shark Rocket Ultra-Light Vacuum HV292, HV300, HV300W, HV301, HV302, HV303, HV305, HV308, HV310, UV450 Part XFFV300       "
B07HJS45XQ,"        iRobot Authentic Replacement Parts - 3 Count (Pack of 1) Dirt Disposal Bags Compatible with Roomba Clean Base Models i1+, i3+, i4+, i5+, i7+, i8+, Combo j8+, j9+       "
B07HLPGWL7,"        YAMATIC Kink Resistant Pressure Washer Hose 50FT 1/4"" M22 Brass Fitting Power Washer Hose Replacement for Ryobi, Troy Bilt, Greenworks, CRAFTSMAN Most Brand Power Washer, 3200 PSI       "
B07HM9VZQH,"        ERG-SNSH18 Steel Shaft Impact Resistant Snow Shovel, 18-Inch Shovel, 48-Inch Shaft, Push/Scoop Combination Blade, Polycarbonate Shovel       "
B07HPD2S89,        Mario Party 8 (Renewed)       
B07HPDMWC9,        Guitar Hero III: Legends of Rock - Nintendo Wii (Game only) (Renewed)       
B07HPG85J3,        Call of Duty: Black Ops - Xbox 360 (Renewed)       
B07HQ24PT2,        32 Pack 2 Style Invisible Ink Pen with UV Black Light Easter Basket Stuffers Secret Spy Pens Magic Disappearing Ink Markers School Supplies Kids Party Favors Boys Girls Easter Goodie Bags Fillers       
B07HQ4Q4GY,        MAJESTIC PURE Arnica Sore Muscle Massage Oil for Massage Therapy - Natural Oil with Lavender and Chamomile Essential Oils - Multipurpose Instant Absorption Full Body Massage Oil - 8 fl. oz       
B07HRSF46X,        FIOTOK Audio Video RCA AV Cable and AC Power Supply Adapter Cord for Xbox Game       
B07HYW76FK,"        Elite Gourmet ECT-3100 Long Slot 4 Slice Toaster, Reheat, 6 Toast Settings, Defrost, Cancel Functions, Built-in Warming Rack, Extra Wide Slots for Bagels & Waffles, Stainless Steel & Black       "
B07HZ5QXL4,        Wii Nunchuck Controller White [2 Pack] (Renewed)       
B07J15P2N3,        Celestron - 80mm Travel Scope - Portable Refractor Telescope - Fully-Coated Glass Optics - Ideal Telescope for Beginners - Bonus Astronomy Software Package - Digiscoping Smartphone Adapter       
B07J2CQYM4,"        Nixplay WiFi 10.1"" Touch Screen Digital Picture Frame I Easy Set Up I Create Family Shared Playlists I Perfect Digital Picture Frame for Gifting I Securely Share Photos/Videos via Email or App       "
B07J6FVTPH,        Flexible Extension Hose Attachment Compatible with Dyson Gen 5 Gen5 V15 V12 V11 V10 V8 V7 Vacuum Cleaner Accessories Tool Replacement Parts       
B07J6TJR2G,"        Melissa & Doug Safari Buddies Hand Puppets, Set of 6 (Elephant, Tiger, Parrot, Giraffe, Monkey, Zebra) Soft, Plush Animal Hand Puppets For Toddlers And Kids Ages 2+       "
B07J9PQW8Z,"        GASPRO 10 lbs Fire Glass for Propane Fire Pit, 1/2-Inch Reflective Fireplace Glass Rocks for Fire Pit Table, Cobalt Blue       "
B07JB97PT7,"        Double Lever Hand Corker – For Standard Wine, Belgian Beer, and Synthetic Plastic Corks, Wine Corker Tool with 20 Count Wine Corks (Red)       "
B07JC8W2DW,"        Minisland Pink Love Heart Cocktail Picks, 4.7 Inch Long Bamboo Fancy Toothpicks for Appetizers, Decorative Bridal Wedding Valentines Party Food Drinks Garnish Fruit Skewer Sticks 100 Counts -MSL134       "
B07JG44SPR,"        MomMed Pregnancy Test 20 Pack, Early Pregnancy Test Strips, 99% Accurate, 25 MIU/mL hCG, 20 Free Urine Cups, Bulk Pregnancy Tests for Home Kit, Pruebas de Embarazo       "
B07JJPYSRD,"        Pot and Pan Protectors, Set of 12 and 3 Different Size, Cookware Protector Set/Pots and Pans Dividers/Pans Separator Anti-Slip to Avoid Scratching or Marring When Stacking       "
B07JMDYDVJ,"        Grandpa Gus's Extra-Strength Mouse Repellent Pouches, Cinnamon/Peppermint Oils Repel Mice from Nesting & Freshen Air in Car/RV/Boat/Garage/Shed/Cabin, 1.75 oz (Pack of 10)       "
B07JPZ95ZP,"        Ariana Grande Cloud Body Mist – Warm Gourmand Fragrance for Women – Women's Perfume with Notes of Lavender, Coconut, Vanilla & Pear       "
B07JRGRRBX,"        HIWARE 10 Pairs Fiberglass Chopsticks - Reusable Chopsticks Dishwasher Safe, 9 1/2 Inches - Black       "
B07JYL82WZ,"        Suncast 34 Cu. Ft. Horizontal Shed for Outdoor Storage w/Locking System, Stoney/Black       "
B07JYWSZ8R,"        IRON °FLASK Camping & Hiking Hydration Flask with 3 Lids - Stainless Steel, Double Walled & Vacuum Insulated Water Bottle - Leak Proof & BPA Free (Midnight Black, Straw - 22 oz)       "
B07JZDHBFR,"        TERRO T800 Garbage Guard Trash Can Insect Killer - Kills Flies, Maggots, Roaches, Beetles, and Other Insects       "
B07JZQ1MXT,"        Amazon Basics Glass Carafe Electric Hot Water Kettle, 1.8 Quarts (1.7L), 1500W, BPA-Free, Black and Silver       "
B07K114TFB,        Zoom Q2n-4K Ultra High Definition Handy Video Recorder       
B07K2TKK26,"        Ubbi Disposable Diaper Sacks, Lavender Scented, Easy-To-Tie Tabs, Diaper Disposal or Pet Waste Bags, 200 Count       "
B07K9P44L6,"        Luditek 14.7ft 40LED Valentines Day Decorations String Lights, Battery Operated Heart Shape Hanging Garland Valentines Day Decor for Indoor Outdoor Home Room Party Wedding       "
B07KBNQXNN,        Melissa & Doug Chef Puppet (Al Dente) with Detachable Wooden Rod       
B07KCQ67Y1,        Zebra GX420D Thermal Label Barcode Printer GX42-202410-000 (Renewed)       
B07KDPQMVT,"        Stereo Headset Adapter for Xbox One & Xbox Series X|S Controller - Adjust Audio Balance (Game Sound & Voice Chat), Volume, Mic Directly       "
B07KF2BTV8,"        Exquisite Gaming: Spyro The Dragon - Original Mobile Phone & Gaming Controller Holder, Device Stand, Cable Guys, Licensed Figure       "
B07KF3G4CW,"        MIZHSE 9D Cat Eye Gel Nail Polish, Magnetic Cat Eye Gel Polish Set, 10ml*6 with 2 Magnets, Classic Colors Chameleon Magic Galaxy Effect Soak off Nail Art, Sparkle Stunning Gel Polish Gift for Women       "
B07KF6XWG3,"        Wine Stoppers Set of 2 - Stainless Steel Wine Bottle Stopper with Silicone Seal, Reusable Beverage Preserver, Freshness Keeper, Premium Bottle Sealers, Ideal Wine Saver Accessory Gift Set       "
B07KFVL1QQ,"        Schick Hydro Sensitive Razor Refills, 12ct | Razor Blades Refills, Razor Blades for Men, Shaving Blades for Men, Hydro Razor Blades Refill, 5 Blade Razor Men, 12 Refills       "
B07KG2X2GZ,        BLACK+DECKER dustbuster QuickClean Cordless Handheld Vacuum (HNVC215B10)       
B07KGL6L56,"        Pampers Baby Wipes Complete Clean Baby Fresh, Scented Baby Wipes, Gently Cleaning Wipes, 72 Baby Wipes Total (1 Flip-Top Packs)       "
B07KMWVBJS,"        Scotts Whirl Hand-Powered Spreader for Seed, Fertilizer, Salt, Ice Melt, Handheld Spreader Holds up to 1,500 sq. ft. Product       "
B07KNXQL6Q,"        612 Vermont 100 Pink Christmas Lights on a White Wire String, UL Approved, Indoor/Outdoor Use, 18’ of Lighted Length, 20’ of Total Length       "
B07KRY43KN,"        Echo Glow - Multicolor smart lamp, Works with Alexa       "
B07KW36G2J,"        66 Eyebrow Razor and Face Razor for Women and Men, Eyebrow Hair Trimmer and Shaver with Protective Cover,Safe and Newbie Friendly       "
B07KWKJPNF,"        Hooded Hair Dryer w/A Headband Integrated That Reduces Heat Around Ears & Neck - Hair Dryer Hooded Diffuser Cap for Curly, Speeds Up Drying Time, Safety Deep Conditioning At Home - Portable, Large       "
B07KXX8C83,"        HP OfficeJet Pro 6978 All-in-One Wireless Printer - Inkjet and Color, Wifi, Bluetooth, Mobile Printing, Photo Copier and Scanner - Home & Office for Incredible Quality and Value, T0F29A (Renewed)       "
B07KYHSN8N,"        Elmer's Magical Liquid Slime Activator Solution, Updated Formula for Double Slime Output, Safe and Washable, 1 Quart       "
B07L1G31YT,"        Altman Plants, Live Succulent Plants (20 Pack) Assorted Potted Succulents Plants Live House Plants in Cacti and Succulent Soil Mix, Cactus Plants Live Indoor Plants Live Houseplants in Planter Pots       "
B07L3TT4TQ,"        Minetom Globe String Lights, 33 Feet 100 Led Fairy Lights Plug in, 8 Modes with Remote Mini Globe Lights for Indoor Outdoor Bedroom Party Wedding Garden Christmas Tree Decor, Warm White       "
B07L41CZSP,        Halo 3 - Xbox 360 (Renewed)       
B07L41H13T,        MIXC 10 Packs Seed Starter Tray Seed Starter Kit with Humidity Dome (120 Cells Total Tray) Seed Starting Trays Plant Starter Kit and Base Mini Greenhouse Germination Kit for Seeds Growing Starting       
B07L41PGS9,        Minecraft (Renewed)       
B07L41T31V,        Just Dance - Nintendo Wii (Renewed)       
B07L42R4TK,        Call of Duty: Black Ops II - Xbox 360 (Renewed)       
B07L51PWD2,"        Frida Baby 3-in-1 Cool Mist Humidifier for Baby with Diffuser + Nightlight, Baby Humidifier for Bedroom, Nursery + Large Rooms, Quiet, Auto Shut Off, Runs +24hrs       "
B07L58T3T5,"        Medline Simply Soft Cotton Rounds (300 Count), 100% Cotton Absorbent and Textured Cotton Pads, Lint-Free       "
B07L5HT585,"        Hamilton Beach 1.7L Electric Kettle, Water Boiler & Heater, LED Indicator, Built-In Mesh Filter, Auto-Shutoff & Boil-Dry Protection, Cordless Serving, Clear Glass (40864)       "
B07L68MRQL,"        CADeN Camera Backpack Bag Professional for DSLR/SLR Mirrorless Camera Waterproof, Camera Case Compatible for Sony Canon Nikon       "
B07L6YJ11V,        Dr. Talbot's Diaper Cream Brush for Babies - Diaper Rash Cream Applicator with Suction Base and Hygienic Case - Mini Size - Aqua Blue       
B07L8M9T39,"        DecorRack 2 Rectangular Tablecloths BPA-Free Plastic, 54 x 108 inch, Dining Table Cloth, Rectangle Table Cover for Parties, Picnic, Camping and Outdoor, Disposable or Reusable, White (2 Pack)       "
B07L8YPYQK,"        Sondiko Butane Torch Lighter S400, Refillable Kitchen Torch Blow Torch with Safety Lock and Adjustable Flame for Desserts, Creme Brulee, and Baking—Butane Gas Is Not Included       "
B07L9DYKRX,        Western Legends       
B07LBFB84L,"        WaterWipes Plastic-Free Textured Clean, Toddler & Baby Wipes, 99.9% Water Based Wipes, Unscented & Hypoallergenic for Sensitive Skin, 60 Count (Pack of 4), Packaging May Vary       "
B07LC91FVN,        Katie Doodle Super-Bowl Party Supplies Games Decorations - Great Superbowl Party Decorations 2023 - Includes Football Squares Poster [11x17 inch]       
B07LCSNBMZ,"        The Original Gorilla Grip Ironing Board Cover, Silicone Coating, Full Size Scorch Resistant Padding, Elastic Edge, Heavy Duty Iron Pad Covers Standard Boards, Hook and Loop Fastener Strap, Silver       "
B07M687JQ6,"        JOYIN 28 Pack Valentines Day Stationery Kids Gift Set for School Classmates Exchange, Party Favor, Includes Pencils, Erasers, Stamper, Stickers       "
B07M6LK94D,"        Sure Paws Pet Safe Ice Melt, 12 Pound       "
B07M7M898T,"        Kootek 71PCs Cake Decorating Supplies Kit with Revolving Cake Stand Turntable, 12 Numbered Icing Piping Tips, 2 Spatulas, 3 Icing Comb Scraper, 50+2 Piping Bags, and 1 Coupler for Baking       "
B07M8P8F73,"        Nespresso Capsules Vertuo, Double Espresso Chiaro, Medium Roast Espresso Coffee, 30-Count Coffee Pods, Brews 2.7oz.       "
B07M9M7YJ4,"        SheeChung Round Gas Fire Pit/Table Cover-Heavy Duty 600D Polyester with PVC Coating Material,100% Weather Resistant and Waterproof,Fits 30"",33"",36"",35"", 34"" Fire Pit/Bowl Cover,Black,36” Dia X 24”H       "
B07MBXCDFW,"        SheeChung Gas Fire Pit Cover Square-Premium Patio Outdoor Cover Heavy Duty Fabric with PVC Coating,100% Waterproof,Anti-Crack,Fits for 29”,30"",31"",32"" Fire Pit/Table Cover (32”L x 32”W x 24”H,Black)       "
B07MCYDD62,"        HP 962 Cyan, Magenta, Yellow Ink Cartridges (3-pack) | Works with OfficeJet 9010 Series,OfficeJet Pro 9010, 9020 Series | Eligible for Instant Ink | 3YP00AN       "
B07MDRNL78,"        Huggies Natural Care Refreshing Baby Wipes, Hypoallergenic, Scented, 10 Flip-Top Packs (560 Wipes Total), Packaging May Vary       "
B07MDVF4R9,        Patio Furniture Set Cover Outdoor Sectional Sofa Set Covers Outdoor Table and Chair Set Covers Water Resistant Large 315cm L x 160 cm W x 74 cm H       
B07MDZB3R1,"        JOYIN 28 Pack Valentines Day Gifts Cards, Valentine's Greeting Cards for Kids with Foam Airplanes Classroom Exchange Party Favor Toy       "
B07MDZXPSK,        NaturoBliss 100% Pure Natural Undiluted Eucalyptus Essential Oil (4oz) Premium Therapeutic Grade Aromatherapy       
B07MF3DY3C,"        Mr. Clean Magic Eraser Original Cleaning Pads, Multi Purpose Cleaner, Bathroom Cleaning Supplies, All Purpose Cleaner, White, 6 Count       "
B07MH2W7QS,"        Air Pressure Pump Bottle Opener With Foil Cutter,Aerator Pourer,Vacuum Stopper(4PCS),Simple Cork Remover,Efficient Corkscrew Bottle Opener,Great For Wine Lovers,Perfect Wine Gift.       "
B07MHJFRBJ,"        Bounty Quick Size Paper Towels, White, 8 Family Rolls = 20 Regular Rolls       "
B07MKKK7KV,"        Security Tri-wing Y Trigram Screwdriver 3.8mm 4.5mm Nut Bits for Nintendo NES SNES N64 Wii NDS, Gamecube, Gameboy Advance Sega Game Gear Tool Kit       "
B07MLWK6MS,"        COOLJOB 6 Pairs Gardening Gloves for Women Ladies, Breathable Rubber Coated for Yard Garden, Outdoor Indoor Protective Work with Grip, Medium Size, Red & Green       "
B07MMF2CFN,"        Turtle Beach Battle Buds In-Ear Gaming Headset - Mobile & PC with 3.5mm, Xbox Series X, Xbox Series S, Xbox One, PS5, PS4, PlayStation – Lightweight, In-Line Controls, Black       "
B07MQLDM67,"        Secura Original Stainless Steel Double Wall Electric Water Kettle 1.8 Quart with Auto Shut-Off & Boil-Dry Protection, Black Onyx SWK-1701DA/HB-3227B       "
B07MRLGKH4,        ULTCOVER Rectangular Patio Heavy Duty Table Cover - 600D Tough Canvas Waterproof Outdoor Dining Table and Chairs General Purpose Furniture Cover Size 111L x 74W x 28H inch       
B07MS1LV74,"        Altura Photo Camera Hand Strap - Rapid Fire Secure Grip, Padded Wrist Straps for Photographers for DSLR and Mirrorless Cameras       "
B07MSFTF15,"        Steam and Go 10-in-1 Steam Mop - Floor Steamer with Detergent Chamber and Detachable Handle for Tile Grout, Clothes, Furniture, Hardwood, Upholstery, & Carpet, Handheld Steam Cleaner for Home Use       "
B07MT4XK7K,"        DilaBee Plastic Spray Bottles (4 Pack) - 8oz Spray Bottle for Hair, Gardening, Cleaning Solutions, Grilling - Water Spray Bottle for Pet Correction - Heavy Duty Spray Bottles for Cleaning BPA Free       "
B07MV6Z896,"        SUNWILL Travel Coffee Tumbler 20 oz, Insulated Mug with Lid, Stainless Steel Cup for Outdoor, Powder Coated Navy       "
B07MVN676J,"        OVENTE Electric Sandwich Maker with Non-Stick Plates, Indicator Lights, Cool Touch Handle, Easy to Clean and Store, Perfect for Cooking Breakfast, Grilled Cheese, Tuna Melts and Snacks, Black GPS401B       "
B07MVYQRYY,"        AMSCAN Unique 79251 Disney Iconic Minnie Mouse Door Party Poster, 27' X 60' 1ct, Multicolor,Bedroom       "
B07MY7XVB1,"        HOPELF 6"" Natural Bamboo Skewers for BBQ，Appetiser，Fruit，Cocktail，Kabob，Chocolate Fountain，Grilling，Barbecue，Kitchen，Crafting and Party. Φ=4mm, More Size Choices 8""/10""/12""/14""/16""/30""(100 PCS)       "
B07MZ8ZKSR,"        Ball Wide Mouth 32-Ounces Quart Mason Jars with Lids and Bands, (2 Jars)       "
B07MZF9J2G,        Ball Wide Mouth Pint Mason Jars with Lids & Bands | 16-oz | 2-Pack       
B07MZXZQF5,"        NWT Custom Canvas Prints with Your Photos for Pet/Animal, Personalized Canvas Pictures for Wall to Print Framed 24x16 inches       "
B07MZZ3N7F,"        [2 PACK]Wine Bottle Stoppers,Real Vacuum Wine Stoppers,Reusable Wine Preserver,Wine Corks Keep Fresh,Best Gifts for Wine Lovers for christmas gifts.       "
B07N1JP56L,        Fisher-Price Baby Toy Soothe 'n Snuggle Otter Portable Plush Sound Machine with Music Lights & Breathing Motion for Newborns 0+ Months       
B07N2F3JXP,"        IRON °FLASK Camping & Hiking Hydration Flask with 3 Lids - Stainless Steel, Double Walled & Vacuum Insulated Water Bottle - Leak Proof & BPA Free (Midnight Black, Straw - 40 oz)       "
B07N4CJNYG,        Wii Remote Controller White [2 Pack] (Renewed)       
B07N582C6N,"        ATERCEL Workout Gloves for Men and Women, Exercise Gloves for Weight Lifting, Cycling, Gym, Training, Breathable and Snug fit       "
B07N6N6WW1,"        Aluminum Pans 9x13 Disposable Foil (30 Pack) - Half Size Steam Table Deep Pans - Tin Pans Great for Cooking, Heating, Storing, Prepping Food       "
B07N6W7RPC,"        Gillette Venus ComfortGlide White Tea Women's Razor, Pivoting Head, Gel Bar, No Shave Cream Required, 3 Bladed for Smooth Shave, 1 Handle + 4 Blade Refills       "
B07N7MWX72,"        Mielle Organics Rosemary Mint Strengthening Shampoo Infused with Biotin, Cleanses and Helps Strengthen Weak and Brittle Hair, 12 Ounces       "
B07NBW32B8,"        Palace Learning Dumbbell Workout Exercise Poster - Free Weight Body Building Guide | Home Gym Chart - LAMINATED, 18"" x 24""       "
B07ND51YPC,"        FGO Organic Hibiscus Tea, 100 Count, Eco-Conscious Tea Bags, Caffeine Free, Packaging May Vary (Pack of 1)       "
B07NH6Q4LB,"        Turtle Beach Recon 70 Gaming Headset - Nintendo Switch, Xbox Series X|S, Xbox One, PS5, PS4, PlayStation, Mobile, & PC with 3.5mm - Flip-Up Mic, 40mm Speakers, Stereo – Black       "
B07NPGMDW8,"        Stanley Classic Beer Stein with Big Grip Handle, Beer Party Mug and Tumbler, 24 oz       "
B07NQ4L1SB,"        Aootek New Solar Motion Sensor Lights 120 LEDs with Lights Reflector,270° Wide Angle, IP65 Waterproof, Step Lights for Front Door, Yard, Garage, Deck (4-Pack)       "
B07NQDWQXS,"        Smart Coffee Warmer, BESTINNKITS Auto On/Off Gravity-Induction Mug Warmer for Office Desk Use, Candle Wax Cup Warmer Heating Plate (Up to 131F/55C) (Black)       "
B07NQJ4XM6,"        Utopia Kitchen Nonstick Saucepan Set with Lid, 1 Quart and 2 Quarts Multipurpose Pots Set for Home Kitchen or Restaurant (Grey-Black)       "
B07NQPYGYD,"        Ember Temperature Control Smart Mug 2, 10 Oz, App-Controlled Heated Coffee Mug with 80 Min Battery Life and Improved Design, White       "
B07NR3M3V1,"        Etpark Wireless Controller for Xbox 360, Xbox 360 Joystick Wireless Game Controller for Xbox 360 & Slim Console and PC Windows XP/7/8/10(Black)       "
B07NRMWHXX,"        Selieve Toys for 3-12 Year Old Girls Boys, Walkie Talkies for Kids 22 Channels 2 Way Radio Toy with Backlit LCD Flashlight, 3 Miles Range for Outside, Camping, Hiking       "
B07NS61HVY,"        Ukor Fast Charging 2x6200mWh Rechargeable Battery Packs with Charger for Xbox One/Xbox Series X|S Xbox One S/Xbox One X/Xbox One Elite Wireless Controller, Lasting Intelligent Protection       "
B07NTVPK21,"        Gillette Fusion5 Men's Razor Blade Refills, 10 Count + Fusion5 ProGlide Razor Blade Refills - 2 Count | One Pack of 12 Refills       "
B07NV7RX7H,"        Peekapoo - Disposable Changing Pad Liners (50 Pack) Super Soft, Ultra Absorbent & Waterproof - Covers Any Surface for Mess Free Baby Diaper Changes       "
B07NWCTXHH,"        DASH Hot Air Popcorn Popper Maker with Measuring Cup to Portion Popping Corn Kernels + Melt Butter, 16 Cups - Aqua       "
B07NY23WBG,"        SanDisk 128GB High Endurance Video MicroSDXC Card with Adapter for Dash Cam and Home Monitoring systems - C10, U3, V30, 4K UHD, Micro SD Card - SDSQQNR-128G-GN6IA       "
B07NY3WR4L,"        FreshCap Ultimate Mushroom Supplement 12,000mg - Mushroom Complex Capsules, Organic Mushrooms Supplement, Mushroom Extract, Ayurveda Mushroom Blend Nootropic (120 Capsules)       "
B07NYQ6ML7,"        Amazon Brand - Happy Belly Dark Roast Coffee Pods, Compatible with Keurig 2.0 K-Cup Brewers, 100 Count       "
B07NZ81JQC,"        Nintendo Replacement Wii Console, White - No Cables Or Accessories (Renewed)       "
B07P1SFHK3,"        MATEIN Carry on Backpack, Extra Large Travel Backpack Expandable Airplane Approved Weekender Bag for Men and Women, Water Resistant Lightweight Daypack for Flight 40L, Black       "
B07P45BKN9,"        GIGASTONE 256GB Micro SD Card, Gaming Plus, MicroSDXC Memory Card for Nintendo, Wyze, GoPro, Dash Cam, Security Camera, 4K Video Recording, UHS-I A1 U3 V30 C10, up to 100MB/s, with Adapter       "
B07P5PQN7S,"        Hot Wheels Toy Car Track Builder Playset, Deluxe Stunt Box with 25 Component Parts & 1:64 Scale Vehicle (Amazon Exclusive)       "
B07P5X2F4X,"        DINOBROS Dinosaur Toy Pull Back Cars,6 Pack Dino Toys for 3 Year Old Boys Girls and Toddlers,Boy Toys Age 3,4,5 and Up,Pull Back Toy Cars,Dinosaur Games with T-Rex       "
B07P7NFV1F,"        Holikme 23Pack Drill Brush Attachments Set, Scrub Pads & Sponge, Buffing Pads, Power Scrubber Brush with Extend Long Attachment, Car Polishing Pad Kit,Cleaning Supplies，Shower Scrub,Scratch Brushes       "
B07P7RQ1N7,        Nintendo Wii Remote Plus - Blue (Renewed)       
B07P8QJTQL,"        LIFVER Coasters Set of 6, Coasters for Drinks Absorbent Stone with Holder, Black Marble Style Ceramic Drink Coaster for Tabletop Protection, Coffee Table Decor Ideal for Home Decor House Warming Gifts       "
B07P9265FF,        NuDerma Professional Skin Therapy Wand - Portable Skin Therapy Machine with 6 Neon & Argon Wands – Boost Your Skin – Clear Firm & Tighten       
B07P989QTJ,        Official Luna Wireless Controller       
B07PDFBJZD,"        Logitech G Pro X Wired Gaming Headset: Blue VO!CE Detachable Boom Mic, DTS 7.1, 50 mm Drivers, USB/3.5mm Aux, Spare Memory Foam Ear Pads, USB DAC & Bag Included, for PC, Xbox, PS5, PS4 - Black       "
B07PDPVZBP,        Humane Mouse Trap | Catch and Release Mouse Traps That Work | Mice Trap No Kill for mice/Rodent Pet Safe (Dog/Cat) Best Indoor/Outdoor Mousetrap Catcher Non Killer Small Capture Cage (Blue)       
B07PFS3BBS,"        Neewer Photo Studio Backdrop Support System, 10ft/3m Wide 6.6ft/2m High Adjustable Background Stand with 4 Crossbars, 6 Backdrop Clamps, 2 Sandbags, and Carrying Bag for Portrait & Studio Photography       "
B07PFYT8MC,"        Reynolds Kitchens Unbleached Parchment Paper Roll, 45 Square Feet       "
B07PK66W3F,"        Canon EOS Rebel T7 Digital SLR Camera 18-55mm f/3.5-5.6 is II Kit Bundle with 500mm Preset Telephoto Lens, 32GB Memory Card, Camera Bag, Paintshop Pro and Accessories (13 Items)       "
B07PKQCPLF,"        Utopia Home [24 Pack, White] Cloth Napkins 17x17 Inches, 100% Polyester Hemmed Edges, Washable and Reusable Ideal for Parties, Weddings and Dinners       "
B07PLP57HW,"        AC Power Cord for PS5 / PS4 / PS4 Slim / PS3 Slim / PS3 Super Slim, Xbox One S/Xbox One X/Xbox Series S/Xbox Series X, PlayStation 5 PlayStation 4 Slim PlayStation 3 Slim Power Cable Replacement       "
B07PM3FLGW,"        Tuko 20PCS Sticky Hands, Sticky Finger, Kids' Party Favor Sets， Fun Toys, Wacky Fun Stretchy Sticky Hands, Party Favors, Birthday Parties, Toys for Sensory Kids,20PCS       "
B07PMMQNWH,"        GIRIAITUS Wii Motion Plus Adapter-External Remote Motion Plus Sensor Controller -White,Set2 Pack       "
B07PT6XJBZ,"        U-Haul Wine 12 Bottle Wine Shipping, Moving & Packing Kit - Includes a 18-1/8” x 13-7/8” x 15-1/2” Box & Styrofoam Inserts       "
B07PTMRBWH,        Blink Camera Mount – Black – 3 Pack       
B07PVBS863,"        Zulay Kitchen Silicone Utensil Rest - BPA-Free, Durable Spoon Rest with Drip Pad - Heat-Resistant Spoon Rest for Stove Top - Spoon Rest for Kitchen Counter - Kitchen Gadgets & Kitchen Utensils Holder       "
B07PW4MTHV,"        Olaplex No. 6 Bond Smoother, Leave-In Styling Hair Cream Treatment, Smooths, Conditions, & Strengthens, Frizz Control for Up to 72 Hours, For All Hair Types, 3.3 fl oz       "
B07Q1K4V1K,        Mario Kart 8 - Nintendo Wii U (Renewed)       
B07Q2QDG3Q,"        Hand Wrist Strap Lanyard, 6 Pack 9.5inch Adjustable Nylon Wristlet Straps Keychain String for Cell Phone Case Holder, AirPods Pro 2 2022, Camera, Key, GoPro, USB Drive, Ski Glove(Black)       "
B07Q4Z338C,"        Flexi Hose Lightweight Expandable Garden Hose, No-Kink Flexibility, 3/4 Inch Solid Brass Fittings and Double Latex Core (100 FT, Black)       "
B07Q5L8JVQ,        Warhammer 40k - Chaos Space Marines Terminators (2019)       
B07Q63N8V4,"        Ball Leak-Proof Plastic Lids for Glass Mason Jars, Used for Canning, Pickling, Juice, Jam, Jelly (Regular, 6 Count (Pack of 1))       "
B07Q82MG8S,"        Mr Heater 4000 to 18000 BTU 3 Setting Portable LP Gas Heater Unit with Dual Tank Connection for Indoor and Outdoor Use, Black/Red       "
B07Q8563M5,        DEWALT DCCS620P1R 20V MAX 5.0 Ah Cordless Lithium-Ion Compact Chainsaw Kit (Renewed)       
B07Q9C3HCC,        SheaMoisture Beard Conditioning Oil for a Full Beard Maracuja Oil and Shea Butter to Moisturize and Soften 3.2 oz       
B07QD7H2W2,"        Traeger Grills BAC507 5-Pack Aluminum Drip Tray Liners – Disposable, Heat-Resistant Grill Accessory – Fits Pro 575, Pro 22, Elite 22, and More – 22in x 15.5in       "
B07QF1KXPQ,        WANBY Camera Strap Black Canvas Neck Shoulder Strap with Quick Release Buckles for DSLR SLR       
B07QG2R4PY,"        SUSTEAS Stove Top Whistling Tea Kettle - Food Grade Stainless Steel Teakettle Teapot with Cool Touch Ergonomic Handle, With 1 Silicone Pinch Mitt Included, 2.64 Quart(BLACK)       "
B07QGG9YXT,"        CAT Construction Toys, CAT Dump Truck Toy Construction Vehicle – 10"" Plastic Action Vehicle with Articulated Buckets for Indoor & Outdoor Play. Ages 3+       "
B07QH41DQB,"        AOZITA [16 Pack] Colored Plastic Mason Jar Lids Fits Ball, Kerr & More - 8 Wide Mouth & 8 Regular Mouth - Storage Caps for Canning Jars, Dishwasher Safe & Food Grade & Leakproof       "
B07QJ1Y527,"        YESWELDER True Color Solar Powered Auto Darkening Welding Helmet, Wide Shade 4/9-13 for TIG MIG ARC Grind Welding Hood Helmet       "
B07QJ2W36S,        KKTONER Rolling Saddle Stool PU Leather Swivel Adjustable Rolling Stool with Wheels Salon Chair Black       
B07QJ8Q6NT,"        Keenpioneer Piping Bag - Disposable Cake Decorating Bag 56 Count (16 inch, Clear)       "
B07QK9C9KT,"        JISULIFE Handheld Mini Fan, 3 IN 1 USB Rechargeable Portable Fan [12-19 Working Hours] with Power Bank, Flashlight, Pocket Design for Travel/Summer/Concerts/Lash, Gifts for Women (Pink)       "
B07QL9P1QD,"        Naturopathy Peppermint Essential Oil, Natural Therapeutic Grade, Premium Quality Peppermint Oil, 4 fl. Oz - Perfect for Aromatherapy and Relaxation       "
B07QNRTZ2F,"        MED PRIDE Lens and Screen Cleaning Wipes for Eyeglasses, Devices, Anti-Fog, Anti-Static, Pre-Moistened, Scratch-Free, Pack of 200       "
B07QPCHJ81,"        Glade Automatic Spray Air Freshener Refill, Scented Air Freshener for Home and Bathroom, Clean Linen, 6.2 Oz, 3 Count       "
B07QSY7XK6,"        Pefei Tweezers Set - Professional Stainless Steel Tweezers for Eyebrows - Great Precision for Facial Hair, Splinter and Ingrown Hair Removal (Black)       "
B07QVSK8KW,"        Brita Stainless Steel Premium Filtering Water Bottle, BPA-Free, Reusable, Insulated, Replaces 300 Plastic Water Bottles, Filter Lasts 2 Months or 40 Gallons, Includes 1 Filter, Carbon - 20 oz.       "
B07QXL2V91,"        Ingenuity Soothing Baby Bouncer Infant Seat with Vibrations, -Toy Bar & Sounds, 0-6 Months Up to 20 lbs (Pink Flora the Unicorn)       "
B07QYZYN7X,        100 PK Gold Napkins - 4 Assorted Designs - 3-Ply Cocktail Napkins Folded 5 x 5 Inches Bar Napkins Disposable Party Napkins Paper Napkins Dinner for Wedding Baby Shower Birthday Graduation 2023       
B07QZ39MWQ,"        YAEYE Power Supply Brick for Xbox One with Power Cord, (Low Noise Version) AC Adapter Power Supply Charge Compatible with Xbox One Console, 100-240V Auto Voltage       "
B07QZ43DR6,        Personalized Custom Canvas Prints: Photo On Canvas (Framed 11X14) Transform Your Photos into Stunning Framed Wall Art Digitally Printed Photo To Canvas Ideal for Home Decor Gifts Keepsakes       
B07R1YNPT6,"        Bright Starts Rattle & Teethe Wrist Pals Toy, Unicorn & Llama, Newborn+, 2 Count       "
B07R295MLS,"        eufy Robot Vacuum 11S MAX, Super Thin, Powerful Suction, Quiet, Self-Charging Robotic Vacuum Cleaner, Cleans Hard Floors to Medium-Pile Carpets, Black       "
B07R53W4P6,"        Binoculars for Kids, Girls or Boys Real Kids Binoculars in Vibrant Green Blue - includes Sticker Book with 40 Bird Species - Kids Toys Small Binoculars, Toddler Binoculars       "
B07R586J37,"        Govee Bluetooth Hygrometer Thermometer, Wireless Thermometer, Mini Humidity Sensor with Notification Alert, Data Storage and Export, 262 Feet Connecting Range       "
B07R5DX6RQ,        BlueSnail Quilted Thicker Waterproof Changing Pad Liners 3 Count(Gray 13” x 27”)       
B07R8BQD66,"        [10 Pack] Glass Meal Prep Containers, Food Storage Containers with Lids Airtight, Glass Lunch Boxes, Microwave, Oven, Freezer and Dishwasher Safe       "
B07R8V8DWC,"        Silicone Oven Mitts and Pot Holders, 4-Piece Set, Heavy Duty Cooking Gloves, Kitchen Counter Safe Trivet Mats, Advanced Heat Resistance, Non-Slip Textured Grip       "
B07R9ZKW43,        CAKETIME 12 Cups Silicone Muffin Pan - Nonstick Cupcake Pan 1 Pack Regular Size Silicone Mold for Baking       
B07RC9FWLN,"        Custom Star Map - Personalized Star Map (Multiple Sizes - Unframed Star Prints, Star Constellation Map Wall Art, Great Gift - Special Occasion, Engagement Gift, Wedding Gift, Anniversary Gift)       "
B07RGGYLGY,"        SONGMICS Cabinet Organizer Shelf, Set of 2 Kitchen Counter Shelves, Kitchen Storage, Spice Rack, Stackable, Expandable, Metal and Engineered Wood, Ink Black and Natural Beige UKCS02NB       "
B07RKRK7FD,"        Wevac Vacuum Sealer Bags 8x50 Rolls 2 pack for Food Saver, Seal a Meal, Weston. Commercial Grade, BPA Free, Heavy Duty, Great for vac storage, Meal Prep or Sous Vide       "
B07RM1P8YY,"        SCIONE 24pack LED Light Up Fidget Spinner Bracelets, Glow in The Dark Party Favors for Kids 4-8 8-12, Treasure Box Toys for Classroom, Birthday Gifts, Valentines Day Gifts Goodie Bags Stuffers       "
B07RQVVSX2,        Vidpro TC-45 Tripod Carrying Case - Heavy Duty Nylon Bag with Shoulder Straps and Handles - Compact Case with Full Length Zippered Closure Plus External Pocket Fits Tripod with Head up to 45 Inches       
B07RR1CR6S,        Plantronics CS540 Convertible Wireless Headset Earset Bundle (Renewed)       
B07RSZSYNC,"        LEVOIT Genuine Core 300-P Air Purifier Air Filter Replacement, 3-In-1 Filters, High-Efficiency Activated Carbon, Core300-RF, 1 Pack, White       "
B07RV1XLV4,"        LEVOIT Core 300-P Air Purifier Pet Allergy Replacement Filter, 3-in-1 Filter, Efficiency Activated Carbon, Core300-RF-PA, 1 Pack, Yellow       "
B07RX2J294,"        Anti-Burst and Slip Resistant Exercise Ball Yoga Ball Fitness Ball Birthing Ball with Quick Pump, 2,000-Pound Capacity, Multiple Colors and Sizes       "
B07RX5BD32,"        Kopi Baby Portable Diaper Changing Pad - Baby Diaper Changer Travel Bag with Wipes Pocket, Smart Design Portable Changing Mat, Infant Travel Station Kit, Gift for Newborn Girl & Boy - Grey, Classic       "
B07RXKWRDC,"        Texas Instruments TI-84 PlusCE Graphing Calculator, Black (Renewed)       "
B07RZGFV59,"        MEIJIA Portable All Weather Waterproof Protective Hard Case, Small Camera Case,Dry Case with Customizable Foam,Fit Use of Drones, Camera,Equipments, 11.65 ”x8.35”x3.78”       "
B07S1BNNYD,"        HAPPY NUTS Comfort Cream Deodorant For Men: Anti-Chafing Sweat Defense, Odor Control, Aluminum-Free Mens Deodorant & Hygiene Products for Men's Private Parts 3.4oz, Original       "
B07S3R6MKJ,"        Led Fairy Lights Battery Operated, 1 Pack Mini Battery Powered Copper Wire Starry Fairy Lights for Bedroom, Christmas, Parties, Wedding, Centerpiece, Decoration (5m/16ft Warm White)       "
B07S652B12,"        Shark Pet Cordless Stick Vacuum with XL Dust Cup, LED Headlights, Removable Handheld Vac, Crevice Tool, Portable Vacuum for Household Pet Hair, Carpet and Hard Floors, 40min Runtime, Grey, IX141       "
B07S69BJG3,        Pack of 75 Headrest Covers Fitted Disposable Massage Face Rest Cradle Covers White & Black       
B07S6FDHPN,"        Dinosaur Toys, 252 PCS Create A Dinosaur World Road Race Tracks, Flexible Track Playset, 2pcs Dinosaur Car for 3 4 5 6 Year Old Boys Girls Birthday Party Favor Gift       "
B07S7YFCNW,        Pack of 20 Disposable Fitted Massage Table Sheets Bed Covers with Elastic Maximum 82 x 35 inches White       
B07S8Z7GDM,"        Covers For The Home Deluxe Elastic Edged Flannel Backed Vinyl Fitted Table Cover - Basketweave (Red) Pattern - Round Oblong Oval- Fits Tables up to 48"" W x 68"" L       "
B07S9FMPD2,"        Turtle Beach Recon Spark Gaming Headset - Xbox Series X|S, Xbox One, PS5, PS4, PlayStation, Switch, PC, Mobile with 3.5mm - Flip-Up Mic, 40mm Speakers, PC Splitter       "
B07SCL613T,"        Huggies Natural Care Sensitive Baby Wipes, Unscented, Hypoallergenic, 99% Purified Water, 12 Flip-Top Packs (768 Wipes Total), Packaging May Vary       "
B07SD1TM26,"        Kook Proofing Set, Sourdough Bread, 2 Rattan 9 Inch Banneton Baskets, 2 Basket Covers, Metal Scraper, Plastic Scraper, Scoring Lame, 5 Blades and Case, Baking Kit, Dough Bowls, Round Shape       "
B07SDLR1BC,"        100% Pure Cotton Dry Wipes | 600 Count | Use Wet or Dry | Soft & Sensitive | Hypoallergenic | Extra Strong & Absorbent | Perfect for Diaper Changes, Runny Noses, Drool, Meal Time & Nursing       "
B07SFDY8GG,        4+2 Pack Filters for Shark Vacuum Navigator Lift Away Filter Replacement Models NV350 NV351 NV352 NV355 NV356E NV360 UV440 UV540 CU500 XFF350 XHF350       
B07SFKTLZM,"        Xbox Elite Series 2 Core Wireless Gaming Controller – Black – Xbox Series X|S, Xbox One, Windows PC, Android, and iOS       "
B07SM61FCT,"        RENPHO Eyeris 1 Valentines Gifts Eye Massager with Heat, Birthday Gifts for Women, FSA HSA Eye Care Gifts for Mom, Smart Eye Mask for Relax Eye, Reduce Eye Strain       "
B07SMBP1HS,"        Wagner's 52003 Classic Blend Wild Bird Food, 6-Pound Bag       "
B07SMF4KVQ,        VIVOHOME 8ft Heavy Duty Indoor Outdoor Firewood Storage Log Rack with Cover Combo Set Black       
B07SPC37YZ,"        RUBFAC 36 Punch Balloons Punching Balloon Heavy Duty Party Favors For Kids, Bouncy Balls with Rubber Band Handle for Birthday Party, Goodie Bag, Stocking Stuffers for Kids       "
B07SQYX2FH,"        Holikme 30 Feet Dryer Vent Cleaner Kit, Flexible Lint Brush with Drill Attachment, Fireplace Chimney Brushes Extends Up to 30 Feet for Easy Cleaning, Use with or Without a Power Drill       "
B07STZQ744,"        Minetom Color Changing Fairy String Lights - 33 ft 100 LED USB Silver Wire Lights with Remote and Timer, Starry Fairy Lights for Bedroom Party Indoor Christmas Decoration, 16 Colors, Adapter Included       "
B07SVFKNVV,"        GORILLA GRIP BPA-Free Soft Silicone Oven Mitts, Heat and Slip Resistant Thick Cotton Lined Cooking Mitt Set, Long Flexible Potholders Protect Hands, Kitchen Essential Waterproof Gloves, 12.5"" Black       "
B07SXBX1DM,"        Amazon Brand - Mama Bear Gentle Touch Diapers, Hypoallergenic, Size 5, 132 Count (4 packs of 33), White       "
B07SYP4TL2,"        Minetom USB Fairy String Lights with Remote and Power Adapter, 66 Feet 200 Led Firefly Lights for Bedroom Wall Ceiling Christmas Tree Wreath Craft Wedding Party Decoration, Warm White       "
B07SYY8B6L,        MICROSOFT B4F00014 Xbox 360 Wireless Controller (Renewed)       
B07T16DQ31,"        Frida Baby The 3-Step Cradle Cap System, DermaFrida The FlakeFixer, Sponge, Brush, Comb and Storage Stand for Babies with Cradle Cap, White-Blue       "
B07T1CH2HH,"        COSORI Electric Gooseneck Kettle with 5 Temperature Control Presets, Pour Over Kettle for Coffee & Tea, Hot Water Boiler, 100% Stainless Steel Inner Lid & Bottom, 1200W/0.8L       "
B07T6C64BX,"        Brio Bottom Loading Water Cooler Dispenser for 5 Gallon Bottles - 3 Temperatures with Hot, Room & Cold Spouts, Child Safety Lock, LED Display with Empty Bottle Alert, Stainless Steel       "
B07T869RNY,"        Zevo Flying Insect Trap for Indoors: Light Trap Captures Fruit Flies, Gnats and Houseflies, Starter Kit (1 Plug-in Base + 1 Cartridge)       "
B07T8FDTM9,        Tronco 20 oz Glass Tumbler Glass Water Bottle Straw Silicone Protective Sleeve Bamboo Lid - BPA Free -Amber       
B07T9WRBVV,"        PVC heat shrink capsules 120 count 3 colors wine shrink wrap wine bottle corks capsules for professional, wine cellars and home use - black, red, gold       "
B07TBCZPVL,"        DYMO Label Printer | LabelWriter 450 Turbo Direct Thermal Label Printer, Fast Printing, Great for Labeling, Filing, Shipping, Mailing, Barcodes and More, Home & Office Organization (Renewed)       "
B07TBJRPP7,"        Power Brick for Xbox One, Lyyes Xbox one Power Supply AC Adapter Replacement Charger       "
B07TC8BP66,"        ANJAYLIA 20 LED Star String Lights 10 FT Fairy Christmas Lights Battery Operated for Indoor & Outdoor, Party, Wedding and Holiday Decorations Warm White       "
B07TFP7JFH,"        Xbox Game Pass Ultimate – 1 Month Membership – Xbox Series X|S, Xbox One, Windows [Digital Code]       "
B07TGH61V2,        Xahpower Charger for Wii U Gamepad AC Power Adapter Charger for Nintendo Wii U Gamepad Remote Controller       
B07TGKLKJX,"        Cruise Liquor Flask Kit for Travel,Concealable and Reusable Rum Runner Alcohol Juice Travel Plastic Flasks Liquor Bags for Sneak Drink-4 x 32 oz + 3 x 16 oz + 3 x 8 oz +1 funnel       "
B07TGNFVWV,"        Xbox Game Pass Ultimate – 3 Month Membership – Xbox Series X|S, Xbox One, Windows [Digital Code]       "
B07TJ73MG4,"        KICNIC Balloon Arch Strip Kit for Garland, 32.8 Feet Balloon Tape Strips and 200 Glue Point Dot Stickers for Party Wedding Birthday Baby Shower Decorations       "
B07TJJTBW8,"        The Elf on the Shelf: A Christmas Tradition - Boy Scout Elf with Blue Eyes - Includes Artfully Illustrated Storybook, Keepsake Box and Official Adoption Certificate       "
B07TK37GM9,        NOOBECR Nuance PowerMic II Dictation Microphone (Renewed)       
B07TLB33FX,"        Juvale 50 Pack Paper Shooting Targets for Range, Bulk for Hunting, Silhouette with Red Bullseye (14x22 in)       "
B07TN4HXLB,        Poseidon Tattoo Cartridge Needles 50Pcs Assorted Mixed Size Round Liner Shader Magnum Curved/Round Mag 5rl 7rl 9rl 5rs 7rs 9rs 15m1 21m1 15cm 21cm Disposable Membrane Tattoo Needles       
B07TPBQSVP,        Mighty Mint Gallon (128 oz) Rodent Natural Peppermint Oil Spray       
B07TV5RNQL,"        Wevac Vacuum Sealer Bags 100 Quart 8x12 Inch for Food Saver, Seal a Meal, Weston. Commercial Grade, BPA Free, Heavy Duty, Great for vac storage, Meal Prep or Sous Vide       "
B07TZ5YHJN,"        Mueller Living Electric Kettle, Electric Tea Kettle for Boiling Water, 1500W SpeedBoil Teach Automatic Shutoff, 1.8L Cordless with LED Light, Borosilicate Glass Tea Kettle Pot Water Heater, BPA Free       "
B07TZL8QVL,"        TOTALCONSOLE LCD Screen Replacement for PSP 1000 1001 Series w/Backlight & Cushion Gasket Sony OEM Original, Silver (TC-95222)       "
B07V3L3KFC,"        Vortex Optics Diamondback HD 8x42 Binoculars - HD Optical System, Non-slip Grip, Waterproof, Fogproof, Shockproof, Included GlassPak - Unlimited, Unconditional Warranty       "
B07V4YVX4K,        Halo 4 - Xbox 360 (Standard Game) (Renewed)       
B07V58G3GJ,        Nintendo Land (Renewed)       
B07V5RV19B,        FIGHTSENSE Self Defense Pepper Spray - 1/2 oz Compact Size Maximum Strength Police Grade Formula Best Self Defense Tool for Women W/Leather Pouch Keychain       
B07V6M4MSN,"        Amazon Basics Ceramic Space Heater, Portable Heater for Indoor Use, for Office and Home, With Overheat and Tip-Over Protection, Thermostat, Non-Oscillating, 1500W, Black, 7.52""D x 6.34""W x 9.45""H       "
B07V7W3779,"        Pixy Canvas Floater Frame 8x10 for 3/4 (0.75) inch Deep Canvas Paintings/Canvas Prints/Wood Canvas Panels/Wall Art/Wall Decor/Home Decor/Artwork (Black, 8 x 10 inch, Portrait)       "
B07V91437Y,"        Conair Handheld Garment Steamer for Clothes, Turbo ExtremeSteam 1875W, Portable Handheld Design, Strong Penetrating Steam, White / Champagne       "
B07V9WRR4Z,        Dopheuor Photo Clip String Lights LED Battery Operated Starry Fairy Copper String Lights with Clips Warm White for Pictures Bedroom Wall Patio Halloween Thanksgiving Christmas Party Wedding Décor       
B07VC2HWD2,"        BEAUTURAL Steam Iron for Clothes with Precision Thermostat Dial, Ceramic Coated Soleplate, 3-Way Auto-Off, Self-Cleaning, Anti-Calcium, Anti-Drip Blue       "
B07VD9N1TJ,"        Medline Remedy Essentials Zinc Oxide Skin Protectant Paste (4 oz Tube), Unscented, Barrier, Incontinence Cream, Diaper Rash, Adults, Elderly, Hypoallergenic, Paraben Free       "
B07VFG151W,        Wino Wine Key! - Professional Sommelier's Corkscrew Wine Opener       
B07VHL1C53,        Call of Duty: Modern Warfare 3 - Xbox 360 (Renewed)       
B07VJZJG9V,"        Artist hand Children Leather Cushion Oversize Barber Salon Booster Seat,Spa Equipment Black       "
B07VL1668Q,"        TOPWIT Electric Kettle Glass Hot Water Kettle, 2.0L Water Warmer, BPA-Free Stainless Steel Lid & Bottom, Tea Kettle with Fast Heating, Auto Shut-Off & Boil Dry Protection       "
B07VLFFV5F,        Lunch Box for Men - Reusable Lunch Bag Men Adult Women- Insulated Small LunchBox (Black)       
B07VPTBXXL,"        INCX Solar Lights for Outside,12 Pack Solar Lights Outdoor Waterproof, Solar Garden Lights Landscape Lighting for Patio Pathway Lawn Yard Deck Driveway Walkway, Cold White       "
B07VQBVMPJ,"        Skyflame High Luster 10-Pound Regular Fire Glass for Fire Pit Fireplace Garden Landscaping Bronze 1/2"" Size       "
B07VQNWMN2,"        Catchmaster Mouse, Insect & Pest Control Glue Traps for Mice & Insects 16-Pk, Adhesive Rodent & Bug Catcher, Pre-Scented Mouse Traps Indoor for Home       "
B07VQSTQ2X,"        Himal 4ft Waterproof Firewood Cover, Heavy Duty 600D Oxford Outdoor Storage Wood Rack Cover with Buckle (Log Rack not Included)       "
B07VR1NDSQ,"        Olaplex No. 7 Bonding Oil, Concentrated High Shine Oil, Heat Protectant, Vi       "
B07VRMQ5KB,"        [UPGRADED PROTECTION] 4 Set (8 pcs) Reusable Wine Bags for Travel, Wine Protector Sleeve Case, Airplane Car Cruise TRIPLE Luggage Leak-proof Safety Impact Resist       "
B07VS8Q8WN,        Call of Duty: Ghosts - Xbox 360 (Renewed)       
B07VTPJXH9,"        ThermoPro TP30 Infrared Thermometer Gun, Laser Thermometer for Cooking, Pizza Oven, Griddle, Engine, HVAC, Laser Temperature Gun with Adjustable Emissivity & Max Measure -58°F ~1022°F (Not for Human)       "
B07VV71KK1,"        Avenger FBDTP15 Infra-Red Tank Top Outdoor Heater for Use with Propane Gas Tanks for Camping, Patios, and More, Single Burner, 15,000 BTU, Silver       "
B07VVK39F7,"        LEVOIT Air Purifier for Home Allergies Pets Hair in Bedroom, Covers Up to 1095 ft² by 56W High Torque Motor, 3-in-1 Filter with HEPA Sleep Mode, Remove Dust Smoke Pollutants Odor, Core300-P, White       "
B07VW3KC9X,"        Nikon D5600 DSLR Camera with 18-55mm VR and 70-300mm Lenses + 128GB Card, Tripod, Flash, and More (20pc Bundle)       "
B07VYPGHFW,"        Aunt Fannie's FlyPunch Fruit Fly Trap (2 Pack): for Indoor and Kitchen Use, Made with Plant Based Ingredients, Packaging May Vary       "
B07W1B44DV,        Kombucha Heating Wrap - Fermentation Heater Mat Pad with Temperature Control       
B07W3QSMF9,"        NOCO GENIUS2D, 2A Direct-Mount Onboard Car Battery Charger, 12V Automotive Charger, Battery Maintainer, Trickle Charger, Float Charger and Desulfator for Marine, ATV, Truck and Deep Cycle Batteries       "
B07W4SN7N7,"        GiveBest Portable Electric Space Heater with Thermostat, 1500W/750W Safe and Quiet Ceramic Heater Fan, Heat Up 200 Square Feet for Office Room Desk Indoor Use, Silver       "
B07W62W6ZG,"        Infantino 2-in-1 Tummy Time & Seated Support - for Newborns and Older Babies, with Detachable Support Pillow and Toys, for Development of Strong Head and Neck Muscles       "
B07W6B987F,"        NOCO GENIUS2, 2A Smart Car Battery Charger, 6V and 12V Automotive Charger, Battery Maintainer, Trickle Charger, Float Charger and Desulfator for Motorcycle, ATV, Lithium and Deep Cycle Batteries       "
B07W8KJH44,"        NOCO GENIUS5, 5A Smart Car Battery Charger, 6V and 12V Automotive Charger, Battery Maintainer, Trickle Charger, Float Charger and Desulfator for Motorcycle, ATV, Lithium and Deep Cycle Batteries       "
B07W92TK7D,"        Replacement Wii Wire-less Sensor Bar, Motion Sensor Signal Receiver for Nintendo Wii and Wii U Console with Stable Stand and 4 AAA Batteries(Black)       "
B07W9G64V9,"        Power Your Fun Robo Pets Unicorn Toy for Girls and Boys - Remote Control Robot Toys with Interactive Hand Motion Gestures, STEM Programmable Treats, Walking, Dancing Robot Unicorn Kids Toy (Pink)       "
B07WCV1J99,"        Crystal Clear Cover Case for Switch Lite, Ultra Slim Clear Hard PC Protective Case Compatible with Nintendo Switch Lite with a Glass Screen Protector and 8 Thumb Grips Caps       "
B07WD4TSNQ,"        VOYEE PC Controller, Wired Controller Compatible with Microsoft Xbox 360 & Slim/PC Windows 10/8/7, with Upgraded Joystick, Double Shock | Enhanced (Black)       "
B07WG18RLT,        Brightown 12 Pack LED Fairy Lights Battery Operated String Lights - 7ft 20LED Waterproof Silver Wire Firefly Starry Moon Lights for DIY Crafts Wedding Table Centerpieces Party Bedroom Christmas       
B07WG6YYRG,"        AmazerBath Loofah Sponge 75g/Piece, Exfoliating Bath Sponge Body Scrubber - Loofa Set of 4 Flower Color (Large, Green-Purple)       "
B07WGXTKGY,"        RUBFAC 120 Balloons Assorted Color 12 Inches Rainbow Latex Balloons, 12 Bright Color Party Balloons for Birthday Baby Shower Wedding Party Supplies Arch Garland       "
B07WHJW3FR,"        Ortho Home Defense Max Indoor Insect Barrier with Extended Reach Comfort Wand, Kills Ants, Roaches, Spiders, Fleas and Ticks, 1 gal.       "
B07WHV3HXL,"        Canon DSLR Camera [EOS 90D] with 18-135 is USM Lens | Built-in Wi-Fi, Bluetooth, DIGIC 8 Image Processor, 4K Video, Dual Pixel CMOS AF, and 3.0 Inch Vari-Angle Touch LCD Screen, Black       "
B07WML2XTD,        Ring Chime Pro       
B07WMQP4SF,"        Homaxy 100% Cotton Waffle Weave Kitchen Dish Cloths, Ultra Soft Absorbent Quick Drying Dish Towels, 12 x 12 Inches, 6-Pack, Dark Grey       "
B07WNM1Z82,"        AC Power Cord Cable Fit for Xbox One S, Xbox One X, Xbox Series X/S Consoles, PS4 PS5 PS3 PlayStation 4 5 3, TV Printer Speaker Monitor Replacement - (ETL Listed Cable)       "
B07WNS1M1P,        New Super Mario Bros. U + New Super Luigi U - Wii U (Renewed)       
B07WP65XLW,"        Kootek Camping Hammock, Camping Essentials, Lightweight Portable Double & Single Hammock with Tree Straps, Camping Gear for Outside Hiking Camping Beach Backpack Travel       "
B07WSFFMN8,        Grand Theft Auto V - Xbox 360 (Renewed)       
B07WT6K984,"        FineDine 24 Piece Glass Storage Containers with Lids - Leak Proof, Dishwasher Safe Glass Food Storage Containers for Meal Prep or Leftovers, Gray       "
B07WVD4VF1,        G7 X Mark II G7 X Removable Lens Cover Silicone Cover Rubber Soft Camera Case Cover for Canon PowerShot G7x ii G7x (Glamour Black)       
B07WVP81Z7,"        Rocinha 100 Pack Disposable Changing Pads Baby Disposable Underpads Waterproof Diaper Changing Pad Breathable Underpads Bed Table Protector Mat, 17 Inches x 13 Inches       "
B07WVT6Y7F,"        Microscope for Adults Kids, 100X-2000X BEBANG Compound Microscope with Microscope Slides, Microscope Kit for Kids Students Home School Lab       "
B07WYFFDZ5,"        Yaheetech Massage Table Portable Lash Beds Spa Bed Massage Couch Foldable Spa Tables Adjustable 2 Fold with Non-Woven Bag 24 inch, Black       "
B07WZDM6NT,"        BRAINWAVZ Game Controller Holder Wall Mount Stand (2 Pack) For XBOX, PS5, SERIES X, ONE, PS4, PS3, SWITCH, NINTENDO, PC & MORE, Fits Latest & Retro Gamepads, Stick On, Easy To Install, UGC1       "
B07WZPV3FQ,"        Rubbermaid 16-Piece BPA-Free Plastic Food Storage Set, Red Vented Lids - Microwave, Dishwasher Safe: Perfect for Meal Prep, Leftovers, and Kitchen Organization       "
B07WZTGT6C,"        Exquisite Gaming: Spider-Verse: Miles Morales - Marvel Original Mobile Phone & Gaming Controller Holder, Device Stand, Cable Guys, Marvel Licensed Figure       "
B07WZTJGCR,"        Exquisite Gaming: Borderlands 3: Claptrap - Original Mobile Phone & Gaming Controller Holder, Device Stand, Cable Guys, Gearbox Licensed Figure       "
B07X1R4HLB,        Vorspack Clear Backpack Heavy Duty PVC Transparent Backpack with Reinforced Strap Stitches & Large Capacity for College Workplace Security - Black       
B07X24QMQM,        Utopia Home Plastic Hangers 50 Pack - Clothes Hanger with Hooks - Durable & Space Saving Coat Hanger - Heavy Duty Skirt Hangers (White)       
B07X3QBP6P,"        BabbleRoo Diaper Bag Backpack - Baby Essentials Travel Tote - Multi Function Waterproof Diaper Bag, Travel Essentials Baby Bag with Changing Pad, Stroller Straps & Pacifier Case - Unisex, Dark Gray       "
B07X42819L,"        Exquisite Gaming: Marvel: Deadpool Plinth - Original Mobile Phone & Gaming Controller Holder, Device Stand, Cable Guys, Licensed Figure       "
B07X4WBKJT,"        AH AMERICAN HOMESTEAD Cocktail Napkins-Disposable Beverage/Bar Napkins-Black Linen-Like Square Napkins-Eco-Friendly & Compostable-Everyday Use, Party or Wedding 4.75inch x 4.75inch (100 Count, Black)       "
B07X6C9RMF,"        Blink Mini - Compact indoor plug-in smart security camera, 1080p HD video, night vision, motion detection, two-way audio, easy set up, Works with Alexa – 1 camera (White)       "
B07X7H7C7V,"        PEIDUO Easter Decorations, 2FT Birch Tree with LED Lights, Warm White Light up Tree Lamp, Easter Tree for Home Table Inside, Easter Decor Indoor, Battery Powered, Timer (2PK)       "
B07X8RK2SH,"        0-80% Brix Meter Refractometer for Measuring Sugar Content in Fruit, Honey, Maple Syrup and Other Sugary Drink, with Automatic Temperature Compensation Function       "
B07XC2RYLF,"        Victoria's Secret Bombshell Eau de Parfum, Notes of Purple Passion Fruit, Shangri-La Peony & Vanilla Orchid, Perfumes for Women (3.4 oz)       "
B07XC3JGK6,"        Hot Wheels Mario Kart Set of 4 Die-Cast Toy Cars with Attached Character Drivers, Includes Black Yoshi (Amazon Exclusive)       "
B07XC66L3G,"        Bedsure Blanket Hoodie, Wearable Blanket for Adult & Kids as Gifts for Women Men, Birthday Gifts for Women Mom Sherpa Hoodie, Grey, Standard       "
B07XCJL4QD,"        Aokitec Therapy Swing for Kids with Special Needs (Hardware Included) Snuggle Swing Cuddle Hammock Indoor Adjustable Aerial Yoga for Children with Autism, ADHD, Asperger, Sensory Integration(Blue)       "
B07XG6X4TC,"        MAYFLASH Wii to HDMI Converter 1080P for Full HD Device, Wii HDMI Adapter with 3,5mm Audio Jack&HDMI Output Compatible with Wii, Wii U, HDTV, Monitor-Supports Wii Display Modes 720P, NTS       "
B07XG6XRSX,"        Hot Wheels Toy Car Track Set, Track Builder Unlimited Playset Premium Curve Pack, 16 Component Parts & 1:64 Scale Vehicle       "
B07XGKZ2RC,"        MR.SIGA Toilet Plunger and Bowl Brush Combo for Bathroom Cleaning, Black, 1 Set       "
B07XGMHHT8,        UDC Parts Mower Deck Belt GX20072 / 103.875 inches/for John Deere GY20570 L 100 130 1742 D 100 110 120 130 X 110 125 145 LA 105 D100 D105 D110 D120 D125 D130 E100 E110 E120       
B07XGZWVWX,        GoSports Inflataman Football Challenge - Inflatable Receiver Touchdown Toss Game       
B07XH8FCLL,"        Amazon Brand - Mama Bear Fragrance Free Hypoallergenic Flushable Toddler Toilet Wipes, 336 Count (8 Packs of 42)       "
B07XKRFDHY,"        Franklin Sports NFL Team Footballs - Rubber Youth Mini Footballs for All NFL Teams - Kids Junior 8.5"" Football - Official NFL Licensed Footballs       "
B07XKS2BVD,"        Franklin Sports Youth NFL Football + Air Pump Set - Soft Foam 8.5"" Youth Mini Footballs with 8 Teams Choice + Air Pump       "
B07XL84F9S,"        Vacplus Moisture Absorbers 6 Pack, 10.5 Oz Portable Humidity Absorber Boxes for Your Bathroom, Closet & Car, Dehumidifier with Fragrance Free, Navy Blue       "
B07XL8K5JB,"        Minetom Fairy Lights Plug in, 10Feet 200 Led Cluster Lights Waterproof Firecracker Starry String Lights for Ceiling Bedroom Wreath Window Wedding Christmas Tree Decoration, Warm White (No Remote)       "
B07XL9JH52,"        Brew Bag, 2 Pack Extra Large (26"" x 22"") Straining Bag,Reusable Cold Brew Bags Fine Mesh Bag for Fruit Cider Apple Grape Wine Press Drawstring Straining Brew in a Bag       "
B07XLM4FWL,"        36 Pack Fruit Fly Trap for Indoors, Fungus Gnat Killer Indoor Sticky Traps for Mosquito, Bug Insect Catcher Killer for Houseplant       "
B07XLZM8L8,"        FIOTOK Gamecube Controller, Classic Wired Controller for Wii Nintendo Gamecube (Black)       "
B07XMFVN95,"        Amazon Brand - Mama Bear Gentle Fragrance Free Baby Wipes, Hypoallergenic, Sensitive Skin, Unscented, 800 Count (8 Packs of 100)       "
B07XMMB6SG,"        Coleman 316 Series Insulated Portable Cooler with Heavy Duty Latches, Leak-Proof Outdoor High Capacity Hard Cooler, Keeps Ice for up to 5 Days       "
B07XNQD6D1,"        Franklin Sports NFL Team Footballs - Youth Mini Footballs for All NFL Teams - Kids Junior 8.5"" Football + Air Pump Sets - Official NFL Licensed Footballs       "
B07XP8MP5N,        The Elder Scrolls V: Skyrim (Renewed)       
B07XR1Z7XF,"        KRUPS Smart Temp Electric Kettle: 1.7L Capacity, 5 Precise Temperature Settings, Digital Display, Cool-Touch Exterior, Cordless Design for Tea and Coffee Lovers       "
B07XS89Q9B,"        Joiedomi Clear Christmas String Lights Indoor,100 Count Mini Warm White Fairy Light,21.5FT Lighting Decor for Patio Dorm Classroom Bedroom Holiday Wedding Party Garland Birthday Festival,Green Wire       "
B07XZMW5KY,"        Ello Cooper 22oz Stainless Steel Water Bottle with Straw and Carry Handle, Double Walled and Vacuum Insulated Metal, Leak Proof Locking Lid with Soft Silicone Spout, Reusable, BPA Free, Black       "
B07XZMYCK9,"        HARRIS Kind Melt Pet Friendly Ice and Snow Melter, Fast Acting 100% Pure Magnesium Chloride Formula with Scoop Included, 15lb       "
B07Y249DPF,        WWE Authentic Wear Hollywood Hogan Signature Series Championship Replica Title Belt Multi       
B07Y354MMR,"        SHINESTAR Square Fire Pit Cover, Fits for 28-32 Inch Fire Pit Table, Waterproof and Windproof, 32 x 32 x 24 Inches, Black       "
B07Y4MNGW8,"        10x42 Binoculars for Adults - Professional HD Roof BAK4 Prism Lens Binoculars for Bird Watching, Hunting, Travel, Sports, Cruise, Concert, with Carrying Bag       "
B07Y4TDT51,"        Smiry Rectangle Table Cloth, Waterproof Heavy Duty Vinyl Tablecloths, Wipeable Washable Table Cover for Kitchen and Dining Room (Beige, 60"" X 84"")       "
B07Y5J6D5H,"        Melsan 2 Pack Red Tinsel Foil Fringe Curtains Backdrop, Sparkle Tinsel Backdrop Curtains for Birthday Party Decorations       "
B07Y5KMYQB,"        Amazon Basics Slime Activator Solution 1 QT (946ml), Baking Soda, Transparent       "
B07Y85Z2MQ,        G GOOD GAIN Waterproof Picnic Blanket Portable with Carry Strap for Beach Mat or Family Outdoor Camping Party (Navy Blue)       
B07YB8HZ8T,"        blurams Indoor Camera 2K, 5G&2.4GHz Security Camera, 360° Pet Camera for Home Security w/Motion Tracking, Phone App, 2-Way Audio, IR Night Vision, Siren, Works with Alexa & Google Assistant       "
B07YC2CSBY,"        Fast Boil Electric Water Kettle, 1.8L Large Capacity with Auto Shut-Off and Boil-Dry Protection, BPA-Free Borosilicate Glass &Stainless Steel       "
B07YCLHHB4,        Valentino Valentino Donna Born In Roma EDP Spray Women 3.4 oz       
B07YD4ZMMR,"        Brew Bags Extra Large Reusable 2 Pack 250 Micron Fine Mesh Bag for Fruit Cider Apple Grape Wine Press Drawstring Straining Brew in a Bag (2 pack-22×26"")       "
B07YJN8WR8,"        Easy-Going Waterproof Outdoor Sofa Cover, Heavy Duty 2 Seater Outdoor Loveseat Cover, Windproof Patio Furniture Cover with Air Vent (58Wx32.5Dx31H inch, Gray/Dark Gray)       "
B07YJQWYB9,        3 in 1 Wii AC Power Adapter + Composite Audio Video Cable and Wired Motion Sensor Bar Compatible with Nintendo Wii       
B07YN1W5W3,"        ProsourceFit Puzzle Exercise Mat ½ in, EVA Interlocking Foam Floor Tiles for Home Gym, Mat for Home Workout Equipment, Floor Padding for Kids       "
B07YNGK6XJ,"        Ball Wide Mouth Glass Mason Jars with Lids and Bands, Used for Canning, Pickling, Juice, Jam, Jelly, Quart Size 32 Ounce (Pack of 2)       "
B07YP2VH4B,"        KitchenAid Classic Multifunction Can Opener and Bottle Opener Easy to Use, Razor Sharp Stainless Steel Cutting Wheel, Soft Ergonomic Handles, Black       "
B07YQDD94M,"        Swiffer WetJet Hardwood and Floor Spray Mop Cleaner Starter Kit, Includes: 1 Power Mop, 10 Pads, Cleaning Solution, Batteries       "
B07YQDH1N1,"        Swiffer Sweeper 2-in-1 Dry + Wet Floor Mopping and Sweeping Kit, Multi-Surface Kit for Floor Cleaning, Kit Includes 1 Sweeper, 14 Dry Sweeping Cloths, 5 Wet Mopping Cloths       "
B07YQP1T59,"        Nickelodeon Bubble Guppies Finger Puppets - Party Favors, Educational, Bath Toys       "
B07YRRZGXC,"        Cliganic Organic Rosemary Essential Oil, 100% Pure Natural, for Hair, Skin, Aromatherapy | Non-GMO Verified       "
B07YRT7WJ9,"        Travel Foldable Electric Kettle, Collapsible Food Grade Silicone Small Kettle Boiling water,Dual Voltage（600ml,110-220V US Plug） (Blue)       "
B07YS54VBD,"        BANG4BUCK High Performance HVLP Gravity Feed Spray Gun with 1.4mm 1.7mm 2.5mm Fluid Tips, 1000cc Aluminum Cup for Auto Paint, Primer, Clear/Top Coat & Touch-Up       "
B07YXQW4H1,        High Frequency Facial Machine - TUMAKOU Portable Handheld High Frequency Facial Skin Wand Machine with 4 Different Tubes       
B07YZQ8WDD,        Nintendo Wii Sports (Nintendo Selects) (Renewed)       
B07Z1SH6B5,        FEED GARDEN 6 Inch 50 Pack Hot-dip Galvanized Landscape Staples Plant Cover Stakes 11 Gauge Tent Stakes Garden Stakes Landscaping Fabric SOD Pins Yard Stakes for Decoration Weed Barrier Fabric       
B07Z3HB7DR,"        MOTOPOWER MP69033 Car OBD2 Scanner Code Reader Engine Fault Scanner CAN Diagnostic Scan Tool for All OBD II Protocol Cars Since 1996, Yellow       "
B07Z5H4TF5,"        Ember Temperature Control Smart Mug 2, 14 Oz, App-Controlled Heated Coffee Mug with 80 Min Battery Life and Improved Design, Black       "
B07Z64CSTJ,"        Portable Mini Humidifier, 500ml Small Cool Mist Humidifier, USB Personal Desktop Humidifier for Baby Bedroom Travel Office Home, Auto Shut-Off, 2 Mist Modes, Super Quiet, White       "
B07Z659RDQ,"        Heart Cookie Cutter Set,9 Piece Heart Shapes Stainless Steel Cookie Cutters Mold for Cakes Biscuits and Sandwiches,0.98""/1.45""/1.57""/1.96""/2.04""/2.32""/2.75""/3.18""/3.74"" Assorted Sizes       "
B07Z6N6R26,        Left 4 Dead 2 - Xbox 360 (Renewed)       
B07Z88T7M7,        Saloniture 3-Piece Microfiber Massage Table Sheet Set - Premium Facial Bed Cover - Includes Flat and Fitted Sheets with Face Cradle Cover - Black       
B07Z89W7R3,        Saloniture 4-Pack Premium Microfiber Face Cradle Covers - Ultra Soft Fitted Massage Table Cradle Cover - Gray       
B07Z8K49HW,        Summer Infant 2-in-1 Bouncer & Rocker Duo (Gray and Teal) Convenient and Portable Rocker and Bouncer for Babies Includes Soft Toys and Soothing Vibrations       
B07ZCM2BN4,"        4-in-1 Charging Station for Wii&Wii U Remote Controller,Charger with 4 Rechargeable Battery Packs (4 Port Charging Station+4 pcs 2800mAh Replacement Batteries+USB Cable),Remote Not Included       "
B07ZCRWPPV,"        MOSISO Camera Backpack, DSLR/SLR/Mirrorless Photography Camera Bag 15-16 inch Waterproof Hardshell Case with Tripod Holder&Laptop Compartment Compatible with Canon/Nikon/Sony, Black       "
B07ZGHZVRY,"        Clorox ToiletWand Disposable Toilet Cleaning System - ToiletWand, Storage Caddy and 16 Disinfecting Refill Heads       "
B07ZHWF2NW,"        Zany 2-in-1 Baby Activity Center and Bouncer in Star Print, Sturdy and Strong Frame, 3 Height Positions, 360° Rotating Seat, 12 Songs with Flash Lights       "
B07ZKXZQ56,"        3/16"" ID (5 mm) 7/16"" OD (11 mm) Food Safe Certified (NSF 51) Vinyl PVC tubing Multipurpose Tube for Beer Line, Kegerator, Wine Making, Aquaponics, Air Hose, Clear (10 Feet)       "
B07ZLSH5F1,"        KLOVEO Champagne Stoppers - Patented Seal - Made in Italy - Professional Grade WAF Champagne Bottle Stopper - Prosecco, Cava, and Sparkling Wine Stopper       "
B07ZQ35PD7,        Wii AC Adapter Power Supply for Wii       
B07ZQ713H9,"        2PCS Stainless Steel Pourers, BALTRE Speed Wine Bottle Pourer, Olive Oil and Vinegar Tapered Stopper Spout, Suitable for About 3/4"" Bottle Mouth, with Sealed Dust Caps       "
B07ZQ7JZLR,"        2 Packs Wireless Controller and Nunchuck for Wii and Wii U Console, Gamepad with Silicone Case and Wrist Strap (Black and Pink)       "
B07ZQ93KNV,"        2 Packs Wii Controller and Nunchuck for Wii and Wii U Console, Gamepad with Silicone Case and Wrist Strap (Red and Blue)       "
B07ZS8SLWL,"        BCnmviku 1.5 oz Shot Glasses Sets with Heavy Base, Clear Shot Glass (4 Pack)       "
B07ZS93PVL,"        Monster Jam, Official Reveal The Steel 4-Pack of Color-Changing Die-Cast Monster Trucks, 1:64 Scale       "
B07ZSC4CK1,"        Garsum Fruit Fly Sticky Trap for Indoor and Outdoor, 36 Pack Fungus Gnat Killer for Houseplant,Mosquitos, Flying Insect, White Flies       "
B07ZSF5RC5,"        DOQAUS Digital Hygrometer Indoor Thermometer Humidity Meter Room Thermometer with 5s Fast Refresh Accurate Temperature Humidity Monitor for Home, Bedroom, Baby Room, Office, Greenhouse, Cellar (Black)       "
B07ZSWCY61,"        BrizLabs Christmas Fairy Lights, 66ft 200 LED Color Changing Fairy Lights with Remote, Plugin RGB Rainbow Christmas Twinkle Lights Indoor Green Fairy Lights for Christmas Halloween Party Wedding Decor       "
B07ZV31J31,"        100 Ultra Bright Glow Sticks Bulk Party Pack - Glow in the Dark Party Supplies Pack - 8"" Glowsticks Party Favors with Bracelets and Necklaces       "
B07ZYGD63V,"        Motion Plus Wii Controllers 2Packs with Nunchucks, Wii Remote Controllers Compatible for wii and Wii U with Built in Motion Plus       "
B0812BGBB4,"        Folkmanis Mini Roly Poly Finger Puppet, Gray       "
B0815ZZ29C,"        Dragon Touch Digital Picture Frame WiFi 10 inch IPS Touch Screen Digital Photo Frame Display, 32GB Storage, Auto-Rotate, Share Photos via App, Email, Cloud, Classic 10 Brown, PUUDUU       "
B0817PPFJT,"        10.1 Inch USB Digital Picture Frame, Non-WiFi SD Card Smart Photo Frames IPS Screen HD Display with Remote Control, Support Video and Music, Slideshow, Wall Mountable, Easy to use for Seniors       "
B081CKTHMW,"        ADVANCE OUTDOOR 10x20 ft Heavy Duty Carport Potable Car Canopy Garage Party Tent Boat Shelter, Adjustable Height from 9.5 ft to 11 ft, Green       "
B081DFLV9K,"        Freshware Food Storage Containers [50 Set] 16 oz Plastic Deli Containers with Lids, Slime, Soup, Meal Prep Containers | BPA Free | Stackable | Leakproof | Microwave/Dishwasher/Freezer Safe       "
B081GQ8MHG,"        Utopia Kitchen Spandex Tablecloth 2 Pack [6FT, Black] Tight, Fitted, Washable and Wrinkle Resistant Stretch Rectangular Patio Table Cover for Event, Wedding, Banquet & Parties [72Lx30Wx30H Inch]       "
B081GV964V,        Quictent 10x20 ft Heavy Duty Car Canopy Galvanized Frame Carport Outdoor Party Tent Boat Shelter with 3 Reinforced Steel Cables - White       
B081HWZB66,        Old Skool Mario Kart Racing Wheel Compatible with Wii and Wii U 2 Pack - Black       
B081JS94R5,        Texas Instruments TI-89 Advanced Graphing Calculator (Renewed)       
B081L8933P,"        WATINC 6Pcs Hand Puppet Making Kit, Art Craft Felt Sock Puppet Toys, Creative DIY Make Your Own Pompoms Wiggle Googly Eyes Storytelling Role Play Party Supplies Gift for Girls Boys (Animals)       "
B081LG4T1W,"        Kat Sense Covered Rat & Chipmunk Traps, Prevents Accidental Triggering with Tunneled Design, Quick Humane Kill, Indoor 'N Outdoor Mouse Snap Traps       "
B081LKVD3B,"        Snow & Ice Melter Safe for Pets & Paws Contains No Toxic Chlorides or Painful to The Paw Rock Salt, Safe for Dogs & Cats. Fast Acting and Works On Contact 15 lb Pail       "
B081LYCC4F,        Camera Strap Vintage 100cm Nylon Climbing Rope Camera Neck Shoulder Strap for Micro Single and DSLR Camera.(Black)       
B081MSF31N,        Nintendo Wii Bundle with Wii Sports & Wii Sports Resort - White (Renewed)       
B081N5DSF4,"        DOWAN Ramekins 4 oz Oven Safe for Creme Brulee Souffle, Porcelain Custard Cups Ramiken for Baking, Classic Style Ramekins Bowls, Set of 6, White       "
B081NKMFY6,        Gladmart Hand Mirror Salon Barber Hairdressing Handheld Mirror with Handle(Square Black 7.4 x 10.3 inches)       
B081P4LF73,"        Bentgo Classic - Adult Bento Box, Stackable 3-Compartment Lunch Box with Removable Utensil Set and Sealing Strap, BPA-Free, Food Container Ideal for Meal Prep, Work, and On the Go (Blush Marble)       "
B081PN2PZQ,"        JOYIN 144 Pcs 8"" Glowsticks, Bracelets Necklaces, Glow in the Dark Party Favors, Easter, Christmas, Halloween Supplies Pack, Football Party Supplies       "
B081RJ8DW1,"        Gskyer Telescope, 70mm Aperture 400mm AZ Mount Astronomical Refracting Telescope for Kids Beginners - Travel Telescope with Carry Bag, Phone Adapter and Wireless Remote.       "
B081SHD773,        Meta Quest Link Cable - Virtual Reality Headset Cable for Quest - 16FT (5M) - PC VR       
B081THCMXB,"        Ultra Cuisine Oven-Safe, Dishwasher-Safe 100% Stainless Steel Cooling and Baking Rack Set Heavy Duty Tight-Wire - 11.5 x 16.5-inch - Set of 2 - Half Sheet Pan Cooling Racks       "
B081TZ5KPD,"        200 Pcs Unbleached Parchment Paper Baking Sheets, 12 x 16 Inch, Precut Non-Stick Parchment Sheets for Baking, Cooking, Grilling, Air Fryer and Steaming - Unbleached, Fit for Half Sheet Pans       "
B081VQQ4SL,"        Wowfit Furniture Cover – Dust-Proof Moving Bag for Sofa, Moving Boxes – Clear & Odorless Plastic Bag for Moving – 4mil Thick Sofa Cover(Not Include Tape) – 92W x 42D x 62/41H Inches       "
B0821MF9RW,        946-04230b Auger Cable for MTD Cub Cadet Craftsman Snow Blower 946-04230 946-04230A 746-04230 746-04230A 746-04230b       
B08223PQFX,"        Blue Diamond Frying Pan 8” Skillet, Diamond Infused Healthy Ceramic Nonstick, PFAS and PFOA-Free, Dishwasher and Oven Safe, Even Heating, Metal Utensil Safe, Warp Control Base, Blue       "
B0822MPCFD,"        Easy Hood Case for Canon Powershot G7 X Mark III Digital Camera, Soft Silicone Protective Cover with Removable Lens Cover for Canon Powershot G7X Mark III DSLR Camera (Black)       "
B082413MWQ,"        MerryXD Chubby Blob Seal Pillow,Stuffed Cotton Plush Animal Toy Cute Ocean Small(13 in)       "
B08286Q42V,"        IRON °FLASK Camping & Hiking Hydration Flask with 3 Lids - Stainless Steel, Double Walled & Vacuum Insulated Water Bottle - Leak Proof & BPA Free (Dark Night, Spout - 22 oz)       "
B0828RQDS2,"        sancua Round Tablecloth - 60 Inch - Water Resistant Spill Proof Washable Polyester Table Cloth Decorative Fabric Table Cover for Dining Table, Buffet Parties and Camping, Black       "
B0829M59K8,"        Just For Men Control GX Grey Reducing Shampoo, Gradual Hair Color for Stronger and Healthier Hair, 4 Fl Oz - Pack of 1 (Packaging May Vary)       "
B082B9BY8B,"        Amazon Basics Compact Tabletop Ironing Board with Folding Legs - Trellis Removable Cover, Chevron, 23.6""L x 7.1""W x 14.3""H       "
B082BJR2FQ,"        JOYIN 28 Mochi Squishy Toys Filled Hearts and Valentine Cards for Kids Valentine Classroom Exchange Party Favors, Kawaii Stress Relief Toys for Valentine Gift Exchange, Game Prizes and Carnivals Gift       "
B082BPQH6Z,"        Miracle-Gro Indoor Plant Food, Liquid Plant Food for Houseplants, Snake Plants, Peace Lilies, Flowers, Vegetables, Herbs and More, 8 oz., 2-Pack       "
B082BWGM8T,"        Five Star Napkins Bar Quotes, White Cotton Cocktail Napkins, Beverage Napkins, Bar Napkins, Cloth Napkins, Party Napkins, Events, Holidays, Weddings, Birthdays, Disposable, 4.5"" x 4.5""- (50x)       "
B082FNCDG9,"        FIOTOK Gamecube Controller, Classic Wired Controller for Wii Nintendo Gamecube (Purple)       "
B082GFFYF1,"        FIOTOK Gamecube Controller, Classic Wired Controller for Wii Nintendo Gamecube (Blue & Red-2Pack)       "
B082J4V43W,"        JOYIN 36 Packs Neon Valentines Day Gift Cards with Glow Stick Bracelets, Glow in the dark Necklaces for Valentine's Party Favor, Valentine Classroom Exchange Cards, Valentine School Prize       "
B082J52MTW,"        JOYIN 28 Pack Valentines Day Gifts Cards with Expression Face Plush Key-chain, Greeting Cards with Plush for Valentine Classroom Exchange, Kids Party Favor, Game Prizes and School Rewards       "
B082LVP21J,        KKTONER PU Leather Round Rolling Stool with Foot Rest Swivel Height Adjustment Spa Drafting Salon Tattoo Work Office Massage Stools Task Chair Small (Black)       
B082MY2MX3,"        Amazon Basics 11-Inch Air Circulator Fan, Desk Fan for Bedroom, Home and Office, With 90-Degree Tilt Head, 3 Speed Settings, Lightweight (3 LBS), 35 Watts, Black, 11.1""Wx6.3""Dx10.9""H       "
B082NQLY97,"        VOYEE Wireless Controllers with Receiver, Compatible with Microsoft Xbox 360/Slim/Windows 11/10/8/7, Upgraded Joystick with Dual Vibration Black       "
B082QBB8KQ,        Aquaphor Baby Diaper Rash Paste - For Serious Diaper Rash and Flare-ups - 3.5 Oz. Tube       
B082RC2N25,"        VOYEE PC Controller, Wired Controller Compatible with Microsoft Xbox 360 & Slim/PC Windows 10/8/7, with Upgraded Joystick, Double Shock | Enhanced (White)       "
B082WNC4NK,"        SanDisk 256GB Extreme MicroSDXC UHS-I Memory Card - C10, U3, V30, 4K, A2, Micro SD - SDSQXA1-256G-GN6MN       "
B083248S3B,"        Keurig K-Slim Single Serve K-Cup Pod Coffee Maker, Multistream Technology, 3 Brew Sizes, Slim and Sleek Design, 46oz Removable Reservoir, Black       "
B08356STDM,"        MUMUXI 12 Pack 7.2ft Fairy Lights Battery Operated String Lights, 20 Mini LEDs for Centerpiece Table Decorations, Wedding Party Bedroom Mason Jar Christmas Decor, Warm White       "
B0835J5MRW,"        Amazon Basics Kid's Easy Care Microfiber Bed-in-a-Bag 5-Piece Bedding Set, Twin, Butterfly Friends       "
B0836GSR23,"        Rena Chris Gua Sha Facial Tools, Natural Jade Stone Guasha, Manual Massage Sticks for Jawline Sculpting and Puffiness Reducing, Facial Massage Tool, Skin-Care Tool (Green)       "
B08379NG2L,        Microsoft XBOX 360 Kinect Sensor (Renewed)       
B08392QS7Q,"        Chilling Home Pregnancy Pillows, U Shaped Full Body Maternity Pillow 58 inch, Pregnant Women Must Haves Pregnancy Pillows for Sleeping with Removable Cover       "
B0839B4TQF,"        Huggies Size 4 Diapers, Snug & Dry Baby Diapers, Size 4 (22-37 lbs), 180 Count (6 Packs of 30), Packaging May Vary       "
B0839FLN75,"        Professional Hair Cutting Cape with Adjustable Snap Closure, Salon Barber Cape,Waterproof Hairdressing Salon Cape - 50"" x 60""       "
B0839QW1M7,"        Paw Patrol Door Multicolor Poster - 27"" x 60"" (1 Pc) - Adorable Wall Decor for Kids Room, Perfect Celebratory Accessory for Fans       "
B083BMMQV9,"        Oven Thermometer 50-300°C/100-600°F, Oven Grill Fry Chef Smoker Analog Thermometer Instant Read Stainless Steel Kitchen Cooking Thermometer       "
B083C2DTKX,"        eureka NEU182B PowerSpeed Bagless Upright Vacuum Cleaner, Lite, Purple       "
B083FWCBWC,"        Tweezerman Exclusive Evening Blue Slant Tweezer - Hair Removal Tweezers, Stainless Steel       "
B083JBZXYS,"        Eureka NEU10AE4 Powerful Bagless Upright Vacuum Cleaner Carpet and Floor, AirSpeed Ultra-Lightweight Vacuum Cleaner, w/ Replacement Filter, Green       "
B083JQBC1G,"        Celestron – StarSense Explorer LT 114AZ Smartphone App-Enabled Telescope – Works with StarSense App to Help You Find Stars, Planets & More – 114mm Newtonian Reflector – iPhone/Android Compatible       "
B083JXZJMJ,"        Rowenta Iron Steamer for Clothes, Stainless Steel Soleplate, Iron with Retractable Cord, Black, DW2459       "
B083K41K2S,        Nikon D780 Body       
B083L8RNJR,"        TOLOCO Massage Gun, Deep Tissue Back Massage for Athletes for Pain Relief, Percussion Massager with 10 Massages Heads & Silent Brushless Motor, Black       "
B083LDKS6Z,"        Feeke Mouse Traps, Mice Traps for House, Small Mice Trap Indoor Quick Effective Sanitary Safe Mousetrap Catcher for Family and Pet - 6 Pack, (M01-6Pack)       "
B083NVH9RB,        Professional Saddle Stool with Wheels Ergonomic Swivel Rolling Height Adjustable for Clinic Dentist Beauty Salon Tattoo Home Office (Black)       
B083PP1ZY5,"        HARRIS Kind Melt Pet Friendly Ice and Snow Melter, Fast Acting 100% Pure Magnesium Chloride Formula, 10lb       "
B083SCJ8G8,        3Pcs Durable Honeycomb Mesh Laundry Bags for Delicates 12 x 16 Inches (3 Medium)       
B083SH697H,"        32GB FRAMEO 10.1 Inch Smart WiFi Digital Photo Frame 1280x800 IPS LCD Touch Screen, Auto-Rotate Portrait and Landscape, Built in 32GB Memory, Share Moments Instantly via Frameo App from Anywhere       "
B083T9CR47,"        Huron Vacuum-Insulated Stainless Steel Travel Mug, 16oz Licorice - Leak-Proof Lid for Hot/Cold Beverages, Fits Most Cup Holdersand Brewers       "
B083VZW4R5,"        Bissell Multi-Surface Pet Formula with Febreze Freshness for Crosswave (80 oz), 2295L       "
B083WPSXPZ,"        Victor M925 Ready-to-Use Rodent Poison Killer - Kills Rats, Mice, and Meadow Voles, Yellow       "
B0842S56G8,"        YETI Rambler 26 oz Bottle, Vacuum Insulated, Stainless Steel with Chug Cap       "
B084BS1J9K,"        Shark VACMOP Pro Cordless Hard Floor Vacuum Mop with On-Demand Spray and Headlights, includes 4 Disposable VACMOP Pads and a 12oz VACMOP solution, Charcoal Gray, VM252       "
B084CVXYCJ,"        Harris Diatomaceous Earth Crawling Insect Killer, 8oz for Roaches, Fleas, Ants, Bed Bugs, and More…       "
B084DPVZSW,"        Original Stationery DIY Ice Cream Slime Kit for Girls, Amazing Ice Cream Slime Making Kit to Make Butter Cloud & Foam Slimes, Fun Easter Present, 10 Year Old Girl Birthday Gifts & Toys for Girls 8-10       "
B084DQYNNM,"        YOSUKATA Carbon Steel Wok Pan – 13,5 “ Stir Fry Pans - Chinese Wok with Flat Bottom Pow Wok - Traditional Japanese Woks - Black Carbon Steel       "
B084GD4W8G,        Comfy Package [1000 Count] 5 Inch Coffee & Cocktail Stirrers/Straws Disposable Plastic Sip Stir Swizzle Sticks - Black       
B084KCDW96,"        Disney Princess 5 Piece Finger Puppet Set - Party Favors, Educational, Bath Toys, Floating Pool Toys, Beach Toys, Finger Toys, Playtime       "
B084KQTCQW,"        COMFEE' Stainless Steel Electric Kettle, 1.7 Liter Tea Kettle Electric & Hot Water Kettle, 1500W Fast Boil with LED Light, Auto Shut-Off and Boil-Dry Protection       "
B084MGWK19,        Texas Instrument 84 Plus Silver Edition graphing Calculator (Full Pink in Color) (Packaging May Vary) (Renewed)       
B084P62R48,        Minecraft - Xbox 360 (Renewed)       
B084Q59PNC,        Replacement 4GB Xbox 360 Slim Console Only System (Renewed)       
B084RFRG6X,"        Vacplus Automatic Toilet Bowl Cleaner Tablets, Bathroom Toilet Tank Cleaner (12 PACK), VA-T165       "
B084RQ6MHJ,        Blink Add-On Sync Module 2       
B084SWJQG6,"        Streamlight 69424 TLR-7 X 500-Lumen Compact Tactical Weapon Light, Includes High, Low Paddle Switches and Key Kit, Black       "
B084TC8D4L,        Gas One 6 Hour Chafing Fuel - Food Warmer for Chafing Dish Buffet Set - Liquid Safe Fuel With Wick & Lid Opener 7.4 Oz (Pack of 12)       
B084Y3VVNG,        Nintendo Switch Lite - Coral - Switch       
B084ZYR6B6,        O’Creme Bakeable Plastic Mini Flan Molds Pan - Baking Pan With Non-Stick Silicone - Reusable Non-Stick baking Mini Flan Molds For Baking and Much More - 25 QTY Pack       
B08559H8W2,"        Shark CH951 UltraCyclone Pet Pro Plus Cordless Handheld Vacuum, with XL Dust Cup, in Black       "
B0855B5Z6F,"        Ninja BN701 Professional Plus Blender, 1400 Peak Watts, 3 Functions for Smoothies, Frozen Drinks & Ice Cream with Auto IQ, 72-oz.* Total Crushing Pitcher & Lid, Dark Grey       "
B0855CVV83,        Wii Motion Plus Adapter for Original Wii Remote Controller(Pack of 2) (White)       
B08573DQ39,"        Umite Chef Kitchen Cooking Utensils Set, 33 pcs Non-Stick Silicone Cooking Kitchen Utensils Spatula Set with Holder, Wooden Handle Silicone Kitchen Gadgets Utensil Set (Khaki)       "
B0858VCYTB,"        Primula Stewart Whistling Stovetop Tea Kettle Food Grade Stainless Steel, Hot Water Fast to Boil, Cool Touch Folding, 1.5-Quart, Brushed with Black Handle       "
B085DTY4VS,"        Owala FreeSip Clear Tritan Plastic Water Bottle with Straw, BPA-Free Sports Water Bottle, Great for Travel, 25 Oz, Shy Marshmallow (Pack of 1)       "
B085DTZQNZ,"        Owala FreeSip Insulated Stainless Steel Water Bottle with Straw for Sports, Travel, and School BPA-Free Sports Water Bottle, 24 oz, Very, Very Dark       "
B085DYPC1D,"        DEWALT 20V MAX* XR Leaf Blower, Cordless, Handheld, 125-MPH, 450-CFM (Tool Only-Battery & Charger not Included) (DCBL722B)       "
B085HP8TG5,"        Ironing Board Cover and Pad Extra Thick Heavy Duty Padded 4 Layers, Silver Coated Ironing Board Cover, Non Stick Scorch and Stain Resistant Standard Size 15x54 Inch with Elasticized Edges       "
B085KS5HCT,"        Ember Charging Coaster 2, Wireless Charging for Use with Ember Temperature Control Smart Mug, Black       "
B085NDYY1P,"        Sweet Alice Gravity Electric Pepper and Salt Grinder Set, Adjustable Coarseness, Battery Powered with LED Light, One Hand Automatic Operation, Stainless Steel Black, 2 Pack       "
B085QJ4RBJ,        Hydracy Water Bottle with Time Marker -Large BPA Free Water Bottle & No Sweat Sleeve -Leak Proof Gym Bottle with Fruit Infuser Strainer & Times to Drink -Ideal for Fitness Sports & Outdoors       
B085VHHLGK,"        Switch Grip with Upgraded Adjustable Stand, Compatible with Nintendo Switch & OLED, OIVO Asymmetrical Grip with Adjustable Stand and 5 Game Slots-4 Thumb Caps Included       "
B085VQDL5T,"        KEGOUU Oven Mitts and Pot Holders 6pcs Set, Kitchen Oven Glove High Heat Resistant 500 Degree Extra Long Oven Mitts and Potholder with Non-Slip Silicone Surface for Cooking (Grey)       "
B085XT1FS3,"        Ophanie Upgrade 4x6 Rugs for Bedroom, Grey, Fluffy Shaggy Soft Area Rug, Gray Non-Slip Indoor Floor Carpet for Living Room, Kids Baby Boys Teen Dorm Home Decor Aesthetic, Nursery, Rug       "
B085Y1J85P,"        HXWEIYE 300LED Fairy Curtain Lights, 9.8x9.8Ft Warm White USB Plug in 8 Modes Christmas String Hanging Lights with Remote for Bedroom, Indoor, Outdoor, Weddings, Party       "
B085ZV98JM,"        90 L Large Storage Bags, 6 Pack Clothes Storage Bins Foldable Closet Organizers Storage Containers with Reinforced Handle for Clothing, Blanket, Comforters, Bed Sheets, Pillows and Toys (Gray)       "
B0864QFCCT,"        eKids Disney Frozen Karaoke Microphone with Bluetooth Speaker for Fans of Disney Toys, Kids Karaoke Machine with Built in Music       "
B0866S3D82,"        TP-Link Tapo 1080P Indoor Security Camera for Baby Monitor, Dog Camera w/Motion Detection, 2-Way Audio Siren, Night Vision, Cloud & SD Card Storage, Works w/Alexa & Google Home (Tapo C100)       "
B08671LHZB,"        Eureka 3670M Canister Cleaner, Lightweight Powerful Vacuum for Carpets and Hard floors, w/ 5bags,Yellow       "
B086C8V9HM,        TONIFUL Black Happy Birthday Balloons Banner 16 Inch Mylar Foil Letters Birthday Sign Banner Bunting Reusable for Girls Boys Kids & Adults Birthday Decorations and Halloween Party Supplies       
B086DFCS7Y,"        NutriBullet NBY-50100 Baby Complete Food-Making System, 32-Oz, White, Blue, Clear       "
B086DPSPNY,"        6 Pack 8""x20'(3Rolls) and 11""x20' (3Rolls) Vacuum Sealer Bags Rolls for Food,Commercial Grade, BPA Free,Puncture Prevention,Great for Sous Vide Cooking       "
B086H4VCBJ,"        LAURA GELLER NEW YORK Retractable Black Kabuki Brush for Liquid, Cream and Powder Face Makeup With Aluminum Handle       "
B086HFPS52,"        LovePads 16 x 36 Inch Clear Desk Mat, Clear Table Protector, 1.5mm Thick Plastic Table Cover Protector, Desk Protector Mat Clear Desk Pad, Writing Desk Mats on Top of Desks Rectangle       "
B086L7MJWL,"        2 Packs Wireless Controller and Nunchuck for Wii and Wii U Console, Gamepad with Silicone Case and Wrist Strap (Pink and Blue)       "
B086LKC7JF,"        Got2b Glued Blasting Freeze Hairspray, 12 oz, Pack of 2       "
B086LKQDJG,"        The Honest Company Clean Conscious Unscented Wipes | Over 99% Water, Compostable, Plant-Based, Baby Wipes | Hypoallergenic for Sensitive Skin, EWG Verified | Pattern Play, 720 Count       "
B086M3XRK1,        NuDerma Clinical Skin Therapy Wand - Portable Skin Therapy Machine w 6 Fusion Neon + Argon Wands – Anti Aging - Clarifying - Skin Tightening & Radiance - Wrinkle Reducing       
B086PHS2V8,"        SENSARTE Nonstick Frying Pan Skillet, Swiss Granite Coating Omelette Pan, Healthy Stone Cookware Chef's Pan, PFOA Free (8/9.5/10/11/12.5 Inch) (9.5 Inch)       "
B086Q54K53,        Ring Wired Doorbell Pro (newest model) – Best-in-class with cutting-edge features (existing doorbell wiring required)       
B086QFSF53,        Kansas City Chiefs 2023 Super Bowl LVIII Replica Championship Ring mini Lombardi Trophy with Patrick Mahomes Card Shabowbox Set       
B086S7R4DH,"        DmofwHi Gooseneck Electric Kettle(1.0L), 100% Stainless Steel BPA Free Classic Pour Over Coffee Kettle | Tea Kettle - Green       "
B086TZMRCK,"        BATTOP Pregnancy Pillow for Sleeping,Full Body Maternity Pillow with Removable Washable Cover,Support for Back,HIPS,Legs,Belly for Pregnant Women       "
B086W2L7LZ,"        MERIDIAN Body Hair Trimmer for Men, Pubic Hair Trimmer Balls, Body Shaver for Men Groin Safe, Electric Ball Shavers, Bikini Razors Women, Waterproof & Rechargeable - Sage       "
B086X47D2T,"        Keter City 30 Gallon Resin Outdoor Storage Box and Patio Furniture Side Table for Pool and Garden Accessories, Brown       "
B086XFVZ4Z,"        TIKI Wood Packs - 4-Pack, Easy-to-Use Wood Pellets for Smokeless Outdoor Fire Pits, 30+ Minute Burn Time, Wood Fuel Pellets for Outdoor Heating, Camping Firewood, and Fire Pit Fuel, 17 x 11.5 x 3.5 in       "
B086YYM4SZ,"        AIDEA Non Scratch Scrub Sponge, 24Count, Sponges for Dishes, Sponges Kitchen, Cleaning Sponge, Cleans Fast Without Scratching, Stands Up to Stuck-on Grime, Cleaning Power for Everyday Jobs       "
B0872T6NH2,"        Contigo Aubrey Kids Dinos & Sharks, Cleanable Water Bottle with Silicone Straw, Spill-Proof Lid, Dishwasher Safe, 14oz, 2-Pack       "
B08738K4Q9,        WWE Authentic Wear NXT Championship Commemorative Title Belt Gold       
B0876GFQJ3,"        GUARD DOG SECURITY Quick Action Pepper Spray, Maximum Strength, 16-ft Range, Belt Clip For Easy Carry & Fast Access, keychain ready, Made in USA       "
B0878WJ7Z7,"        Console Charger for Wii, AC Wall Power Adapter Supply Cable Cord for Nintendo Wii (Not for Nintendo Wii U)       "
B087CPCVK9,        Sound Machine Easysleep White Noise Machine with 25 Soothing Sounds and Night Lights with Memory Function 32 Levels of Volume and 5 Sleep Timer Powered by AC or USB for Sleeping Relaxation (White)       
B087CY81PY,"        VIS'V Wreath Hanger, Large Clear Heavy Duty Suction Cup Wreath Hooks with Wipes 22 LB Removable Strong Window Glass Door Suction Cup Wreath Holder for Halloween Christmas Wreath Decor 2 Pcs       "
B087D8MN6T,"        Glad Medium Kitchen Drawstring Trash Bags, 8 Gal, Fresh Clean Scent, 80 Ct (Package May Vary)       "
B087F4XHFS,"        Miracle-Gro Seed Starting Potting Mix, 8 Quarts (Pack of 2), For Use in Containers       "
B087NXNCQ9,"        48 Pack Stainless Steel Bottle Pourers for Alcohol, Liquor, and Wine - Bar Accessories, Spouts for Bottles and Dispensers       "
B087PTW7F5,"        BAYKA 34 Ounce 1 Liter French Press Coffee Maker, Heat Resistant Thickened Borosilicate Glass Stainless Steel Brewer, Cold Brew Cafetera Teapot for Kitchen Travel Camping, Dark Pewter       "
B087QTDC3N,"        Miracle-Gro Potting Mix, For Container Plants, Flowers, Vegetables, Annuals, Perennials, Shrubs, Feeds for up to 6 Months, 16. qt., 2-Pack       "
B087QZQX8V,"        8-Piece Deep Glass Baking Dish Set with Plastic lids,Rectangular Glass Bakeware Set with Lids, Baking Pans for Lasagna, Leftovers, Cooking, Kitchen, Freezer-to-Oven and Dishwasher, Gray       "
B087TDYZKM,"        120 inch Round Tablecloth Washable Polyester Table Cloth Decorative Table Cover for Wedding Party Dining Banquet (120 inch,White)       "
B087WM3CL6,        50 Pack Individual Cupcake Containers Plastic Cupcake Boxes Cupcake Holders Stackable Deep Dome Cupcake Carrier       
B087YC886R,        8 Pack Pantry Moth Traps- Safe and Effective for Food and Cupboard- Glue Traps with Pheromones for Pantry Moths       
B0881JPKHJ,"        Hopolon 2-Pack 13ft 50-Count Warm White & Clear Green Christmas Lights - Connectable 120V UL Incandescent Mini Lights for Weddings, Bedrooms, Porches       "
B0881KM54Q,"        Extra Large Brew Bags Reusable,3 Pack 26""x22""Fine Mesh Strainer Bag for Home Brewing Hops Grains Wine Beer Making Drawstring Straining Brew in a Bag       "
B0882ZPRF7,"        SAMMART 42L (11 gallon) Collapsible Plastic Laundry Basket - Foldable Pop Up Storage Container/Organizer - Space Saving Hamper/Basket (1, White/Grey)       "
B0888F15LM,"        Taylor Swoden Electric Kettle with Tea Infuser, 1L Small Electric Tea Kettle with Keep Warm, LED Light Hot Water Boiler & Heater for Coffee & Tea, Auto Shut-Off & Boil Dry Protection, BPA Free, Black       "
B088BY7X8P,"        Amazon Basics 14x20x1 Air Filter 6 Pack, Merv 8 AC Furnace Filters       "
B088CV5S6Q,        Dewalt DCBL722P1R 20V MAX XR Brushless Lithium-Ion Cordless Handheld Blower Kit (5 Ah) (Renewed)       
B088CWWV6P,"        daydayup 4 Pack Tempered Glass Screen Protector for Nintendo Switch Lite, 0.3mm Thickness, 9H Hardness, Transparent, Anti-Scratch, Oleophobic Coating, Easy Installation Guide       "
B088D6VLTH,"        Seckton Upgrade Kids Selfie Camera, Christmas Birthday Gifts for Boys Age 3-9, HD Digital Video Cameras for Toddler, Portable Toy for 3 4 5 6 7 8 Year Old Boy with 32GB SD Card-Navy Blue       "
B088GJR4B9,"        Xbox Core Wireless Gaming Controller – Carbon Black Series X|S, One, Windows PC, Android, and iOS       "
B088J68TRL,"        Bissell TurboClean PowerBrush Pet Carpet Cleaner, 2987       "
B088KVTFRY,        Curious Baby™ Award Winning 40+ Activities for Baby & Me (0-12 Months) | Developmentally-Focused and Stimulating Creative Playtime Ideas for Baby & Me | Includes Black/White High-Contrast Cards       
B088NFBS3B,"        Holikme 7 Pack Deep Cleaning Brush Set, Scrub Pads with Scraper Tip for Pool Walls, Bathroom, Grout, Floor, Tub, Shower and Kitchen Surface (Green)       "
B088NFJXT4,"        Photo Clip String Light - 33Ft 100LED Fairy Lights with Clips for Pictures with Timer, Photo Light with 50 Clear Clips for Bedroom Christmas Wedding Décor       "
B088PBNSWR,"        SURGICAL ONLINE Versatile Angling Tools with 2pc 5 Inch Fishing Forceps Set - Stainless Steel, Curved & Straight Hemostats, Serrated Jaws, Locking Mechanism, and Lightweight Design       "
B088T5YP61,        Brooklyn Botany Lavender Essential Oil - Huge 4 Fl Oz - 100% Pure and Natural - Premium Grade with Dropper - for Aromatherapy and Diffuser       
B088Y2DQD3,"        BLACK+DECKER 1.7L Cordless Electric Kettle, KE1560W, Premium Texture, Water Window, Rapid Boil, Auto Shutoff, White       "
B0891TGY44,        Vianté Electric Kettle With Tea Infuser For Loose Leaf Tea. Hot Tea Maker With Temperature Control And Automatic Shut Off. Tea Kettle With Brewing Programs. 1.5 Liters Capacity       
B0891ZVS5T,"        My Brest Friend Original Nursing Pillow Enhanced Ergonomics Essential Breastfeeding Pillow Support For Mom & Baby W/ Convenient Side Pocket, Double Straps & Slipcover, Horizon       "
B0892V8JT8,"        Keurig K-Supreme Single Serve K-Cup Pod Coffee Maker, MultiStream Technology, 4 Brew Sizes, 66oz Dual-Position Removable Reservoir, Gray       "
B0893GQKGN,"        Gepege 6 Inch Beaded Ceramic Planter Set of 2 with Drainage Hole and Saucer for Plants, Indoor-Outdoor Large Round Succulent Orchid Flower Pot (Smoked Gray, Inner-pots not Larger Than 5 Inch)       "
B0894CNYTY,"        Warm White Curtain Light for Bedroom, 300 LED 9.8ft x 9.8ft Window Fairy Curtain String Light with 16 Hooks, 8 Models Remote Control for Wedding Party Home Garden Indoor Decorations       "
B0894HTQVZ,"        SURDOCA Dough Scraper Bench Scraper - 3P 4.7x3.7"" Plastic Flexible Bowl Scraper, Sharp Edge & Angles Cake Scraper. Non-Slip Bakeware Decorating Tools Sculpting & Modeling Tools - Green+White+Green       "
B0895DDN47,"        HXWEIYE 120LEDs Photo String Light, Warm White 40Ft Fairy Light with 52 Clear Clips & 12 Hooks on Wall, Timer & 8 Modes USB Powered Copper Wire Light for Hanging Picture, Bedroom Party       "
B0895QVCYC,"        Space Heater, 1500W Electric Heaters Indoor Portable with Thermostat, PTC Fast Heating Ceramic Room Small Heater with Heating and Fan Modes for Bedroom, Office and Indoor Use       "
B089757DM2,"        Tamodan Piping Bags 100PCS & 16 Inches Tipless Piping Bags, Extra Thick Pastry Bags Disposable, Non-Slip Icing Piping Bags Disposable Design, Cake Decoration.       "
B089B3WDPR,"        36 Pack 9 Pocket Page Protector, Sooez Trading Card Sleeves Pages Baseball for 3 Ring Binder, Sheets Standard Size Cards, Sport Game Business Cards       "
B089D11BCP,        Taylor Swoden Glass Hot Water Kettle Electric for Tea and Coffee 1.7 Liter Fast Boiling Electric Kettle Cordless Water Boiler with Auto Shutoff & Boil Dry Protection       
B089DR29T6,"        Amazon Smart Plug | Works with Alexa | Simple setup, endless possibilities       "
B089GSHSVL,"        JILLMO Fermentation Jar, 2 Liter Fermentation Kit with Fermenting Weights and Airlocks, Pack of 2       "
B089LLDN39,"        HOOJO Refrigerator Organizers and Storage - 8pcs Clear Plastic Bins For Fridge, Freezer, Kitchen Cabinet, Pantry Organization, BPA Free Fridge Organizer, 12.5"" Long, Clear       "
B089N57JGS,"        NutriChef 3-Piece Nonstick Kitchen Oven Baking Pans - Premium & Stylish Non-Stick Steel, Commercial Grade Restaurant Quality Metal Bakeware with Red Silicone Handles - Easy to Clean, NCSBS3S       "
B089NLQ7SF,"        2 Pack Refrigerator Thermometer, -30~30°C/-20~80°F, Classic Fridge Analog Thermometer Large Dial with Red Indicator Thermometer for Freezer Refrigerator Cooler       "
B089Q4QHTF,"        Holikme 2 Pieces Dryer Vent Cleaner Kit, Dryer Lint Vacuum Attachment and Flexible Dryer Lint Brush, Vacuum Hose Attachment, Blue       "
B089RCH33R,"        100ft LED Rope Lights Outdoor, 720 LED Connectable and Flexible Tube Lights with 8 Modes, Waterproof LED Rope Lighting for Garden, Patio, Pool, Bedroom, Party, Indoor Outdoor Decoration (White)       "
B089RCXSCH,"        Bonnet Hood Hair Dryer Attachment - Soft, Adjustable Extra Large Bonnet Hair Dryer for Speeds Up Drying Time at Home, Easy to Use for Styling, Curling and Deep Conditioning (Black)       "
B089S29RS1,"        Stainless Steel S Hooks Curtain Clips, 50 Pack Hanging Party Lights Clips Hangers Gutter Photo, Art Craft Display, 2.4 Inch Long, Black       "
B089SF1F1Z,"        Star String Lights Plug in - 33 ft 100 LED Star Fairy String Lights with Remote and Timer, Waterproof for Bedroom Porch Wedding Party Patio Garden Tent Indoor Outdoor Décor, Warm White       "
B089TQH9SP,"        Ninja C30020 Foodi NeverStick Premium 8-Inch Fry Pan, Hard-Anodized, Nonstick, Durable & Oven Safe to 500°F, Slate Grey       "
B089W8R6KZ,"        Rolling Stool with Wheels, Heavy Duty Hydraulic Stool for Shop Guitar Lab Tattoo Workbench Medical,Adjustable Massage Swivel Stool Chair (Black)       "
B089WJBQ5G,"        Silicone Dish Drying Mat for Multiple Usage,Easy clean,Eco-friendly,Heat-resistant Silicone Mat for Kitchen Counter or Sink,Refrigerator or Drawer liner Grey L 16 inches x 12 inches       "
B089WJH8G7,"        Gorilla Grip Over the Door Shoe Organizer, 24 Large Breathable Mesh Pockets, Space Saving Hanging Storage Holder, Closet Rack Hanger Holds Up to 40 lbs, Hangs on Closets for Shoes, Accessories, Black       "
B089WZMB7R,"        Dirt Devil Endura Lite Upright Bagless Vacuum Cleaner for Carpet and Hard Floor, Powerful, Lightweight, Corded Vacuum Cleaners for Home Use       "
B089YD445C,        COSY HOMEER 48x20 Inch/30X20 Inch Kitchen Rug Mats Made of 100% Polypropylene 2 Pieces Soft Kitchen Mat Specialized in Anti Slippery and Machine Washable (Grey)       
B08B3V7YN1,"        Joyhalo 4 Pack Pot Holders for Kitchen Clearance, Hot Pads for Kitchen, Countertops, Oven Pot Holders Bulk, Potholders Sets for Kitchens Heat Resistant, Grey       "
B08B43MJG3,"        Frigidaire EFMIS129-WHITE, Mini Portable Fridge, 4 Litres Capacity, Chills Six 12oz Cans, 100% Freon-Free & Eco Friendly, Beverage Cooler- White       "
B08B5RZKH5,"        Artificial Grass, Professional Dog Grass Mat, Potty Training Rug and Replacement Turf Outdoor Rug Patio Lawn Decoration, Easy to Clean with Drainage Holes(47.3x31.5 inches)       "
B08B5VSV97,"        40 Pack Fungus Gnat Traps for House Indoor, Fungus Traps Fruit Fly Traps for Indoors Gnats Sticky Traps for Plants Yellow Sticky Traps for Gnats       "
B08B7GLYZC,"        Rubbermaid Brilliance Glass Food Storage Containers, 3.2 Cup Food Containers with Lids, 4 Pack (8 Pieces Total), BPA Free and Leak Proof       "
B08BB62QWT,"        JoyJolt Faye 13oz Highball Glasses, 6pc Tall Glass Sets. Lead-Free Crystal Drinking Glasses. Water Glasses, Mojito Glass Cups, Tom Collins Bar Glassware, and Mixed Drink Cocktail Glass Set       "
B08BF8XSPL,"        Shark VACMOP Disposable Hard Floor Pad Refills, Compatible with VM252 & VM180, No-touch Disposal, For use on ALL Sealed Floors - Stone, Hardwood, Laminate & Tile, (Pack of 3, 30 Count Total), VMP30       "
B08BG6NTK4,"        Mario Kart Racing Wheel and Zapper Light Gun for Wii Wii U (Pack of 2, White)       "
B08BHH77QV,"        Pickle Power 6600mAh Wii U Gamepad Battery, Rechargeable Wii U Battery Replacement for Nintendo Wii U Gamepad WUP-010 WUP-012       "
B08BJ5Y4PN,"        BrizLabs Color Changing RGB String Lights, 33ft 100 LED Mardi Gras Lights, USB Christmas Lights with Remote, Dimmable Mini Lights, Decorative Lights String for Xmas Halloween Golf Cart Party Decor       "
B08BKR9YT6,"        Clorox Disinfecting Wipes, Bleach Free, Household Essentials, Fresh Scent, Moisture Seal Lid, 75 Cleaning Wipes, Pack of 3 (New Packaging)       "
B08BP3J3T2,"        1000 Counts Card Sleeves Top Loaders for Trading Cards, Penny Soft Sleeves Baseball Card Sleeves Protectors Fit for Sports Cards, Football, Game Card       "
B08BQBNXSQ,"        ClearSpace Clear Plastic Storage Bins – Pantry Organizers & Storage Containers, Cabinet Organizer - Home Organization Must Haves for Kitchen, Laundry Room, Office, Closet, Garage & Freezer       "
B08BR8NHXP,"        Dragon Touch Digital Picture Frame WiFi 10 inch IPS Touch Screen Digital Photo Frame Display, 32GB Storage, Auto-Rotate, Share Photos via App, Email, Cloud, Classic 10 White, XKS0001-WT-US2       "
B08BS2MR1C,"        Vailge Heavy Duty Patio Sofa Cover, 100% Waterproof 3-Seater Outdoor Sofa Cover,Lawn Patio Furniture Covers with Air Vent and Handle,79"" Wx 37"" Dx 35"" H,Beige&Brown       "
B08BTGSTB1,        Dove Dry Shampoo Volume & Fullness 2 Count for Oily Hair for Refreshed Hair 5 oz       
B08BTRQRBM,"        Rodent Repellent Spray for Vehicle Engines and Interiors - Cars, Trucks, RVs, & Boats       "
B08C1W5N87,"        Amazon Fire TV Stick, sharp picture quality, fast streaming, free & live TV, Alexa Voice Remote with TV controls       "
B08C2G66QL,"        15PCS Cocktail Picks for Drinks, Stainless Steel Cocktail Toothpicks, Reusable Cocktail Skewers, Garnish Picks Bloody Mary Skewers, Metal Martini Picks for Olives Appetizers Fruit (4.3 Inch)       "
B08C2M7TMM,"        YEAKE Hand Held Mirror with Handle for Makeup,Small Cute Wood Hand Mirror for Shaving with Hole Hanging Single-Sided Portable Travel Vanity Mirror for Men&Women(Square)       "
B08C32RVVR,"        Camera Wrist Strap for DSLR Mirrorless Camera, Quick Release Camera Hand Strap with Safer Connector       "
B08C3PPYSV,"        Advion Ant Gel Bait, 1 30-Gram Tube, 1 Plunger and 1 Tip, Effective Ant Bait, Formulated with 0.05% Indoxacarb, Indoor and Outdoor Use, Ant Killer Gel for Control of Most Major Ant Species       "
B08C3T8P9Z,"        Stupell Industries Fashion Glam Toilet Paper Designer Detailing Wall Plaque Art Design by Ziwei Li, 10.00"" x 15.00""       "
B08CBGMSHL,"        Stanbroil 10 Pounds Black Lava Rock Granules, Decorative Landscaping for Fire Bowls, Fire Pits, Gas Log Sets, Indoor or Outdoor Fireplaces(1 1/5"" - 2"")       "
B08CDLZ6Q5,"        Cutting Board Double Sided, GUANCI Large Size 16”×11”, 304 Stainless Steel Cutting Board for Kitchen, Food-Grade, Stainless Steel and Wheat Straw PP, Easy to Clean       "
B08CDTN15F,"        COMFEE' 1.7L Stainless Steel Electric Tea Kettle, BPA-Free Hot Water Kettle Electric with LED Light, Auto Shut-Off and Boil-Dry Protection, 1500W Fast Boil Electric Kettle       "
B08CFWDQX1,        Weck Tulip Jars 1 Liter - Large Sour Dough Starter Jars with Wide Mouth - Suitable for Canning and Storage - 2 with Glass Lids       
B08CFYR9NQ,        Canon EOS Rebel T7 DSLR Camera Bundle with Canon EF-S 18-55mm f/3.5-5.6 is II Lens + 2pc SanDisk 32GB Memory Cards + Accessory Kit (Renewed)       
B08CK31KW7,"        Party Dimensions White Disposable Plastic Tablecloth for Rectangle Tables (12 Pack) Table Cloths for Parties, Events & Weddings, Indoors Outdoors, 54 x 108 inches, Plastic Table Cover       "
B08CKB2GKD,"        Encheng 5oz Clear Woozy Bottles with Shrink Capsules,Small Wine Bottles With Shirnk Bands Glass Hot Sauce Bottles,Empty Small Beverage/Canning Bottles With Black Caps Case of 35       "
B08CKHPP52,"        Ring Video Doorbell Wired (newest model), Use Two-Way Talk, advanced motion detection, HD camera and real-time alerts to monitor your front door (wiring required)       "
B08CKJV9Z6,        Ring Charging Station for Quick Release Battery Packs       
B08CNG6B62,"        Utopia Kitchen 2 Pack 6 Foot Rectangle Table Cloth [60x102 Inches, White] Stain and Wrinkle Resistant Tablecloth Washable Polyester Cover for Dining, Buffet Parties, Picnic and Weddings       "
B08CRSBPK2,        2 Pack 4800mAh Rechargeable Battery Pack with Dual Charging Station Dock for Xbox 360 Controller       
B08CS5CK1F,        Stanley Legendary Classic Pre-Party Liquor and Spirit Flask       
B08CS95K8L,"        CAROTE Nonstick Frying Pan Skillet,Non Stick Granite Fry Pan with Glass Lid, Egg Pan Omelet Pans, Stone Cookware Chef's Pan, PFOA Free (Classic Granite, 10-Inch)       "
B08CT446QV,"        FUNPENY Window Curtain String Lights, 300 LED 8 Lighting Modes Fairy Lights USB Powered, Waterproof Lights for Christmas Bedroom Party Wedding Home Garden Wall Decorations, Warm White       "
B08CV69F73,"        18 Inch Chainsaw Chain 3/8"" LP Pitch .050"" Gauge 62 Drive Links Fits Poulan, Kobalt, Echo, Ego, Greenworks and More- S62 (3 Chains)       "
B08CVTY9FS,"        Bentgo 20-Piece Lightweight, Durable, Reusable BPA-Free 1-Compartment Containers - Microwave, Freezer, Dishwasher Safe - Mint       "
B08CY14VGD,        Wireless Adapter Compatible with Xbox One Controller for Windows 10/8.1/8/7       
B08CYBKJX4,"        Amazon Fresh, Assorted Food Coloring, 1.2 Fl Oz (Pack of 4) (Previously Happy Belly, Packaging May Vary)       "
B08CZDYNF7,"        Ultrean Food Scale, Digital Kitchen Scale Weight Grams and Ounces for Baking Cooking and Meal Prep, 6 Units with Tare Function, 11lb (Batteries Included)       "
B08CZYS4FJ,"        Merten & Storck Pre-Seasoned Carbon Steel Induction 10"" Frying Pan Skillet, Oven Safe, Black       "
B08D3YDKT5,"        Weck Canning Jars 743 - Mold Jars made of Transparent Glass - Eco-Friendly - Storage for Food, Yogurt with Air Tight Seal and Lid - 3/4 Liter Tall Jars Set - Set of (2 Jars)       "
B08D66HCXW,"        LHKNL Headlamp Flashlight, 1200 Lumen Ultra-Light Bright LED Rechargeable Headlight with White Red Light,2-Pack Waterproof Motion Sensor Head Lamp,8 Modes for Outdoor Camping Running Hiking Fishing       "
B08D67MF73,"        No Hair Crew Intimate/Private At Home Hair Removal Cream for Men - Painless, Flawless, Soothing Depilatory for Unwanted Coarse Male Body Hair, 100ml       "
B08D6DRDLK,"        sancua Clear Plastic 100% Waterproof Tablecloth - 54 x 78 Inch - Vinyl PVC Rectangle Table Cloth Protector Oil Spill Proof Wipe Clean Table Cover for Dining Table, Parties & Camping, Crystal Clear       "
B08D6T4DKS,"        Rubbermaid Reveal Power Scrubber 18-Piece Kit, Cordless Electric Battery Powered Scrub Brush, Water Resistant, for Home/Kitchen/Bathroom/Grout/Tile/Shower/Tub       "
B08D6WJYD9,"        Amazon Alexa Voice Remote (3rd Gen) with TV controls, Requires compatible Fire TV device, 2021 release       "
B08DHJ2Y8S,"        Wireless Remote Controller Gamepad Joystick for Nintendo Wii/ Wii U, w/ Silicone Case & Hand strap (Blue)       "
B08DJ8R22M,        Demi's Home Shower Foot Rest - Pedicure Foot Rest - Grey - (Supplies Not Included)       
B08DLXZKF7,"        Resistance Bands for Working Out, Elastic Exercice Loop Bands for Physical Therapy, 5 Set of Stretch Bands for Booty Legs, with Instruction Manual and Carry Bag       "
B08DM5HW8H,"        Nylon Barber Cape 64""x56"" Waterproof Salon Large Hair Cutting Cape Haircut Cape for men With Adjustable Snap Closure Color Capes Professional Stylist Hairdresser apron adults Black       "
B08DN1KTRH,"        16 Pack Baby Washcloths - Luxury Multicolor Coral Fleece - Extra Absorbent and Soft Wash Clothes for Newborns, Infants and Toddlers - Suitable for Sensitive Skin and New Born - Baby Shower, 10x10 Inch       "
B08DNCW4N8,"        Lemige 3 Pack Vacuum Filters Replacement Parts Compatible with Dyson V11 Torque Drive V11 Animal V11 Complete V11 Extra V15 Detect V15s Detect Submarine Vacuums, Compare to Part 970013-02       "
B08DQTTFQB,        ExtraCharm Insulated Lunch Bag for Women/Men - Reusable Lunch Box for Office Picnic Hiking Beach - Leakproof Cooler Tote Bag Organizer with Adjustable Shoulder Strap for Adults - Black       
B08DZJX8L1,"        Rowenta Iron Steamer for Clothes, Focus Stainless Steel Soleplate, 400 Microsteam Holes, Powerful Steam Iron, Lightweight, Leakproof, 1725 Watts       "
B08F288K81,"        MegaWise Electric Kettle, 1.8L Borosilicate Glass Tea Kettle with LED Light, Auto Shut-Off and Boil-Dry Protection Cordless Kettle Fast Boiling       "
B08F43JG2B,"        PowerA Wired Controller for Xbox Series X|S - Blue, gamepad, video game/gaming controller, works with Xbox One, Officially Licensed       "
B08F43M1F4,"        PowerA Wired Controller for Xbox Series X|S - Red, gamepad, video game/gaming controller, works with Xbox One, Officially Licensed       "
B08F4444HM,"        PowerA Wired Controller For Xbox Series X|S - Black, Gamepad, Video Game Controller Works with Xbox One       "
B08F47C5F2,"        Hanging Bird Feeder Squirrel Proof for Outdoor Wild Bird Seed, Brown       "
B08F56DS2K,"        Xahpower Sensor Bar for Wii, Replacement Wired Infrared Ray Sensor Bar for Nintendo Wii and Wii U Console       "
B08F5HPVQ6,"        Bissell 2998 MultiClean Allergen Lift-Off Pet Vacuum with HEPA Filter Sealed System, Lift-Off Portable Pod, LED Headlights, Specialized Pet Tools, Easy Empty Dirt Tank       "
B08F6GPQQ7,"        Ring Floodlight Cam Wired Plus (newest model), Home or business security, day or night in 1080p HD, White       "
B08F7BF7MP,"        Liquid Chalk, Mess Free Gym Chalk for Weightlifting, Gymnastics, Rock Climbing, Dancing, and Lifting. Sweat Resistant and Long Lasting for Stronger Hand Grip. Package May Vary.       "
B08FBJPZFP,"        Bodum 34oz Bistro Gooseneck Electric Water Kettle, Pour Over Coffee & Tea, Stainless Steel, Matte Black       "
B08FC5R7P7,"        Walfos Silicone Basting Pastry Brush, Heat Resistant Pastry Brush Set, Strong Steel Core and One-Pieces Design, Perfect for BBQ Grill Baking Kitchen Cooking, BPA Free and Dishwasher Safe (2 Pcs)       "
B08FCZ9ZY4,        Tonies Baloo Audio Toy Figurine from Disney's The Jungle Book       
B08FD85WL8,"        Jetec Small Handheld Hand Mirror Compact Travel Makeup Mirror Handheld Cosmetic Personal Portable Vanity Glass 3.15 * 7.09 inch(Blue, Green, Pink, Purple,8 Pcs)       "
B08FDCTF5X,"        VOBAGA Coffee Mug Warmer, Electric Coffee Warmer for Office Desk Accessories with Auto Shut Off, 3 Temperature Setting Smart Cup Warmer for Heating Coffee, Beverage, Milk and Tea (No Mug)       "
B08FF8949Z,        Tonies Elsa Audio Play Character from Disney's Frozen       
B08FJBPCB2,"        Walfos Mini Silicone Muffin Pan - 24 Cups, BPA Free and Dishwasher Safe, Non-stick Silicone Cupcake Baking Pan, Great for Making Muffin Cakes, Tart, Bread       "
B08FKYJHCF,"        AquaOasis® Cool Mist Humidifier (2.2L Water Tank) Quiet Ultrasonic Humidifiers for Bedroom & Large room - Adjustable -360 Rotation Nozzle, Auto-Shut Off, Humidifiers for Babies Nursery & Whole House       "
B08FNHJXPB,"        Smile Art Design Custom Canvas Prints with Your Photos, Personalized Canvas Pictures Custom, Custom Canvas Prints, Photo Canvas, Canvas Photo Prints, Personalized Gifts, Canvas Wall Art 8""x12""       "
B08FP82QS5,        Schick Hydro Silk Sensitive Women's Razor | 5-Blade Razors for Women Sensitive Skin | Womens Razors Sensitive Skin | 1 Handle & 5 Razor Blade Refills       
B08FSSP2N2,"        Caperci Standard Natural Cupcake Liners 500 Count, No Smell, Parchment Paper Muffin Liners, Food Grade & Grease-Proof Baking Cups       "
B08FVFYB8Y,"        Elite Gourmet EKT1001 Electric 1.0L BPA-Free 1100W Glass Kettle Cordless 360° Base, Stylish Blue LED Interior, Handy Auto Shut-Off Function – Quickly Boil Water For Tea & More, Black       "
B08FVPQXLL,"        Folkmanis Groundhog Hand Puppet,Brown; Tan; White       "
B08FWNCNH9,"        4-in-1 Knife Sharpener [4 stage] with a Pair of Cut-Resistant Glove, Original Premium Polish Blades, Best Kitchen Knife Sharpener Really Works for Fruit Knife and Steel Knives, Scissors.       "
B08FYP8NL1,"        KatchOn, XtraLarge Red Streamers Party Decorations - 3.2x8 Feet, Pack of 2 | Valentines Day Backdrop for Valentines Day Decorations | Shiny Red Fringe Backdrop | Red Backdrop for Red Party Decorations       "
B08G1C1VH4,"        100PCS Black Hair Ties for Women Girls, Seamless Thick Black Hair Band, Elastic Hair Ties No Damage Ponytail Holder,Valentine's Day Gift       "
B08G33FGHX,"        Freshware Meal Prep Containers [50 Pack] 1 Compartment Food Storage Containers with Lids, Bento Box, BPA Free, Stackable, Microwave/Dishwasher/Freezer Safe (16 oz)       "
B08G4Y6C65,"        TOMLOV DM9 7"" LCD Digital Microscope 1200X, 1080P Coin Microscope Magnifier, 12MP Ultra-Precise Focusing Soldering Microscope for Adult, PC View, 32GB       "
B08G7KV9D3,        Fun Wooden Clown Marionette Pull String Puppet Vintage Toy for Family Men Women Pretend Play Puppetry Party       
B08G7YFMYT,"        Bar Cocktail Shaker, 24 oz Martini Shaker Drink Mixer with Built-In Strainer for Bartending – Stainless Steel Bartender Shakers for Mixed Drinks Margarita Alcohol Liquor Barware Tools       "
B08G8X4BPX,"        Vault X Premium Exo-Tec Zip Binder 12 Pocket, 20 Double-Sided Pages for 480 Side-Loading Slots for Board, Collectible or Trading Card Game Protective Folder Album (Green)       "
B08GD33GQR,"        Chamberlain MYQ-G0402 Garage-Door-Sensors, White       "
B08GHX9G5L,"        Kasa Indoor Pan/Tilt Smart Security Camera, 1080p HD Dog-Camera,2.4GHz with Night Vision,Motion Detection for Baby and Pet Monitor, Cloud & SD Card Storage, Works with Alexa& Google Home (EC70), White       "
B08GJP4HHB,"        Amazmic Kids Karaoke Microphone Machine Toys for Girls Bluetooth Microphone with LED Light, Birthday Gift for Girls Boys 3 4 5 6 7 8 9 10 11 12 Year Old Kids Toys(Blue)       "
B08GLRH3KM,        Shooting Game Wii u Zapper Gun Grip-suitable for Nintendo Wii Nunchuk Wireless Remote Controller (White Set of 2)&Nintendo Hunting Guns for Wii Accessories       
B08GRB2F92,        Exquisite 54 Inch X 300 Feet White Plastic Table Cover Roll in A Cut - to - Size Box with Convenient Slide Cutter. Cuts Up to 36 Rectangle 8 Feet Plastic Disposable Tablecloths       
B08GRRBFHQ,"        16 Colors Changing Curtain Lights - 250 LED 9.8 X 8.8 FT Fairy String Lights, 7 Modes Twinkle Lights with Remote, Backdrop Wall Hanging Dripping Lights for Bedroom Backyard Halloween Christmas Decor       "
B08GSTPT8Y,"        AOA Studio Collection makeup Sponge Set Latex Free and High-definition Set of 6 makeup Wonder blender For Powder Cream and Liquid, Super Soft Wonder Beauty Cosmetic       "
B08GTZFPFX,"        1 Gallon (128oz) Glass Fermenting Jug with Handle, Black Polyseal Lid & Cap       "
B08GVN8XJL,"        Frida Baby 3-in-1 Rectal, Underarm & Oral Thermometer for Kids, Digital Baby Thermometer for Infants, Toddlers, & Kids, FSA/HSA Eligible       "
B08GVSXNPG,"        Igloo 5 Gallon Portable Sports Cooler Water Beverage Dispenser with Flat Seat Lid, Insulated Beverage Dispenser, Grey/Black       "
B08GY9575R,        SanDisk 32GB 3-Pack Ultra SDHC UHS-I Memory Card (3x32GB) - SDSDUN4-032G-GN6IM [Older Version]       
B08H4MNQ3S,"        Hykolity 35 Inch Fire Pit with 2 Cooking Grate & Charcoal Pan, Outdoor Wood Burning BBQ Grill Firepit Bowl with Cover Lid, Steel Round Table for Backyard Bonfire Patio Picnic       "
B08H4XH1B2,"        Hykolity 2 in 1 Fire Pit with Grill, Large 31"" Wood Burning Fire Pit with Swivel Cooking Grate Outdoor Firepit for Backyard Bonfire Patio Outside Picnic BBQ, with Spark Cover, Fire Poker       "
B08H72RTZV,"        Fisher-Price Blaze and The Monster Machines Diecast Toys, Racers 4 Pack of Push-Along Metal Vehicles for Pretend Play Preschool Kids Ages 3+ Years (Amazon Exclusive)       "
B08H7Z6ZMH,"        Wii Remote Controller, 2 Packs Upgrade Wii Wireless Controller Compatible with Wii Wii U Console(Pink and Blue)       "
B08HGC6YDF,        Nintendo Amiibo Mario Feline and Peach Felina (2 in 1 Pack)       
B08HGY1Q4K,"        ZAZE Extra Large Picnic Outdoor Blanket, 80''x80'' Waterproof Foldable Blankets Gingham Picnic Mat for Beach, Camping Grass Lawn Park Accessories Cute Couple Gifts Ideas Wedding Registry(Green White)       "
B08HLM5QCS,"        THERMOS FUNTAINER 16 Ounce Stainless Steel Vacuum Insulated Bottle with Wide Spout Lid, MINECRAFT       "
B08HMN6WZS,"        VOYEE Wireless Controllers with Receiver, Compatible with Microsoft Xbox 360/Slim/Windows 11/10/8/7, Upgraded Joystick with Dual Vibration White       "
B08HRX74PF,        Ring Charging Station with 2-pack Quick Release Battery Packs       
B08HSKJWKM,"        Gorilla Grip Stainless Steel Heat Resistant Kitchen Tongs for Cooking, 9 + 12 Inch, Set of 2 BBQ Tong, Non Scratch Silicone Tip for Pan, Strong Grip, Grab Food, Toss Salad, Air Fryer, Pull Lock, Black       "
B08HVDFJD4,"        NC Nunchuck Controller Joystick Gamepad Replacement for wii Nunchuck Controller, Compatible with Nintendo Wii & Wii U Video Game Gamepads (White 1PCS)       "
B08HX2CTWY,"        Aokin AV Cable for Wii Wii U, Audio Video AV Cable Cord for Nintendo Wii and Wii U, 1.8M/6FT, Compatible for Television       "
B08HZZGFQC,"        Ariana Grande Cloud Body Mist – Warm Gourmand Fragrance for Women – Women's Perfume with Notes of Lavender, Coconut, Vanilla & Pear – 8 Fl Oz       "
B08J4FJ63D,"        Mattel Disney and Pixar Cars Toys, Radiator Springs 3-Pack of Die-cast Toy Cars & Trucks with Lightning McQueen, Mater & Sheriff       "
B08J7FL57P,"        DJI Pocket 2 - Handheld 3-Axis Gimbal Stabilizer with 4K Camera, 1/1.7” CMOS, 64MP Photo, Pocket-Sized, ActiveTrack 3.0, Glamour Effects, YouTube TikTok Video Vlog, for Android and iPhone, Black       "
B08J8CM68R,"        KitchenAid Albany Kitchen Towel 4-Pack Set, Milkshake Tan/White, 16""x26""       "
B08J8DFD3S,"        KitchenAid Beacon Two-Tone Non-Slip Mini Oven Mitt Set, Milkshake/Beige, 5.5""x8"", 2 Piece       "
B08J8DFPRF,"        GoodCook 15” x 10.5” Nonstick Carbon Steel Baking Pan & Raised Wire Rack – Pizza Crisper, Crispy Bacon, Multipurpose Cooking Sheet Pan, Cooling Rack, Kitchen Cookware Set, Dishwasher Safe       "
B08J8H7BQG,"        KitchenAid Ribbed Soft Silicone Pot Holder 2-Pack Set, Milkshake Tan, 7""x9""       "
B08JD13LSJ,"        US Acrylic Optix Plastic Reusable Drinking Glasses (Set of 8) 20oz Water Cups in Jewel Tone Colors | BPA-Free Tumblers, Made in USA | Top-Rack Dishwasher Safe       "
B08JGHVW46,        Made for Amazon SanDisk 256GB microSD Memory Card for Fire Tablets and Fire -TV       
B08JH1QY6P,"        Coffee Mug Warmer for Desk, Cup Warmer with Auto Shut Off Smart Temperature Settings, Electric Beverage Tea Water Milk Warmer for All Cups and Mugs, Heating Plate Candle Wax Warmer       "
B08JH7TYNK,"        Command Large Matte Black Double Hooks, 2 Hooks and 2 Command Strips, Damage Free Hanging Wall Hooks with Adhesive Strips, No Tools Coat Hooks for Hanging Home Decor, Holds up to 4 lb       "
B08JHBS4YJ,        Canon EOS Rebel T7 Digital SLR Camera Body Only (Kit Box) (Renewed)       
B08JHVGTRR,"        Gillette Venus Intimate Grooming Womens Razor Blade Refills with Bikini Trimmer, 4 Count       "
B08JKXDFQ9,"        Meat Chopper for Hamburger, Premium Heat Resistant Masher and Smasher for Ground Beef, Ground Turkey and More, Nylon Ground Beef Chopper Tool and Meat Fork, Non Stick Mix Chopper       "
B08JLB2PQ2,"        Walfos Silicone Trivet Mats - 4 Heat Resistant Pot Holders, Multipurpose Non-Slip Hot Pads for Kitchen Potholders, Hot Dishers, Jar Opener, Spoon Holder, Food Grade Silicone & BPA Free (Black)       "
B08JLNHHZX,"        Glass Regular Mouth Mason Jars, 16 oz Clear Glass Jars with Silver Metal Lids for Sealing, Canning Jars for Food Storage, Overnight Oats, Dry Food, Snacks, Candies, DIY Projects (4PACK)       "
B08JLRXGZ7,        LODBY Dinosaur Toys for 2 3 4 5 Year Old Boys - Monster Truck Toys for Toddlers Boys Ages 2-4-6 - Push and Go Cars Dinosaur Toys for Kids 3-5 Year Old Boy Christmas Birthday Gifts       
B08JVMK9VD,        UpNature Oregano Oil - Huge 2oz - 100% Pure Oregano Essential Oil       
B08K34MBNV,"        suddus Curtain Lights for Bedroom, 200 Led Hanging String Lights Outdoor, Fairy Curtain Lights Indoor for Christmas, Dorm, Wall, Backdrop, Window, Wedding, Party, Brithday Decor, Warm White       "
B08K3N4RR9,"        Tonka Steel Classics 4x4 Pickup Truck - Made with Steel & Sturdy Plastic, Yellow Toy Construction Truck, Boys and Girls, Kids, Toddlers, Ages 3+       "
B08K8J4HR9,"        VIPPER American Flag 3x5 FT Outdoor - USA Heavy duty Nylon US Flags with Embroidered Stars, Sewn Stripes and Brass Grommets       "
B08K97M1PB,"        Kermit Frog Hand Puppet, Kermit The Frog Stuffed Plush Toy for Boys & Girls, The Puppet Movie Show Soft Frog Doll for Role Play - 24 Inches       "
B08KCT8T6C,"        Cuisinart GK-1 Digital Goose Neck Kettle, Precision Gooseneck Spout Designed for Precise Pour Control that Holds 1-Liter, 1200-Watt Allows for Quick Heat Up, Stainless Steel,Black       "
B08KFL5HD8,"        Keter Denali 200 Gallon Resin Large Deck Box with Double Wall 20mm Panels - Paintable and Drillable-Organization and Storage for Patio Storage Box and Outdoor Items, Grey & Black       "
B08KG5TRHS,"        Bumble Premium Cotton Dish Cloths (12"" x 12"") Grey Check Design | Highly Absorbent | Natural Ring Spun Cotton | Kitchen Dish Towel Set | 380 GSM - 8 Pack       "
B08KG6SNQL,"        Belly Band Holster for Men Women - Gun Holster for Comfortable Carry Fits Glock, Smith Wesson, Taurus, Ruger, and More-Breathable Neoprene Waistband Holster for Most Pistols and Revolvers       "
B08KJFW9RM,"        Nourison Essentials Indoor/Outdoor Ivory Beige 8' x 10' Area Rug, Easy Cleaning, Non Shedding, Bed Room, Living Room, Dining Room, Backyard, Deck, Patio (8x10)       "
B08KRGRGXW,        PNAEUT Double Hammock with Space Saving Steel Stand Included 2 Person Heavy Duty Outside Garden Yard Outdoor 450lb Capacity 2 People Standing Hammocks and Portable Carrying Bag (Coffee)       
B08KS397GY,"        HyperX CloudX, Official Xbox Licensed Gaming Headset, Compatible with Xbox One and Series X|S, Memory Foam Ear Cushions, Detachable Noise-Cancelling Mic, in-line Audio Controls,Black/ Silver       "
B08KSRYGW4,"        The FlexSeries Electric Head Hair Shaver - Freebird - Ultimate Mens Cordless Rechargeable Wet/Dry Skull & Bald Head Waterproof Razor with Rotary Blades, Clippers, Nose Trimmer, Brush, Massager       "
B08KVVC9KP,        Playmobil Volkswagen Beetle       
B08KXKVT4K,"        Vtopmart 25 PCS Clear Plastic Drawer Organizers Set, 4-Size Versatile Bathroom and Vanity Drawer Organizer Trays, Storage Bins for Makeup, Bedroom, Kitchen Gadgets Utensils and Office       "
B08KYWZGZN,"        Pink Sugar Eau de Toilette Perfume for Women, Floral + Fruity Scent, Notes of Raspberry, Cotton Candy, and Vanilla, Sweet and Sensual Fragrance       "
B08L37BPBN,"        Paper Towel Holders for Kitchen,Paper Towels Bulk- Self-Adhesive Under Cabinet,Both Available in Adhesive and Screws,Stainless Steel       "
B08L3TXWZP,"        Watering Can for Indoor Plants, Small Watering Cans for House Plant Garden Flower, Long Spout Water Can for Outdoor Watering Plants 1. 8L 1/2 Gallon (Green)       "
B08LBK5J49,"        OIVO XSX Controller Charger Station with 2 Packs 4320mWh Rechargeable Battery for Xbox Series X/S/One/Elite/Core Controller, Charging Dock with 4 Packs Covers (1800mAh)       "
B08LKL9766,"        Heavy Duty Vinyl Tablecloth with Flannel Backing Waterproof Oil-Proof Plastic Table Cloth Stain-Resistant Wipeable Rectangle or Square Table Cover for Indoor and Outdoor (Leaves, 60X84 Inch)       "
B08LMVJJ9Q,"        Coleman Ice Chest | 316 Series 62 Quart Wheeled Cooler, Rock       "
B08LMYP6T8,"        Electrolux Steamer for Clothes, 1500 Watt Portable Handheld Fabric and Garment Steamer with Lint Remover & Fabric Brush, Ultra-Fast Heat Up, 18 Min Continuous Steam for Powerful Wrinkle Remover, Black       "
B08LNCV6N3,"        Large Hand Mirror, Salon Barber Hairdressing Handheld Mirror with Handle (Square Black 10.3""x7.4"")       "
B08LP6BL1N,"        Solo Stove Yukon Lid - Premium 304 Stainless Steel Fire Pit Cover, Modern Round Design, Versatile Tabletop Accessory, Wood Burning and Camping Accessory       "
B08LR7RH9X,"        Patio Heater Covers with Zipper and Storage Bag,Waterproof,Dustproof,Wind-Resistant,Sunlight-Resistant,Snow-Resistant,Black,89'' Height x 33"" Dome x 19"" Base       "
B08LV7VCVB,        SAVILAND Builder Nail Gel Kit - 60g Clear Nail Extension Gel Set Nail Strengthen Nail Art Manicure Set with 100PCS Nail Forms and Acrylic Nail Brush for Beginners       
B08LVFSWSN,        8Pcs Fidgets Wacky Tracks Fidget Toys for Kids Classroom Students Gifts School Prizes Sensory Autism Snap Click Snake Adults Stress Relief       
B08LW662KP,"        Cosmetasa Massage Oil for Sore Muscles with Roller Ball - Soothes Joints & Muscles with Arnica, Lavender Oil, Peppermint Oil & Chamomile Extract, Unisex       "
B08M3STRVM,"        Katbite 200Pcs 12x16 In Unbleached Parchment Paper for Baking, Precut Parchment Paper Sheets, Heavy Duty Flat Baking Paper, Half Sheet Baking Sheets for Baking Cookies, Cooking, Air Fryer, Oven       "
B08M9ZJMM6,"        Hand Wrist Strap Lanyard, 6 Pack Adjustable Colorful Nylon Hand Wrist Straps for GoPro, Camera, Keys, Keychain, Phone, USB Flash Drive, Wallet, ID Name Tag Badge (Mixed Vibrant)       "
B08MCVC5T7,        BRAVESHINE Pink Tinsel Foil Fringe Curtains - 2 Pcs 3.2x8.2 ft Metallic Holidays Photo Backdrop for Girl Princess Birthdays Bridal Shower Sweet Valentines Day Bachelorette Party Supplies Decorations       
B08MF9HQVX,"        Eureka Lightweight Powerful Upright Vacuum Cleaner for Carpet and Hard Floor, PowerSpeed, New Model,Blue,black/New Model       "
B08MJ8SRHG,        Pink Tinsel Curtain Party Backdrop - GREATRIL Foil Fringe Curtain Lilac Pink Party Streamers for Princess Bachelorette Euphoria Theme Party Decorations - 2 Packs       
B08MKYZT92,"        Biscaynebay Textured Fabric Square Tablecloths 70 X 70 Inches, Natural Water Resistant Spill Proof Tablecloths for Dining, Kitchen, Wedding and Parties, Machine Washable       "
B08MLHZ86G,"        Electric Lunch Box Food Heater, 3 in 1 Ultra Quick Heated Lunch Boxes for Adults, 12V/24V/110V Portable Food Warmer for Car/Truck/Office With Fork Spoon and Insulated Carry Bag       "
B08MSMKY72,"        Aluminum Pans Half Size, 9X13, Extra Heavy Duty Disposable Foil Pans For Baking (30 Pack) Roasting & Chafing, Deep Tin Foil Bakeware, Steam Table Tray, Cookware, Food Prepping, Cake & Oven Pan       "
B08MTZ25RP,"        MIULEE Pack of 2 18x18 Outdoor Pillow Inserts, Outdoor Throw Pillows Water-Resistant Decorative Premium Square Pillow Stuffer Sham for Porch Swing Couch Sofa Cushion Patio Furniture       "
B08MVZX2KJ,        The Original NatriChlor CD Set w/Accu-Drop Bottles HCL Extra Large Size (8 oz Total)       
B08MZN1K2Y,        Fruit Fly Traps Fungus Gnat Traps Yellow Sticky Bug Traps 36 Pack No Harm and Odorless for Indoor Outdoor Use Protect The Plant       
B08N52NM6K,"        Kidamento Kids Digital Camera & Video Camcorder with Touchscreen, Soft Silicone Casing, Detachable Lens Cap, 32GB Memory Card - Model K Meowie The Cat       "
B08NCY51BL,        Nintendo Wii U Console 32GB Basic Set - Black (Renewed)       
B08NF3LS1Q,        12J-RR Road Runner Premium Ice Melter (12 lb-Pack of 4)       
B08NG3GDWD,"        2 Pack Battery Operated Mini Led Fairy Light with Timer 6 Hours on/18 Hours Off for Christmas Decoration,30LED,10 Feet Silver Wire (Green Color)       "
B08NJHVJQJ,"        Luditek 50 LED Diamond Cut Red Heart Twinkle Fairy String Lights for Valentines Weddings Dating Garland Indoor Outdoor Home Decorations, 8 Lighting Modes with Timer       "
B08NNMLQSF,"        Motion Plus Wii Controllers 2Packs with Nunchucks, Wii Remote Controllers Compatible for wii and Wii U with Built in Motion Plus       "
B08NPFC315,"        Wine Sulfite Filter To Remove Sulfite And Histamine, Eliminate Headaches, Reduce Wine Allergies(12 Pack)       "
B08NPGCFSG,"        AVAPOW 6000A Car Battery Jump Starter(for All Gas or up to 12L Diesel) Powerful Car Jump Starter with Dual USB Quick Charge and DC Output,12V Jump Pack with Built-in LED Bright Light       "
B08NPJ8Y36,"        Pack 2 Battery Operated Mini Led String Light,Indoor Fairy Lights Dewdrop Light with Timer 6Hours on/18Hours Off for Wedding Party Lighting Decoration,30 Count LEDs,10Feet Silver Wire (Green Color)       "
B08NVF2MMF,        PYD Life Skinny 20 OZ Straight Stainless Steel White Tumbler with Metal Straw for Heat Press Machine Printing 4 Pack       
B08NWGNQPS,"        GE 2 Slice Stainless Steel Toaster, Extra Wide Slots for Toasting Bagels, Breads, Waffles & More, 7 Adjustable Shade Settings, Removable Crumb Tray, Countertop Kitchen Essentials, 850 Watts       "
B08NYGWR4S,"        Unbleached 15 x 200 ft Parchment Baking Paper Roll - 250 Sq.Ft for Baking, Cooking, Grilling, Air Fryer and Steaming       "
B08NYPPQ85,"        Frida Baby Thermometer, 3-in-1 Infrared Thermometer for Ear, Forehead & Touchless, FSA/ HSA Eligible Fever Thermometer for Baby, Infants ,Toddlers, Kids & Adults       "
B08NZ27LB6,"        JOYIN 28 Packs Mochi Squishy Toys with Valentine Cards and Filled Hearts Party Favors for Kids Gifts Classroom Exchange, Kawaii Stress Relief Toys for Valentine Gift Exchange, Game Prizes       "
B08NZ6B71L,        Organic Ready to Spray Orchid Food Mist - Bloom Booster Fertilizer for Orchids in Pots - Plant Nutrients for Healthy Flower & Reblooms (8 oz)       
B08P1YJCVD,"        maxmill Rectangle Textured Tablecloth Waterproof Spillproof Wrinkle Free Table Cloth, Kitchen Dining Tabletop Decoration, Fabric Table Cover for Outdoor and Indoor Use, 52 x 70 Inch, Sage Green       "
B08P28TMSS,"        JOYIN 28 Packs Gift Cards with 28 Mochi Squishy Toys and Filled Hearts for Kids Classroom Exchange, Kawaii Stress Relief Toys School Gifts Exchange School Games Prizes       "
B08P292C1G,"        JOYIN 28 Packs Valentine Party Favor Set with 28 Glow In The Dark Mochi squishy toy Filled Hearts and Heart Cards, Kawaii Stress Relief Toys for Kids Valentine Celebration and Classroom Exchange       "
B08P3T6559,"        Marshalltown Polar Pusher 48 Inch Snow Shovel, Non-Stick Blade Makes Pushing Snow Easy, Proudly Made in the USA, SNOWP48       "
B08P3VHK4P,"        JOYIN 28 Packs Valentines Day Animal Finger puppet with Gift Cards Set for Kids, Party Favor, Classroom Exchange Prizes, Valentine’s Greeting Cards, Stressrelief Hand puppets, Holiday Reward Prizes       "
B08P3YBLWG,"        JOYIN 24 Packs Valentines Day Cards with Dinosaur Building Blocks for Gifts Party Favor, Classroom Exchange Prize, Valentine’s Greeting Cards       "
B08P42QP1B,"        JOYIN 28 Pcs Valentines Day Finger Skateboards with Cards for Kids, Valentine Party Favor, Greeting Cards, Classroom Exchange Prizes, Holiday Reward Gifts, Finger Skateboard Toys       "
B08P456NHG,"        BEAUTURAL Steamer for Clothes, Foldable Handheld Clothing Wrinkles Remover for Garments, 30-Second Fast Heat-up, Portable Fabric Steamer for 120V Countries, Not for Use in 220V Such as Europe       "
B08P4S1F13,"        9 Pack Cars Toys for 2 3 4 5 Years Old Toddlers Boys & Girls Gift, Big Transport Truck with 8 Small Cute Pull Back Trucks, Carrier Truck with Sound & Light 13.5 * 5.5 inch, 2.5 *1.6 inch       "
B08P555DGH,"        Weck Tulip Jar - Sour Dough Starter Jars for Sourdough - 1 x WECK 745 Large Clear Jar with Wide Mouth - 1 Liter Includes Glass Lid, rubber seal and steel clips       "
B08P84S3PQ,"        8 Set, 16 OZ Swing Top Glass Bottles - Flip Top Beer Brewing Bottles with Stopper for 2nd Fermentation, Kombucha, Mead Kefir, Vanilla Extract, Juice, Tea, Wine - Airtight Cap Lids, Bonus 2 Pourers       "
B08P9DDBYL,"        Personalized Photo to Canvas Print - Canvas Prints With Your Photos on Custom Wall Art for Bedroom, Living Room, Wedding Baby Pet Family Picture Framed Wall Art (8"" W x 10"" H)       "
B08P9VRY18,"        Premium Tummy Time Water Mat, Extra Large Multi-Stage Activity Center Promoting Baby Motor & Sensory Development, Inflatable Playmat Visual Stimulation Gift Infants Toddlers Boys Girls       "
B08PB8ZTK1,"        4 Pack Acrylic Qtip Holder Dispenser for Cotton Swabs, Balls, Pads, Floss Picks- Small Clear Plastic Canister Apothecary Jar Set, Bathroom Essentials Accessories Decor, Vanity Makeup Storage Organizer       "
B08PBKD5FX,"        Y- STOP Kids Pod Swing Seat, Hanging Hammock Chair with Inflatable Pillow, Sensory Swing Chair with Pocket for Outdoor and Indoor, Max 176Lbs (Blue and Green)       "
B08PDP3YSP,"        Glendan Portable Photo Studio Light Box,12""x12"" Professional Dimmable Shooting Tent Kit with 112 LED Lights & 6 Backdrops for Jewelry and Small Items Product Photography       "
B08PDR1DRY,"        Pine Mountain Roasting Logs, Cooking firelogs for Campfire, Fireplace, Fire Pit, Outdoor and Indoor Use, 6 Pack       "
B08PF4T8W1,"        SUNLIN Dance Mat - Dance Mixer Rhythm Step Play Mat - Dance Game Toy Gift for Kids Girls Boys - Dance Pad with LED Lights, Adjustable Volume, Built-in Music, 3 Challenge Levels (3-12 Years Old)       "
B08PFRDCDB,        CVLIFE Rifle Sling Two Point Sling Adjustable Length Gun Sling for Rifle with 2 Pack Sling Swivel for M-Rail       
B08PJM51F8,        Official IMDb Top 100 Movies Scratch Off Poster | Premium Bucket List - Made in USA | 16.5x23.4 Inches | Unique Gift for Men and Women Film Lovers | Movie Night Supplies and Room Décor       
B08PP48979,"        Cosori Electric Kettle, No Plastic Filter & Spout, Stainless Steel Inner Lid, Tea Kettle & Hot Water Boiler For Coffee & Tea, Water Heater & Teapot, Automatic Shut Off, Black, 1.7L/1500W       "
B08PRVVTKY,"        Washable Tummy Time Mat, Baby Play Gym with 6 Featured Toys and 12 Milestone Cards, Baby Gym for Infant & Toddler, Deluxe Larger Baby Play Mat, Baby Play Mats for Floor, Non Slip Mat       "
B08PSJK38L,"        UMEELR Valentines Day Gifts Cards for Kids, 28 Pack Valentine's Greeting Cards with Mochi Squishies Toys, Valentine School Classroom Prize Party Favor Toys, Valentine Gift Exchange       "
B08PX2V7PG,"        Pampers Diapers - Cruisers 360 - Size 5, 128 Count, Babyproof up to 100% Leakproof Pull-On Diaper       "
B08PXJQGW7,"        JOYIN 28 Packs Valentine's Day Gift Cards with Glitter Mochi Squishy Toys to Squeeze, Kawaii Stress Relief Fidget Toy for Kids Classroom Exchange Prizes, Valentine Party Favor       "
B08PXXHY4F,"        12 Pack Plush Animal Finger Puppet Toy with Valentine's Greeting Cards, Valentine School Classroom Prize Party Favor Toys, Valentine Gift Exchange       "
B08PY683LR,        24oz Cocktail Shaker Bar Set - Professional Margarita Mixer Drink Shaker and Measuring Jigger & Mixing Spoon Set - Professional Stainless Steel Bar Tools Built-in Bartender Strainer for Martini Kit       
B08PZ2Z58Z,"        6 Pieces Football Balloons Set, 3 Pieces Football Field Balloons and 3 Pieces Football Foil Balloons for Tailgate Game Day Football Theme Supplies Birthday Party Decorations       "
B08PZCNGTF,"        Ironing Board Cover and Pad, Standard Size 15x54, Thick Padding, Elastic Edge, Silicone Coated, Resist Scorching and Staining, Adjustable Fastener, Heavy Duty Padded Iron Board Covers (Blue)       "
B08Q3J3GB6,"        Oven Liners for Bottom of Oven - 3 Pack Large Heavy Duty Mats, 16.25”x23” Non-Stick Reusable Liner for Electric, Gas, Toaster Ovens, Grills - BPA & PFOA Free Oven Cleaning Kitchen Accessory (Black)       "
B08Q7MMJHH,"        Cesun Small Bathroom Trash Can with Lid Soft Close, Step Pedal, 6 Liter / 1.6 Gallon Stainless Steel Garbage Can with Removable Inner Bucket, Anti-Fingerprint Finish (Matt Black)       "
B08QCDZVCX,"        200PCS Cocktail Picks Bamboo Skewers for Appetizers, Fancy Toothpicks for Appetizers, 4.7 Inch Long Decorative Knot Bamboo Cocktail Sticks for Party Drinks Food Fruit Charcuterie Boards Accessories       "
B08QD33PZ2,"        Mr. Coffee® 5-Cup Mini Brew Switch Coffee Maker, Black       "
B08QHW1RWB,"        HOME SO Suction Cup Hooks for Shower, Bathroom, Kitchen, Glass Door, Mirror, Tile – Loofah, Towel, Coat, Bath Robe Hook Holder for Hanging up to 15 lbs – Waterproof & Rustproof, Matte Black (2-Pack)       "
B08QHWFZH3,"        JMEXSUSS 4 Pack 50 LED Red Valentine Day Lights Battery Operated, 16.1ft Red Fairy Lights, Mini String Lights for Valentine Wedding Party Bedroom Decorations       "
B08QNJ34X2,        AquaDoc Spa Chlorine Granules for Hot tub - Spa Sanitizing Granules for Hot Tubs - Recommended Chlorine for spa - Granulated Chlorine for hot tub and spa - Hot Tub Chlorinating Granules - 2lbs       
B08QR6V8WR,"        Huggies Natural Care Sensitive Baby Wipes, Hypoallergenic, 99% Purified Water, 3 Refill Packs (624 Wipes Total)       "
B08QR8X2N5,"        Huggies Size 5 Diapers, Little Movers Baby Diapers, Size 5 (27+ lbs), 120 Count (2 Packs of 60)       "
B08QRKY3NJ,"        Huggies Simply Clean Unscented Baby Diaper Wipes, 11 Flip-Top Packs (704 Wipes Total), Packaging May Vary       "
B08QVCS3ZD,"        CamelBak eddy+ Water Bottle with Tritan Renew – Straw Top 25oz, Olive       "
B08QXJ31WR,"        Ninja Blender, Nutri Pro, Personal Blender, For-Smoothies, Salsa, Shakes, and Frozen Drinks, Includes 2 Smoothie Cups, + Lids, Crushes Ice, Fruit, and Veggies, Single Serve Blender, Silver, BN401       "
B08QY9KV9V,"        LAVA Premium Lemon Drop Sugar Cocktail Rimmer, All Natural Rimmer Sugar, Sweet & Sour, Real Lemons, Pure Cane Sugar, No Silicon Dioxide, with Easy Screw-On Lid - 5oz       "
B08R3FMND7,"        [ 8 Pack ] Glass Juicing Bottles with 2 Straws & 2 Lids w Hole- 16 OZ Travel Drinking Jars, Water Cups with Black Airtight Lids, Reusable Tall Mason Jar for Juice, Bubble Tea, Smoothie, Tea, Kombucha       "
B08R6H257K,        Dewalt DCST922BR 20V MAX Lithium-Ion Cordless 14 in. Folding String Trimmer (Tool Only) (Renewed)       
B08RC1LDSM,        LUDILO 4PCS Take Apart Toys for 4 Year Old Boys Construction Toys with Electric Drill DIY Assembly Building Stem Toys Trucks Gifts for 3 4 5 6 7 8 Year Old Boys Girls Kids Learning Educational Toys       
B08RCHQL11,"        Briout Jigger for Bartending, Double Cocktail Jigger Japanese Premium 304 Stainless Steel Jigger 2 OZ 1 OZ with Measurements Inside       "
B08RD8V8X1,"        COSYLAND Kids Kitchen Step Stool，Toddler Standing Tower with CPC Certification, Removable Anti-Drop Railing Safety Rail Enjoys Unique Patented Design A Anti-tip Structure More Stable, Natural Bamboo       "
B08RHWX6G1,"        Lattafa Perfumes Fakhar for Men Eau de Parfum Spray, 3.4 Ounce       "
B08RJZMVDC,"        Colour Mill Oil-Based Food Coloring, 20 Milliliters Baby Pink       "
B08RMNG3HD,"        SENSARTE Nonstick Deep Frying Pan Skillet, 10/11/12-inch Saute Pan with Lid, Stay-cool Handle, Chef Pan Healthy Stone Cookware Cooking Pan, Induction Compatible, PFOA Free (10-Inch)       "
B08RMXBJNQ,"        SENSARTE Nonstick Crepe Pan, Swiss Granite Coating Dosa Pan Pancake Flat Skillet Tawa Griddle 10-Inch with Stay-Cool Handle, Induction Compatible, PFOA Free       "
B08RMY6LJV,"        PANCKY Metal Detectors for Adults Waterproof, Professional Higher Accuracy Gold Detector with LCD Display, 5 Mode, Advanced DSP Chip 10"" Coil, PK0075       "
B08RYG87Q4,"        Hand Massager with Compression & Heating - Prime Delas Birthday Gifts for Women Men Mom Dad,Gifts for Women Men Mom Dad Her Him Boyfrend Girlfriend(White)       "
B08S2NY6QG,"        Football Pool Poster | (13” inch x 19”inch) Football Squares Pool Board | Office Pool Football Poster | Big Game Party Decorations | Football, Super Game Bowl Party Pool Poster | By Anapoliz       "
B08S31RWBK,"        Hicober Microfiber Hair Towel, 3 Packs Hair Turbans for Wet Hair, Drying Hair Wrap Towels for Curly Hair Women Anti Frizz (Blue,Grey,Pink)       "
B08S5GWH9V,"        Thermacell Rechargeable Mosquito Repeller Refills; Advanced Repellent Formula Provides 20 Foot Protection Zone; Compatible with Thermacell E-Series & Radius Only; No DEET, Spray or Flame       "
B08S7283SJ,"        Steam & Go - Demineralized Water for Steam Cleaner, PVC-Free Floor Cleaner Liquid Compatible With Any Steam Mop, Ready-to-Use Multisurface Cleaner, Scented Mop Solution, Eucalyptus Mint, 32 oz       "
B08S998HFK,"        PhotoSpringㅤ 10 inch WiFi Digital Picture Frame | Send Photos by Email, Web or Our Free App | Electronic Picture Frame with Touchscreen & 32GB Internal Memory | Easy Setup | Play Videos up to 5 min       "
B08SBJCL39,"        AQKILO Dinosaur Finger Puppet Set, Animals Puppet Show Theater Props, Novelty Toys Weird Stuff Gifts       "
B08SBQBF2R,"        Holikme Dryer Vent Cleaner Kit Vacuum Hose Attachment Brush, Lint Remover, Dryer Vent Vacuum Hose, Blue       "
B08SBR83TF,        TARION Camera Backpack Bag Small - Professional DSLR Camera Bag with Waterproof Rain Cover Laptop Compartment Photograhy Backpack Case Black TB-S       
B08SBRRMQF,"        Owala 2-in-1 Water Bottle Brush Cleaner and Water Bottle Straw Cleaner Brush, Water Bottle Brush with Removable Head and Twist n’ Hide Straw Brush, Smokey Blue       "
B08SFGCNCG,"        Stardrops - The Pink Stuff - Miracle Bathroom Foam Cleaner 750ml - Baths, Tiles, Soap Scum, Limescale, Streak Free       "
B08SG2MS3V,"        Blink Video Doorbell (newest model), Two-way audio, HD video, motion and chime app alerts and Alexa enabled — wired or wire-free (Black)       "
B08SGF7WVM,"        Core 300 Pet Care Replacement Filter for LEVOIT Core 300 Core300-P Core 300s VortexAir Air Purifier, 3-in-1 HEPA and Activated Carbon, Core 300-RF-PA, 2 Pack, Yellow       "
B08SGZ81D5,        Laughing Smith - Wet Farts - Potent Stink Spray - Extra Strong Stink - Hilarious Gag Gifts & Pranks for Adults or Kids - Prank Stink Stuff - Non Toxic - Smells Like Really 'Bad' Gas       
B08SHSBMRQ,"        HappyTrends Floor Mat Cushioned Anti-Fatigue ,17.3""x28"",Thick Waterproof Non-Slip Mats and Rugs Heavy Duty Ergonomic Comfort Rug for Kitchen,Floor,Office,Sink,Laundry,Black       "
B08SJ5KPYS,"        500 Counts Card Sleeves Toploaders for Trading Card, Soft Baseball Card Penny Card Sleeves Fit for Football Card, Sports Cards, MTG       "
B08SJC9WCL,"        32GB FRAMEO 10.1 inch WiFi Digital Picture Frame 1280x800 HD IPS Touch Screen Smart Cloud Photo Frame, Auto-Rotate, Wall Mountable, Easy Setup to Share Photos or Videos via Frameo       "
B08SLRTYPM,        Elk and Friends Kids & Toddler Cups | The Original Glass Mason jars 8 oz with Silicone Sleeves & Silicone Straws with Stoppers | Smoothie Cups | Spill Proof Sippy Cups for Toddlers       
B08SSB2QDQ,"        Mederma Stretch Marks Therapy, Helps Prevent and Treat Stretch Marks, Safe to Use When Pregnant, Pregnancy Skin Care, 5.29 oz (150g)       "
B08SW98CVB,"        Twinkle Star 33FT 100 LED Silver Wire String Lights, St Patricks Day Fairy Lights Battery Operated LED String Lights for Christmas Wedding Party Home Holiday Decoration, Green       "
B08SWGBPQH,        Shelf Liners for Kitchen Cabinets Refrigerator Liners Waterproof & Oil-Proof Kitchen Cupboard Liner Plastic Drawer Mats EVA Material Non Adhesive Fridge Liner for Shelves Gray 11.8 x 59 Inch       
B08T64M74W,"        TECH DECK, Ultra DLX Fingerboard 4-Pack, Element Skateboards, Collectible and Customizable Mini Skateboards, Kids Toy for Ages 6 and up       "
B08T64PNW3,"        Piggy Bank, Unbreakable Plastic Money Bank, Coin Bank for Girls and Boys, Medium Size Piggy Banks, Practical Gifts for Birthday, Easter, Christmas (Pink)       "
B08TJTB8XS,"        Amazon Basics MicroSDXC UHS-I Class 10 Memory Card with Full Size Adapter, A2, U3, V30, 4K, Read Speed up to 100 MB/s, 64 GB (2pack), for GoPro Cameras Storage, Black       "
B08TJTCCV8,"        Amazon Basics Micro SDXC Memory Card with Full Size Adapter, A2, U3, Read Speed up to 100 MB/s, 512 GB, Black       "
B08TMHWDS4,        EGR Upgraded 7000mAh V8 Battery Replacement Compatible with Dyson V8 Animal Battery Replacement V8 Absolute V8 Motorhead V8 Fluffy SV10 Carbon Fiber Vacuum Cleaner 2 Filters and 3 Screws Included       
B08TRMS8PS,"        KontrolFreek Precision Rings | Aim Assist Motion Control for Playstation 4 (PS4), PS5, Xbox One, XBX, Switch Pro & Scuf Controller (Black/Purple/Green)       "
B08TWP4QG9,"        VORI Case for Meta Quest 3/Quest 3S/Oculus Quest 2 Accessories/Vision Pro/Pico 4, Fit Elite Strap/Kiwi Design/BOBOVR Battery Head Strap, with Len Protector, Portable Hard Carrying Case for Meta Quest       "
B08V3JGB1F,"        Kitsch Dermaplaning Tool - Face Razors for Women and Men, Eyebrow Trimmer and Face Shaver, Facial Hair Removal, Facial Razors for Women and Men, Dermaplane Razor, Valentines Gift - 12pc, Terracotta       "
B08V85CZM7,        VTech Kidi Star DJ Mixer       
B08V8R6JB9,"        CLORIS 84"" Professional Massage Table Portable 2 Folding Lightweight Facial Solon Spa Tattoo Bed Height Adjustable with Carrying Bag & Aluminium Leg Hold Up to 1100LBS       "
B08VDB7LDM,"        Backpack Cooler Insulated Leak Proof 30/45 Cans, 2 Insulated Compartments Thermal Bag, Portable Lightweight Beach Travel Camping Lunch Backpack for Men and Women       "
B08VF6K7VR,"        YETI Rambler 46 oz Bottle, Vacuum Insulated, Stainless Steel with Chug Cap       "
B08VN3ZP7J,"        Eco-friendly Wooden Ball Food Picks (Pack of 100) - Sustainable Skewers And Bamboo Picks for Charcuterie, Appetizers, & Cocktail Picks For Parties, Casual Dining & More, Natural, 4.7""       "
B08W2D2511,"        Pack and Play Sheets, 2 Pack Mini Crib Sheets, Stretchy Playard Fitted Sheet, Compatible with Graco Pack n Play, Soft and Breathable Material, Stars & Bunny       "
B08W2P786N,"        National Blue Snow Salt Ice Melt 35lb Bucket - Fast Acting Ice Melter - Pet, Plant and Concrete Friendly, Environmentally Safe - Free of Magnesium Chloride - Melts to -15°F       "
B08W7VY3BP,"        Scepter FSCG552 Fuel Container with Spill Proof SmartControl Spout with Bonus Spout Extender, Rear Handle Red Gas Can, 5 Gallon       "
B08WFS5BMY,        HTC Vive Tracker (3.0)       
B08WPK66F2,"        LONDON LINENS Soft Microfiber Massage Table Sheets Set 3 Piece Set - Includes Massage Table Cover, Massage Fitted Sheet, and Massage Face Rest Cover (White)       "
B08WQYX5J3,"        Kate & Milo Baby Monthly Milestone Marker Discs - Classic Cursive Script Wooden Discs with Reversible Photo Props for Baby Announcement and Milestones, Gender-Neutral Gift for Newborn Boy and Girl       "
B08WRHGBGV,"        PGYFDAL 4 Packs Classic Remote Controller Compatible for Wii Wii U Console, Gamepad with Soft Silicone Sleeve and Wrist Strap (Black+White+Red+Blue)       "
B08X4QW78J,"        Lovebox Color & Photo | Proven to Improve Relationships | Gift for women, couple gift, long distance relationship gift       "
B08X6R2MBQ,"        Brightown Wine Bottle Lights with Cork, 10 Pack 20 LED Waterproof Battery Operated Cork Lights, Silver Wire Mini Fairy Lights for Liquor Bottles DIY Party Bar Christmas Wedding Décor       "
B08X77VP4S,"        1 Pack 3 Tier Bar Glass Rimmer for Margarita and Cocktail, Bartender Tool,Salt Box Spice Container       "
B08XB9TXG4,"        AUTOUTLET Wii to HDMI Converter 1080P for Full HD Device, Wii HDMI Adapter with 3,5mm Audio Jack&HDMI Output Compatible with Nintendo Wii, Wii U, HDTV, Monitor-Supports All Wii Display Modes 720P       "
B08XJW5LHG,"        2023 Updated Vacuum Sealer Machine, MEGAWISE Food Sealer w/Starter Kit, Dry & Moist Food Modes, Compact Design with 10 Vacuum Bags & Bulit-in Cutter(Grey)       "
B08XNHCQCG,"        Borje Disposable Face Mask, 100 PCS Black Masks, 3 Ply Protection Face Masks       "
B08XQ6Z81D,"        Little Grape Land Nursing Pillow, Breast Feeding Pillows for Mom, Butterfly Soft Cover with Breathable Filling, Feeding Support Pillow for 0-12 Months, Multifunctional Support Cushion for Travel       "
B08XT7SDYW,"        Melissa & Doug PAW Patrol Hand Puppets (4 Puppets, 4 Cards)       "
B08XTQ2LTT,"        200PCS Cocktail Picks, Fancy Toothpicks for Appetizers, Decorative Skewers for Appetizers Drinks Party Fruit, 4.7 Inch Long Wooden Bamboo Gold Ball Food Sticks Charcuterie Boards Accessories       "
B08XW2YMJT,        Canon EOS Rebel T100 / 4000D DSLR Camera (w/ 18-55 III) (Renewed)       
B08XXWBHRH,        PowerA USB-C Cable for PlayStation 5       
B08XYJP566,"        Flame King YSN10LB 10LB Steel Propane Tank Cylinder with Type 1 Overflow Protection Device Valve, for Camping, Fire Pits, Heaters, Grills, Overlanding, White       "
B08XYNVYMN,"        Stainless Steel Wine Bottle Stoppers with Silicone - Reusable Wine Saver and Decorative Bottle Sealer, Leakproof, Keep Fresh, Silver, 2 Pack       "
B08XYPVTJF,"        Massage Oil for Massage Therapy,Lymphatic Drainage-Ginger Oil Sore Muscle Arnica Oil &Lavender Oil Relaxing Massage Oils for Date Night,Massage Ball,Mothers Day Gifts for Wife,Women, Gifts for Him Her       "
B08XZ7D6K4,"        hicorfe Indoor Doormat, Odor-Free Door mat, Non Slip Door Mats 20""x31.5"" Absorbent Resist Dirt Entrance Inside Floor Mats for Entryway Washable Low-Profile (Grey)       "
B08XZRJMHF,"        Canon PG-275 Genuine Black Ink Cartridge, Compatible with TS3520/3522, TR4720/4722, TS3720/3722       "
B08Y1Q2KSZ,"        Seagate Game Drive for Xbox 2TB External Hard Drive Portable HDD - USB 3.2 Gen 1, Black with built-in green LED bar , Xbox Certified, 3 year Rescue Services (STKX2000400)       "
B08Y2CZ696,"        Jackery Portable Power Station Explorer 500, 518Wh Outdoor Solar Generator Mobile Lithium Battery Pack with 110V/500W AC Outlet (Solar Panel Optional) for Road Trip Camping Outdoor Adventure (Renewed)       "
B08Y5WCL4H,"        Lifeproof Ceramic Coating Spray Kit - Shine, Seal & Protect Kitchen & Bath Surfaces, Repels Stains & Grime       "
B08Y6TTP55,        Beard Bib Beard Apron Gifts for Him Men Dad Fathers Day Anniversary Mens Stocking Stuffers Christmas Gifts for Boyfriend Husband From Wife Daughter Beard Trimming Catcher Bib       
B08Y999HBF,"        Canon PG-275 / CL-276 Genuine Ink Value Pack (2 Cartridges), Compatible with TS3520/3522/4722/3720/3722, TR4720       "
B08YL9QZ5T,"        HIQILI Sandalwood Essential Oils 1 Fl Oz, 100% Pure Natural Therapeutic Grade for Skin, Diffuser, Perfume, Candle Soap Making, Includes Premium Quality Glass Dropper       "
B08YR5S9J2,"        Charger Kits for Wii U Gamepad, AC Power Adapter Charger and USB Charging Cord for Nintendo Wii U Gamepad Remote Controller       "
B08YRJM84M,"        2Pack 10FT Charger Cable for Wii U Gamepad, AC Power Adapter Charger Cord for Nintendo Wii U Gamepad Remote Controller       "
B08YRZPJFT,"        Bambo Nature Hypoallergenic Baby Diapers, Eco-Labelled Sustainable Diapers, Enhanced Leakage Protection, Totally Chlorine-free, Skin Friendly, and Super Absorbent - Size 4 (162 Count)       "
B08YY8D4F4,        Mcbazel 1024MB(16344 Blocks) Memory Card for Gamecube and Wii Console       
B08YYS262Z,"        Charger for Xbox 360 Controller, USB Charging Cable Compatible with Microsoft Xbox 360 Slim Controllers Game       "
B08Z2C8MR6,        Jacob Trouba Signed 2013-14 Upper Deck Young Guns Canvas RC #C113 Beckett COA 1A - Autographed NHL Art       
B08Z6QSWVQ,"        THERMOS FUNTAINER Water Bottle with Straw - 12 Ounce - Kids Stainless Steel Vacuum Insulated Water Bottle with Lid, Pokémon       "
B08Z7J1SH7,"        Frameo 10.1 Inch WiFi Digital Picture Frame with 1280 * 800P IPS Touch Screen HD Disply,Video Clips and Slide Show,Auto-Rotate, Wall Mountable,Send Photos Instantly from Anywhere with via Frameo APP       "
B08Z7YLNQ3,"        modelones Matte Gel Nail Polish Top Coat, 15ml No Wipe Top Coat Gel Nail Polish Soak Off Matte Finish Long Lasting DIY Home Nail Salon       "
B08Z9ZLLVX,        O-Cedar Pet Pro Broom with Step-On Dustpan | Remove 99% with One Sweep | DustPan Removes 3 Times More Pet Hair | Quiet Cleaning Tool for Cat and Dog Owners       
B08ZBDK8BT,        O-Cedar RinseClean Spin Mop & Bucket System | Clean with Clean Water | Removes 99% of Bacteria       
B08ZK5WDWN,"        Airtight Food Storage Containers with Lids, Vtopmart 24 pcs Plastic Kitchen and Pantry Organization Canisters for Cereal, Dry Food, Flour and Sugar, BPA Free, Includes 24 Labels，Black       "
B08ZLHYLG9,"        HIQILI Vanilla Essential Oil, Undiluted Natural Strong Fragrance Add in Skin Perfume, Unscented Lotion, Candle Soap Making Scent, Relax at Home with Diffuse Warm Sweet Aroma-100ML       "
B08ZNQN1FP,"        Xbox Core Wireless Gaming Controller – Electric Volt Series X|S, One, Windows PC, Android, and iOS       "
B08ZYSW1W3,"        Pregnancy Pillow for Pregnant Women,Soft Pregnancy Body Pillow,Support for Back, HIPS, Legs,Maternity Pillow with Detachable and Adjustable Pillow Cover       "
B0914D1RQL,"        NUK Comfy Orthodontic Pacifiers, 0-6 Months, Timeless Collection, 5 Count (Pack of 1)       "
B0914R683L,        Elk and Friends Stainless Steel Cups | 10 oz Mason Jar design | Kids & Toddler Cups with Silicone Sleeves & Straws with Stopper | Smoothie Cups       
B09164Y8TZ,"        Pregnancy Pillow J Shaped Full Body Pillow with Velvet Cover Grey Maternity Pillow for Pregnant Women,57 inch Full Body Pillows       "
B091CHRKVH,"        4 PCS 6.7 Inches Coffee Spoons, Stirring Spoons, Tea Spoons Long Handle, Gold Teaspoons, Gold Spoons, Ice Tea Spoons, Long Spoons for Stirring, Gold Espresso Spoons Stainless Steel       "
B091CL4YKY,        Femuar Reusable Lunch Box for Men/Women - Insulated Lunch Bag Leakproof Lunchbox for Work Office Picnic Beach - Freezable Lunch Cooler Bag with Adjustable Shoulder Strap - Black       
B091DLFDL9,"        Grow Light Bulbs, Briignite LED Grow Light Bulb A19 Bulb, Full Spectrum Grow Light Bulb, Plant Light Bulbs E26 Base, 11W Grow Bulb 100W Equivalent, Grow Light for Indoor Plants, Seed Starting, 2Pack       "
B091FJ351V,"        6PCS Stretchable Wristband Wristlet Keychain Wrist Key Chain Wristlet,Spring Flexible Spiral Wrist Coil ​Wrist Key Holder Key Ring for Sauna Gym Pool ID Badge and Outdoor Sports       "
B091G4YP57,"        Amazon Fire TV Stick Lite, free and live TV, Alexa Voice Remote Lite, smart home controls, HD streaming       "
B091KJKQ4H,"        2Pack 13ft Wired USB Microphone for Rock Band, Guitar Hero, Let's Sing - Compatible with PS2, PS3, PS4, PS5, Switch, Wii, Wii U, Microsoft Xbox 360, Xbox One and PC       "
B091SHPY16,"        Pickle Power PSP 3001 Battery and LED Display Charger for Sony PSP 2000/3000 PSP-S110 Console, PSP-3001 PSP-3002 PSP-3000 PSP-3004 PSP-2001 PSP-2002 PSP-2003,PSP Lite, PSP Slim       "
B091SRKPN7,"        KINGSTONE Silverware Set, 20 Piece Flatware Cutlery Set for 4, 18/10 Stainless Steel Silverware Mirror Polished Dishwasher Safe for Home, Restaurant, Wedding, Party(Silver, 20 pieces for 4)       "
B091V4GN7Z,"        Keter Kentwood 92 Gallon Resin Deck Box-Organization and Storage for Patio Storage Box Outdoor Cushions, Throw Pillows, Garden Tools and Pool Floats, Brown       "
B091XP3VZ7,"        Vegetable Steamer Basket, Premium Stainless Steel Veggie Steamer Basket - Folding Expandable Steamers to Fits Various Size Pot Small by SAYFINE (5.4"" to 9.2"")       "
B091Y2VSS8,"        Charger for Wii U Gamepad, AC Power Adapter Charger for Nintendo Wii U Gamepad Remote Controller       "
B0921LJCG8,"        Disposable Table Sheets | Non Woven | 30 g/m2 | with Face Hole | Absorbent | Comfortable | Thick and Durable | Soft | Latex-free | 70"" x 32"" (1 Roll)       "
B0922GF9W8,        Terminal Removal Tool Kit 82 Pcs Depinning Tool Electrical Connector Pin Removal Extractor Kit Terminal Release Tool Set for Automotive Car       
B09232JHMY,"        TUKUOS Telescoping Back Scratcher with 4Pcs Detachable Scratching Heads, Birthday Gifts for Him Men, Women, Dad, Back Scratcher for Men/Women       "
B0924MKRJ7,"        Piping Bags and Tips Set, Reusable Cake Decorating Supplies with 2 Reusable Bags, 12 Icing Tips, 2 Silicone Rings, 2 Couplers and 3 Scrapers, Cake Baking Tools for Cookie Icing Cupcakes       "
B0924V8SPC,"        NOCO Boost X GBX45 1250A 12V UltraSafe Portable Lithium Jump Starter, Car Battery Booster Pack, USB-C Powerbank Charger, and Jumper Cables for up to 6.5-Liter Gas and 4.0-Liter Diesel Engines       "
B0924XY3GH,"        Honey-Can-Do Folding Tabletop Ironing Board with Iron Rest BRD-09222 Blue, 32” L x 12” W       "
B0925KYMCK,        Jada Toys Pixar Cars 1:24 Lightning McQueen RC Remote Control Car 2.4 GHz Red Toys for Kids       
B092815SDC,"        Premo Guard Mite Treatment Spray – 16 oz – Kills Dust, Human, Scabies, Spider, Carpet, Bird, Mouse & Rat Mites in Home, on Furniture, Bedding – Natural Non-Toxic 100% Affective – Child & Pet Safe       "
B0928NXG6M,"        Smiry Round Picnic Tablecloth, Waterproof Elastic Fitted Table Covers for 36"" - 44"" Tables, Wipeable Flannel Backed Vinyl Tablecloths for Camping, Indoor, Outdoor, Grey & White       "
B092FJN9X4,"        ArtCreativity Light Up Transparent Sensory Car Toy for Kids, 1PC, Bump and Go Toy Car with Colorful Moving Gears, Music, and LED Effects, Fun Educational Toy for Kids, Great Birthday Gift Idea       "
B092HRWNSV,"        Sony PSP 1000 Playstation Portable Core System, Black (Renewed)       "
B092LG9GML,        Canon EOS Rebel T7 DSLR Camera with 18-55mm Lens Starter Bundle + Includes: EOS Bag + Sandisk Ultra 64GB Card + Clean and Care Kit + More (Renewed)       
B092QK3KN2,"        Tummy Time Activity Mat, Macrame Baby Play Gym Mat with 6 Detachable Toys and 12 Milestone Cards for Stage-Based Sensory and Motor Skill Development, Washable Play Mats for Infant, Non Slip Play Mat       "
B092QR6C1Y,"        Dazzle Bright Curtain String Lights, 300 LED 9.8ft x 9.8ft 8 Lighting Modes Fairy Lights USB Powered, Waterproof Lights for Christmas Party Wedding Outdoor Indoor Wall Decorations (White)       "
B092VPGJB9,"        Amazon Basics Flextra Tall Kitchen Drawstring Trash Bags, 13 Gallon, 120 Count       "
B092VRFKQS,"        Ajoura 1lb Refill Wax Beans for Hair Removal Kit, Brazilian Coarse Waxing for Bikini, Face, Eyebrow, Back, Chest, Legs, Armpit, At Home Waxing Beads for Women Men       "
B092XMWXK7,        Retrospec Solana 1 inch Yoga Mat       
B092YSK3SK,"        JOYIN 25 in 1 Green Military Big Truck Toys, Army Men Tanks Set with Soldier Men, Mini Battle Car Toy in Carrier Truck with Lights and Sounds, Gifts for Toddler Kids Boys Ages 3+       "
B092YYYSQB,        Custom Vinyl Skin Sticker Decal Cover for Xbox Series S/X Controller with Your Own Picture       
B092ZDHJMN,"        Fab totes 6 Pack Clothes Storage, Foldable Thick Fabric Blanket Storage Bags, Storage Containers for Organizing Bedroom, Closet, Clothing, Comforter, Organization and Storage with Handle,Grey       "
B092ZQVXX7,        codree 8PCS 4 Colors Baby Playpen Pull up Rings- Baby Crib Pull up Rings- Baby Walking Exercises Assistant Rings- Baby Bed Stand Up Rings Baby Cot Hanging Rings for Infant Baby Toddler       
B09311S5CP,"        AQKILO Tiny Hands Miniature Finger Puppets with Left and Right Hand, Party Favors, Educational, TikTok Toys, 8 Pieces (4 Mixed Style)       "
B09327FBKZ,"        eufy Security Certified eufyCam Solar Panel, Compatible with eufyCam, Continuous Power Supply, 2.6W Solar Panel, IP65 Weatherproof (Renewed)       "
B0932ZSNGX,"        NexiGo Vertical Stand with Cooling Fans for Xbox Series S Console, 3 Levels Adjustable Fans Rotate Speed with Type-C Power Input, USB Charging and Data Transmission Ports, White       "
B093C29J8H,"        Tongs For Cooking - Heat Resistant 600 Degrees Stainless Steel Kitchen Tong,Heavy Duty Metal Locking Tongs - Perfect for Food,Salad and BBQ set of 3 (7"",9"" and 12"") Dishwasher       "
B093FF5HS8,"        Momcozy Pregnancy Pillows for Side Sleeping, J Shaped Maternity Body Pillow for Pregnancy, Soft Pregnancy Pillow with Jersey Cover for Head Neck Belly Support, Grey       "
B093GMLDY9,"        ZMTECH Flag Pole - Upgraded Bracket, 6 FT Stainless Steel Flag Poles for Outside House, Residential or Commerical, Tangle Free Flag Pole Kit for American Flag (Without Flag, Black)       "
B093GZ2PKK,"        LiKee Fidget Popper Sensory Baby Toys for 10+ Months, Montessori Busy Toy for 1 2 3 Year Old Toddlers Push and Popping Bubbles Fine Motor Skill, Travel Toys for Kids Ages 1-3 Stress Relief (2 Pieces)       "
B093K727YX,"        LUSHVIDA Vinyl Fitted Table Cover Elastic Edged Plastic Table Cover… (Black, Best for Up to 45""-56"" Round)       "
B093KCR8T7,"        Patio Chair Covers for Outdoor Furniture Waterproof 2 Pack, Lawn Chair Covers 600D Heavy Duty Oxford Cloth, Large Covers for Lounge Lawn Deep Seat Black 38"" W x 31"" D x 29"" H       "
B093P2D8SS,        Color Noise Sound Machines with 10 Colors Night Light 25 Soothing Sounds and Sleep White Noise Machine 32 Volume Levels 5 Timers Adjustable Brightness Memory Function for Adults Kids Baby       
B093PX3CTV,        Toy Cars for 1 Year Old Boy Gifts Monster Trucks Boys Toys for 1 2 3 Year Old Boys Girls Kids Toddler Car Toy Trucks Baby Boy Toys 12-18 Months Pull Back Cars for Toddlers 1-3 Birthday Xmas Gift       
B093QXBKXJ,        HYDRO CELL Stainless Steel Insulated Water Bottle with Straw - For Cold & Hot Drinks - Metal Vacuum Flask with Screw Cap and Modern Leakproof Sport Thermos for Kids & Adults (Graphite/Black 24oz)       
B093TLHGF4,"        Toniebox Audio Player Starter Set with Playtime Puppy - Listen, Learn, and Play with One Huggable Little Box - Pink       "
B093TRRT6D,        Tonies Chase Audio Toy Figurine from PAW Patrol       
B093Z8FPG6,"        myQ Smart Garage Security Camera – 1080p HD Video, Night Vision, Motion Detection, Magnetic, Wi-Fi, Two-Way Audio, Smartphone Control       "
B0948WBX9L,"        Hula Home Spray Bottle for Hair (10.1oz/300ml) - Powered by Flairosol® Spray Technology - Continuous Ultra Fine Mist Sprayer – For Hairstyling, Cleaning, Salons, Plants, Essential Oil & More - White       "
B09497R2CN,"        Amazon Basics Cotton Balls, 200ct, 1-Pack (Previously Solimo)       "
B0949HT9SK,"        Large Wall Mount Hand Mirror with Handle, for Vanity Makeup Home Salon Travel Use (Square Black 10.3inx7.3in)       "
B094DWHPDL,"        Westinghouse WPX3400 Gas Pressure Washer, 3400 PSI and 2.6 Max GPM, Onboard Soap Tank, Spray Gun and Wand, 5 Nozzle Set, for Cars/Fences/Driveways/Homes/Patios/Furniture       "
B094FPRBQ6,"        QEEIG Bathroom Floating Shelves for Wall 16 x 7 inch Wall Mounted Shelf Over Toilet Farmhouse Decor Small Set of 2, Rustic Brown (008-40BN)       "
B094HSL2JW,"        YEBODA 16oz Swing Top Bottles -Glass Beer Bottle with Airtight Rubber Seal Flip Caps for Home Brewing Kombucha,Beverages,Oil,Vinegar,Water,Soda,Kefir (6 Pack) (16 Oz- Set 6 (New))       "
B094PFJ5TF,        [1500 Count] Bamboo Wooden Toothpicks Wood Round Single-Point Tooth Picks       
B094R3H9KJ,"        Mcbazel Gamecube Memory Cards,Memory Card Compatible with Gamecube and Wii Console - Blue 512MB (8192 Blocks)       "
B094W9TGQG,"        Simple Modern Disney Princess Kids Water Bottle with Straw Lid | Reusable Insulated Stainless Steel Cup for Girls, School | Summit Collection | 14oz, Princess Rainbows       "
B094XBLJT5,        20x20x1 Air Filter by Colorfil | Color Changing Filters Designed for Cat and Dog Odor MERV 8 FIlter Conditioner HVAC Pet Hair 20x20 2 pack       
B094ZC3D6Q,        Diaper Genie Bags Refills 270 Count (Pack of 3) Clean Laundry Scent | Diaper Pail Refills with Max Odor Lock | Holds up to 810 Newborn Diapers       
B094ZQYTSH,"        Smiry Rectangle Picnic Table Cover, Waterproof Elastic Fitted Camping Tablecloths for 6 Foot Tables, Wipeable Flannel Backed Vinyl Tablecloth Protector for Indoor, Outdoor (Grey, 30x72 Inches)       "
B0952VWQWC,"        Made for Amazon, Wireless Charging Dock for Kindle Paperwhite Signature Edition. Only compatible with Kindle Paperwhite Signature Edition (2022 Release)       "
B0953GG4RQ,"        ToyerBee Telescope for Adults & Kids, 70mm Aperture Astronomical Refractor Telescopes for Astronomy Beginners (15X-150X), 300mm Portable Telescope with an Phone Adapter & A Wireless Remote       "
B09541P9WH,"        Amazon Basics Cotton Swabs, 500 Count       "
B09542G9ZN,"        Amazon Basics Hypoallergenic 100% Cotton Rounds, 100 Count       "
B095732W5T,"        momen Switch Pro Controller, Wireless Switch Controller for Nintendo Switch/Lite/OLED Green Switch Controller Adjustable LED Joystick, Wake-up, Turbo, Dual Vibration & Motion Control       "
B0957GCDKM,"        Cocktail Shaker, KITESSENSU 24oz Drink Shaker with Bartender Strainer, Measuring Jigger, Bar Mixing Spoon, Cocktail Recipe Guide, Professional Drink Mixer Set for Beginners, Silver       "
B095PM2HG9,"        Amazon Basics Lawn & Leaf Drawstring Trash Bags, 39 Gallon, 40 Count       "
B095PP1GZR,"        Dreo Space Heater, 1500W PTC Ceramic Heaters for Indoor Use with Remote, 70° Oscillation, 1-12H Timer, Electric Heaters with Thermostat, Fast and Safe Portable Heater for Office, Bedroom, Large Room       "
B095WK9PSF,"        Patio Heater Reflector Shield, Aluminum Heat Reflector Shield Top for Propane Outdoor Heaters,Dome Replacement Parts(3-Hole Mount，33"" Diameter Round)       "
B095WNQVZ3,"        Smiry Rectangle Tablecloth, Waterproof Vinyl Tablecloths with Flannel Backing for Rectangle Tables, Wipeable Spillproof Plastic Tablecloth for Dining, Camping, Indoor and Outdoor 60"" x 84"", Grey       "
B095XNZCSQ,"        Parker Baby Diaper Caddy - Nursery Storage Bin and Car Organizer for Diapers and Baby Wipes - Oatmeal, Regular       "
B095YC5M82,"        MIYCOO Lunch Bag & Lunch Box for Men Women Double Deck - Leakproof Insulated Soft Large Adult Lunch Cooler Bag for Work (Black,15L)       "
B095YJW56C,"        Etekcity Smart Scale for Body Weight FSA HSA Store Eligible, Bathroom Digital Weighing Scale with BMI, Body Fat, Muscle Mass, Accurate Bluetooth Home User Health Equipment Sync Apps       "
B0967ZD2WJ,"        KIWI design Upgraded Controller Grips Cover Compatible with Meta Quest 2 Accessories, with Battery Opening Protector with Knuckle Straps (Black)       "
B09697JR2Z,"        SUNROX LokGrip Non Slip Tufted Memory Foam Bench Cushion, FadeShield Water Resistant Durable Thicken Outdoor/Indoor Bench Seat Pads 42x16x4 inch, Cream       "
B096CFRMZT,"        HOY HOY Trap A Roach - 10 Traps [2 Pack] Baited Glue Traps, Great for Home with Kids & Pets Indoor, Sticky Pest Control Trap, Roach Killer, Made in Japan       "
B096F5DM4H,"        sancua 2 Pack Black Tablecloth 60 x 102 Inch, Rectangle 6 Feet Table Cloth - Stain and Wrinkle Resistant Washable Polyester Table Cover for Dining Table, Buffet Parties and Camping       "
B096LB7G9L,        Pure Instinct CRAVE Roll-On The Original Pheromone Infused Essential Oil Perfume Cologne – For Her - TSA Ready 0.34 fl oz       
B096LQZ99N,"        Cambom Rotary Cheese Grater Hand Crank Cheese Shredder for Fresh Cheese, Vegetable, Nuts,Non-slip Suction Base, Free Cleaning Brush Three Blades, Black       "
B096MBL1GJ,"        Wevac 11” x 150’ Food Vacuum Seal Roll Keeper with Cutter, Ideal Vacuum Sealer Bags for Food Saver, BPA Free, Commercial Grade, Great for Storage, Meal prep and Sous Vide       "
B096TMNLNH,"        SAVILAND LED & U V Builder Nail Gel - 100 G Large Capacity Clear Hard Gel for Nails, Nail Extension Gel Nail Strengthen Nail Hard Gel Builder Nail Gel Kit Nail Stuff for DIY Nail Art Manicure Set       "
B096YL6CKG,"        Boppy Nursing Pillow Cover, Spice Woodland, Cotton Blend, Fits The Original Support for Breastfeeding, Bottle Feeding and Bonding, Cover Only, Sold Separately       "
B096ZJJKZ7,"        Mandiq 4 Pack Fairy Lights Battery Operated, String Lights 10ft 30 LEDs, Flashing and Constant Light Mode, Silver Wire Mini Lights for Festival, Christmas Decoration, Multicolor…       "
B09715G57M,"        Keurig K-Express Single Serve K-Cup Pod Coffee Maker, 3 Brew Sizes, Strong Button Feature, 42oz Removable Reservoir, Black       "
B0973DGD8P,"        20 Pack Vacuum Storage Bags, Space Saver Bags (4 Jumbo/4 Large/4 Medium/4 Small/4 Roll) Compression for Comforters and Blankets, Sealer Clothes Storage, Hand Pump Included       "
B0973JJSXN,        Dewalt DCST922P1R 20V MAX Lithium-Ion Cordless 14 in. Folding String Trimmer Kit (5 Ah) (Renewed)       
B09782CLSH,        Elk and Friends Kids Silverware with Silicone Handle | Childrens Safe Flatware | Toddler Utensils | Baby Spoons + Forks | Stainless Steel Cutlery       
B097862GP2,"        Ice Bucket Wine Bucket，Clear Acrylic 4 Liter Plastic Tub for Drinks and Parties, Food Grade, Perfect for Wine, Champagne or Beer Bottles       "
B09792MQCD,        Marvel Spidey and His Amazing Friends Web Spinning Hauler - 8-Inch 3-in-1 Transforming Vehicle - Toys Featuring Your Friendly Neighborhood Spideys       
B0979TYRYN,"        Aroma Housewares 4-Cups (Cooked) / 1Qt. Rice & Grain Cooker (ARC-302NG), White       "
B097BP65DJ,        Quiet&Far High Frequency Facial Machine Skin Care Tool for Face Skin Care High Frequency Facial Wand Device with 4 Tubes       
B097F1ZF7D,        Round Vinyl Fitted Tablecloth with Flannel Backing Elastic Edge Design Table Cover Waterproof Oil-Proof PVC Table Cloth Stain-Resistant Wipeable for Round Table       
B097FDW796,"        GoodCook AirPerfect Nonstick 16” Pizza Pan – Pizza Tray for Oven, Perforated Round Pizza Pan, Carbon Steel Baking Pan, Homemade, Frozen & Leftover Slices       "
B097J2KZHN,"        Nuby My Floor Seat, Soft Foam Cushion with Safety Harness and High Back Design, for Ages 4-12 Months, Gray       "
B097MXK56V,"        Battery Pack Cover for Xbox 360, Replacement Battery Pack Cover Shell Repair Part Compatible with Xbox 360 Wireless Controller(4 Pack, Black, White)       "
B097NQ132P,"        Ruvanti Cloth Napkins Set of 12, 18x18 Inches Napkins Cloth Washable, Soft, Durable, Absorbent, Cotton Blend. Table Dinner Napkins Cloth for Hotel, Christmas, Dinner, Parties - Pink       "
B097Q74QNM,"        Autograph Warehouse 598122 Fuzzy Zoeller Autographed Trading Card - Golf, PGA Tour, Houston Cougars, SC - 1991 Pro Set No.144       "
B097Q75GGG,"        Autograph Warehouse 598154 K.J. Choi Autographed Golf Card - PGA Tour, South Korea, SC 2001 Upper Deck Young Guns - No.83       "
B097Q7ZTLH,"        Autograph Warehouse 598053 Dale Jarrett Autographed Trading Card - Nascar Auto Racing Legend, SC - 1995 Wheels Crown Jewels Ruby Edition No.70       "
B097QZGRCQ,"        Logitech for Creators Litra Glow Premium LED Streaming Light with TrueSoft, adjustable monitor mount, brightness & color temp settings, desktop app control for PC/Mac - Graphite       "
B097RG67QB,"        Dreo Space Heater, 1500W Portable Electric Heaters for Indoor Use, PTC Ceramic Heater for Office with Remote, Thermostat, 70°Oscillation, 12H Timer, 5 Modes, Safe Quiet Room Heater for Bedroom       "
B097SDP3R4,"        Enerbone 32 oz Drinking Water Bottle with Times to Drink and Straw, Motivational with Carrying Strap, Leakproof BPA & Toxic Free, Ensure You Drink Enough Water for Fitness Gym Outdoor       "
B097SY76JR,"        4 Ports USB Hub 2.0 for Xbox Series S, High Speed USB Hub Splitter Expansion Adapter Compatible with Xbox Series S Console       "
B097T88PS5,"        Batmax 2Pcs 3600mAh PSP 1000 Battery + LED Dual USB Charger Replacement with Type C Port for Sony PSP-1000 PSP-110 (1001, 1002, 1003, 1004, 1005, 1006, 1007, 1008, 1010), PSP Fat Console       "
B0982ZVLJF,"        Infinitee Xclusives 100% Cotton Kitchen Towels - 15x25 Inch Ultra Soft Tea Towels, Super Absorbent Terry Dish Towels for Kitchen Linens |Grey|       "
B09833MGRK,"        Telescope 70mm Aperture 500mm - for Kids & Adults Astronomical Refracting Telescopes AZ Mount Fully Multi-Coated Optics, with Diagonal Mirror Phone Adapter, Carrying Bag, Wireless Remote Black       "
B098FFTRMK,        AXV Vibration Plate Fitness Platform Exercise Machine Vibrating Lymphatic Drainage Shaking Full Body Shaker Workout Vibrate Stand Shake Board Sport Gym for Weight Loss Fat Burner for Women Men       
B098HZDKXW,"        Pressurized Handheld Multi-Surface Natural Steam Cleaner with 12 pcs Accessories, Multi-Purpose Steamer for Home Use, Steamer for Cleaning Floor, Upholstery, Grout and Car       "
B098JYFGWS,"        Hoover CleanSlate Plus Carpet & Upholstery Spot Cleaner, Stain Remover, Portable, FH14050, White       "
B098LXWY5H,"        24oz Cocktail Shaker Set - Martini Shaker w Built-in Drink Shaker Strainer, Muddler, Jigger, Mixing Spoon, Recipe Book for Bartending - Bar Shaker/Alcohol Shaker       "
B098NQTX92,"        Hand Mirror, Barber Hairdressing Handheld Mirror with Handle for Salon, Square, Black, Medium       "
B098NSHBQK,"        Ear and Nose Hair Trimmer Clipper - 2024 Professional Painless Eyebrow & Facial Hair Trimmer for Men Women,Battery-Operated Trimmer with IPX7 Waterproof,Dual Edge Blades for Easy Cleansing Black       "
B098NY9KW8,"        Momcozy Muslin Swaddle Blankets, Swaddle Blanket for Baby Boys and Girls, 4-Pack Breathable and Skin-Friendly Baby Receiving Blankets Swaddle Wrap, Baby Essentials, Registry & Gift, 47 x 47 inches       "
B098SM9FVL,        TIDRADIO Ham Radio Wireless Programmer Adapter APP and PC Program for Baofeng UV-5R and Multiple Models No Driver Issues Instead of Program Cable       
B0991XM8YL,"        PartyWoo Metallic Gold Balloons, 50 pcs 12 Inch Gold Metallic Balloons, Gold Balloons for Balloon Garland or Balloon Arch as Party Decorations, Birthday Decorations, Baby Shower Decorations, Gold-G101       "
B0993GDLC5,"        DELITON Adhesive Hooks - 4 Pack Towel/Coat Hooks Wall Hooks Stick on Bathroom or Kitchen (Matte Black, Stainless Steel)       "
B0999594RR,"        26x16 Inch Extra Thick Silicone Baking Mat with Measurements, Non-slip and Reusable - For Cookies, Bread, Pastry       "
B099HC8XQ2,"        Aura Mason WiFi Digital Picture Frame | Wirecutter's Best Digital Frame for Gifting | Send Photos from Your Phone | Quick, Easy Setup in Aura App | Free Unlimited Storage | Black       "
B099N77GGD,        Wine Bag Wedding Gift for Mr and Mrs - Engagement Gift J14       
B099NTY7WL,"        EAST OAK 50,000 BTU Patio Heater with Sand Box, Table Design, Double-Layer Stainless Steel Burner, Wheels, Triple Protection System, Outdoor Heater for Home and Residential, Pinecone       "
B099PMZCSL,"        FIOTOK Gamecube Controller, Classic Wired Controller for Wii Nintendo Gamecube (Pink & Purple-2Pack)       "
B099S7HY12,        4 Pack Battery Box/Battery Cover for Microsoft Xbox 360 Wireless Controller       
B099SH25ZM,"        Owala Harry Potter FreeSip Insulated Stainless Steel Water Bottle with Straw, BPA-Free Sports Water Bottle, Great for Travel, 24 oz, Gryffindor       "
B099VMT8VZ,        Meta Quest 2 — Advanced All-In-One Virtual Reality Headset — 128 GB       
B099W5CGYW,"        Wine Stoppers Beverage Bottle Sealer Soft Silicone Wine Bottle Stoppers Corks with Grip Top for Keeping Wine Champagne Fresh, 8 Pack       "
B099WN4MKW,"        KIWI design Face Cushion Pad Compatible with Quest 2 Accessories (Upgraded Version), Fitness Facial Interface Foam Replacement, with Glasses Spacer and Lens Protector, Air-Circulation Design       "
B099X9F9CD,"        OW-2 Indoor Electric Mouse Trap 2 PCS, Instant Kill Rodent Zapper with Pet Safe Trigger, Black       "
B099Z93WD9,"        Amazon Fire HD 8 Plus tablet, 8” HD Display, 32 GB, 30% faster processor, 3GB RAM, wireless charging, (2022 release), Gray       "
B09B1DL14V,"        SAMSUNG EVO Plus Full Size 128 GB SDXC Card 130MB/s Full HD & 4K UHD, UHS-I, U3, V30 (MB-SC128K/AM)       "
B09B2SBHQK,"        Amazon Echo Show 5 (newest model), Smart display with 2x the bass and clearer sound, Charcoal       "
B09B7SB46R,"        Emeril Lagasse Extra Large French Door Air Fryer Toaster Oven Combo, 25 Cooking Functions and Digital Controls, 7 Accessories Included, Stainless Steel Finish, 26QT Capacity       "
B09B8V1LZ3,"        Amazon Echo Dot (newest model), Vibrant sounding Alexa speaker, Great for bedrooms, dining rooms and offices, Charcoal       "
B09B93ZDG4,"        Amazon Echo Dot (newest model), Vibrant sounding Alexa speaker, Great for bedrooms, dining rooms and offices, Deep Sea Blue       "
B09B94RL1R,"        Amazon Echo Dot (newest model), Vibrant sounding Alexa speaker, Great for bedrooms, dining rooms and offices, Glacier White       "
B09BDGQYW5,"        Crock-Pot 20-Ounce Electric Lunch Box, Portable Food Warmer, Blush Pink | Perfect for Travel, Car, On-the-Go | Spill-Free, Dishwasher-Safe       "
B09BG4V7JC,        2-Year Accident Protection Plan for Fire HD 8       
B09BHWRP53,"        Glass Tea Cup with Infuser and Lid, 17.6oz/520ml Large Borosilicate Teacup,Tea Glass, Clear Mug for Loose Leaf Tea, Blooming Tea, Microwave & Dishwasher Safe - Tea Maker Gift for Birthday       "
B09BJL2Z46,"        Rechargeable Battery for XboxOne/Xbox Series X|S, 4 x 3840mWh Xbox Battery, Xbox Series Battery Charger Station for XboxOne S|X /Elite Controllers       "
B09BQ1V58N,"        Eagolloar Wireless Controller for Wii U Pro, Dual Analog Bluetooth Rechargeable Game Controller for Nintendo Wii U with Charging Cable       "
B09BQN9R59,"        Rechargeable 4 Pack Battery Pack for Wii/Wii U Remote Controller,2800mAh Replacement Batteries and 4 Ports Charger Station for Wii/Wii U Remote Controller Battery Pack,wii Remote Charger-BURFLO       "
B09BR1G8XG,        Rico Industries NFL 5-Pc Sticker Sheet       
B09BWFX1L6,"        Amazon Basics 2-Ply Flex-Sheets Paper Towels, 12 Basics Rolls = 32 Regular Rolls, Everyday Value with 150 Sheets per Roll       "
B09BY1FTF7,"        Xbox Wireless Controller Shock Blue - Wireless - Bluetooth - USB Series X, Series S, One, PC, Android, iOS, Tablet - Shock Blue       "
B09BY6NYQ9,"        Reynolds Kitchens Pop-Up Parchment Paper Sheets, 10.7x13.75 Inch, 120 Sheets       "
B09BZLH3V4,"        Dalzom® 48Pcs Canning Lids with Rings Regular Mouth, Premium Mason Jar Lids with Bands/Rings for Regular Mouth Ball, Kerr Jars - Food Grade Material, 100% Fit & Airtight for Regular Mouth Mason Jars       "
B09C2KFLC5,"        10 lbs. Fatwood Fire Starter Sticks, Perfect Fire Starters for Fire Pit, Campfires, Fireplaces, Bonfires, BBQ & Wood Stoves, Easy to Start a Fire with Just 2 Sticks, Camping Essentials (10 Pound Box)       "
B09C363F8W,"        PGYFDAL 4 Packs Classic Remote Controller Compatible for Wii Wii U Console, Gamepad with Soft Silicone Sleeve and Wrist Strap (Red+Blue+Pink+Dark Blue)       "
B09C6MGD7J,"        Klein Tools 69149P Electrical Test Kit with Digital Multimeter, Non-Contact Voltage Tester and Electrical Outlet Tester, Leads and Batteries       "
B09C9P65LW,"        Thirteen Chefs Mineral Oil - 8 oz Food Grade Conditioner for Wood Cutting Board, Countertop & Butcher Block, Lubricant for Knife or Meat Grinder - Safe USP Finish on Marble, Soapstone       "
B09CBSBFQ2,"        Nespresso Capsules Vertuo, Melozio Decaffeinato, Medium Roast Espresso, 30-Count Coffee Pods, Brews 7.8 oz.       "
B09CF72KQN,        Sony Alpha FX3 ILME-FX3 | Full-Frame Cinema Line Camera + FE 24-105mm F4 G OSS Standard Zoom Lens       
B09CFZXNY3,"        Franco Kids Bedding Super Soft Comforter and Sheet Set with Sham, 5 Piece Twin Size, Sonic The Hedgehog, Anime       "
B09CG55PY1,"        Hot Wheels Toy Car Track Set Pack, 10 Track-Building Parts with City Square, Bridge & 1:64 Scale Vehicle, Connects to Other Tracks       "
B09CK5C6RH,"        Wreath Hanger for Front Door, Adjustable Wreath Hanger from 15 to 25 Inches Wreath Hanger, 20 lbs Larger Door Upgrade Wreath Hanger Christmas Fall Wreaths Decorations Hook (Black)       "
B09CKQ7KW1,"        Litokam Security Camera Indoor 2K, 360° Pan/Tilt Cameras for home security with Motion Detection, Night Vision, 2-Way Audio, and 2.4GHz WiFi - Ideal Baby Monitor & Pet/Dog Cam       "
B09CKTQR7Q,        Heated Electric Thermal Steamer Cap for Natural Black Afro Hair - Hot Spa Treatment Hat with Temperature Control for Deep Conditioning at Home - Black       
B09CSSRGH8,"        Cooler Backpack,Insulated Backpack Cooler Leakproof Double Deck Cooler Bag for Men Women RFID Lunch Backpack       "
B09CV3QGF2,"        iRobot Roomba Authentic Replacement Parts - Roomba e, i, & j Series Replenishment Kit, (3 High-Efficiency Filters, 3 Edge-Sweeping Brushes, and 1 Set of Multi-Surface Rubber Brushes),Green       "
B09CW5NCW3,"        Christmas Lights 100 Count Mini Clear Lights 21ft White Wire Christmas Tree String Lights Set for Outdoor Indoor Christmas Decorations Wedding Decorations Valentines Day Decor,UL Certified (21feet)       "
B09CYDRFWQ,"        KitchenClouds Kitchen Mat Cushioned Anti Fatigue Rug 17.3""x28"" Waterproof, Non Slip, Standing and Comfort Desk/Floor Mats for House Sink Office (Black)       "
B09D1MKGXV,        Blu Track Classic 15 Ft Starter Set       
B09D2QQZKG,        Air Fryer Cheat Sheet Magnets Cooking Guide Booklet - Air Fryer Cookbooks - Air Fryer Liners - Air Fryers Kitchen Gifts Gadgets 2024 - Air Fryer Accessories - Air Fryer Cooking Guide Airfryer Liners       
B09D3Y8XKN,        SMEG Mini 50's Retro Style 3 Cup Electric Kettle with Double Wall Anti Slip Base and Water Level Indicator (Cream)       
B09D8T11YS,"        Zulay Kitchen Powerful Milk Frother Wand With 2 Duracell Batteries - Ultra Fast Handheld Drink Mixer - Electric Whisk Foam Maker for Coffee, Lattes, Cappuccino, Matcha, Hot Chocolate & Creamer - Black       "
B09DBT21NQ,"        Rico Industries NFL Metal Street Sign Metal Street Sign 4"" x 15"" Home Décor - Bedroom - Office - Man Cave       "
B09DCMBQ4W,"        Custom Framed Canvas Prints With Your Photos - Personalized Picture To Canvas Wall Art (8"" Wx10 H) - Gift Wrapping Available       "
B09DF9NWC7,"        Jump Rope, Tangle-Free Rapid Speed Jumping Rope Cable with Ball Bearings for Women, Men, and Kids, Adjustable Steel Jump Rope Workout with Foam Handles for Fitness, Home Exercise & Slim Body       "
B09DKH8XDS,"        Paper Towel Holder Black Kitchen Roll Holder, Premium Stainless Steel Paper Towel Holder for Kitchen Roll Organize, Countertop Roll Dispenser with Weighted Base       "
B09DP66T9M,"        Heavy Duty Patio Furniture Covers Waterproof, Mrrihand Patio Furniture Outdoor Sectional Sofa Set , Patio Table and Chair Set Cover 89.7""L×62.2""W×28.3""H       "
B09DPD4TX6,"        Controller Charger Station for Xbox 360,BOFFO Dual Charging Dock with 2pcs 1200mAh Rechargeable Battery Packs and a Charging Cable       "
B09DPF5WVV,        Star String Lights 10Ft 20 LED Fairy Lights Battery Operated Waterproof Indoor Outdoor Twinkle Christmas Lights for Bedroom Party Wedding Xmas Tree Decoration (Warm White)       
B09DYB9NQT,"        Propane Torch Burner Weed Torch High Output 1,800,000 BTU with 10FT Hose,Heavy Duty Blow Torch with Flame Control and Turbo Trigger Push Button Igniter,Flamethrower for Garden Wood Ice Snow Road (Blue       "
B09F6CXTPJ,"        Jackery Portable Power Station Explorer 300, 293Wh Backup Battery, Solar Generator (Solar Panel Not Included) for RV Outdoors Camping Hunting Blackout(Renewed)       "
B09F6P96BY,"        SAVILAND Dip Powder Liquid Set 15 ml/0.5 oz,10 Pcs Nail Dip Liquid Set with Base/Top Coat, Activator Brush Saver Acrylic Gel Dip Nail File Dip Nail Liquid Set No Curing Needed DIY Home Salon Quality       "
B09F749WDH,"        Maelstrom Soft Cooler Bag,Collapsible Soft Sided Cooler,24/30/60/75 Cans Beach Cooler,Ice Chest,Large Leakproof Camping Cooler,Portable Travel Cooler for Grocery Shopping,Camping,Road Trips       "
B09F9RRSMY,"        VAEHOLD Self Adhesive Paper Towel Holder Under Cabinet Mount, Wall Mounted Paper Towel Roll Holder for Kitchen, Bathroom, Wall - SUS304 Stainless Steel (Gold)       "
B09FFLHSJT,        Handle Mirror – Large Hand Mirror with Double Handle - Rectangular Hand Held Mirror with Handle - Lightweight Hair Salon Equipment Hairstylist and Barber Accessories (1Pcs Rectangle)       
B09FGM3DVQ,"        Mcbazel Dust Cover for Xbox Series X Console, Easy Access Cable Port, Anti-scratch Protective Case Cover Waterproof for Xbox Series X Console - Black       "
B09FJSJQ95,"        AROEVE Air Purifiers for Bedroom Home, Air Purifier For Smoke Pollen Dander Hair Smell Air Cleaner with Sleep Mode Speed Control For Bedroom Office, MK01- White(Available for California)       "
B09FK5PN4H,"        LEVOIT Core Mini-P Air Purifier Replacement Filter, 3-in-1, High-Efficiency Activated Carbon, Core Mini-RF, 1 Pack, White       "
B09FKZ8FDP,"        Christmas Pink Mini String Lights - 100 Count 25 Feet Detachable Incandescent Bulb Waterproof Fairy Lights Plug in for Indoor Outdoor Party Patio Xmas Tree Valentine's Day Decoration, White Wire       "
B09FSYJ43T,        3 Pack Magnetic Poster Hanger Frame 16 inch Black- 16x24 16x22 16x20 Poster Frame for Wall Art Pictures Photos Prints Maps Diamond Art Painting       
B09G78GVJ3,"        MAM Original Matte Baby Pacifier, Nipple Shape Helps Promote Healthy Oral Development, Sterilizer Case, Boy and Girl , 0-6 Months (2 Count)       "
B09G99VMB7,"        Elite Gourmet ESB-301BF# Countertop Single Cast Iron Burner, 1000 Watts Electric Hot Plate, Temperature Controls, Power Indicator Lights, Easy to Clean, Black       "
B09GD81Q4S,"        Stem Kills Ants, Roaches And Flies: Plant-Based Active Ingredient Bug Spray, Botanical Insecticide For Indoor And Outdoor Use; 12 fl oz (Pack Of 1)       "
B09GK7RHSM,"        DEKCO 2K WiFi Surveillance Security Camera Outdoor/Home/Dome, Pan-Tilt 360° View, 3MP, Motion Detection and Siren, 2-Way Audio,Full Color Night Vision, Waterproo       "
B09GRZXCB1,        Frameo 10.1 inch Digital Picture Frame WiFi Smart Digital Photo Frame Wood IPS HD 1280 * 800 1080P Touch Screen Auto-Rotate Easy Setup to use Free Share Photos and Videos Gift for mon Father Women       
B09GTRVJQM,"        LEVOIT Air Purifiers for Bedroom Home, 3-in-1 Filter Cleaner with Fragrance Sponge for Better Sleep, Filters Smoke, Allergies, Pet Dander, Odor, Dust, Office, Desktop, Portable, Core Mini-P, White       "
B09H68287R,"        Meta Quest Compact Carrying Case — Works with Meta Quest 3/3S — Refreshed Compact Design — Fits Quest 3/3S, Touch Plus Controller, Active Straps, Charging Cable, and Adapter       "
B09H8CWFNK,"        Shark AV2501S AI Ultra Robot Vacuum, with Matrix Clean, Home Mapping, 30-Day Capacity HEPA Bagless Self Empty Base, Perfect for Pet Hair, Wifi, Dark Grey       "
B09HGVXRSQ,        260 Long Balloons 100 Pack Black Twisting Animal Balloons Thickening Latex Modeling Long Magic Balloons for Animal Model Halloween Weddings Birthdays Festival Party Decorations (black)       
B09HH443GV,"        Charger for Xbox One Controller Battery Pack with 4x3600mWh USB Rechargeable Xbox One Battery Charger Station for Xbox Series X|S, Xbox One S/One X/Elite Controllers-Xbox One Accessories 1500mAh       "
B09HH4K1LZ,"        Superbaking Banneton Bread Proofing Basket, Sourdough Bread Baking Supplies, Round 9 Inch Sourdough Starter Kit, Proofing Basket for Bread Baking, Bread Making Supplies Tools, Banneton Basket Gift Set       "
B09HH8R1T8,"        UJFQBH 3 Pieces African Bath Sponge African Net Long Net Bath Sponge Exfoliating Shower Body Scrubber Back Scrubber Skin Smoother,Great for Daily Use (Pink,Yellow,Purple)       "
B09HMZT1C5,"        Coleman Chiller Series 9qt Insulated Cooler Lunch Box, Portable Hard Cooler with Ice Retention & Heavy-Duty Handle, Great for Camping, Tailgating, Beach, Picnic, Groceries, Lunch, & More       "
B09HN13FN4,        Coleman Cooler—Chiller 16 Quart Portable Cooler       
B09HN1BPJT,"        Coleman Chiller Series 48qt Insulated Portable Cooler, Hard Cooler with Ice Retention & Heavy-Duty Handles, Great for Camping, Tailgating, Beach, Picnic, Groceries, Boating & More       "
B09HN34T7H,        Coleman Cooler—Chiller 60 Quart Cooler with Wheels       
B09HWYBCXQ,"        SENSARTE Nonstick Frying Pan Skillet with Lid, 12 Inch Large Deep Frying Pan, 5 Qt Non Stick Saute Pan with Cover, Induction Pan, Healthy Non Toxic Cooking Pan with Helper Handle, PFOA PFOS Free       "
B09HY9P5HW,"        Luvs Size 5 Baby Diapers, Platinum Protection Bluey Diapers for Day & Night, Size 5, 172 Count (Packaging May Vary)       "
B09HZTKLNP,"        MANSPOT Manscape Groin & Body Hair Trimmer for Men, Electric Ball Trimmer Pubic Trimmer Shaver,Manscape Kit with 4 Guard,Replaceable Ceramic Blade Heads,Waterproof Wet/Dry Shaver,90 Minutes Shaving       "
B09J2H5WWQ,"        ASTOFLI Paper Towel Holder Under Cabinet No Drilling, Self Adhesive Paper Towel Holder Wall Mount for Kitchen,RV, Matte Black Paper Towel Holder 304 Stainless Steel, Under Cabinet Paper Towel Holder       "
B09J4NWKV2,        Pink Heart Fairy Lights       
B09JBCSC7H,"        Massage Gun Deep Tissue,Percussion Massager Gun for Athletes Muscle Massage Gun for Pain Relief with 8 Massage Heads & 20 Speeds (Matte Black)       "
B09JC325FK,        4 (Black) Cylindrical Sand Bags Weights for Canopy Weight Bag Outdoor Advertising Tent Sunshade Fixed Windproof sandbag Bag Weight Bags for Pop up Canopy Tent (Without Sand)       
B09JDHVV8C,"        JOYIN 28 Packs Valentine’s Day Gift Cards with Infinity Magic Toys, Colorful Hand-Held Flip Toys, Stress Relief Fidget Toys for Kids Valentine Party Favors, Classroom Exchange and Goodie Bag Stuffers       "
B09JDJLK5H,"        JOYIN 28 Packs Valentines Day Gift Cards with Pop Bubble Fidget Toys Heart Keychain, Stress Relief Fidget Toy for Kids Adult Party Favors, School Classmate Valentines Gifts       "
B09JDQY3LM,"        JOYIN 28 Pack Wacky Tracks with Valentines Cards, Twist Track Fingers, Snake Puzzles Fidget Toys for Stress Relief, Gift Exchange, Holiday Birthday Party Favor Valentines Day Cards for Kids School       "
B09JNKCNQ6,"        CAROTE Egg Pan Omelette Pan, 4-Cup Nonstick Granite Omelette Skillet - Pancake Pan and Healthy Egg Cooker Suitable for Gas Stove & Induction Cookware       "
B09JNRXJD6,        OEAGO Gifts for Mom Women Mothers Day Glass Coffee Enamels Mug Best Birthday Gifts for Her Girlfriend Wife from Daughter Son Christmas Stocking Stuffers for Women Tea Cup       
B09JQX1J4S,"        Disney Mickey & Friends 10 Piece Finger Puppet - Party Favors, Educational, Bath Toys, Story Time, Floating Pool Toys, Beach Toys, Finger Toys, Playtime       "
B09JR9MCBX,"        Nickelodeon Baby Shark 5 Pc Finger Puppet Set - Party Favors, Educational, Bath Toys, Story Time, Beach Toys, Playtime,5 Count (Pack of 1)       "
B09JRD6WLY,"        Ginsey Nickelodeon PAW Patrol 10 Piece Finger Puppet - Party Favors, Educational, Bath Toys, Floating Pool Toys, Beach Toys, Finger Toys, Story Time, Playtime       "
B09JW2J8XV,"        QUEEN ROSE Pregnancy Pillows, E Shaped Full Body Pillow for Sleeping, with Pregnancy Wedge Pillow for Belly Support, 60 Inch Maternity Pillow for Side Sleeper, Grey Bubble Velvet       "
B09JZ5BG26,"        Ring Spotlight Cam Plus, Battery | Two-Way Talk, Color Night Vision, and Security Siren (2022 release) - White       "
B09K45MLL4,"        Acquaer 1/4 HP Automatic Swimming Pool Cover Pump, 115 V Submersible with 3/4” Check Valve Adapter & 25ft Power Cord, 2250 GPH Water Removal for Pool, Hot Tubs, Rooftops, Water Beds and more       "
B09K618GD1,        Dewalt DCPS620M1R 20V MAX XR Brushless Lithium-Ion Cordless Pole Saw Kit (4 Ah) (Renewed)       
B09K6Y8QK3,"        Mini Serving Tongs, Anytrp 18-Packs Stainless Steel, 4.3inch, Kitchen / Appetizers Tongs for Coffee Bar, Tea / Desserts Party, Sugar and Ice Bucket       "
B09KBZ9ZQ9,"        Universal Massage Table Face Cradle & Cushion, Adjustable Massage Chair Spa Bed Headrest & Face Pillow Support, Massage Platform Head Rest Cushion Cradle for Salon Home Mattress Top Massage Kit       "
B09KGS7HHH,"        VICTIV 74” Camera Tripod, Tripod for Camera and Phone, Aluminum Heavy Duty Tripod Stand for Canon Nikon with Carry Bag and Phone Holder, Compatible with DSLR, iPhone, Spotting Scopes, Max Load 15 Lb       "
B09KH38HF2,"        SENSARTE Nonstick Saucepan with Lid, 1.5 Quarts Small Pot with Swiss Granite Coating, Stay-cool Handle, Multipurpose Handy Sauce Pot Small Kitchen Cooking Pot, Induction Comptable, PFOA Free       "
B09KLVB9X7,"        CROWN SHADES 10x10 Pop Up Canopy with 1 Side Wall - Beach Tent with One Push Setup - Outdoor Sun Shade for Events, Parties, Camping - Gazebo with STO-N-Go Cover Bag (White)       "
B09KLX8YKN,"        Valentines Day Card with Plush Animal Finger Puppet Toys Sets, 16Pcs Cartoon Hand Puppets for Kids Valentine's Day Preschool Classroom Exchange Prizes, Valentine Theme Party Favor       "
B09KM5LWL1,"        ForPro Disposable Vinyl Gloves, Clear, Industrial Grade, Powder-Free, Latex-Free, Non-Sterile, Food Safe, 2.75 Mil. Palm, 3.9 Mil. Fingers, Medium, 100-Count       "
B09KMHMYP9,"        Happy Valentines Day Gift - Black Polished You are My Rock Engraved Pebble - Emotional Valentines Gifts for Him, Valentines Gifts for Her - Boyfriend Gifts, Girlfriend Gifts, Gifts for Couples       "
B09KNG2GKG,"        Valentines Day Cards for Kids, 16 Packs Animal Finger Puppet with Valentines Day Card, Plush Finger Puppet Valentines Sets for Kids Classroom Exchange Prizes, Valentine’s Greeting Cards       "
B09KP3S954,        Tonies Anna Audio Play Character from Disney's Frozen II       
B09KTK4KB4,"        Adam's Polishes Advanced Graphene Ceramic Spray Coating (12oz) - 18+ Month Sprayable Graphene Oxide Ceramic Coating for Cars, Boats, RV's & Motorcycle | Adds Extreme Gloss, Depth, Shine & Protection       "
B09KTPL1F3,"        KOTAMU Wax Kit Pink Digital Hair Removal Waxing Kit for Women & Men Hot Wax Warmer Pot for Face, Eyebrow, Body, Brazilian, Bikini, Sensitive Skin Wax Machine with 25 Accessories for Home Salon       "
B09KYD1NXP,        YouTheFan NFL Logo Series Deskpad       
B09KZG95JD,"        Kermit Frog Puppet with Detachable Control Wooden Rod, The Puppet Movie Show Soft Stuffed Plush Toy       "
B09L45VFCN,        Ring Chime       
B09L45YPZK,"        Epson Workforce ES-580W Wireless Color Duplex Desktop Document Scanner for PC and Mac with 100-sheet Auto Document Feeder (ADF) and Intuitive 4.3"" Touchscreen. Full 1-Year Limited Warranty (Renewed)       "
B09L493SN3,"        Epson Pro EX9240 3-Chip 3LCD Full HD 1080p Wireless Projector, 4,000 Lumens Color and White Brightness, 2 HDMI Ports, Built-in Speaker, 16,000:1 Contrast Ratio. Full 1-Year Limited Warranty (Renewed)       "
B09L4VFRHD,"        Kratax Rechargeable Lithium AA Batteries 8 Pack 1.5v 3500mWh li-ion Rechargeable Batteries with 2h Battery Charger, 1600 Cycles Long-Lasting, Constant Voltage Output for Game Controller, Electric Toy       "
B09L7MDNH6,"        100Pcs clear 260 Balloons Clear Long Skinny Latex Balloons for Animal Balloons, Premium Quality Balloons for Beginners Balloons Making Kid's Carnivals Party Decoartion       "
B09LDG1558,"        Snow Joe MELT60EB-BOX 60-Lb Premium Environmentally-Friendly Blend Ice Melter w/CMA and Scoop, Pound Box, White       "
B09LLMJG1D,        Charging Cable for Xbox 360 Wireless Game Controllers Remote Charger Cord Black       
B09LM1588Z,"        Homvana Humidifiers for Bedroom Home, 3.6 L Cool Mist Top-Fill 34H Super Long Time, Quiet 16dB, Baby Humidifier, Oil Diffuser for Large Room, Plants, Nursery, Office BPA FREE, 7 Color Light Ultrasonic       "
B09LPCZ9FF,"        Bissell CleanView Swivel Rewind Pet Reach Vacuum Cleaner, with Quick Release Wand, Swivel Steering and Automatic Cord Rewind, 3197A (Color May Vary)       "
B09LTSBP7H,"        50-PCS Pink Glitter Plastic Swizzle Sticks, Crystal Cake Pops, Cocktail Coffee Drink Stirrers, Lolipop Stick, for Valentines Day Christmas Party, 7.24 Inch       "
B09M6ZMDXB,        Caperci 500 Count Mini Cupcake Liners White Muffin Liners Greaseproof No Smell Small Cupcake Wrappers Baking Cups       
B09M867HRP,"        EVOKE OCCU 100% Pure Tea Tree Oil for Skin, Toenail Fungus, Face, Add to Body Wash, Soap, Foot Soak - 4 FL Oz       "
B09MD2W8S5,"        BOBOVR B2 Battery Pack - M2/M3 Pro Replacement Spare Battery 5200mAh, Magnetic Connections       "
B09MDVH4SQ,"        Sahara Sailor Water Bottle 32oz, Durable and Leakproof Water Bottles Motivational with Time Marker, Tritan, BPA Free, Wide Mouth with Easy Clean Brush for Gym, Travel, Home, School, Office (1 Bottle)       "
B09MHFPW6H,"        Gaiatop Mini Portable Fan, Small and Powerful, Cute Design 3 Speed Personal Handheld and Desktop with Base, Lightweight USB Rechargeable for Makeup Stylish Girl Women Travel Indoor Outdoor Pink       "
B09MJGGXXD,"        Whiskey Rocks Glass, Set of 4 (2 Crystal Bourbon Glasses, 2 Round Big Ice Ball Molds) In Gift Box - 10 Oz Old Fashioned Glasses for Scotch Cocktail Rum Cognac Vodka Liquor, Unique Gifts for Men       "
B09MJRJ3C8,"        Meta Quest Carrying Case — Works with Meta Quest 3/3S — Premium Style and Protection — Fits Quest 3/3S, Touch Plus Controller, Headstrap, Active Straps, Charging Cable and Adapter       "
B09MKDSZMY,"        Bobby Pins Brown, 240 Count 2.2 Inch Hair Pins With Cute Box, Premium Bobby Pin For Kids, Girls And Women, Great For All Hair Types       "
B09MKPDJRT,"        Dreo Tower Fan for Bedroom, 25ft/s Velocity Quiet Floor Fan, 90° Oscillating Fans for Indoors with 4 Speeds, 4 Modes, 8H Timer, Standing Fans, Bladeless Fan, Black, Nomad One (DR-HTF007)       "
B09MLSJHN2,"        Upgraded Controller Charger Station with 2x5520mWh Rechargeable Battery Packs for Xbox One/Series X|S Controller,Dual Charging Dock for Xbox One Controller Battery Pack with 4 Battery Covers for Xbox       "
B09MP7ZM6C,"        Type Ⅵ Hot Tub Spa Filter Replacement Compatible with Lay-Z-Spa, Coleman SaluSpa 90352E 58323, Inflatable Hot Tub, Swimming Pool Pump Filter Type Ⅵ Cartridge, 12 Pack       "
B09MQHDT7W,"        kortes Red Heart Balloons, 50pcs 10inch Foil, Valentine's Day Decoration Kit, Women's Department, Romantic Occasions       "
B09MRNM214,"        Digital Microscope Wireless Pocket Handheld USB Microscopes, 50x-1000x Zoom Fixed Focus HD Magnifier with LEDs, Inspection Camera Compatible with iPhone, Android Phone, MacBook, Windows PC (Black)       "
B09MRWKKF6,"        LOLStar 3 Pack Football Party Decorations, 3.3x6.6ft Green Brown Foil Fringe Curtains Metallic Tinsel Football Photobooth Props Backdrop for Super Ball Sunday Football Party Streamers Decors Supplies       "
B09MSZVXH8,"        Heavy Duty Patio Sofa Cover Waterproof, Mrrihand 2-Seater Outdoor Sofa Loveseat Cover, Outdoor Patio Furniture Cover with Air Vent and Handles, 60"" L×34"" D×30"" H, Black       "
B09MVDZKC2,"        Clearblue Early Detection Pregnancy Test, 5 Ct       "
B09MWHG3ZT,"        Graco Pack 'n Play® On The Go™ Playard, Kaden       "
B09MYDGFZY,"        Cuisinart COH-500 Portable Tabletop Patio, 11,000 BTU Outdoor Propane Heater with Safety Tilt Switch and Burner Screen Guard, 100 sq. Foot Heat Range, Black       "
B09MZD438B,        Igloo BMX Hard Coolers (25-72QT)       
B09N19NJCS,"        100pcs Red Heart Cocktail Picks 4.7"" Long Fruit Sticks Food Toothpicks Sandwich Appetizer Charcuterie Skewers, Handmade of Bamboo Wood, for Birthday, Wedding, Valentines Day Decoration Party Supplies       "
B09N1B32W5,"        100pcs Pink Heart Cocktail Picks 4.7"" Long Fruit Sticks Food Toothpicks Sandwich Appetizer Charcuterie Skewers, Handmade of Bamboo Wood, for Birthday, Wedding, Valentines Day Decoration Party Supplies       "
B09N1CBKXM,"        Heart Cookie Cutter Set, Gtmkina 5 Pieces Stainless Steel Small Biscuit Cutters Heart Shaped Mold for Kids Holiday Birthday Party       "
B09N3JFSR4,"        Devoko 100 Gallon Waterproof Large Resin Deck Box Indoor Outdoor Lockable Storage Container for Patio Furniture Cushions Garden Tools (100 Gallon, Black)       "
B09N4ZKCH6,"        JoyJolt JoyFul 24pc(12 Airtight, Freezer Safe Food Storage Containers and 12 Lids), Pantry Kitchen Storage Containers, Glass Meal Prep Container for Lunch, Glass Storage Containers with Lids       "
B09N92NRYN,"        Antonki 2 Pack Room Thermometer for Home, Indoor Hygrometer Humidity Meter Gauge, Digital Temperature and Humidity Sensor Monitor for House, Terrarium, Incubator, Greenhouse - Battery Included       "
B09N95MYFL,        Van Ryder Games - Final Girl - Happy Trails Horror Feature Film Box - Core Box Required - 1 Player Board Game - 20-60 Minutes Gameplay – Ages 14+       
B09NBBJW17,"        UANLAUO Foldable Baby Play Mat, Extra Large Waterproof Activity Playmats for Babies,Toddlers, Infants, Play & Tummy Time, Foam Baby Mat for Floor with Travel Bag (Bear(79x71x0.4inch))       "
B09NBSZGKG,"        Sepetrel Pool Pole - Professional 12 Foot Telescoping Swimming Pool Cleaning Poles,Adjustable Telescopic Pole,for Skimmer Net,Brush,Vacuum Head       "
B09NCZVQ8M,"        Finger Pointers for Kids Reading, 5 Colors Martian Witch Fingers, Fake Finger Nail Covers for Kindergarteners, Young Readers, Halloween, Cosplay Costume Party, Scary House, Masquerade, 24 Pcs       "
B09NKZFTXS,"        Geedel Rotary Cheese Grater, Kitchen Mandoline Vegetable Slicer with 3 Interchangeable Blades, Easy to Clean Rotary Grater Slicer for Fruit, Vegetables, Nuts       "
B09NL17MBR,        ThermoPro TP49 3 Pieces Digital Hygrometer Indoor Thermometer Humidity Meter Mini Hygrometer Thermometer with Temperature and Humidity Monitor Room Thermometer       
B09NL95Y6Q,"        Monster Jam, Official Grave Digger Monster Truck, Collector Die-Cast Vehicle, 1:24 Scale, Kids Toys for Boys Ages 3 and up       "
B09NLC5V3W,"        Supercross, Authentic 5-Pack of 1:24 Scale Die-Cast Motorcycles with Rider Figure, Toy Moto Bike for Kids and Collectors Ages 3 and up       "
B09NLD198Z,"        Monster Jam, Ultimate Arena Playmat & Storage with 2 Exclusive Monster Trucks, 1:64 Scale, 20 Accessories, Kids Toys for Boys and Girls Ages 4 and Up       "
B09NN9JCJL,"        60 Inch Pregnancy Pillow for Sleeping, Extra Large U Shaped Body Pillow, Maternity Pillow for Pregnant Women with Velvet Cover (Dark Grey)       "
B09NNHN8S8,        Milwaukee 48-11-1852 M18 REDLITHIUM XC 5 Ah Lithium-Ion Extended Capacity Battery (2-Pack)       
B09NQGXJ5C,"        Amazon Basics Parchment Paper, 90 Sq Ft Roll       "
B09NQVVFBK,"        Simple Houseware Soda Can Organizer for Pantry / Refrigerator, Clear, Set of 2       "
B09NQVXQ94,"        Aroma Housewares 1.5Qt. Rice & Grain Cooker (ARC-363NGB),Black,6-Cup Cooked / 3-Cup Uncooked       "
B09NR21ST7,"        Microsoft Xbox Series X 1TB Gaming Console Console + 1 Wireless Controller - Backward Compatible with Thousands of Games, Fine-Tuned Performance, True 4K Gaming, Up to 120 FPS - HDMI_Cable       "
B09NS3YCVS,"        Huggies Size 4 Overnites Baby Diapers: Overnight Diapers, Size 4 (22-37 lbs), 52 Ct       "
B09NS5FJ6D,"        Baby Diapers Size Newborn (up to 10 lbs), 76ct, Huggies Little Snugglers       "
B09NW83XJ2,"        Sparkle Pick-A-Size Paper Towels, Spirited Prints, 6 Double Rolls = 12 Regular Rolls, Everyday Value Paper Towel With Full And Half Sheets       "
B09NYPDJJD,"        Mattel Disney and Pixar Cars Track Talkers Toy Vehicles, Lightning McQueen Talking Car, 5.5-inch Character Collectible       "
B09P1BNX34,"        SUPER DEAL Portable 4 Foot Plastic Folding Table, Small Indoor Outdoor Heavy Duty Fold-in-Half Picnic Party Camping Barbecues Table with Carrying Handle, White       "
B09P1GY84H,"        Charger for Wii U Gamepad, AC Adapter Power Cord Charging Cable Replacement for Nintendo Wii U Gamepad       "
B09P2RKRWX,"        Tineco Floor ONE S5 Smart Cordless Wet Dry Vacuum Cleaner and Mop for Hard Floors, Digital Display, Long Run Time, Great for Sticky Messes and Pet Hair, Space-Saving Design, Blue       "
B09P36912T,"        2TB Game Drive, USB 3.0, Built-in 120000+ Games, External Hard Drive Compatible with Mac OS/Linux/Windows XP/7/8/10/11, Portable HDD       "
B09P8C3DFF,"        FullChea -Mullein Leaf Tea Bags, 20 Teabags, 3g/bag For Lungs - Non-GMO - Caffeine-free - Natural Healthy Herbal Tea For Detox & Respiratory Support       "
B09PCX78CJ,"        Chocolate Bar Mold - Non-Stick Chocolate Molds, Food Grade Silicone Deep Chocolate Bar Mold for Dubai Chocolate Bar Pistachio, Candy, Chocolate Snacks, Milk Chocolate Bar       "
B09PDWBC9W,        Batmax High Capacity 2000mAh WUP-010 Replacement Battery for Nintendo Wii U Gamepad WUP-012       
B09PGJD1SP,        Media Remote Control for Xbox One & Xbox Series X|S (Black) - Original Accessories for Better Navigation       
B09PGNZ8H6,        Jay Franco Bluey & Bingo 5 Piece Twin Size Bed Set - Includes Comforter & Sheet Set - Super Soft Kids Bedding Fade Resistant Microfiber (Official Bluey Product)       
B09PH45FFV,"        Video Camera, 1080P 30MP Camcorder IR Night Vision Vlogging Camera for YouTube,3.0"" LCD Screen 18X Digital Zoom Recorder Camera with Remote Control, Microphone, Mini Tripod, 2 Battries, 32GB SD Card       "
B09PH5M29J,"        Schenley Steam Mop Cleaner with Detachable Handheld Steamer for Cleaning Hardwood, Laminate Floor, Tiles and Grout, with 7-in-1 Multi-purpose Accessories and Washable Microfiber Pads       "
B09PHQZYRF,"        Air Fryer Paper Liners, 125PCS Non-stick Disposable Liners, Baking Paper for Air Fryer Oil-proof, Water-proof, Food Grade Parchment for Baking Roasting Microwave (8inch-Square)       "
B09PMJY2G5,"        18 Pack Vacuum Bags for iRobot Roomba i7, i7+, i7Plus, i8, i8+, i3, i3+, i4, i4+, i6, i6+, s9, s9+, s9Plus, i and s Series Clean Base Automatic Dirt Disposal Bags       "
B09PPHDC5N,        Harry's Shaving Kit for Men - Razor Handle and 3 Razor Blade Refill Cartridges - Ember       
B09PQB73JD,"        Digital Fish Scale Hanging Scale Fishing Scale, SKEAP 110lb/50kg Luggage Scale,Fish Weighing Scale, Upgrade Large Handle & Backlit LCD Display, Black,Fishing Gifts for Men,Black       "
B09PR8Q45P,"        Digital Photo Frame 10.1 inch,WiFi Digital Picture Frame,1280x800 IPS Touch Screen 16GB Storage Photo Frame,Auto-Rotate,Wall Mountable,Share Photos or Videos via Uhale APP from Anywhere       "
B09PR9R9SL,"        Kukka Rosemary Oil for Hair - 4 Fl Oz - 100% Pure Natural Rosemary Essential Oil - A Great Addition for Shampoo & Scalp Treatments - Made for Hair Care, Skin, Diffusers, Aromatherapy & DIY Soap Making       "
B09PZL5QTT,"        Clorox Clean-Up Cleaner + Bleach1 Value Pack, Household Essentials, 32 Fl Oz Each, Pack of 3       "
B09Q39ZY44,"        EAST OAK Outdoor Storage Box, 31 Gallon Deck Box Indoor and Outdoor Use, Waterproof Resin Storage Bin for Package Delivery, Patio Cushions, Gardening Tools, Lockable, UV Resistant, Grey       "
B09QCVTS8P,"        Zak Designs Campout and Camping Kelso Tumbler Set, Leak-Proof Screw-On Lid with Straw, Bundle for Kids Includes Plastic and Stainless Steel Cups with Bonus Sipper, 3pc Set, Non-BPA,15 fl oz       "
B09QHJH89D,"        DXKK Rechargeable Batteries for Xbox One/Xbox Series X|S, Battery Pack for Xbox One S/One X/One Elite Controllers Battery, 2x5520mWh Batteries Pack for Xbox Accessories       "
B09QK6NNPN,"        56720 Sure Paws Ice Melter, 20-Pound (2)       "
B09QKF5HMW,"        Saviland Mini Nail Lamp, Quick-Dry Gel Nail Lamp 16W, Portable U V Light for Easy and Fast Nail Extension, U V LED Curing Lamp for Manicure Starters DIY Nail Art       "
B09QKTQ9TB,"        Drinking Glasses with Bamboo Lids and Glass Straw 4pcs Set - 16oz Glass Cups, Iced Coffee Glasses, Cute iced Tea Glasses, Beer Glasses, Ideal for Coffee Bar Accessories, Aesthetic Gift - 2 Brushes       "
B09QNB6TLJ,        Tonies Chris Audio Play Character from Wild Kratts       
B09QPN321B,"        Syntech Hard Carrying Case Compatible with Meta Quest 3S/Quest 3/Oculus Quest 2/VP/Pico4, Accessories VR Headset with Elite Strap, Touch Controllers for Travel Storage (Do Not Fit 3rd-party Headstrap)       "
B09QVC2YGY,"        LocknLock Aqua Fridge Door Water Jug with Handle BPA Free Plastic Pitcher with Flip Top Lid Perfect for Making Teas and Juices, 2 Quarts, Clear       "
B09QW9Z6FX,"        Walkie Talkies for Kids Rechargeable, 48 Hrs Working Time 3 Miles Range 22 Channels 2 Way Radio, Birthday Gifts for Boys Girls,Family Games Outdoor Hiking Camping,3-12 Years Old Toys 3 Pack       "
B09R26C42Q,"        Air Fryer Liners for Ninja Air Fryer, 100 Pcs Air fryer Disposable Paper Liner Air Fryer Accessories for Ninja AF101 Air Fryer Ninja AF150Air Fryer XL Ninja AF161       "
B09R8YVCH8,"        Boppy Organic Original Nursing Pillow, Sand Criss Cross, Ergonomic Nursing Essentials for Bottle and Breastfeeding, Firm Hypoallergenic Fiber Fill with 100% Organic Cotton Pillow Cover       "
B09RN1ZH6L,        Tabletop Fire Pit with Smores Maker Kit Portable Indoor/Outdoor Mini Small Fireplace Table Top Decor Home Patio Balcony Gifts for Women Mom Her Wedding Mother Housewarming Birthday Valentines Day Gift       
B09RNB8VC7,"        Contigo Cortland Chill 2.0 Blueberry Stainless Steel Water Bottle, Vacuum-Insulated, Spill-Proof Lid, 24oz, Ideal for Hot or Cold Drinks, Interchangeable Lid, Perfect for Kids & Adults       "
B09RNC6BB9,"        Contigo SNAPSEAL Insulated Stainless Steel Travel Mug with Grip, 20oz., Blue Corn Transparent Satin & Midnight Berry       "
B09RNFZRWV,"        Hydrapeak 25oz Stainless Steel Vacuum Insulated Thermos Food Jar | Thermos for Hot Food and Cold Food, Wide Mouth Leak-Proof Soup Thermos for Adults, 10 Hours Hot and 16 Hours Cold (Black)       "
B09RPKGVDW,"        COLLECTIVE HOME - Ceramic Jewelry Tray, Decorative Trinket Dish for Rings Earrings Necklaces Bracelet Watch Keys, Birthday Mother's Day Christmas Gift for Women, 4.75"", White Surface (M)       "
B09RSC2JT3,"        Dixie Large Paper Plates, 10 Inch, 204 Count, 2X Stronger*, Microwave-Safe, Soak-Proof, Cut Resistant, Disposable Plates For Everyday Breakfast, Lunch, & Dinner Meals       "
B09RX4HKTD,"        Amazon Fire TV Alexa Voice Remote Pro (newest model) with remote finder, TV controls, and backlit buttons       "
B09S4T74JD,"        Febreze Small Spaces Air Freshener, Odor-Fighting, Plug In Alternative, Air Fresheners for Home and Bathroom and Kitchen, Closet Air Fresheners, Linen & Sky Scent, 4 Count       "
B09S5CJXGS,"        5-in-1 Thick & Plush Baby Play Gym, Baby Play Mats for Floor, Tummy Time Mat with 6 Toys, Cat Bed, Dog Bed, Convertible Stage-Based Developmental from Baby to Toddler, Ball Pit, Pet Cushion Cloudico       "
B09S8PL28K,"        Crib Mattress Protector Sheets Waterproof 2 Pack, Quilted Crib Mattress Pad Cover Fitted Fits for Baby Toddler Bed Mattress, White, 52” x 28”       "
B09SB8MVSX,"        Arjiekwei 3""X4"" Card Sleeves Hard Plastic, Baseball Card Protectors Hard Plastic, Premium Card Sleeves for Trading Cards, Card Holder for Sports Baseball Football Game Cards (100 Hard Sleeves)       "
B09SG1M7R2,"        TILUCK Measuring Cups & Spoons Set, Stackable Cups and Spoons, Nesting Measure Cups with Stainless Steel Handle, Kitchen Gadgets for Cooking & Baking (Black)       "
B09SGDX4KR,"        Keon Plastic Flasks - Reusable Drink Bags, Leak-Proof, BPA-Free for Travel, Outdoor Sports, Concerts, Events (8OZ - 10PCS + 2 Funnels)       "
B09SGK9FWZ,        Harry's Razor Blades for Men - 10 Count - Premium Razor Blade Refill Cartridges       
B09SHJYVGC,"        Jekeno Glow in The Dark Gaming Blanket Gamer Game Controller Throw Gift Toys for Kids Boys Teen Son Adults Gamepad Presents Easter Birthday Christmas Bedroom Decor Luminous Blanket Grey 50""x60""       "
B09SKJ9FPQ,"        LANE LINEN Kitchen Towels Set - Pack of 6 Cotton Dish Towels for Drying Dishes, 18”x 28”, Kitchen Hand Towels, Tea Towels, Premium Dish Towels for Kitchen, Quick Drying Kitchen Towel Set - Beige       "
B09SKN74HP,"        Febreze Plug In Air Freshener, Odor-Fighting Scented Oil Starter Kit, Air Fresheners for Home and Bathroom and Kitchen, Long Lasting for Strong Odors, Gain Original Scent, Warmer + 2 Refill       "
B09SLDPXQ3,"        Hopolon Clear Christmas Lights Set 2PACK 50Count 13Feet Incandescent Bulb Mini String Lights for Indoor Christmas Tree Garland Birthday Wedding Festival Decor, Warm White       "
B09SLRX7V7,"        Tiny Land Train Set 110pcs Wooden Train Set, Toy Train for Boys & Girls with Wooden Train Track, Wooden Toys for 3-7 Years Old Toddlers & Kids, Railway Set Christmas Toys for Kids       "
B09SLVTB1L,"        Elementi Fermentation Weight Set of 2 - Easy to Use Glass Fermenting Weights, Perfect Fit for Wide Mouth Mason Jars, Highly Durable Soda-Lime Glass Fermentation Kit for Sauerkraut, Kimchi & More       "
B09SRY5HYM,"        Caraway Nonstick Ceramic Frying Pan (2.7 qt, 10.5"") - Non Toxic, PTFE & PFOA Free - Oven Safe & Compatible with All Stovetops (Gas, Electric & Induction) - Cream       "
B09SW51FM2,"        Outsunny Folding Chaise Lounge Pool Chair, Patio Sun Tanning Chair, Outdoor Lounge Chair with 4-Position Reclining Back, Breathable Mesh Seat for Beach, Yard, Patio, Purple       "
B09SYYRBVP,"        kelamayi Upgrade Broom and Dustpan Set, Self-Cleaning with Dustpan Teeth, Indoor&Outdoor Sweeping, Ideal for Dog Cat Pets Home Use, Stand Up Broom and Dustpan (Gray&Orange)       "
B09T3SZ79V,        Safer Home SH503 Indoor Plug-In Fly Trap Refill Pack of Glue Cards for SH502 Indoor Fly Trap – 3 Count (Pack of 1)       
B09T6QFR2J,        RUBFAC 129pcs Metallic Gold Balloons Latex Balloons Different Sizes 18 12 10 5 Inch Party Balloon Arch Kit for Party Graduation Wedding Holiday Happy Birthday Balloon Decoration       
B09T6T23DH,"        Juicer Machines, Juilist 3"" Wide Mouth Juicer Extractor Max Power 800W, for Vegetable and Fruit with 3-Speed Setting, 400W Motor, Easy to Clean       "
B09TB23QKJ,"        Mecity Electric Kettle Gooseneck Pour Over Kettle ±1℉ Temperature Control Quick Heating Water Boiler for Coffee & Tea & Formula Auto Shut Off Tea Kettle 1200 Watt, 0.8L, Matt Black, Barista Edition       "
B09TD2PLM5,        2-Year Protection Plan for Echo Pop (2023 release)       
B09TDKXPQZ,"        YETI Rambler 10 oz Tumbler, Stainless Steel, Vacuum Insulated with MagSlider Lid, White       "
B09TDP1HCV,"        Fuwidvia 3 Pack Airplane Launcher Toys, 13.2'' LED Foam Glider Catapult Plane Toy for Boys, 2 Flight Modes Outdoor Flying Toys Birthday Gifts for Boys Girls 4 5 6 7 8 9 10 11 12 Year Old       "
B09TG8QP2Z,"        The Original Stuffed Animal Storage (Patented) - Over Door Organizer for Stuffies, Baby Ideas Holder, Toy Plush Storage/Hammock Hanging Storage Net Big Girls Toddler Large Bag Animals Stuffy Behind       "
B09TGK27VQ,"        NuPro Clear Screen Protector for Amazon Fire 7 Tablet (12th generation, 2022 release), 2-pack       "
B09TP8MDMS,"        Nialnant 6 Pack Kitchen Towels and Dishcloths Sets,100% Cotton Soft Absorbent Quick Drying Dish Towels for Kitchen,Washing Dishes,12x12 Inches, Multi Color       "
B09TR4KQ81,"        Ordro EP8 4K Head-Mounted Video Camera, Ultra HD 4K 60FPS Camcorder Vlog Hands Free Wearable Camera, Has 2-Axis Gimbal Video Stabilizer, Wi-Fi APP, Auto Focus with Remote Control，64G Micro Card       "
B09TRLL836,"        Flamingo Razors for Women, 1 Women's Razor Handle Rose), 4 Razor Five-Blade Refills, and 1 Shower Holder       "
B09TRM97WJ,        FLAMINGO Women's Razor 5-Blade Refills - Razors for Women - 10ct       
B09TS823DB,        Flamaker Resin Deck Box 120 Gallon Waterproof Large Deck Boxes Plus Outdoor Indoor Storage Box Imitation Wood Resin for Patio Furniture Garden Tools and Pool (Black)       
B09TSKDKCL,"        Govee Smart Electric Kettle, WiFi Variable Temperature Gooseneck Pour Over Kettle and Tea Kettle, Alexa Control, 1200W Quick Heating, 100% Stainless Steel, 0.8L, Matte Black       "
B09TSZTMZ2,"        Dehumidifier,TABYIK 35 OZ Small Dehumidifiers for Room for Home, Quiet with Auto Shut Off, Dehumidifiers for Bedroom (280 sq. ft), Bathroom, RV, Closet       "
B09V1RMFTP,"        Victoria's Secret Pure Seduction Body Mist, Spray for Women (8.4 oz)       "
B09V4RSQSY,        Tiny Hands for Fingers 10 Pcs Tiny Hands (Middle Finger Sign) Premium Rubber Little Tiny Finger Hands Cute Mini Hand Puppet Finger Puppets       
B09V5NPHP3,"        Bissell CleanView Compact Upright Vacuum, Fits in Dorm Rooms & Apartments, Lightweight with Powerful Suction and Removable Extension Wand, 3508       "
B09VB142KQ,"        Baby Gym Play Mats Baby Toys Tummy Time Mat Toys Musical Activity Center for Newborn Infant Toys Piano Baby Play Mat Music & Light Newborn Infant Gifts for Baby Toys 0-3 6 9 12 Months, Dinosaur Style       "
B09VC2TWQ8,"        Kuject X-Large Shoe Storage Boxes Organizers Clear Plastic Stackable 12 Pack, Shoe Rack & Holder Substitute, Sneaker Containers, Toy Storage Organizer Bins for Entryway, Closet, Under Bed, Black       "
B09VFL4KJQ,"        YITAHOME 30 Gallon Deck Box Outdoor Storage Box, Waterproof Resin Package Delivery and Storage Box with Lockable Lid for Patio Furniture Cushions, Pool Accessories, Garden Tools, Brown       "
B09VFLHLV9,"        YITAHOME 30 Gallon Deck Box Outdoor Storage Box, Waterproof Resin Package Delivery and Storage Box with Lockable Lid for Patio Furniture Cushions, Pool Accessories, Garden Tools, Black       "
B09VFPTK7N,"        Wipes Dispenser, Wipe Holder for Baby & Adult, Seposeve Refillable Wipe Container, Keeps Wipes Clean. Non-Slip, Easy Pull Wipes Pouch Case, (Grey)       "
B09VGNWDLS,"        Hard Carrying Case for Oculus Meta Quest 3S/Qust 3/Quest 2/Vision Pro, Elite Strap Version/KIWI/BOBOVR Head Strap, VR Headset and Touch Controller Accessories, Full Protection for Travel/Home Storage       "
B09VLJJPL6,        Balloon Pump Handheld Two-Way Dual Action - Hand Blower Air Pumper for Balloons - Ballon Inflator Pumping - Manual Baloon Inflators Machine (Green 1 Piece)       
B09VN62HF3,        Azzaro The Most Wanted Parfum - Intense Mens Cologne - Spicy & Seductive Fragrance for Date Night - Lasting Wear - Irresistible Luxury Perfumes for Men       
B09VNXPFJS,"        Stainless Steel Ice Pick, 9 inch Pick Tool with Safety Cover, Non-slip Wooden Handle Pick for Bars, Kitchen, Bartender Breaking Ice (9 inch, Wood Color)       "
B09VPLLPMB,"        Siva Lavender Essential Oil 4 Fl Oz with Glass Dropper – 100% Pure, Natural, Undiluted & Therapeutic Grade, Amazing for Skin & Hair Care, Diffuser, Aromatherapy, Massage, DIY Soaps & Candles       "
B09VV5LJS1,"        Xbox Core Wireless Gaming Controller – Deep Pink Series X|S, One, Windows PC, Android, and iOS       "
B09VW68TFX,"        1 Inch Bromine Tablets, 4 lbs. LK04       "
B09VZ11WHK,"        Refrigerator Deodorizer,Lasts for 10 Years,Refrigerator Odor Eliminator,Fridge Deodorizer,More Effective Than Baking Soda Bamboo Air Purifying Bags       "
B09W1WL9T8,"        Solar Outdoor Lights, 10 Pack Waterproof Stainless Steel Solar Stake Lights for Pathway Garden Yard Path Walkway Driveway Lawn Patio Outside Decor, Cool White       "
B09W21XFS5,"        LEVOIT Humidifiers for Bedroom, Quiet (3L Water Tank) Cool Mist Top Fill Essential Oil Diffuser with 25Watt for Home Large Room, 360° Nozzle, Rapid Ultrasonic Humidification for Baby Nursery and Plant       "
B09W2SNKHS,"        Amazon Brand - Mama Bear Overnight Disposable Baby Diapers, Hypoallergenic, Size 6 (54 count), Night Time Protection, White       "
B09W3PFM4X,"        Brew Glitter - Rose Gold Pearl Rimming Sugar (4oz, 1x Bar Tin) Sweet Cocktail Garnish for Mixed Drinks & Refreshments       "
B09W5SFK6L,"        Powrun P-ONE Jump Starter, 2000A Portable Jump Box - Car Jump Starter Battery Pack for up to 8.0L Gas and 6.5L Diesel Engines, 12V Battery Jump Starter with Carry Case (Orange)       "
B09WDMMMNR,"        12"" Clear Wreath-Hanger Non Scratch Over The Door Hooks,2 Pack Wreath-Door-Hanger Easter Halloween Christmas Decoration,Welcome Sign for Front Door Décor Inside Outside,Slim Hangers Organizer for Home       "
B09WGTL3Z6,"        Folkmanis Tuxedo Kitten Hand Puppet, Black; White       "
B09WH4B5Z4,"        Easy-Going Pyramid Torch Patio Heater Cover with Zipper and Storage Bag, Waterproof Outdoor Heater Cover Dustproof, UV-Resisant, Wind-Resistant (90""H x 23""L x 23""W, Black)       "
B09WJBLRDT,        RYOBI Electric Pressure Washer RY142022 2000 PSI 1.2 GPM Cold Wate (Renewed)       
B09WJGT4JM,"        SABRE Defense Spray, 3-in-1 Formula Contains Max Strength Pepper Spray, CS Military Tear Gas & UV Marking Dye, Quick Release Key Ring for Easy Carry, Finger Grip for More Accurate Aim, 0.54 fl oz       "
B09WKB7M4W,"        200 Pcs Cocktail Picks, 4.7 Inch Toothpicks for Appetizers, Bamboo Cocktail Sticks Skewers for Drinks, Desserts, Charcuterie, Wedding Party Fancy Toothpicks, Gold Pearl Mini Food Picks Decorative       "
B09WNK39JN,"        Amazon Echo Pop (newest model), Our smallest Alexa speaker, Fits in any room, Charcoal       "
B09WR8VQV4,"        GRSSDER Nursing Pillow Cover Stretchy Minky Removable Nursing Covers for Breastfeeding Pillows, Ultra Soft Comfortable Slipcover for Boy and Girls, Stylish Watercolor Forest Deer and Leaves       "
B09WVXWNRZ,"        Solo Stove Bonfire Heat Deflector - Enhance Warmth and Comfort for Your Fire Pit - Durable 304 Stainless Steel - Maximizes Heat Radius - Long-Lasting Camping Essentials, 7 lbs       "
B09WW36SXT,        Autograph Warehouse 377367 8 x 10 in. Billy Crudup Autographed Photo Image No. SC4       
B09WWLDGDQ,"        Kate's Garden Plant Spray for Insects & Getting Rid of Gnats. Fungus Gnat Killer & Bug Spray for Indoor Plants (16oz, Pet Safe, Non Toxic)       "
B09WX7FZ4C,"        Ello Devon 18oz Glass Tumbler with Straw, Friction Fit Bamboo Wood Lid and Silicone Sleeve | Perfect for Iced Coffee, Tea, Matcha and Smoothies       "
B09X1XN3FZ,"        Aura Digital Picture Frame - 10.1"" HD Display | Wirecutter's Best Digital Frame for Gifting - Send Photos Directly from Your Phone from Anywhere | Quick & Easy Setup Over WiFi - Free Aura App | Black       "
B09X2G9W5P,        Garden Hose Nozzle Sprayer: 2 Pack 10 Watering Patterns Spray Nozzles Heavy Duty Hose Head Hose Attachment       
B09X7C7LL1,"        SanDisk 64GB Extreme microSDXC UHS-I Memory Card with Adapter - Up to 170MB/s, C10, U3, V30, 4K, 5K, A2, Micro SD Card - SDSQXAH-064G-GN6MA       "
B09X7DMBVF,"        SanDisk 256GB Extreme Pro Durable, Captures 4K UHD Video, 200MB/s Read and 140MB/s Write microSD UHS-I Card for Recording Outdoor Adventures and Weekend Trips       "
B09X7DQJQL,"        SanDisk Extreme PRO microSDXC UHS-I Memory Card 512 GB + Adapter & RescuePRO Deluxe (for Smartphones, Action Cameras or Drones, A2, Class 10, V30, U3, 200 MB/s Transfer)       "
B09X7MPX8L,"        SanDisk 1TB Extreme microSDXC UHS-I Memory Card with Adapter - Up to 190MB/s, C10, U3, V30, 4K, 5K, A2, Micro SD Card- SDSQXAV-1T00-GN6MA, Gold/Red       "
B09X9SRW72,"        Xahpower USB Sensor Bar for Wii, Replacement Wired Infrared Ray Sensor Bar for Nintendo Wii and Wii U Console       "
B09XBTPXD1,"        Bloom Nutrition Milk Frother, Hand Mixer, Electric, Handheld Drink Stirrer, Frothing Wand, Foam Maker for Coffee, Matcha, Protein, Greens, Stainless Steel, Battery Operated, Includes Whisk Stand       "
B09XDHV2B5,"        13oz/400ml Tumbler Water Glass, Cups with Straw and Lid Sealed Carry on for Coffee, Iced Tea, Thick Wall Insulated Glass Cup (Amber)…       "
B09XDXX6GM,"        JEAREY 9FT Outdoor Patio Umbrella Outdoor Table Umbrella with Push Button Tilt and Crank, Market Umbrella 8 Sturdy Ribs UV Protection Waterproof for Garden, Deck, Backyard, Pool (Beige)       "
B09XF248DN,        Sealegend Dryer Vent Cleaner Kit Compatible with Dyson Dryer Lint Vacuum Attachment for Dyson V7 V8 V10 V11 V12 V15 etc Cordless Vacuum Cleaner Removes Deep Lint       
B09XGDZQNG,"        BNX TruFilter 20x25x1 Air Filter MERV 13 (6-Pack) - MADE IN USA - Electrostatic Pleated Air Conditioner HVAC AC Furnace Filters for Allergies, Pollen, Mold, Bacteria, Smoke, Allergen, MPR 1900 FPR 10       "
B09XH2PPHY,"        Patio Furniture Covers, Outdoor Furniture Cover Waterproof, General Purpose, Outside Table and Chair Covers, Heavy Duty 600D (108 Inch L x 82 Inch W x 27.9 Inch H)       "
B09XJJTJR9,"        Dr. Brown's HappyPaci 100% Silicone Baby Pacifier, Contoured One-Piece Design, White, Pink, Light Pink, 0-6m, BPA-Free, 3 Pack       "
B09XK3PNFN,"        [4 Pack] Switch Leg Strap for Nintendo Switch Sports, TGDPLUE Switch Soccer Leg Straps Compatible with Switch Sports/Ring Fit Adventure, Four Size Adjustbale Elastic Strap for Adults & Children       "
B09XR2MTHK,"        Lexar E-Series 128GB Micro SD Card 2 Pack, microSDXC UHS-I Flash Memory Card with Adapter, 100MB/s, C10, U3, A1, V30, Full HD, 4K UHD, High Speed TF Card       "
B09XTWMVYZ,"        JtmyAota 100 Pack Fruit Toothpicks, Heart-Shaped Bamboo Cocktail Picks, Natural Bamboo Toothpicks for Appetizers Fruit Cake Dessert Barbecue Snacks Sandwiches (Pink)       "
B09XWCTK7T,"        500 Counts Black Card Sleeves, Matte Card Sleeves Deck Card Protectors, Trading Card Sleeves Fit for MTG, Baseball Cards, Sports Cards, Game Cards       "
B09XWD8DL8,"        600 Counts Card Sleeves, Clear Baseball Card Sleeves, Soft Trading Cards Sleeves, Plastic Card Protector for Standard Cards Fit for MTG, TCG, Baseball Cards, Football Cards, Game Cards       "
B09XWNMVV1,"        10.1 Inch Digital Picture Frame with 32GB USB Flash Drive, KECAG 1920x1080 HD IPS Screen Digital Photo Frame, Motion Sensor, Video, Music, Share Moments via SD Card or USB, with Remote Control       "
B09XWPBFGN,"        PartyWoo Red Balloons, 85 pcs Matte Red Balloons Different Sizes Pack of 18 Inch 12 Inch 10 Inch 5 Inch Red Latex Balloons for Balloon Garland or Balloon Arch as Birthday Party Decorations, Red-Y57       "
B09Y25BY8G,"        HexClad Hybrid Nonstick 10-Inch Fry Pan with Tempered Glass Lid, Stay-Cool Handle, Dishwasher and Oven Safe, Induction Ready, Compatible with All Cooktops       "
B09Y27WK1J,        YouTheFan NCAA Classic Series Playing Cards       
B09Y3826N9,        SAVILAND U V Light for Nails: Handheld Gel X Lamp for Gel Nails Flash Cure Lamp for Gel Nails LED Nail Lamp Portable Mini Nail Dryer Gel Polish Nail Glue Gel USB Flashlight Home DIY Manicure Nail Art       
B09Y5VSTQ8,"        Wii Controller 2 Pack, Wii Remote Controller, with Silicone Case and Wrist Strap, Remote Controller for Wii/Wii U, White       "
B09Y69PCDQ,        Kindle Scribe Pen Replacement Tips       
B09Y7CS3HC,"        Made for Amazon Clear Case and Glass Screen Protector, for Kindle (2022 Release)       "
B09Y8C185M,"        TP-Link Tapo 2K Pan/Tilt Security Camera for Baby Monitor, Dog Camera w/Motion Detection, 2-Way Audio, Siren, Night Vision, Cloud & SD Card Storage, Works with Alexa & Google Home, 2-Pack (C210P2)       "
B09YCV948B,"        100 Pack USA American Flag US Toothpick Flags, Cocktail Picks Mini Stick Cupcake Toppers Country Picks Party Decoration Celebration Cocktail Food Bar Cake Flags (American)       "
B09YD4221P,"        TONULAX Solar Garden Lights - New Upgraded Solar Swaying Light, Sway by Wind, Solar Outdoor Lights, Yard Patio Pathway Decoration, High Flexibility Iron Wire & Heavy Bulb Base, Warm White(2 Pack)       "
B09YDP7YFD,"        US Acrylic Newport 20 ounce Unbreakable Plastic Stackable Water Tumblers in Grey Stone | Set of 12 Drinking Cups | Reusable, BPA-free, Made in the USA, Top-rack Dishwasher and Microwave Safe       "
B09YHFCRLM,"        Cooling Fan for Xbox Series X Mviioe Xbox Series X Cooling Stand with LED Indicator, Extra Big Turbo Fan, USB 2.0 Ports, Dust Cover Filters (Only Compatible with Xbox Series x)       "
B09YLWCBH9,"        200 PCS Cocktail Picks, 4.7 Inch Toothpicks for Appetizers, Natural Bamboo Knot Skewers, Mini Food Sticks, Fancy Tooth Picks for Drinks,Fruit,Charcuterie,Cocktail Garnish Accessories, Party Supplies       "
B09YRC9SXW,"        ComSaf Mini Mason Jars 4oz - 8 Pack, Regular Mouth Mason Jar with Lids and Seal Bands, Small Glass Canning Jar for Spice, Jam, Honey, Jelly, Dessert, Shower Wedding Favors, DIY Candles Decor       "
B09YTHWCPZ,"        Boppy Pregnancy Pillow Wedge with Cover, Taupe, Belly Support Maternity Wedge, Firm Wedge Pillow from Line of Pregnancy Pillows for Sleeping       "
B09YTKLBR8,        BRILLMAX 6 Pack White Round Tablecloths 120 Inch - Circle Bulk Linen Polyester Fabric Washable Table Cloth Cover for Wedding Reception Banquet Birthday Party Buffet Restaurant       
B09YV61314,"        LARAH Color Fidget Pen Toy, Sensory Tool EDC Fidgeting Game for Adults, Cool Gadget Best for Stress and Anxiety Relief and Kill Time,Novelty Gifts for Teen and Adults       "
B09YXJ29ZS,        Homienly Drinking Glasses Premium Wheat Straw Unbreakable Cups - Set of 6 Alternative to Plastic Cups Reusable Unbreakable Drinking Cup Reusable Dishwasher Safe Water Glasses Tumblers (12 OZ)       
B09YXL6LPX,"        TYZZHOA 25PCS Anime [OP] Wanted Posters 30×21cm, New Bounty Edition, Straw Hat Pirates Crew Nika Luffy 3 Billion, Zoro, Sanji, [OP] Anime Gifts(Retro)       "
B09YXPRQWW,        Mosalogic Flying Insect Trap Plug-in Mosquito Killer Indoor Gnat Moth Catcher Fly Tapper with Night Light UV Attractant Catcher for Home Office White-1PACK       
B09YXQYRT6,"        14 Pcs Tiny Finger Hands,Premium Rubber Mini Tiny Finger Hands,Flat Hand Style Mini Hand Finger Puppets for Puppet Show,Gag Performance,Party Favors       "
B09YXXSG4X,"        SUPERUS Head Strap for Meta Quest 2 VR - Elite Strap Replacement with Adjustable Hinge - Enhanced Comfort, Reduces Head Pressure - VR Accessories for Quest 2       "
B09YXZ4L8T,"        DEWALT 20V Vacuum, Cordless Handheld Vacuum, HEPA, Battery Not Included (DCV501HB)       "
B09YYJ58R6,"        ETENWOLF Pencil Tire Pressure Gauge 2 Pack (10-50PSI, 20-120PSI) with 16 Tire Caps Calibrated to ANSI B40.1 Grade B(2%), Stainless Steel Body, for Cars, Pickups, RVs, Bicycles       "
B09Z1YCBN3,"        10Pcs Finger Puppets Set - Soft Plush Animals Finger Puppet Toys for Kids, Mini Plush Figures Toy Assortment for Boys & Girls, Party Favors for Shows, Playtime, Schools       "
B09Z25C49T,"        Saqico Battery Pack for Oculus Quest 2, 5000mAh Head Strap Battery Pack Compatible with Oculus/Meta Quest 2 Lightweight and Portable VR Extend Power Accessories for Extra 2-4H Playtime       "
B09Z2B2LRX,"        MENEEA Cooling Fan Dust Proof for Xbox Series X Console with Colorful Light Strip,MENEEA Dust Cover Filter,Rubber Dust Plugs,Low Noise Top Fan with 3 Gears,Cooler&Light Independent Touch Switch, 2 USB Port       "
B09Z48TGPH,        Echo Show 5 (3rd Gen) Adjustable Stand with USB-C Charging Port | Charcoal       
B09Z65MVY5,"        Knife Set, HUNTER.DUAL 15 Pcs Kitchen Knife Set with Block Self Sharpening, Dishwasher Safe, Anti-slip Handle, Black       "
B09Z6C3RZY,"        PartyWoo Red Balloons, 50 pcs 5 Inch Matte Red Balloons, Red Latex Balloons for Balloon Garland or Balloon Arch as Birthday Party Decorations, Wedding Decorations, Baby Shower Decorations, Red-Y57       "
B09Z7L79K6,"        LuSeren Hair Clips for Women 4.3 Inch Large Hair Claw Clips for Women Thin Thick Curly Hair, Big Matte Banana Clips,Strong Hold jaw clips,Neutral Colors       "
B09Z7VXPL3,"        Ailun Air Fryer Paper Liners 8inch, 100PCS Non-Stick Parchment Paper,Oil Resistant,Disposable Food Grade Free of Bleach Paper Round for 5-8 QT Air Fryer Baking Roasting Microwave       "
B09ZKRXT8M,"        Pafusen 12 Pack Liquor Pour Spout, Pour Spouts for Bottles, Liquor Bottle Pourers for Alcohol, Olive Oil, Liquor Pourers with Dust Caps, Speed Pourers, Bar Bartender Accessories       "
B09ZKRZKRD,"        BJPKPK Half Gallon Insulated Water Bottles with Straw Lid, 64oz Large Water Jug, Stainless Steel Bottles with 3 Lids and Paracord Handle, Thermos for Hot & Cold Liquid, Gray       "
B09ZLT4FZJ,"        Pyrex Deep 9x13-Inch Glass Baking Dish with Lid, Deep Casserole Dish, Glass Food Container, Oven, Freezer and Microwave Safe, Clear Container       "
B09ZLTMWWH,        INSIGNIA 32-inch Class F20 Series Smart HD 720p Fire TV with Alexa Voice Remote (NS-32F201NA23)       
B09ZLVQJXV,"        Mira Fertility MAX Wands, Ovulation Test Strips for Women, Monitor and Detect Ovulation at Home, Track PdG, LH and E3G, Use with The Digital Mira Fertility Monitor Kit + App, 20 Tests       "
B09ZQC3J4P,"        Family Hand Puppets,Puppets for Kids Role Paly Family Members 13.4 INCH Multi-Ethnic Puppets Plush Soft Hand Puppets Family Puppets Story Toys, Puppets for Girls Boys Finger Puppets Puppet Set Gifts       "
B09ZV46CWR,"        Football Birthday Party Supplies Disposable Paper Cocktail Napkins for Tailgate Party Decorations, Assorted 40 Pack Football Field Design and 40 Pack of football Pattern, Total 80 Pack       "
B09ZWKD9TF,"        SteelSeries Arctis Nova Pro Wireless Xbox Multi-System Gaming Headset - Premium Hi-Fi Drivers - Active Noise Cancellation Infinity Power System - Stealth Mic - Xbox, PC, PS5, PS4, Switch, Mobile       "
B09ZX1LRXX,"        Amazon Echo Pop (newest model), Our smallest Alexa speaker, Fits in any room, Midnight Teal       "
B09ZXJDSL5,"        Amazon Echo Pop (newest model), Our smallest Alexa speaker, Fits in any room, Lavender Bloom       "
B09ZXLRRHY,"        Amazon Echo Pop (newest model), Our smallest Alexa speaker, Fits in any room, Glacier White       "
B09ZXSWTJQ,"        Jump Starter 3000A Peak Jump Starter Battery Pack, 12V Jump Box for Car Battery up to 10L Gas or 8L Diesel Engine Battery Jump Starter with Power Bank/Dual Output/LED Light (3000A)       "
B09ZXW32CK,"        Cooling Rack for Baking 2-Pack, 16x10 Inches Baking Rack, Thick Wire Cookie Rack for Cooking, Roasting, Grilling, Drying, Oven Safe, Fits Half Sheet Pan, Silver       "
B09ZY2K5KB,"        Hair Steamer for Natural Hair Home Use w/10-level Heats Up Quickly, Heat Cap for Deep Conditioning - Thermal Heat Cap for Black Hair, Great for Deep Conditioner (Black)       "
B09ZYFV1GD,"        tomtoc Carrying Case for Steam Deck/Steam Deck OLED/ASUS ROG Ally X, Storage Portable Bag, Protective Shoulder Bag with Pockets Fit Console, AC Adapter, Dock, Lightweight Bag for Daily Use, Travel       "
B09ZYTWQ91,"        Gasoline Siphon Hose Pump, Hand Fuel Transfer Pump, High Flow Gas Siphon Pump for water Gasoline Oil Petrol Diesel, Manual Fuel Pump with 2 Premium PVC Hoses       "
B0B12PX768,        Funko Pop! NBA: Los Angeles Lakers - Lebron James       
B0B137XXXC,"        BELLA 2 Slice Toaster with Auto Shut Off - Extra Wide Slots & Removable Crumb Tray and Cancel, Defrost & Reheat Function - Toast Bread, Bagel & Waffle, Aqua       "
B0B15LHF3K,"        KODAK PIXPRO FZ55-RD 16MP Digital Camera 5X Optical Zoom 28mm Wide Angle 1080P Full HD Video 2.7"" LCD Vlogging Camera (Red) Packaging May Vary       "
B0B17JC9ZN,"        Mckanti 8 Pcs Drink Coasters with Holder, 4 Colors Absorbent Coasters for Drinks, Minimalist Cotton Woven Coaster Set for Home Decor Tabletop Protection Suitable for Kinds of Cups, 4.3 Inches.       "
B0B17ZBY2Q,"        SENSARTE Nonstick Grill Pan for Stove Tops, Versatile Griddle with Pour Spouts, Square Big Cooking Surface, Durable Skillet Indoor & Outdoor Grilling. PFOA Free, 9.5 Inch       "
B0B198XD6X,"        All-new Blink Sync Module XR — System hub for all Blink devices, go up to 400 feet from your home with extended range for Outdoor 4       "
B0B1CTCJL3,        OreilleStar Anxiety Ring for Women Spinner Ring Fidget Thumb Rings Gold Stainless Steel Band Moon Star Fidget Toys Adults       
B0B1HHW5JK,"        20 PCS Cute Finger Puppets Toys,Monster Stretchy Finger Puppets Fidget Toys,Soft Rubber Finger Doll Toys for Role Playing,Party,Christmas       "
B0B1KVPCNX,"        Joystick Replacement Kit for Oculus Quest 2 Controller, Repair Kit for Meta Quest 2 Controller, Include 2 Joysticks, T5 Screwdriver, Tweezer, Pry Tool, 4 Thumbstick Grips (Black-11-in one)       "
B0B1LB15CH,"        FROG @Ease Mineral Cartridge + SmartChlor Cartridges for Marquis, Caldera, Artesian & Hot Springs Spas - Hot Tub Sanitizer, CYA Free, for up to 600 Gallons       "
B0B1MV98JW,"        DEWALT Biodegradable Chainsaw Oil – High Performance, Non Toxic Professional Lubricant – Green, Eco-Friendly, Ultraclean, All Season Bar & Chain Lube, 16 oz       "
B0B1N4LM4J,"        Blink Outdoor 4 (newest model), Wire-free smart security camera, two-year battery life, two-way audio, HD live view, enhanced motion detection, Works with Alexa – 5 camera system       "
B0B1N5FK48,"        Blink Outdoor 4 (newest model), Wire-free smart security camera, two-year battery life, two-way audio, HD live view, enhanced motion detection, Works with Alexa – 3 camera system       "
B0B1N7LJD3,"        Blink Outdoor 4 (newest model), Wire-free HD smart security camera, two-year battery life, enhanced motion detection, Works with Alexa – Add-on camera (Sync Module required)       "
B0B1SCDK6N,        OM System OLYMPUS OM-D E-M10 Mark IV Silver Camera Body & Olympus M.Zuiko Digital 14-42mm F3.5-5.6 II R Lens Silver       
B0B1TPBS83,"        Smlpuame 40 inch Number Balloon 0-9 Gold Large Number 1 Balloons,Digital Balloons for Birthday Party Celebration Decorations Supplies, Helium Foil Number Balloons for Wedding Anniversary       "
B0B1W9B4PN,"        BOBOVR Twin Charger Station/Dock for B2 Battery Pack,Ultra-Thin Design, Magnetically Supply Power to 2 B2 Battery Packs at The Same Time       "
B0B1WTLSRG,"        2 in 1, Aidacom Microwave Place Mat & Food Cover- Mat as Bowl Holder, for Splatter Guard, Multi-use: Silicone Trivet, Pot Holders, Drying, Baking, Utensils Rest for Kitchen Counter, Grey       "
B0B1YCWWSW,"        100 Count 6 INCH White Paper Lollipop Sticks,Cake Pop Sticks,Sucker Sticks for Cookies,Rainbow Candy,Chocolate,Cake Topper(Dia 4mm)       "
B0B1ZHXFF4,"        ZELUS Weighted Vest, 6lb/8lb/12lb/16lb/20lb/25lb/30lb Weight Vest with Reflective Stripe for Workout, Strength Training, Running, Fitness, Muscle Building, Weight Loss, Weightlifting       "
B0B24BZYMQ,"        Burger Press 7.08"" Round & 8.3”X4.3”Rectangle Heavy-Duty Cast Iron Smash Meat Steak With Wood Handle for Blackstone Camp chef Pitboss Weber Treager Griddle Grills (Round & Rectangle)       "
B0B27WGC8Q,        FEXIA Boho Table Runner for Christmas Home Decor with Tassels 72 Inches Long Farmhouse Rustic Table Runner Macrame Burlap Table Decoration for Living Room Bridal Shower(12x72 Inches)       
B0B28TFRGN,"        Kytok Headset Stand 4 Tiers with Cable Organizer for Desk, Controller Stand Compatible with PS5/Xbox/Nintendo Switch/PS Portal/PS4, Headset Holder & Controller Holder for 8 Packs Controller       "
B0B29MFN94,"        Simple Modern Water Bottle with Straw and Chug Lid Vacuum Insulated Stainless Steel Metal Thermos Bottles | Reusable Leak Proof BPA-Free Flask for Sports | Summit Collection | 32oz, Almond Birch       "
B0B2DFX3PB,"        Head Strap for Oculus Quest 2/3/3s, 3-in-1 Adjustable Halo Headband, Replacement for Elite Strap, Enhanced Comfort Gaming Immersion VR Accessories Compatible with Oculus/Meta Quest 2/3/3s       "
B0B2J5FN4T,        Bonnet Hair Dryer Attachment: Upgraded Extra Large Hooded Hair Dryer Adjustable Soft Blow Dryer Caps - Easy to Use for Natural Curly Textured Hair Care Styling Fast Drying       
B0B2K47S1T,"        CAROTE Pots and Pans Set Non Stick, Cookware Sets, Kitchen Set, Oven/Fridge Safe, Space Saving Pots Set, Nonstick Cooking Set with Versatile Detachable Handle, Induction RV Set, Cream White       "
B0B2KRJ64G,"        American Greetings Football Party Supplies, Football Dessert Plates (36-Count)       "
B0B2NNNJXR,"        Jar Opener for Weak Hands, Seniors with Arthritis, 5 in 1 Multi Function Bottle Opener Lid Opener For Arthritic Hands with Non Slip Rubber Jar opener Gripper Pad       "
B0B2P4P2R4,        Socomi Pink Easter Cheesecloth Table Runner Boho Rustic Gauze Dusty Pink Spring 120 inch 10FT Cheese Cloth Runner for Wedding Party Baby Shower Birthday Home Decor       
B0B2PBYG24,        AR-PRO (2-Pack) Replacement Snow Plow Skid Shoes - Replaces Part ATV UTV Polaris K-Plow Nos 2205071 and 2208864 - Hardened Steel Snow Plow Non-Slip Base - with Quick-Release Cotter Pins       
B0B2Q7N54S,"        Speed-Boil Electric Kettle For Coffee & Tea - 1.7L Water Boiler 1500W, Borosilicate Glass, Easy Clean Wide Opening, Auto Shut-Off, Cool Touch Handle, LED Light. 360° Rotation, Boil Dry Protection       "
B0B2RC15TS,"        Mckanti 8 Pcs Drink Coasters with Holder, Minimalist Cotton Woven 4 Colors Absorbent Coaster Set for Home Decor Tabletop Protection Suitable for Kinds of Cups, 4.3 Inches.(NO.2)       "
B0B2RMWJ75,        SAVILAND Cuticle Remover and Cuticle Oil Kit – Nail Care Kit with Cuticle Remover Liquid & 1.01 oz Cuticle Oil Cuticle Trimmer for Cuticle Softener & Moisturize Manicure Kit for Home Use       
B0B2TR278K,        Simple Modern Travel Coffee Mug Tumbler with Flip Lid | Reusable Insulated Stainless Steel Cold Brew Iced Coffee Cup Thermos | Gifts for Women Men Him Her | Voyager Collection | 16oz | Almond Birch       
B0B2ZG8LBV,        EZshoot Bore Sight Laser 9mm/ 223 5.56mm/ 30-06/25-06/270 /300BLK 7.62x35mm/ 6.5CM Cal Red Laser Boresighter with Extra Batteries       
B0B2ZTZZ3F,"        Buffbee Sound Machine & Alarm Clock 2-in-1, 18 Soothing Sound, 7 Night Light, Sleep Timer, Precise 30-Level Volume Control White Noise Machine       "
B0B31XZ3LN,        YouTheFan NFL Fan Cave Sign       
B0B34RZJ3C,"        nutty toys Parachute Toys for Kids - Tangle Free Outdoor Flying Parachute Men, Top Indoor & Outside for 3 4 5 6 7 8 9 10 11 12 Year Old, Best Present Idea 2025, Unique Boy & Girl Easter Gifts       "
B0B3CPC3KV,"        Hello Bello Extra Gentle Unscented Baby Wipes, Plant Based, Made with 99% Water and Aloe for Babies and Kids, 720 Count       "
B0B3HX3RJZ,"        Favoyard Patio Chair Cushions 19 x 19 x 3 Inch Waterproof Outdoor Seat Cushions for Patio Furniture 3-Year Color Fastness Garden Sofa Couch Pads with Handle & Adjustable Straps Set of 2, Blue       "
B0B3JTJFXK,"        AOSU Security Cameras Wireless Outdoor Home System, True 2K HD Night Vision, No Subscription, 240-Day Battery Life, 166° Wide View, Spotlight & Siren Alarm, Motion Alert, Support 2.4G & 5G WiFi Router       "
B0B3LVT3CD,"        Seesii Mini Chainsaw Cordless 6-inch, Handheld Electric Power Chain Saw with 2 Batteries, for Tree Trimming Wood Cutting, Best Gifts for Dad, Husband       "
B0B3MKG5NJ,"        Bartnelli Ironing Board Made in Europe | Iron Board with 4 Layered Cover & Pad, Height Adjustable up to 36"" Features A Safety Iron Rest, 4 Steel Legs, for Home Laundry Room or Dorm Use (43x14)       "
B0B3MKX2HJ,"        Yimobra Welcome Mat Outdoor Indoor, 29.5x17 All-Season Waterproof Front Door Mat, All-Weather Heavy Duty Doormat, Low Profile Porch Patio Entrance Mat, Non Slip Outside Mat, Black       "
B0B3NHT4J8,"        Clean Skin Club Clean² Pads 2.0 [New & Improved Edges] Guaranteed Not to Shed & Tear Face Pads, Unique Triple Layers, Textured & Ultra Soft Side, Organic Disposable Cotton, Pair with Makeup Remover       "
B0B3QPHZJ7,        BILLCONCH Gun Safe for Handgun - Biometric Gun Safe 4 Ways Quick Access with Fingerprint/Full-digital Keypad/Key/APP Lock Handgun Pistol Safe for Nightstand Bedside Home       
B0B3RJ9JFM,        Landisun Fruit Fly Sticky Traps 48PCS Fungus Gnat Traps Bug Traps Gnat Killer for Indoor Outdoor House Kitchen Plants Whitefly Mosquitos Flying Insects Yellow Designed by JPMOS       
B0B3RJCNS5,"        1.75-Amp Car Battery Charger, 6V and 12V Smart Fully Automatic Battery Charger Maintainer, Trickle Charger, Battery Desulfator for Car, Lawn Mower, Motorcycle, Boat, Marine Lead Acid Batteries       "
B0B3RJPM4L,"        PLANTIFIQUE Gua Sha Facial Tools - Valentines Day Gifts, Massage Tool - Jawline Sculptor - Face Sculpting Tool for Your Skin Care Routine - Jade Guasha       "
B0B3X4H3CX,"        Vohado American Football Court Table Runner Touch Down Boy Sport Football Birthday Party Decorations Kitchen Dining Home Table Decor (13"" x 72"")       "
B0B3ZJRK8C,        Victoria's Secret Bare Vanilla Mist & Lotion Set       
B0B42MM3FP,"        100 Pcs UV Neon Balloons ,Neon Glow Party Balloons UV Black Light Balloons Glow in the dark for Birthday Decorations Wedding Glow Party Supplies Blacklight Reactive Fluorescent Balloons       "
B0B487HDQV,"        KontrolFreek FPS Freek Galaxy Black for Xbox One and Xbox Series X Controller | 2 Performance Thumbsticks | 1 High-Rise, 1 Mid-Rise | Black (Limited Edition)       "
B0B49BQBRG,"        ROBO ALIVE Robo Turtle Robotic Swimming Turtle (Green + Pink) by ZURU Water Activated, Comes with Batteries, Exclusive (2 Pack)       "
B0B49BS7GH,"        Robo Alive Robo Fish Robotic Swimming Fish (Teal + Orange) by ZURU Water Activated, Changes Color, Comes with Batteries, Amazon Exclusive (2 Pack) Series 3       "
B0B4BHMTL9,"        Large Air Fryer Disposable Paper Liners Square 9 Inch, 125 Pcs Parchment paper liner for 5-8QT Air fryer, Oil-proof, Water-proof, Parchment Baking Paper for Baking Roasting Microwave       "
B0B4F3LL34,"        Air Fryer Liners Disposable Square 9 Inch, 125 Pcs Large Square Air Fryer Paper Liners for 6-10QT Air fryer, Non-stick Parchment Paper for Frying, Baking, Cooking, Roasting and Microwave       "
B0B4F4465N,"        Ubbi On-The-Go Diaper Changing Mat, Baby Portable Changing Mat, Baby Traveling Accessories, Sage       "
B0B4H8S1NB,"        VR Game Handle Accessories for Quest 2 Controllers, Extension Grips for Playing Beat Saber Gorilla Tag Long Arms, VR Handle Attachments Compatible with Playing VR Games       "
B0B4K1XH8Y,"        Kitsure Dish Drying Rack- Space-Saving Dish Rack, Dish Racks for Kitchen Counter, Stainless Steel Kitchen Drying Rack with a Cutlery Holder, 12''W x 15''L, Black       "
B0B4PNGXFS,"        Triple Paste Diaper Rash Cream for Baby - 3 oz Tube - Zinc Oxide Ointment Treats, Soothes and Prevents Diaper Rash - Pediatrician-Recommended Hypoallergenic Formula with Soothing Botanicals       "
B0B4RDHKDR,"        Upgraded 220W Plastic Welder, 2 in 1 Plastic Welding Kit Plastic Repair Welder Kit 1000PCS Hot Stapler Soldering Gun with 100PCS Plastic Welding Rods Car Bumper Repair Kit for Most Plastic Repair       "
B0B4SRMKGT,"        Elementi Fermentation Weight Set of 4 - Easy Grip Glass Fermenting Weights, Perfect Fit for Wide Mouth Mason Canning Jars, Highly Durable Soda-Lime Glass Fermentation Kit for Sauerkraut, Kimchi & More       "
B0B4VS43P5,        VR Facial Interface and Foam Replacement Set for Oculus Meta Quest 2 | Removable Facial Interface Frame & Foam Face Covers Replacement & Anti-Leakage Nose Pad & Lens Cover       
B0B4ZR4YQP,"        Carrying & Protective Case for Digital Camera, AbergBest 21 Mega Pixels 2.7"" LCD Rechargeable HD/Kodak Pixpro/Canon PowerShot ELPH 180/190 / Sony DSCW800 / DSCW830 Cameras for Travel-Pink       "
B0B4ZSKPNL,"        Air Purifiers for Bedroom, FULMINARE H13 True HEPA Air Filter, Quiet Air Cleaner With Night Light,Portable Small Air Purifier for Home, Office, Living Room       "
B0B5294SFQ,        Canon EOS 2000D (Rebel T7) DSLR Camera w/Canon EF-S 18-55mm F/3.5-5.6 Zoom Lens + Case + 128GB Memory (28pc Bundle) (Renewed) Black       
B0B53CZ5SN,"        SUSTEAS Electric Kettle - 57oz Hot Tea Water Boiler with Thermometer, 1500W Fast Heating Stainless Steel Pot, Cordless LED Indicator, Auto Shut-Off & Boil Dry Protection, Retro Green       "
B0B54FPSX5,"        Unicorn Glow in The Dark Blanket, Unicorn Blanket for Girls/Kids Age 3-12, Toddler Soft Fleece Blanket Throw Birthday Gift 40""x60""       "
B0B56CHMSC,"        Lifewit Large Lunch Bag Insulated Lunch Box Soft Cooler Cooling Tote for Adult Men Women, Black 12-Can (8.5L)       "
B0B57QV5TT,        Dyson Ball Animal 3 Extra Upright Vacuum Cleaner       
B0B57SFPQT,"        Wet & Forget Shower Cleaner Spray Multi-Surface Weekly Application Requires No Scrubbing, Bleach-Free Formula, Ready to Use, Fresh Scent, 3 Months of Cleaning, 64 Fluid Ounces, 1 Pack       "
B0B591N59Y,"        Food Coloring for Baking - 26 Vibrant Cake Coloring Liquid Set for Dessert Decorating, Food Grade Food Dye for Icing,Fondant,Cookies,Easter Egg,Making DIY Supplies Kit- 0.25 Fl. oz (6 ml)/Bottles       "
B0B59V9T4G,"        Stanley AeroLight Transit Bottle, Vacuum Insulated Tumbler for Coffee, Tea and Drinks with Ultra-Light Stainless Steel       "
B0B5F9SZW7,"        Fitbit Inspire 3 Health &-Fitness-Tracker with Stress Management, Workout Intensity, Sleep Tracking, 24/7 Heart Rate and more, Midnight Zen/Black One Size (S & L Bands Included)       "
B0B5GTL77J,"        SULIVES Electric Kettle, 1.7L Stainless Steel Tea Kettle with Temperature Gauge, 1500W Water Boiler with LED Light, BPA-Free, Auto Shut-Off and Boil-Dry Protection       "
B0B5KSY2MF,"        Lunch Bag Lunch Box for Women Men Reusable Insulated Cooler Bag, Large Capacity Cute Lunch Tote Bags for Work Travel Picnic,Black       "
B0B5L7FZCH,"        Shade&Beyond 90% Sun Shade Cloth with Grommets, 8' X 12' Pergola Shade Cover Canopy, Mesh Tarp Sun Screens for Patio, Outdoor, Garden, Backyard, Mocha       "
B0B5VN9LN4,"        Microfiber Wax Applicator Pads, Car Wax Applicator, Buffing & Detail Polishing Foam Pads for Car Cleaning and Fine Polishing (5"" Diameter, 6 Pack)…       "
B0B5VPBV7K,        Canon EOS Rebel 2000D DSLR Camera with 18-55mm is II Lens Bundle + Canon EF 75-300mm f/4-5.6 III Lens and 500mm Preset Lens + 32GB Memory + Filters + Monopod + TOP KNOTCH Cloth (Renewed)       
B0B5WF7S9F,"        Mr. Pen- Baby Diaper Caddy Organizer, Car Caddy, Portable Organizer for Changing Table, Nursery       "
B0B5XP1WSJ,"        Piping Bags and Tips Set, 100Pcs 12 Inch Pastry Bags, Icing Bags Disposable for Cakes Decorating Kit Supplies with 1 Reusable Piping Bags, 1 Couplers, 12 Frosting Tips, 2 Bag Ties, 3 Cake Scraper       "
B0B5YHCPJ6,"        Simple Modern Kids Water Bottle with Straw Lid | Insulated Stainless Steel Reusable Tumbler for Toddlers, School | Summit Collection | 14oz, Pink Ballerina       "
B0B5Z89FZW,"        Yoofoss Waterproof Crib Mattress Protector 2 Pack, Quilted Crib Mattress Pad Cover Ultra Soft and Breathable, Machine Washable Toddler Mattress Protector for Standard Baby Crib Size 52''x28''       "
B0B61N4JDR,"        Monster Jam, Official Mini Mystery Collectible Monster Truck 12-Pack, 1:87 Scale, Great Gift for Birthday Parties       "
B0B61SYRSZ,"        Hot Wheels City Toy Car Track Set, T-Rex Chomp Down with 1:64 Scale Vehicle, Knock Out The Giant Dinosaur with Stunts, Connects to Other Sets       "
B0B63C2YMQ,"        Battery Pack for Oculus Quest 3 and 2, Accessories for Meta Quest 2/3, 5000mAh Extended Battery Charger Compatible with Meta Oculus Quest 2/3 Original Strap and Elite Strap Lightweight VR Accessories       "
B0B63GRXMW,"        XiDi Curtains for Girls Bedroom Decor, Rainbow Curtains for Kids Room Decor, Purple Blackout Curtains for Little Girl Room, Unicorn Wall Decals Pink Curtains Green, 63 Inches Long 34 Wide 1 Panel       "
B0B654CFQ4,"        MIZHSE Solid Builder Gel for Nails, Non-Sticky Hard Gel Sculpting Gel, 3D Gel Nail Art Building Gel Carving Gel Modeling Gel Nail Extension Soak Off UV/LED Nail Art Salon Home DIY 15 g Clear       "
B0B67J4HYM,"        Air Fryer Disposable Paper Liner, 100PCS Food Grade Parchment Liners for Ninja DZ201,Ninja Foodi Dual Air Fryer Accessories Baking Paper (9 * 6, Natural)       "
B0B68MVPHF,"        Premium Baby Play Mat 50"" X 50"", Thicken Foam One-Piece Crawling Mat, Non-Slip Cushioned Baby Playmats for Infants, Babies, Toddlers, Foldable and Machine Washable       "
B0B68W6ZMT,"        Goopow Kids Camera Toys for 3-8 Year Old Girls Boys,Children Digital Video Camcorder Camera with Cartoon Soft Cover, Best Chritmas Birthday Festival Gift for Kids - 32G SD Card Included       "
B0B6B9BW1Q,"        OLOV Electric Body Hair Trimmer - Groin Trimmer for Men - Bikini Trimmer Women - Wet/Dry Shaver Groomer, Replaceable Ceramic Blade Heads, USB Recharge Dock, Waterproof Hygiene Razor, White       "
B0B6C25MWY,"        Food Coloring Set - 12 Color Food Grade Vibrant Food Dye Tasteless Liquid Color for Cake Decorating, Baking, Easter Egg, Icing, Fondant, Cooking, Slime Making DIY Supplies Kit - 0.35 Fl. oz (10 ml)/Bottles       "
B0B6D6GML1,"        Bissell CleanView Compact Turbo Upright Vacuum with Quick Release Wand, Full Size Power, Compact Size for Apartments & Dorms, 3437F       "
B0B6D78M59,        Canon Cameras EOS 2000D / Rebel T7 Digital SLR Camera Body w/Canon EF-S 18-55mm f/3.5-5.6 Lens 3 DSLR Kit Bundled with Complete Accessory Bundle+ 64GB+ Flash+ More - International Model (Renewed)       
B0B6GJBKRK,"        Ring Indoor Cam (2nd Gen) | latest generation, 2023 release | 1080p HD Video & Color Night Vision, Two-Way Talk, and Manual Audio & Video Privacy Cover | Black       "
B0B6GLQJMV,"        Ring Indoor Cam (2nd Gen) | latest generation, 2023 release | 1080p HD Video & Color Night Vision, Two-Way Talk, and Manual Audio & Video Privacy Cover | White       "
B0B6H793RD,        YIWER Battery Tea Lights Candles Set of 24: Flickering flameless Realistic Tealights with Warm Yellow Light Candle Light for Festivals Parties Halloween Warm Atmosphere       
B0B6JTX6NB,"        Nextmug - Temperature-Controlled, Self-Heating Coffee Mug (Black - 14 oz.)       "
B0B6N7CR8C,"        Lifewit Silverware Drawer Organizer, Expandable Utensil Tray for Kitchen, BPA Free Flatware and Cutlery Holder, Adjustable Plastic Storage for Spoons Forks Knives, Large, Black       "
B0B6PLG6G2,"        Air Fryer Paper Liners,125Pcs Parchment Paper, Air Fryer Disposable Paper Liner for Microwave, Non-Stick Air Fryer Liners Square Free of Bleach (8IN)       "
B0B6RBHJFY,"        ADZERD Remote Scrolling Ring for TikTok, Bluetooth Page Turner for iPhone iPad, Tik Tok Remote Control Scroller for iOS Android Phone Tablet and More - Black       "
B0B6T25VM5,"        SAVILAND Intellisense Nail Lamp-30W Gel X Lamp Mini Cordless Nail Lamp for Gel Nail Polish, Rechargeable LED Flash Cure Lamp Gel Nails Quick Drying Goosenecks U V Lamp for Nail Salon Home DIY Manicure       "
B0B71XJGLJ,"        ZYBER Handle Attachments for Oculus Quest 2 Controller Accessories, VR Gorilla Tag Long Arms Grips for Meta Quest 2 Beat Saber Golf Club Baseball, Enhance VR Game Experience White       "
B0B74TKM85,"        Katbite 15in x 242ft Unbleached Parchment Paper Roll, 300 Sq.Ft, Non-Stick with Serrated Cutter for Baking, Cooking, Air Fryer       "
B0B77WBY98,"        3 Pack Adjustable Shoulder Strap:Comfortable for iPad Strap Nylon Neck Lanyard for iPad/Samsung Tablet Case,Camera Binocular Crossbody Laptop Luggage Bag       "
B0B7B765HF,"        Large Laundry Basket Laundry Hamper Bag Washing Bin Clothes Bag Collapsible Tall with Handles Waterproof Travel Bathroom College Essentials Storage for College Dorm, Family (Grey) 82L       "
B0B7B9Q2CP,"        Stihl Chainsaw Chain 16 Inch 3/8"" LP Pitch .043"" Gauge 55 Drive Links- 61PMM3 55 Fits Stihl MS170, MS171, MS180c - 36100050055, R55 (3 Chains)       "
B0B7BFJ5Y6,"        Solo Stove Bonfire 2.0 with Stand, 19.5 Inch Smokeless Fire Pit with Removable Ash Pan - Portable Outdoor Fire Pit - Stainless Steel Wood Burning Fireplace, Ideal for 4-6 People, 21.75 lbs       "
B0B7BP2NPZ,        BRILLMAX 6 Pack Ivory Tablecloths for 6 Foot Rectangle Tables 60 x 102 Inch - 6ft Rectangular Bulk Linen Polyester Fabric Washable Cloth Cover for Wedding Reception Banquet Birthday Party       
B0B7CJXCD9,"        Monster Jam, Mystery Mudders 2-Pack Monster Trucks, Official 1:64 Die-Cast Vehicles, Wash to Reveal (Styles Will Vary), Kids Toys for Boys 3 and Up       "
B0B7DS72C4,        SAMiGO Silicone Baby Spoons Self Feeding 6+ Months - Infant Toddler Utensils - First Stage Baby Led Weaning Feeding Supplies - Set of 3 Pack       
B0B7JGC67R,"        Lifewit 2 Pack Laundry Hamper Large Collapsible Laundry Baskets, Freestanding Waterproof Clothes Hamper with Easy Carry Handles in Laundry Room Bedroom Bathroom College Dorm for Adults, Grey, 2 x 80L       "
B0B7NS71G2,"        SanDisk 128GB Ultra SDXC UHS-I Memory Card - Up to 140MB/s, C10, U1, Full HD, SD Card - SDSDUNB-128G-GN6IN       "
B0B7NVXLLM,"        SanDisk 512GB Ultra microSDXC UHS-I Memory Card with Adapter - Up to 150MB/s, C10, U1, Full HD, A1, MicroSD Card - SDSQUAC-512G-GN6MA [New Version]       "
B0B7WL9375,"        Glass Cups with Lids and Straws 4 pcs,16 oz Glass Cups for Coffee Bar Accessories-DWTS DANWEITESI Iced Coffee Cups with Lids,Drinking glasses Set,Coffee Cups Glass Tumbler with Straw and Lid for Gifts       "
B0B7XN7776,"        EGO Power+ SSA1200 Multi-Head Snow Shovel Attachment, Black       "
B0B84LD9LK,"        Lattafa Perfumes Nebras for Unisex Eau de Parfum Spray, 3.4 Ounce       "
B0B88GSNBZ,"        C3 3"" Stabilized Chlorine Tablets for Swimming Pools | Easy to Use | for Above Ground or Inground Pool | Individually Wrapped | Slow Dissolving | 50 lbs       "
B0B8BN3WSC,"        Bear Steamer for Clothes, Handheld Clothes Steamer,1300W Strong Power Garment Steamer with 230ml Tank,Fast Heat-up, Auto-Off, Steam Iron Fabric Wrinkle Remover with Brush for Home and Travel       "
B0B8N77N2Y,"        Amber Beer Bottles with Flip Caps, 12oz 10 Pack Glass Bottle with Swinging Top for Airtight Lids, Home Brewing and Fermentation Kombucha, Vanilla Extract, Beverage, Water, Kefir       "
B0B8NBFZTY,"        LED Candles, Tea Lights Candles Battery Operated Bulk, 24-Pack Long-Lasting 200 Hours Flameless Tealight Candles, Realistic Tea Lights for Halloween Christmas Wedding, 1.5'' D X 1.25'' H       "
B0B8PD8TTP,"        KODAK PIXPRO Friendly Zoom FZ45-WH 16MP Digital Camera with 4X Optical Zoom 27mm Wide Angle and 2.7"" LCD Screen (White)       "
B0B8QJTNDY,"        Comfy Cubs Easy Swaddle Blanket, 3 Pack - 100% Cotton Newborn Wrap, Small for 0-3 Months Infants, with Adjustable Velcro, Breathable and Durable Sleep Sack for Babies - Blush, Mauve & Mulberry       "
B0B8QP5BGD,"        SteelSeries Arctis Nova 7X Wireless Multi-Platform Gaming Headset — Neodymium Magnetic Drivers — 2.4GHz+Bluetooth — 38Hr USB-C Battery — AI Mic — Xbox Series X|S, PC, PS5, Switch, VR, Mobile - Black       "
B0B94P5LDK,"        BISSELL ProHeat 2X Revolution Pet Pro Plus, 3588F, Upright Deep Cleaner, 30-minute Dry Time, Dual Dirt Lifter Powerbrush, Hose & Tool Attachment, Pet Upholstery Tool and Tough Stain Tool Included       "
B0B975F6TX,"        Viking Revolution Sea Salt Spray for Hair Men - Hair Texturizing Spray with Kelp, Aloe Vera and Red Algae Extract - Surf Spray to Add Volume and Texture Sea Salt Spray for Men Beach Hair Spray - 8.8oz       "
B0B9792XBY,"        Trading Card Binder 9 Pocket, Fabmaker PU Cover Card Collection Binder for 360 Cards, Premium Card Book, Sturdy Card Holder Folders, Card Album for YuGiOh, MTG, TCG, Game Cards & Sports Cards, Black       "
B0B9B2RSTW,        Cheers to Years Cocktail Napkins - 50PK - 3-Ply Birthday Napkins 5x5 Inches Disposable Party Napkins Paper Beverage Napkins for Birthday Decorations Wedding Anniversary Black and Gold (40 Years)       
B0B9BKQ8S9,"        OGHom Steamer for Clothes Steamer, Handheld Clothing Steamer for Garment, 240ml Portable Travel Steam Iron (Only for 120V)       "
B0B9CZ6XBQ,"        Ninja CREAMi Deluxe Ice Cream & Frozen Treat Maker for Ice Cream, Sorbet, Milkshakes, Frozen Yogurt, & More, 11-in-1, XL Capacity, Silver, Includes (2) Family-Sized 24 oz. Tubs       "
B0B9FBVMW5,"        Canon EOS 5D Mark IV DSLR Camera (Body Only) (1483C002), 4K Monitor, Pro Headphones, Pro Mic, 2 x 64GB Memory Card, Case, Corel Photo Software, Tripod, 3 x LPE6 Battery + More (Renewed)       "
B0B9FRN5GK,"        Canon EOS 5D Mark IV DSLR Camera (1483C002) with 64GB Memory Card, Case, Cleaning Set and More - Starter Bundle (Renewed)       "
B0B9H62YYZ,"        Diaper Genie Easy Roll Refill with 30 Bags, Holds up to 1410 newborn diapers per refill       "
B0B9HV6SVG,"        JOYIN 13 in 1 Dinosaur Toys for Kids 3-5, Dinosaur Truck with 12 Pull Back Cars, Dinosaur Cars Set, Birthday Gifts Toys for 3 4 5+ Year Old Boy, Transport Carrier Truck for Toddlers 3-4 Years       "
B0B9M59SRC,"        1.7L Electric Kettles, BPA Free Tea Kettle, Hot Water Boiler Heater, Stainless Steel Teapot, Auto Shut-Off & Boil-Dry Protection, 120V/1500W       "
B0B9MCCY1K,"        Humidifiers for Bedroom, Cool Mist Humidifier for Home Plant and Baby Nursery, Quiet Ultrasonic Humidifier with 360° Nozzle, Auto Shut-Off, Filterless, Black       "
B0B9NFN16K,        Super Mario Nintendo 4 Inch Action Figure 2-Pack: Yoshi & Toad with Accessories       
B0B9QHH837,"        Collective Minds Strike Pack Wired Dominator for Xbox Series X|S and Xbox One – Controller Mods with Remappable Paddles, Anti-Recoil MODS, and FPS Enhancements – Precision Fit for Xbox Controllers       "
B0B9S1WNGL,"        Remote Control Tractor Toy, Kids RC Tractor Set & Truck and Trailer Front Loader - Metal Car Head/8 Wheel/Light, Toddlers Farm Vehicle Toys for 3 4 5 6 7 8 9 Year Old Boys Girls Birthday Gift       "
B0B9S5HZ26,"        Vtopmart 8 Pack Glass Food Storage Containers with Airtight Lids, Glass Meal Prep Containers, Bento Boxes for Lunch, for Microwave, Oven, Freezer and Dishwasher, BPA Free       "
B0B9SC9695,"        Amazon Basics Outdoor Patio 99 gallon Storage Box, Brown       "
B0B9X4RNFF,"        0.6L Small Electric Tea Kettle Lightweight, 20 Ounce Double Wall Hot Water Boiler Stainless Steel Auto Shut-off, 120V Portable Travel Electric Kettle Fast Boil for Tea and Coffee, Black       "
B0B9YQPGK8,"        Introducing Blink Outdoor 4 Battery Extension Pack — Accessory for Outdoor 4 smart security camera, 4-year battery life, set up in minutes, batteries included       "
B0BB16XJXR,"        Remote Control Excavator Construction Toys for Boys, 2×1200mAh RC Excavator Toy with Metal Shovel & Light, 11CH Excavator Toys for Boys 3-5 4-7 8-12 Year Old Kids 2024 Christmas Birthday Gift,120+Mins       "
B0BB291Y7C,"        Dwi Dowellin Kids Toys for 3 4 5 6 7 Years Old Boys, 15"" Large Tow Truck Toy,Friction Powered Transport Truck Crane Toy with Lights and Sounds,with Roadster,Toddlers Gifts       "
B0BB6TK6DD,"        50 Pieces 31 x 70 Inches Disposable Bed Sheets Waterproof Bed Cover Massage Table Sheet Non-woven Fabric for Spa, Beauty Salon, Hotels (Black)       "
B0BB87N9NY,        Blink Mini two-meter USB cable (Black)       
B0BB9KNL18,"        28 Pack Valentines Day Gifts for Kids - Mini Finger Skateboard with Valentine's Day Greeting Cards for Kids, Fingerboard Skate Lovers Classroom Valentine's Party Favor, Exchange Prizes Gift       "
B0BBHCL39S,"        Clear Glass Bottles with Lids 18 oz, Reusable Glass Water Bottles with Stainless Steel Cap for Juicing,Refrigerator,100% Leak Proof, BPA Free, Glass Juice Bottles Set of 6       "
B0BBKW5G1T,"        YLL Mini Karaoke Machine for Kids Adults, Portable Bluetooth Speaker with 2 Wireless Microphones, Birthday Gifts Toys for Girls Ages 4, 5, 6,7, 8,9,10,11,12+ Years Old Toddler (Lightpink)       "
B0BBLNG7MW,"        Offset Oxygen Sensor Socket, 3/8-Inch Drive, 7/8-Inch (22mm), Wire Gate Accesses Sensor from Side, Preventing Damage to Wires, Universal for Most Cars       "
B0BBP4LCR5,"        BugMD Ant Killer & Bug Spray - Roach and Cockroach Killer Indoor, Spider Spray for Home, Fly and Insect Defense, Natural, Safe with Essential Oils, Plant-Powered, Pest Control - Starter Kit       "
B0BBPRYXZ3,"        WATERGLIDE 12 Pack Fairy Lights Battery Operated (Included), 6.5ft 20 LED Mini String Lights, Waterproof Silver Wire Firefly Starry Lights for DIY Wedding Christmas Party Mason Jars Decor, Multicolor       "
B0BBQX7P5J,"        Dreamegg White Noise Machine - Portable Sound Machine for Baby Adult, Features Powerful Battery, 21 Soothing Sound, Noise Canceling for Office & Sleeping, Sound Therapy for Home, Travel, Registry Gift       "
B0BBRDPFF4,        Roach Traps Indoor Sticky (18 Pack) - Glue Traps for Roaches Bug Traps with Roach Bait Traps - Long Lasting Non-Toxic Children and Pet Friendly - Trap a Pest       
B0BBSMHJRY,"        COSCO 2-Step Kitchen Stepper™ Adult Folding Step Stool, Kids Folding (Steel/Resin)       "
B0BBVX7K8H,"        ZSJWL 300 LED Pink Curtain Fairy Lights with Remote, 8 Modes 9.8 × 9.8 Ft Waterproof USB Plug in Copper Wire Lights for Bedroom Window Chrismas Wedding Party       "
B0BC2ZFVVY,"        Digital pH Meter for Food, pH Probe for Sourdough and Bread Dough, Checking The pH of Fermenting Sausages and Salami, Waterproof pH Tester for Solid and Liquid Soft Soil Sample…       "
B0BC7DDG7Q,"        28 Pack Valentines Day Greeting Cards with Toys for Kids, Mini Fingerboard Valentine School Classroom Exchange Prizes for Students, Party Favors for Children's Birthday Gift (Finger Skateboards)       "
B0BC8VSWC7,"        Vtopmart 6 Pack Clear Stackable Storage Bins with Lids, Large Plastic Containers with Handle for Pantry Organizer and Storage,Perfect for Bathroom,Cabinet,Kitchen,Fridge,Closet Organization       "
B0BC9CC5RB,"        Indoor Security Camera 2K, Pet Camera with Phone App, WiFi Cameras for Home Security Camera for Dog/ Baby Monitor/Elder Pan Tilt, 2.4G, 24/7, 2-Way Talk, Human Detection, Motion Tracking, Cloud       "
B0BCF4BXHB,"        Electric Kettles, Gooseneck Electric Kettle, ±1℉ Temperature Control, Stainless Steel Inner, Quick Heating, for Pour Over Coffee, Brew Tea, Boil Hot Water, 0.9L Black       "
B0BCG13T6X,"        D Handheld Mirror with Handle, Hand Mirror Small Doule Sided Magnifying Mirror 1X 2X, Handle Makeup Mirror, Acrylic Handheld Mirror Rounded Shape, Transparent 1 PCS       "
B0BCGXZXFS,"        Soarwg Kids Baby Blanket Unisex Newborn, Super Soft Comfy Blankets, for Toddler Baby Nursery Bed Blanket Stroller Crib Shower Gifts, 30 x 40 Inch       "
B0BCHB9T3F,"        Baby First Year Book (Sky Blue, 112 Pages) - Memory & Milestone Baby's First Year Photo Album from Pregnancy to First Year – Baby Book Keepsake Gift       "
B0BCPKBZJC,"        100% Made in USA American Flags 3x5 Ft Outside,American Flag Outdoor Heavy Duty,Us Flag 3x5 Longest Lasting Usa Flag, Built For Outdoor Use,(100% In Usa)       "
B0BCPQWWXK,"        Rectangle Tablecloth Linen Textured Waterproof & Stain Resistant Table Cloth Wrinkle Free Decorative Fabric Farmhouse Table Cover for Dining/Party/Buffet/Wedding, 52 x 70 Inch, Sage Green       "
B0BCPXP35G,"        Sekaer Travel Electric Tea Kettle Portable Small Mini Coffee Kettle, with 4 Variable Presets, Personal Hot Water Boiler 304 Stainless Steel with Auto Shut-Off & Boil Dry Protection, SY-618B       "
B0BCPZJ3CW,"        Sekaer Small Electric Tea Kettle Stainless Steel 0.8L Portable Travel Hot Water Boiler, Mini Electric Coffee Kettle with Auto Shut-Off & Boil Dry Protection, Cordless Base & LED Indicator       "
B0BCWFL7W2,"        Shear Pins and Cotter Pins Fit for MTD Snowblower - Shear Pins 10pcs and Cotter Pins 10pcs Compatible for Cub Cad et Troy Bilt Craftsman 24"" 26"" Snow Thrower, Replace 738-04124A 714-04040       "
B0BCYNQ5ZF,"        Kitchen Towel Set - 100% Cotton Kitchen Towels, Reusable Dish Rags, Blue Dish Towels for Kitchen, Soft Absorbent Tea Towels, Durable Kitchen Hand Towels, 14” x 25” Kitchen Dish Towels - 6 Pack       "
B0BD7FS3L2,"        DIHOclub Squirrel Ceramic Cup Hidden 3D Animal Inside Mug,Cute Cartoon Handmade Figurine Mugs,Holiday and Birthday Gift for Coffee Milk Tea Lovers,12 OZ(Light Green)       "
B0BD8PF8X5,        Saviland Clear Acrylic Powder 5.29OZ Large Capacity Acrylic Nail Powder Polymer Beginner Friendly Long Lasting No Need Nail Lamp Professional Acrylic Powder for French Manicure Nail Carving       
B0BDDWQ47X,"        Magnifying Handheld Mirror Double Sided, 1X 15X Magnification Hand Mirror, Travel Folding Held Adjustable Rotation Pedestal Makeup Desk Vanity       "
B0BDDX27WT,        Electric Mason Jar Vacuum Sealer Kit for Wide Mouth and Regular Mouth Mason Jars       
B0BDDX8SW3,"        BAGSMART Small Camera Bag for Photographers, Compact Camera Shoulder Bags for DSLR/SLR/Mirrorless Cameras, Waterproof Crossbody Camera Case with Tripod Holder, Black       "
B0BDFRNZY6,"        LaView 4MP Bulb Security Camera 2.4GHz,360° 2K Security Cameras Wireless Outdoor Indoor Full Color Day and Night, Motion Detection, Audible Alarm, Easy Installation, Compatible with Alexa       "
B0BDGFXXKX,        Meta Quest Touch Pro Controllers       
B0BDKFT3KW,        Home&Office Desktop Electric Mug Warmer-Coffee/Tea/Cocoa/Soup-Scented Candles Gift for Winter 1pcs(White and Black (CFW001-White)       
B0BDKXQGCJ,"        2 Pack Xbox Rechargeable Battery Pack, Xbox Series X Play & Charge Kit 1400mAh Capacity Fully charges in 3 Hours, 9 Ft USB Type-C Cable, Compatible w/ Xbox Series X/S, Xbox one/S/X/Elite Controllers       "
B0BDQN1SG5,"        PartyWoo Red Balloons, 140 pcs Matte Red Balloons Different Sizes Pack of 18 Inch 12 Inch 10 Inch 5 Inch Red Latex Balloons for Balloon Garland or Balloon Arch as Birthday Party Decorations, Red-Y57       "
B0BDT4XZR4,"        VEYOFLY Fly Trap Indoor, Fruit Fly Traps for Indoors to Effectively Eliminate All (2 Device + 6 Refills) Gnat Traps for House Indoor, Bug Zapper Indoor, Gnat Killer Indoor & Fruit Fly Killer       "
B0BDVCCKKT,"        Garden Safe 32 oz. Insecticidal Soap Ready-to-Use, 1 Count (Pack of 1)       "
B0BDY9S6QK,"        Franklin Sports NFL Youth Football Uniform Set for Boys & Girls - Includes Helmet, Jersey & Pants with Chinstrap + Numbers       "
B0BDYVC5TD,"        SanDisk 128GB Ultra microSDXC UHS-I Memory Card - Up to 140 MB/s, C10, U1, Full HD, A1, Micro SD Card - SDSQUAB-128G-GN6MN       "
B0BDZCZXRL,        2 Pack 3.2ft x 8.2ft Pink Metallic Tinsel Foil Fringe Curtains Backdrop for Pink Party Birthday Wedding Bachelorette Baby Shower Holiday Party Decorations Photo Booth Props       
B0BF3835DP,        FROG Jump Start Fast and Easy Startup Chlorine Shock for Hot Tubs       
B0BF54FKFN,"        6600mAh Wii U Gamepad Battery Replacement Rechargeable Battery Pack Wii Accessories for Nintendo Wii U Gamepad WUP-010, WUP-012       "
B0BFC4Q6RN,"        Canon EOS 2000D (Rebel T7) DSLR Camera with EF-S 18-55mm DC III & 75-300mm III Lenses & Deluxe Accessory Bundle – Includes: 2X SanDisk Ultra 64GB SDHC Memory Card, Spare Battery, & More (Renewed)       "
B0BFC4ZL1T,"        Canon EOS 4000D / Rebel T100 DSLR Camera with EF-S 18-55mm Zoom Lens + SanDisk 128GB Memory Card + Tripod + Case + Wideangle Lenses + Rtech Digital Cloth (20pc Bundle), Black (Renewed)       "
B0BFC7WQ6R,"        Amazon Echo Spot (newest model), Great for nightstands, offices and kitchens, Smart alarm clock with Alexa, Black       "
B0BFF3BF1B,        BYDOLL Table Cloth White 60x84 Inch Tablecloth for 6 Foot Rectangle Tables Outdoor Washable Wrinkle Free and Spillproof Polyester Tablecloth for Festival Camping Picnic Party Cover       
B0BFHJ62TJ,"        Hisewen 1500mAh 3.6V Lithium Ion Battery and LED USB Charger for Sony PSP 3000 / PSP Slim 2000 PSP-S110 Console, PSP-2001, PSP-3000, PSP-3001, PSP-3002, PSP-3004, PSP Slim Console       "
B0BFPLK71F,"        Charger for Wii U Console, AC Adapter Power Supply Charging Cable Cord Replacement for Nintendo Wii U Console       "
B0BFSVKNHS,"        Pyrex 2 Piece Glass Measuring Cup Set, Includes 1-Cup, and 2-Cup Tempered Glass Liquid Measuring Cups, Dishwasher, Freezer, Microwave, and Preheated Oven Safe, Essential Kitchen Tools       "
B0BFVW29P9,        Air Fryer Disposable Paper Liners - 125Pcs 8In Square Parchment Paper Non-Stick Airfryer Basket Liners for Steamer Microwave Oven       
B0BFWD2VML,"        Travel Bottles for Toiletries, Tsa Approved 3oz Travel Size Containers BPA Free Leak Proof Refillable Liquid Silicone Squeezable Travel Accessories for Shampoo Conditioner Lotion (4 Pack)       "
B0BFWHB9CB,"        Charging Dock for Meta Quest 2,VR Charging Station for Oculus Quest 2 Touch Controller and VR Headset with 2 Rechargeable Batteries and USB-C Charger,Support Elite Strap (not for Quest 3)       "
B0BG5MMBVY,        Ouzorp Car Wheel Scratch repair Rim Touch Up Paint Rim Scratch Repair Pen Quick And Easy Wheel（BLACK       
B0BGGCJPGM,"        64GB FRAMEO 10.5 Inch Smart WiFi Digital Photo Frame 1920x1280 FHD IPS LCD Touch Screen, Auto-Rotate, 64GB Storage, Support SD Card & USB Drive, Share Moments Instantly via Frameo App from Anywhere       "
B0BGGG68PX,        100pcs Football Cocktail Picks Decorative Toothpicks Fruit Sandwich Skewers Dessert Sticks for Rugby Ball Super Bowl League Sports Catered Events Decorations Party Supplies       
B0BGPF71Q6,"        LEVOIT Air Purifiers for Home Large Room Up to 1800 Ft² in 1 Hr with Washable Pre-Filter, Air Quality Monitor, Smart WiFi, HEPA Sleep Mode for Allergies, Pet Hair in Bedroom, Vital 200S-P, White       "
B0BGR9H9CF,"        Drink Coaster | Cat Gifts for Cat Lovers,Fun Woven Creative Coasters,Cute Coffee Coaster for Home Decor Tabletop Protection Suitable for Kinds Cups (3PC)       "
B0BGVQGLGN,        2-Year Protection Plan for Amazon Fire HD 10 (2023 release)       
B0BGWYD9KC,"        Rechargeable Game Activity Cube - 9 Fun Brain & Memory Games - Cool Toys for Boys and Girls - Birthday Gifts for Age 6, 7, 8, 9, 10, 11, 12 Year Old Kids Teens - Best Boy Toy Gift Ideas       "
B0BGXSKNG1,"        YLOLUL 4pcs Neon Game Art Prints, Wood Wall Art Decor for Boys Room, Gamer Decorations, Inspirational Quote Wall Decor, Modern Home Decor, 12 x 4 Inch, Red       "
B0BHC1C93P,        Simple Modern 40 oz Tumbler with Handle and Straw Lid | Insulated Cup Reusable Stainless Steel Water Bottle Travel Mug Cupholder Friendly | Gifts for Women Him Her | Trek Collection | Midnight Black       
B0BHC3N9HB,"        JOYIN 12 Packs Valentines Day Cards with Pop Fidget Keychain Toys, Stress Anxiety Relief Fidget Toys with Cards for Kids Classroom Exchange Prizes, Valentine Day Party Favors       "
B0BHGC75YH,"        JOYIN 28 Packs Valentine's Day Animal Cards with Coil Springs Rainbow Springs, Stress Relief Coil Toys with Cards for Kids Valentine's Classroom Exchange Prizes Game Prizes, Valentine's Party Favors       "
B0BHHRLTFL,        KAiSnova Valentine’s Day Fairy String Lights 10ft 40LEDs Red Pink White Heart Shaped Twinkle Fairy Lights Battery Operated with Remote for Indoor Bedroom Wedding Party Mother Day Decor       
B0BHJGP9CS,        Canon EOS Rebel T2i 18MP Digital SLR DSLR Camera Kit 18-55mm AF IS Lens (Renewed)       
B0BHLQHRGY,"        InSimSea Framed Canvas Prints Art Vintage Decor, Witchy Halloween Decor, Dark Academia Female Form Seventeenth Century Lady Classical Painting Wall Decoration for Bedroom Bathroom Office, 8""x10""       "
B0BHN8CJPT,"        Professional Makeup Kit for Women Full Kit with Mirror 58 Colors All in One Make up Gift Set for Girls Included Eyeshadow,Compact Powder,Blusher,Lipstick,Eyebrow Pencil,Gitter Gel,Eyeliner,Mascara (N)       "
B0BHP5NFQR,"        Modelones Dip Powder Nail Kit Starter, 4 Colors Lilac Purple Blue Pink Nail Dip Powder Kit with Dip Powder Liquid Set Base Top Activator DIY Kit       "
B0BHSW6NWB,"        ME.FAN Silicone Coasters [6 Pack] Coasters with Holder - Drinking Coasters - Cup Mat for Drinks - Live for Hot or Cold Drink Thickened, Non-Slip, Non-Stick, Deep Tray Black       "
B0BHVSLGTZ,"        Mlikero Card Deck Case for Trading Cards 1800+, Leather Magnetic Closure Commander Storage Box Magic Card Protectors Fit for YuGiOh, MTG and Sport Cards…       "
B0BHW57L7G,"        Red Foil Fringe Curtain Party Decorations, Melsan 3.2 x 8 ft Metallic Tinsel Curtains Streamer Backdrop for Christmas, Birthday, Anniversary, Valentine's Day Party Decorations, Pack of 2       "
B0BHWBRB19,"        Rectangular Fire Pit Cover 60 inch, Propane Gas Fire Pit Table Cover,Outdoor Waterproof Firepit Table Cover - 60 X 28 X 17 Inch       "
B0BHX94SSQ,"        Skylight Digital Picture Frame - WiFi Enabled with Load from Phone Capability, Touch Screen Digital Photo Frame Display - Customizable Gift for Friends and Family - 15 Inch Black       "
B0BHXDDRB3,"        Just Play Sesame Street Cookie Monster 9-inch Hand Puppet, Preschool Pretend Play, Kids Toys for Ages 18 Month       "
B0BHY17BZT,        Kesfey 3 Packs Pink Gingham Tablecloth Pink and White Checkered Tablecloths 54 x 108 Inches Disposable Plastic Gingham Tablecovers Waterproof Rectangle Picnic Table Covers for Birthday Party Supplies       
B0BHZ7Q65Q,"        Heat Cap for Deep Conditioning, Ingeware Thermal Cap for Hair Steamer Cap for Natural Hair Portable Electric Heat Hair Spa Cap for Home Use Pattern (Solid Black)       "
B0BHZT5S12,"        Amazon Fire HD 10 tablet (newest model) built for relaxation, 10.1"" vibrant Full HD screen, octa-core processor, 3 GB RAM, 32 GB, Black       "
B0BJ13K7FR,"        Pampers Sensitive Baby Wipes, Water Based, Hypoallergenic and Unscented, 8 Flip-Top Packs, 4 Refill Packs (1008 Wipes Total)       "
B0BJ13XWDD,"        Pampers Baby Wipes Aqua Pure, 99% water-based wipes, Hypoallergenic and Unscented Baby Wipes, 672 Wipes Total (12 Flip-Top Packs)       "
B0BJ14XCDV,"        Pampers Overnight Diapers - Swaddlers Overnights - Size 7, 36 Count, Disposable Baby Diaper, Night Time Leak and Skin Protection       "
B0BJ398Z1K,        Pelican 8 Quart Personal Lunch Box Cooler       
B0BJ4Q64L9,"        Tommee Tippee Ultra-light Silicone Pacifier, Symmetrical One-Piece Design, BPA-Free Silicone Binkies, 6-18 months, Pack of 4 Pacifiers       "
B0BJ55GF56,"        RTIC 15 Can Everyday Cooler, Soft Sided Portable Insulated Cooling for Lunch, Beach, Drink, Beverage, Travel, Camping, Picnic, for Men and Women       "
B0BJ6YM9JX,"        Baby Grooming Kit, Infant Safety Care Set with Hair Brush Comb Nail Clipper Nasal Aspirator,Baby Essentials Kit for Newborn Girls Boys (Pink Baby Grooming kit)       "
B0BJ6YP6SY,"        Valentines Gifts For Kids, Valentines Cards With 28 Pcs Squishy Toys School Valentines Exchange Gifts Classroom Prizes Boys Girls Valentine Kawaii Squishies With Hearts Box Party Favors For kids 4-8       "
B0BJC3QTSB,"        Magnet Toys for 3 Year Old Boys & Girls, Montessori Toys for Toddlers Kids, Magnetic Blocks Building DIY Learning Educational Toys Gift- Starter Set       "
B0BJCYVMXN,"        40th Birthday Gifts for Men Whiskey Glass Set - 40th Birthday Decorations, Party Supplies - 40 Year Anniversary, Bday Gifts Ideas for Him, Dad, Husband, Friends - Wood Box & Whiskey Stones & Coaster       "
B0BJD69ZNB,        Plant Labels 4 Inch 300Pcs Plastic Plant Name Tags for Seedlings Garden Labels Markers Nursery Plant Tags Seed Labels Plant Label Stakes with Permanet Marking Pen Plant Markers for Outdoor Garden       
B0BJDL4HJN,"        Massage Gun Deep Tissue, Handheld Electric Muscle Massager, High Intensity Percussion Massage Device for Pain Relief with 9 Attachments & 30 Speed(Black)       "
B0BJK3WVNF,"        MIZHSE 8 Colors 9D Cat Eye Gel Nail Polish, Upgraded Magnetic Gel Polish Kit with Magnet Stick, Galaxy Chameleon Effect Silky Cat Eye Nail Gel Soak Off Nail Art Salon Manicure Home Ladies Gift       "
B0BJNQMM9T,        Pop Fidget Toys Bulk Its Valentines Day Gifts for Kids Classroom 30 Pack Valentine Party Favors for Kids Mini Pop Heart Keychain It Fidget Toy Fidgets for Classroom Prizes Birthday Goodie Bag Stuffers       
B0BJNVB5XS,"        16 Inch Large Digital Picture Frame, Canupdog Digital Photo Frame with 32GB Storage Wall Mountable, Auto-Rotate, Motion Sensor Share Photo Video via App       "
B0BJV68C17,"        Whiskey Smoker Kit with Torch - 6 Flavors Wood Chips, 2 Glasses, 2 Ice Ball Molds - Cocktail Smoker Infuser Kit, Old Fashioned Drink Smoker Kit, Birthday Bourbon Whiskey Gifts for Men,Dad(NO Butane)       "
B0BJVMQYW8,"        Baby Diaper Caddy, Plastic Movable Cart for Newborn Nursery Essentials Diaper Storage Caddy Organizer for Changing Table & Crib, Easy to Assemble, Beige       "
B0BJY5VL63,"        Canon EOS 4000D (Rebel T100) DSLR Camera 18-55mm Zoom Lens + ZeeTech Accessory Bundle with SanDisk 32GB Memory Card, Bag, Tripod and UV Filter (Renewed)       "
B0BJZQ92DW,"        6-Piece Silicone Feeding Spoons for First Stage Baby and Infant, Soft-Tip Easy on Gums I Training Spoon | Baby Utensils Feeding Supplies, Dishwasher & Boil-proof       "
B0BJZRS4KR,"        40 Inch Beige Number 1 Balloon for 1st Birthday Decoration, Large Self Inflating Cream Foil Number Balloons 0-9 for Boys Girls, White Sand 1 Helium Balloons for Women Men Party Anniversary Supplies       "
B0BJZRZ7QB,"        Metal Replacement Thumbsticks for Xbox Elite Controller Series 2 Core, Component Pack Includes 4 Swap Magnetic Joysticks, 4 Paddles, 1 Standard D-Pads, Accessories Parts for Xbox One Elite 2(Black)       "
B0BK18NDHZ,"        Gifts for Him, Boyfriend, Husband - Boyfriend Gifts, Husband Gifts - Anniversary, Valentines, Birthday Gifts for Him - Love Romantic Cup - 20 Oz Stainless Steel Tumbler       "
B0BK98Z7W2,        Valentines Day Gifts for Kids - 20 Pack Valentines Cards with Finger Puppets Plush Animal Toys for Kids School Gift Exchange Classroom School Gift Exchange Prize Rewards Party Favors       
B0BKDQ333N,"        ForPro Professional Collection Premium Hand Mirror with Handle, 6.3"" W x 9.6"" L, Multi-Purpose Handheld Mirror with Distortion-Free Reflection, Black       "
B0BKKPYX6P,"        Glade PlugIns Scented Oil 10 Refills, Air Freshener, Clean Linen, 10 x 0.67 oz, Packaging May Vary       "
B0BKL4G8GF,"        winemana 50% Black Shade Cloth, 20 x 30 FT Durable Mesh Tarp with Grommets, Garden Sunblock Shade Cloth Shading Antifreezing for Plants Cover, Greenhouse, Barns Kennel, Patio, Tomatoes       "
B0BKP696ZC,"        Steamer for Clothes, Foldable Handheld Clothing Wrinkles Remover for Garments with Thermostatic Ceramic Plate, 30-Second Fast Heat-up, Portable Mini Steamer Iron for 120V Countries       "
B0BKR66QGC,"        Reynolds Kitchens Air Fryer Liners Disposable, Unbleached Parchment Paper Sheets, 50 Count       "
B0BKTFD7QM,"        Gizoon 6' x 4' Outdoor Storage Shed with Double Lockable Doors, Anti-Corrosion Metal Garden Shed, Waterproof Shed Outdoor Storage Clearance for Backyard Patio Lawn-Dark Gray       "
B0BKTSFZ5V,"        JOYIN 60 Pcs Party Favors for Kids, Popular Fidget Toys Pack, Goodie Bags Fillers for Kids Birthday Party, Prizes in Bulk for School, Pinata Stuffers, Classroom Prizes, Treasure Box Toys       "
B0BL2G1SWB,        Valentines Day Cards with Squishy Gift for Kids School Classroom 36pcs Dinosaur Mochi Squishy Toys with Cards for Kids Valentines Party Favors Classroom Exchange Gifts       
B0BL8Q6SPW,"        Huggies Nourish Scented Baby Wipes, 10 Push Button Packs (560 Wipes Total)       "
B0BLG8NL23,"        LULUCATCH Mouse & Insect Traps 12 Pack, Heavier Sticky Traps with Non-Toxic Glue for Small Mice & Insects. Sticky Mouse Traps Indoor, Easy to Set, Safe to Children & Pets       "
B0BLGZTM6P,"        Non-stick 200pcs Standard Cupcake Liners for Baking, Natural, Food-grade Cupcake Wrapper, Greaseproof Parchment Muffin Liners       "
B0BLHJSPHW,"        FLAIROSOL OLIVIA. The Original Advanced Oil Sprayer for Cooking, Salads, BBQs and More, Continuous Spray with Portion Control, Trusted by Chefs. Patented Technology. (Glass Bottle) (Golden Leaves)       "
B0BLKD3H7V,"        8 Pack Large Strong Moving Bags with Zippers & Carrying Handles - Water-Resistant - Heavy Duty Storage Tote for Space Saving, Fold Flat, Alternative to Moving Box (Semi-Transparent)       "
B0BLM3MK31,"        Titan Deep Freeze Cooler Zipperless Hardbody Cooler - Deep Freeze Insulation, HardBody Liner, and SmartShelf       "
B0BLP5G5FJ,"        Bright Starts Playful Paradise Comfy Baby Bouncer Seat with Soothing Vibration and Toys, Unisex, 0-6 Months       "
B0BLP618JH,"        Ingenuity InLighten 5-Speed Baby Swing - Swivel Infant Seat, 5 Point Safety Harness, Nature Sounds, Lights - Nally Owl       "
B0BLRKB56B,        10 Pound Fire Pit Glass 1/2 Inch Reflective Round Fire Glass Drops Beads Rocks for Natural or Propane Fire Pit and Landscaping Pacific Blue       
B0BLSC4WFB,"        Valentine Mochi Party Favors Set, 28 Pcs Mochi Squishy Toys Filled Hearts and Valentines Day Cards for Kids Valentine's Exchange Gift, Stress Relief Toys, Classroom Rewards       "
B0BLSCY6PR,"        Adhesive Shower Caddy, 5 Pack Rustproof Stainless Steel Bath Organizers With Large Capacity, No Drilling Shelves for Bathroom Storage & Home Decor       "
B0BLSF5N4W,"        DINESIL 28 Packs Valentine Mochi Squishy Toys Filled Hearts with Valentine Cards, Kawaii Animal Squishies for Kids Valentines Day Gift Exchange, Classroom Prizes, Valentine Party Favors Supplies       "
B0BLSFGJ4T,"        3 Pack Valentines Day Window Lights Decorations with Timer, Battery Powered Hanging Red Lighted Heart Shaped Silhouette Sucker LED Lamp for 2025 Holiday Fireplace Indoor Home Decor       "
B0BLV946NK,"        Caroeas 90L Laundry Basket (13 Colors), Waterproof Laundry Hamper, Laundry Bag with Padded Handles, Clothes Hamper Stands Up Well, Collapsible Laundry Basket Easy Storage       "
B0BLVJV2YG,"        30Pcs Punch Balloons, Thickened Neon Punching Balloon Heavy Duty with Rubber Band Handle Birthday Party Favors for Kids Weddings Goodie Bag Supply       "
B0BLZTBBV6,"        JITTERYGIT Race Track Glow in The Dark Magic Toy Set, Kids Light Up Flexible Car Tracks - Best Birthday Gift for Boys Girls and Toddlers 3 4 5 6 7 8 Year Old       "
B0BLZXLHKD,        PlayStation VR2 Sense™ Controller Charging Station       
B0BM3YMD8T,"        Homemory 24Pack Flickering Flameless Votive Candles, 200+Hour Electric Fake Candles, Battery Operated LED Tealight for Wedding Decor, Outdoor, Table, Festival (Warm White,Battery Included)       "
B0BM41J319,        SEGA Luminasta Chainsaw Man Power       
B0BM4PXS46,"        Pan Scraper, 5 Pcs Pot Scraper Plastic, Pot Scraper Non Scratch for Cast Iron, Pot and Pan Cleaning, Sturdy Scraper Kitchen Tool       "
B0BM8SPNJN,"        Keewah Football Cookie Cutter, 4 x 2.2 inch, Stainless Steel       "
B0BM9LLJZB,"        Snow Shovel, Aluminum Portable Snow Pusher Shovel Heavy Duty Metal Snow Shovel for Driveway Car Home Garage       "
B0BM9LPS47,"        LANDNEOO 4pcs Set Vintage Coffee Mugs gifts for women, Overnight Oats Containers with Bamboo Lids and Spoons - 14oz Clear Embossed Glass Cups, Cute Coffee Bar Accessories, Iced Coffee Glasses       "
B0BMHXBL13,        Rico Industries NFL Football 16 oz Team Color Laser Engraved Speckled Ceramic Coffee Mug       
B0BMLTVGYJ,"        Yoofoss Baby Sleep Sack 6-12 Months Wearable Blanket for Babies 100% Cotton 2-Way Zipper TOG 0.5 Toddler Sleeping Sack 3 Pack, Soft Lightweight Sleep Sacks       "
B0BMN4KFM6,"        Triple Paste 3X Max Diaper Rash Ointment, Maximum Strength with 40% Zinc Oxide Ointment for Severe Diaper Rash, 2 oz Tube       "
B0BMQV91QP,        Vacu Vin Wine Saver Pump Grey with Vacuum Wine Stopper - Keep Your Wine Fresh for up to 10 Days - 1 Pump 2 Stoppers - Reusable - Made in the Netherlands       
B0BMVYW5F8,"        Ironing Board Full Size; Made in USA by Seymour Home Products (Solid Grey) Bundle Includes Cover + Pad | Iron Board w/Steel T-Legs Adjustable Tabletop up to 35"" High; Perforated Top for Steam Flow       "
B0BMYFNM9J,"        2-Pack 6040mAh Replacement Battery with Charger Station for Ring-Doorbell 2/3/4, Spotlight Camera & Stick Up Cam Indooor and Outdoor (White Charger + 2 Battery)       "
B0BN15GCB7,"        Hot Wheels City Toy Car Track Set, Ultimate T-Rex Transporter, Dinosaur Hauler for 20+ Vehicles, Semi Transforms into Dino with Lights & Sounds       "
B0BN15K9YH,"        Matchbox Action Drivers Transforming Excavator, Large-Scale Toy Truck with 1:64 Scale Vehicle & 4 Construction-Themed Accessories       "
B0BN1CZ1X3,"        28 Packs Valentines Day Gift Cards with Pop Fidget Bracelets Toy for Kids, Stress Relief Sensory Toy for School Classroom Valentine’s Exchange Greeting Cards, Boys Girls Party Favors       "
B0BN41GCMH,"        8 Pcs Drinking Glasses with Bamboo Lids and Glass Straw - 16 Oz Can Shaped Glass Cups Beer, Ice Coffee Glasses Cute Tumbler Cup Great for Soda Boba Tea Cocktail Include 2 Cleaning Brushes       "
B0BN4SXW7X,"        Little Tikes Story Dream Machine Go, Go, Vehicles Story Collection, Storytime, Books, Trucks, Random House, Audio Play Character, Gift and Toy for Toddlers and Kids Girls Boys Ages 3+ Years       "
B0BN9DMJN9,"        Stanley Classic Flask 8oz with Never-Lose Cap, Wide Mouth Stainless Steel Hip Flask       "
B0BNH27JDY,"        24 Pack Valentines Day Gifts for Kids, Dinosaur Egg with Dinosaur 3D Greeting Cards for Kids, Valentine's Day School Prize Party Favor, Classroom Exchange Gift Set       "
B0BNJZL4LP,"        Niceday Steppers for Exercise, Mini Stair Stepper with Resistance Bands at Home Workout Equipment with 300LBS Loading Capacity, Hydraulic Fitness Stepper with LCD Monitor       "
B0BNK55QTC,"        Pampers Baby Diapers - Pure Protection - Size 4, 150 Count, for up to 100% Leakproof, Premium Plant-based Skin Protection       "
B0BNMT577C,"        4 Pack Hot Pink Iridescence Plastic Tablecloths Shiny Disposable Laser Rectangle Table Covers Holographic Foil Tablecloth Iridescent Party Decorations Birthday Bridal Wedding Christmas, 54 x 108 Inch       "
B0BNP56GKH,"        Philips Norelco OneBlade Anti Friction Blade, Genuine Replacement Blade for OneBlade Electric Shaver and Trimmer, Durable Stainless Steel, Trim, Edge and Shave, 2 Pack, QP225/80       "
B0BNPF5VNW,"        Anti-Glare Screen Protector (2 Pack), for Amazon Fire HD 10, (13th Gen, 2023 release)       "
B0BNQ56MH5,"        Delamu 2 Sets of 2-Tier Multi-Purpose Bathroom Under Sink Organizers and Storage, Stackable Kitchen Pantry Organization, Pull Out Medicine Cabinet Organizer with 8 Movable Dividers       "
B0BNQH8BCC,"        Valentine Tree Topper Bow with Heart Decorations, 11.4”x19.6” Large Red Pink Valentines Wreath Bow Decor for Valentine's Day Wedding Holiday Party Wall Home Front Door Decorative       "
B0BNSYKZSN,"        200pcs Natural Tulip Cupcake Liners for Baking Cups Unbleached European Parchment paper Tulip Muffin Liners, Cupcake Wrapper for Party, Christmas       "
B0BNVHR71X,        Nueve&Five Gooseneck Electric Kettle with Thermometer， Black Electric Kettle 1L with Auto Shut-Off，1000W Hot Water Kettle of Stainless Steel， Pour Over Kettle for Coffee & Tea       
B0BNW8RGCD,        BONNYCO Brain Teaser Puzzles Cubes Party Favors for Kids Pack 30 Pinata Goodie Bags Stuffers for Kids Kids Party Favor Toys Stocking Stuffers for Kids Return Gifts for Kids Mini Games Party Favors       
B0BP12RLRB,"        Leetaltree Beige Placemats Set of 4 - Heat Resistant Non-Slip Place mats for Dining Table, Washable Durable PVC Vinyl Woven Table Mats（Beige, 4）       "
B0BP2KNBWR,"        Yosikr Wii Controller 2 Pack, Wii Remote Controller with Silicone Case and Wrist Strap Compatible for Wii/Wii U (Blue and Green)       "
B0BP3Y8LC9,        Canon EOS R6 Mark II Body (Renewed)       
B0BP774M29,"        Valentines Day Gifts for Kids,30 Valentines Day Cards for Kids Classroom with 30 Pack Pop Fidget ball,Valentines Party Favors for Kids,Valentine Exchange Gifts for Girls Boys School Classroom       "
B0BP952Q7N,"        Patiowell 5x3 FT Outdoor Storage Shed, Tool Shed with Sloping Roof and Lockable Door, Metal Shed for Backyard Garden Patio Lawn, Brown       "
B0BP9SNVH9,"        Amazon Fire TV Stick 4K Max (newest model), our most powerful 4K streaming stick with Wi-Fi 6E support, 16GB Storage, free and live tv       "
B0BP9ZL59F,        2-Year Protection plan for Amazon Fire TV Stick 4K Max       
B0BPBLGNZG,        2-Year Protection Plan for Amazon Fire TV Stick 4K       
B0BPC8L2D8,        12 Styles Movie Cars 3 Black Storm Jackson McQueen Curz Mater Giant Wheels Cars 1：55 Diecast Vehicles Toys Set Children Car Toy (Lightning McQueen)       
B0BPCPW7KG,"        Snowkids 16Ft Link Cable [for Oculus Quest 2/Pico 4] VR Accessories PC Steam, High Speed Data Transfer Cord, USB 3.0 to USB C Cable for VR Headset Gaming       "
B0BPDVSFHD,"        Ember Sliding Lid, Splash-Proof Ember Mug Lid Compatible with First and Second Generation Ember Mugs, 14 oz       "
B0BPGMBF4Q,"        Gifts for Husband - Husband Gifts from Wife - Wedding Anniversary, Husband Birthday Gift, Valentine Gifts for Husband - Valentine Gifts for Him, Husband - I Love You Gifts for Him - 20 Oz Tumbler       "
B0BPHCMDSR,"        Gifts for Wife from Husband - Wife Gifts - Wedding Anniversary, Birthday Gifts for Wife - Valentines Gifts for Wife, Wife Valentines Gifts for Her - Romantic Love Gifts for Her - 20 Oz Tumbler       "
B0BPJS9G7G,        Tonies Mirabel Audio Play Character from Disney's Encanto       
B0BPL1KMHK,"        Mr. Fireglass Lava Rock Granules, Large Black Volcanic Lava Rock for Fire Bowls, Fire Pits, Gas Log Sets, Indoor or Outdoor Fireplaces - 10 Pounds (2.75""-5"")       "
B0BPLL3BBW,"        YEAKE Hand Mirror,Natural Bamboo Handheld Mirror with Handle, Single-Sided Portable Travel Vanity Mirror for Men & Women,6.9"" W x 9.9"" L       "
B0BPXVBB5V,"        Glass Cups with Lids and Straws,24 oz Smoothie Cup with Lid and Straw-DWTS Boba Mason Jar,Wide Mouth Reusable Drinking Glasses,Iced Coffee Cups Glass,Vasos De Vidrio【4 Pack】       "
B0BPY799D2,"        Massage Oil Warmer Bottle Professional Electric Lotion Digital Heater for SPA, Automatic Oil Warmer Heated Oil Lotion Cream for Salon, Barber Shops, Home, with Two Oil Bottle Dispenser (Black)       "
B0BPY8HFB8,"        ABenkle 8 Pcs Drink Coasters with Holder, Cotton Woven Absorbent Coasters for Drinks, Minimalist Home Decor Coaster Set for Wooden Tabletop Protection Table, 4.3 inches Mixed Brown       "
B0BQ89FPSR,"        Made for Amazon Stylus Pen for Fire Max 11 (2023 Release) & Amazon Fire HD 10, (13th Gen, 2023 release) Tablets       "
B0BQBMPPX7,"        Long Stem Wine Glasses Set of 8, 12oz Clear Red/White for Party, Wedding and Home       "
B0BQBTBBQP,"        Syntech Protective Case Compatible with Steam Deck Accessories Console OLED/LCD, All-Round Protection with Non-Slip Thumb Grips, Silicone Cover for Enhanced Fit and Alignment-Gray       "
B0BQHKMZZ1,"        Coobiiya Lunch Box Lunch Bag for Women Adults Men, Reusable Cute Lunch Pail bag - Leakproof, Insulated Lunch Box Tote with Large Capacity, Cooler Lunch Container for Work/Travel/Office (Black)       "
B0BQHV84H6,"        BAYKA Floating Shelves for Wall, Wall Mounted Rustic Wood Shelves for Bathroom, Bedroom, Living Room, Kitchen, Hanging Shelf for Books/Storage/Room Decor with 22lbs Capacity (Black, Set of 3, 15.7in)       "
B0BQJ1VJ2C,        Amyhill 12 Pcs Reusable Glitter Cups with Lids and Straws 24 oz Valentines Plastic Tumbler Iced Coffee Cup Travel Mug for Smoothie Juice Birthday Sleepover Party Supplies for Girls(Hot Pink)       
B0BQLS5C33,"        Mecity Electric Kettle Gooseneck Water Kettle Stainless Steel Tea Kettle Water Boiler Fast Heating, Auto Shut Off, 27 fl oz, 1000W, Matte Black       "
B0BQP1WVT9,        Billie Razors for Women Shave Kit – Women’s Razor + 4 x 5-Blade Razor Refills + Magnetic Holder – DreamPop       
B0BQPD5WTH,        Billie Women’s Razor Blade Refills - Premium Quality 5-Blade Cartridges - Nickel-Free - Dermatologist-Approved - For a Smooth Shave - Pairs with the Billie Women’s Razor - 4 count       
B0BQX5BR7C,"        Shark ZU102 Rotator Pet Upright Vacuum with PowerFins HairPro & Odor Neutralizer Technology, Charcoal, 2.9 L Dust Cup       "
B0BQZWZ1XX,"        3.38FL.OZ Coconut & Vanilla Fragrance Oils for Aromatherapy, Essential Oils for Diffusers for Home, Perfect for Diffuser, Yoga, DIY Candle and Soap Making - 100ml       "
B0BQZX3YP1,"        Lyyes Remote Controller for Wii, Wii Remote and Nunchuck Controllers with Silicon Case and Strap for Wii and Wii U (White)       "
B0BR71J63N,"        50TH Birthday Gifts for Her, Vintage 1975 Engraved 50th Wine Glass, 50 Year Old Birthday Decorations For Women, Funny 50 Bday Gifts Idea For Women, Friends, Daughter, Sister Mom - Turning 50 Present       "
B0BRB2DJJ6,"        Battery Pack for Oculus Quest 2, 5000mAh Portable Charger Accessories for Meta Quest 2 Headset, Power Bank for VR Quest 2 Original Strap, Fast Charging Extend Extra 2-4H Playtime       "
B0BRC25B8K,"        Greesum 31 Gallon Resin Deck Box Large Outdoor Storage for Patio Furniture, Garden Tools, Pool Supplies, Weatherproof and UV Resistant, Lockable, Dark Black       "
B0BRC8T39V,"        Dolahair Hair Wax Stick - Flyaway Control and Styling Pomade for Kids, Women, and Men - Hair Bun Maker and Accessorie (1 Pack of Wax)       "
B0BRKHQT3D,"        B Beauty Planet 30X Magnifying Mirror for Travel with Handle, Double-Sided 1X/30X Magnification Hand Mirror for Makeup       "
B0BRKTBN6L,"        Savior Equipment American Classic Tactical Double Long Gun Bag Pistol Transportation Case w/Backpack Strap, Lockable Compartment, Available Length in 36"" 42"" 46"" 51"" 55""       "
B0BRM97Q4X,"        BugMD Vamoose Rodent Repellent Pouches (2 Pack, 8 Pouches) – Plant-Powered Rat Repellent, Mouse Deterrent, Indoor & Outdoor Mice Repellent, Best Mouse Repellent, Natural Rat & Mouse Repellent       "
B0BRNBW8MG,"        GIFTSFARM 18th Birthday Decorations for Boys and Girls, Back in 2007 Print, 18th Birthday Card, Vintage Party Poster Supplies Anniversary Centerpiece for Teens, 18 Birthday Decoration       "
B0BRPW8VKK,        18th Birthday Party Decorations for 18th Birthday (Eighteen) - Remembering The Year 2007 - Party Supplies - Gifts for Men and Women Turning 18 - Back In 2007 Birthday Card 11x14 Unframed Print       
B0BRR6Q2ZD,"        EACHY Travel Makeup Bag,Large Capacity Cosmetic Bags for Women,Waterproof Portable Pouch Open Flat Toiletry Bag Make up Organizer with Divider and Handle       "
B0BRT84TDZ,"        Paw Patrol: The Mighty Movie, Construction Toy Truck with Rubble Mighty Pups Action Figure, Lights and Sounds, Kids Toys for Boys & Girls 3+       "
B0BRT8MJH1,"        Paw Patrol, Skye’s Helicopter, Toy Vehicle with Collectible Action Figure, Sustainably Minded Kids Toys for Boys & Girls Ages 3 and Up       "
B0BRT94C91,"        Hamilton Beach Electric Tea Kettle, Water Boiler & Heater, 1.7 Liter, Cordless Serving, 1500 Watts for Fast Boiling, Auto-Shutoff and Boil-Dry Protection, Stainless Steel with LED Light Ring (41037)       "
B0BRT9SVRZ,"        Paw Patrol, Chase’s Patrol Cruiser, Toy Car with Collectible Action Figure, Sustainably Minded Kids Toys for Boys & Girls Ages 3 and Up       "
B0BRW82L28,"        2 Pack Wooden Bamboo Back Scratcher, 17 Inch Long Handle Back Scratchers for Adults Men Women, with Beautiful Gift Packaging       "
B0BRX7K8LZ,"        Devoko 30 Gallon Resin Deck Box Outdoor Indoor Waterproof Storage Box for Patio Furniture Pool Accessories Storage for Cushion Garden Tools (30 Gallon, Black)       "
B0BRXW1XXP,"        [ 12pcs Set ] Glass Cups with Bamboo Lids and Glass Straw - Beer Shaped Drinking Glasses, 16 oz Iced Coffee Glasses, Cute Tumbler Cup for Smoothie, Boba Tea, Whiskey, Water - 4 Cleaning Brushes       "
B0BRZMF1XS,"        American Flag 3x5 Ft TearProof Series for Outside, 100% in USA, Longest Lasting, Super Tough Fade Resistant Spun Polyester, High Wind US Outdoor Flags Embroidered Stars, Sewn Stripes, Brass Grommets       "
B0BS1BXM4N,"        Joseph Joseph Tota 90-liter Laundry Hamper Separation Basket with lid, 2 Removable Washing Bags with Handles- Ecru       "
B0BS3FM7PS,"        Bright Starts Learn-to-Sit Baby Floor Seat, 2-Positions Grow with Infant, Portable Baby Chair, Includes Sensory Toys, Unisex, 4-12 Months, Playful Paradise       "
B0BS3K2B1V,"        10.1 Inch WiFi Digital Picture Frame, 1280x800HD IPS Touch Screen Digital Photo Frame Electronic,16GB Memory, Auto-Rotate, Wall Mountable, Share Photos/Videos Instantly via Uhale App from Anywhere       "
B0BS49CNM3,        Autograph Warehouse 676029 Todd Gurley II Player Worn Jersey Patch Georgia Bulldogs 2017 Panini Prestige Alma Maters No.11 Football Card       
B0BS49H6KC,        Autograph Warehouse 703721 2008 World Series Rawlings in Box Philadelphia Phillies Baseball       
B0BS49HTG1,        Autograph Warehouse 687941 Gleyber Torres Commemorative Coin New York Yankees 2020 Topps Medallion No.TBCGT Baseball Card       
B0BS49JBW7,        Autograph Warehouse 676052 Jose Abreu Player Worn Jersey Patch Chicago White Sox 2021 Panini Jersey Kings No.JKJA Baseball Card       
B0BS49L3HM,        Autograph Warehouse 664622 23 x 34 in. Michael Jordan Slam Dunk Contest Poster       
B0BS49NNQN,        Autograph Warehouse 687733 Robert Parish Player Worn Jersey Patch Boston Celtics 2020 Donruss No.JSRPS Basketball Card       
B0BS49SZ5F,        Autograph Warehouse 687683 Michael Strahan Player Worn Jersey Patch New York Giants 2005 Donruss Classics No.SS27 LE 70-150 Football Card       
B0BS49TVRQ,        Autograph Warehouse 675964 Ivan Rodriguez Player Worn Jersey Patch Florida Marlins 2004 Donruss Pennants & Instripes No.PP9 LE 21-250 Baseball Card       
B0BS4B13KN,        Autograph Warehouse 724129 Shohei Ohtani 2018 Topps Allen Ginters No.WT24 Rookie RC Los Angeles Angels Japan Baseball Card       
B0BS4BB724,        Autograph Warehouse 701130 Brock Nelson Player Worn Jersey Patch New York Islanders 2020 Upper Deck Artifacts No.NRBN Hockey Card       
B0BS4BMRQ9,        Autograph Warehouse 687645 Jorge Posada Player Worn Jersey Patch New York Yankees 2004 Topps Refractor No.JP Baseball Card       
B0BS4BMXNN,        Autograph Warehouse 687740 Michael Thomas Player Worn Jersey Patch New Orleans Saints 2019 Panini Prestige No.LLMT Football Card       
B0BS4BN3HL,        Autograph Warehouse 676071 Jason Williams Player Used Ball Patch Sacramento Kings 1999 Collectors Edge Gameball No.GG5 Basketball Card       
B0BS4BPWS6,        Autograph Warehouse 687695 Ladainian Tomlinson Player Worn Jersey Patch New York Jets 2012 Panini Prestige No.37 Football Card       
B0BS4BQFSW,        Autograph Warehouse 664778 Fred Taylor Player Worn Jersey Patch Jacksonville Jaguars 2007 Donruss Gridiron Gear Performers No.P48 LE 194-250 Football Card       
B0BS4C1P2B,        Autograph Warehouse 675523 Jerry Stackhouse Player Worn Jersey Patch Washington Wizards 2003 Upper Deck No.GJJS Creased Card Basketball Card       
B0BS4C1WRG,        Autograph Warehouse 701169 Zach Parise Player Worn Jersey Patch Minnesota Wild 2020 Upper Deck No.GJZP Hockey Card       
B0BS4C4PRX,        Autograph Warehouse 675877 Tiki Barber Player Worn Jersey Patch New York Giants 2006 Leaf Rookies & Stars No.SS18 LE 14-250 Football Card       
B0BS4CHWSK,        Autograph Warehouse 676007 Logan Webb Player Worn Jersey Patch San Francisco Giants 2020 Topps Walmart Rookie No.WHRLW Baseball Card       
B0BS5TQ4S7,"        Saviland Monomer Acrylic Nail Liquid – 8.11fl.oz Acrylic Liquid with 3PCS Acrylic Brushes Size（8/10/14）for Acrylic Powders, Non-Yellowing Acrylic Nail Liquid for DIY Home Nail Salon Use       "
B0BS8RRZVB,"        Pets Alive Hamstermania (Purple) by ZURU Hamster, Electronic Pet, 20+ Sounds Interactive, Hamster Ball Toy for Girls and Children       "
B0BSN4K54V,"        Amazon Fire HD 10 Tablet Protective Cover (Only compatible with 13th generation tablet, 2023 release) - Black       "
B0BT8K88SR,"        Under Armour Half Gallon Water Bottle Insulated, 64oz Insulated Water Bottle with Handle, Sports Water Jug, Fence Hook, Leak Resistant, for Baseball, Football & More       "
B0BTDT3NF5,        Canon EOS 2000D / Rebel T7 DSLR Camera w/EF-S 18-55mm f/3.5-5.6 Lens 3 Lens Kit Bundled with 128GB Memory + Wide Angle Lens + Telephoto Lens + Flash + More (Renewed)       
B0BTMLSX79,"        Hamilton Beach Steam Iron for Clothes & Garment Steamer with Smooth Press Stainless Steel Soleplate, 1200 Watts, 8’ Retractable Cord, Black (14214)       "
B0BTMXHKS1,        Stanley Quencher Straws       
B0BTPLGPZ6,        CANREVEL Happy Birthday Banner 13pcs 16 Inch Mylar Foil Letters with 12pcs Star Balloons Birthday Party Decorations for Kids and Adults - 3D Black       
B0BTRZBGGZ,"        Coasters for Drinks, Coasters for Coffee Table, 8 Pack Coaster, Coasters for Drinks Absorbent, Boho Coasters, Coaster Set 4 - Color Cup Coasters, Coasters for Wooden Table, Living Room Decor       "
B0BTT3M79X,"        12 Pack 8.5oz Swing Top Glass Bottles, 250ML Square Bottles with Airtight Stoppers for Kombucha, Kefir, Vanilla Extract, Beer(Bonus Gaskets, Labels and Funnel)       "
B0BTTS2WQR,        YETI Roadie 24 Cooler       
B0BTTVRWPR,        INSIGNIA 50-inch Class F30 Series LED 4K UHD Smart Fire TV with Alexa Voice Remote (NS-50F301NA24)       
B0BTTX3JK8,"        YETI Yonder Water Bottle with Yonder Chug Cap, Lightweight, Leakproof and BPA-Free       "
B0BV1ZCXLT,"        Aoxun Storage Shed 6x4 FT Metal Shed Galvanised Steel Garden Shed with Lockable Doors Outdoor Waterproof Shed for Bike Storage, Tool Storage, Temporary Storage (Brown)       "
B0BV21QFKJ,"        Wii Controller 2 Pack, Wii Remote Controller for Wii and Wii U       "
B0BV6B3QWG,"        Solo Stove Mesa XL, 7 Inch Tabletop Fire Pit with Stand - Smokeless, Stainless Steel Fire Pit for Camping, Outdoor & Patio- Wood Burning or Pellet Fueled Portable Bonfire, 2.3lbs, Stainless Steel       "
B0BV6S9P9R,        SAVILAND Acrylic Nail Kit Starter: Clear Pink Nude Powder Monomer Nail Liquid Brush Nail Files Forms Press On Nails Kits Acrylic Set Home Practice       
B0BV7HQ1CC,"        HTH 42052W Pool Care 3"" Chlorine Tabs Advanced, Individually Wrapped Tablets - Swimming Pool Sanitizer with Clarifier & Algaecide, Destroys Bacteria & Algae, Delivers Clear Water All Season, 5 lbs       "
B0BV7HTFBJ,"        15,000 BTU Single Tank Top Portable Propane Radiant Heater,Grey/ Silver       "
B0BV8KWVR3,        Tonies Sleepy Friends: Bedtime Stories Audio Toy Figurine featuring Sleepy Bear       
B0BV91165N,        Diaper Genie Essentials Round Refill Pack of 4 | Holds Up to 1280 Newborn Diapers | Features Unscented Continuous Film | Compatible with Diaper Genie Complete and Expressions Pails       
B0BV9QL9KJ,"        Amazon Kid-Friendly Tablet Stylus with Tether, 2-pack       "
B0BVBG292Q,"        BlissTotes Laundry Basket, Laundry Hamper, Collapsible Laundry Baskets, Dirty Clothes Hamper, Waterproof with Foam Protected Aluminum Handles for College Dorm, Family 90L (Black)       "
B0BVCZMTKZ,        BaBylissPRO BarberSONIC Professional Disinfectant Solution Box       
B0BVD58786,"        Ganiza Immersion Blender 5 in 1 Hand Blender Max 1000W Heavy Duty Motor, 16 Speed Mode Handheld Blender Stainless Steel Blade With 800ml Mixing Beaker, 600ml Chopper, Whisk and Milk Frother       "
B0BVFJ2GMB,"        4-Pack Fairy Lights Battery Operated with Timer, Waterproof 16FT 50 LED String Lights Indoor Outdoor, Cuttable Starry Fairy Lights for Christmas Home Bedroom Wedding DIY Centerpiece Decor (Warm White)       "
B0BVGFB7WW,"        Homecraft Electric Iced Tea Maker for Sweet Tea and Cold Brew Coffee, Double Insulated Pitcher, Black, Small       "
B0BVGSX46M,"        Westinghouse ePX3500 Electric Pressure Washer, 2500 Max PSI 1.76 Max GPM with Anti-Tipping Technology, Onboard Soap Tank, Pro-Style Steel Wand, 5-Nozzle Set, for Cars/Fences/Driveways/Home/Patios       "
B0BVKW546T,"        PowerA Play & Charge Kit for Xbox Series X|S and One Wireless Controller, Rechargeable Battery Pack, Officially Licensed for Xbox       "
B0BVL1K5JQ,"        Turtle Beach Recon 50 Wired Gaming Headset – Nintendo Switch, Xbox Series X|S, Xbox One, PS5, PS4, PlayStation, Mobile & PC with 3.5mm – Removable Mic, 40mm Speakers, In-line Controls – Red/Blue       "
B0BVLX15R2,"        Baby Playpen 50x50 Inch, Play Pens for Babies and Toddlers Baby Fence Baby Play Yards for Indoor & Outdoor with Breathable Mesh Anti-Fall Playpen       "
B0BVMDG1GF,"        Kids Toys 253 PCS Construction Race Tracks Toy for 3 4 5 6 7 8 Year Old Boys Girls, 5 PCS Construction Truck Car and Flexible Track Play Set Create A Engineering Road Games Toddler Toys Birthday Gifts       "
B0BVMFQCMN,"        Handheld Mirror, Water Ripples Hand Mirror with Handle for Make up, Square, Silver, Small (4 x 7 inches)       "
B0BVNMPFF9,        Echo Show 8 (3rd Gen) Adjustable Stand with USB-C Charging Port | Glacier White       
B0BVP386MC,        Echo Show 8 (3rd Gen) Adjustable Stand with USB-C Charging Port | Charcoal       
B0BVQ7C9KB,"        Leayjeen Kids Camera Case Compatible with Goopow/Mgaolo/HOOMOON/Hangrui Kids Camera Toys and Children Digital Video Camcorder Camera,Best Christmas and birthday gifts -Green Dinosaur(Case Only)       "
B0BVQJXSBG,"        Love's cabin Memory Foam Chair Cushions Set of 4, Outdoor/Indoor Chair Pads for Dining Chairs 4 Pack, Seat Cushions for Kitchen, Dining Room, Office, Patio Chairs, 15.5""x15.5""x3.5"" Grey       "
B0BVR5CLFY,        20 Oz Drinking Glasses with Bamboo Lids and Glass Straw - 6 Pcs Can Shaped Glass Cups Beer & Ice Coffee Glasses Cute Tumbler Cup Great for Soda Boba Tea Cocktail Include 2 Cleaning Brushes       
B0BVT6KBVV,"        Pantry Organizers and Storage, Cabinet Organizer Kitchen Organizers and Storage - Fridge Organizer, Drawer Organizer & Snack Organizer - Refrigerator Organizers and Storage, Cupboard Shelf Organizer       "
B0BVTP7WH6,"        Favoyard Outdoor Seat Cushion Set 24 x 24 Inch Waterproof & Fade Resistant Patio Furniture Cushions with Removable Cover, Handle and Adjustable Straps for Chair Sofa Couch       "
B0BVYZ4WYM,"        DOKEHOM 90L Large Laundry Basket, Collapsible Laundry Bag, Freestanding Tall Clothes Hamper, Foldable Washing Bin (Black)       "
B0BVZFQ4DF,"        LEVOIT Tower Fan for Bedroom, 25ft/s Standing Fan that Blows Cold Air for Home, Quiet 28dB for Sleep, Remote, 90° Oscillation, 12H Timer, 5 Speeds, 4 Modes with Smart Sensor, Bladeless 36 inch, White       "
B0BVZGJV3Z,"        DINOBROS Dinosaur Scooter Toys Pull Back Cars Mini Finger Kick Scooters Boy Toy Age 3 4 5 6, Dino Gift Sets for Kids 4-Pack       "
B0BW4372FF,"        tifanso Muddler for Cocktails, 10"" Muddler and Long Handle Bar Cocktail Mixing Spoon, Stainless Steel Stirrer, Bar Accessories Tools for Mojitos Fruit Drinks       "
B0BWDMQF4V,        120PCS Cocktail Picks Toothpicks for Appetizers Cocktail Picks for Drinks Bamboo Toothpicks Cocktail Toothpicks Fancy Toothpicks for Appetizers Pink Pearl Toothpicks for Food Long Toothpicks 4.7Inch       
B0BWDS27TP,"        Champagne Stoppers with Stainless Steel Champagne Bottle Stopper with Food Grade Silicone Reusable Champagne Cork, Saver Suitable for Champagne, Cava, Prosecco, Sparkling Wine (Silver, 2pack)       "
B0BWDWNH5G,"        Instant Print Camera for Kids, Christmas Birthday Gifts for Girls Boys, HD Digital Video Cameras for Toddler, Portable Toy for 4 5 6 7 8 9 10 Year Old Girl with 32GB SD Card-Purple       "
B0BWKZ7F2H,"        Pyrex Colors (9""x13"") Tinted Glass Baking Dish with BPA-Free Lid, Oblong Bakeware Glass Pan For Casserole & Lasagna, Dishwasher, Freezer, Microwave and Pre-Heated Oven Safe, Smoke       "
B0BWL8JSCX,"        Little Tikes Story Dream Machine Sesame Street Elmo & Friends Story Collection, Storytime, Books, Audio Play Character, Toy Gift for Toddlers and Kids Girls Boys Ages 3+ Years       "
B0BWN412FG,"        Saviland Practice Hand for Acrylic Nails, Flexible Moveable Fake Hands, Manicure Trainng Hand Nail Kit for Beginners, Movable Nail Maniquin Hand with 200PCS Nail Tips, Nail Glues, Brush and Clipper       "
B0BWPM6SHH,        4PC - Football Party Decorations - Football Banner - Football Hanging Decorations Decor for Themed Birthday Party Bowl Game Fans Home Garland Supplies Flag       
B0BWPTRTVR,"        StorageRight 90L Large Laundry Basket, Laundry Hamper, Dirty Clothes Hamper for Laundry, Collapsible, Waterproof Laundry Baskets with Foam Protected Aluminum Handles for Laundry, Dorm, Family (Black)       "
B0BWRTSQ1J,"        Qunclay 12 Pcs Vintage Handheld Mirror, 9.8"" L x 4.5"" W Small Rose Gold Embossed Portable Princess Mirror for Classroom Kids Princess Party Favors Travel       "
B0BWSZBX2M,"        15.6 inch WiFi Digital Picture Frame 32GB Large Storage Digital Photo Frame, IPS HD 1080P Touch Screen Smart Photo Frame, Auto-Rotate, Wall Mountable, Easy Setup to Share Photos/Videos via Uhale APP       "
B0BWWDPB2H,"        20 Pack Fairy Lights Battery Operated 3.3ft 20 LED Mini String Lights Twinkle Lights Copper Wire Firefly Starry Lights for Mason Jars Wedding Party Christmas Centerpiece Table Decorations, Warm White       "
B0BWWZXWPL,"        Blink Mini 2 (newest model), Plug-in smart security camera, HD night view in color, built-in spotlight, two-way audio, motion detection, Works with Alexa (White)       "
B0BWY1NLHQ,"        Hazel Quinn Retro Electric Kettle - 1.7 Liters / 57.5 Ounces Tea Kettle with Thermometer, All Stainless Steel, 1200 Watts Fast Boiling, BPA-free, Cordless, Automatic Shut Off - Pearl White       "
B0BX446VB1,"        OMIRO Hand Mirror, Black Handheld Mirror with Handle, 6.6"" W x 9.2"" L       "
B0BX64XHYQ,"        Champagne Flute Acrylic Champagne Glasses Wedding Toasting Champagne Flute Goblet Plastic Reusable Unbreakable Champagne Cups for Bachelorette Wedding Bridal Shower Party (Pink, 10)       "
B0BX9VQ67C,"        Disposable Bed Sheets 100 Pcs 31"" x 71"" Massage Table Sheets Non Woven Fabric SPA Bed Cover Breathable for Massage Beauty Tattoos(White)       "
B0BXCXJNFW,"        Flickering Flameless Candles Battery Operated with Remote and 2/4/6/8 H Timer Plexiglass Led Pillar Candles Pack of 9 (D2.3""xH 5""6""7"")with Realistic Moving Wick Candles for Home Decor(White)       "
B0BXFGV3C5,"        Candle Warmer Plate Safely Releases Scents Without a Flame- Used as Candle Jar Warmer, Candle Melter, Coffee Warmer, Mug Warmer, Cup Warmer in Your Home & Office (Black)       "
B0BXHHFQLL,"        Tarot Cards for Beginners, Classic Tarot Cards with Meanings on Them, Durable Tarot Cards with Guide Book for Beginners (Black)       "
B0BXKDYZHY,"        AceGamer Wired PC Controller for Xbox 360, Game Controller for Steam PC 360 with Dual-Vibration Compatible with Xbox 360 Slim and PC Windows 7,8,10,11       "
B0BXM9M13H,"        Magic Mill Pro Electric Kettle with tea Infuser and Temperature Control - Keep Warm Function, Rapid Boil, Automatic Safety Shut Off, BPA Free, No Plastic on Water, British Patent Technology,Large 1.7L       "
B0BXRYXYS7,"        Overmont Enameled Cast Iron Dutch Oven - 5.5QT Pot with Lid Cookbook & Cotton Potholders - Heavy-Duty Cookware for Braising, Stews, Roasting, Bread Baking red       "
B0BXTFCCZZ,"        Fire Color Changing Packets Fire Pit (10 Pack) - Perfect for Any Campfire, Bonfire & Outdoor Fireplaces - Perfect Magic Cosmic Mystical Campfire Accessories - Camping Games       "
B0BXWFT8SP,"        Vibe bear Baby Play Mat 71"" X 59"", Premium Thicker Foam One-Piece Crawling Mat, Extra Large Anti- Slip Crawling Mat Activity Playmats for Babies,Toddlers, Infants, Play & Tummy Time       "
B0BXZV4PYD,"        KIMODE Farmhouse Kitchen Mats,Anti Fatigue Kitchen Rugs Sets of 2, Non Slip Waterproof Kitchen Floor Mats, Ergonomic Cushioned Comfort Standing Mat for Laundry, Office, Sink,Desk,Red       "
B0BY1PBQRD,"        4 PCS Fruit Storage Containers for Fridge with Removable Colander, Airtight Food Storage Container, Dishwasher Safe Produce Saver Container for Refrigerator, Keep Berry Fruit Vegetable Fresh Longer       "
B0BY3KDLXY,"        Bentgo Kids Water Bottle - Leak-Proof, Durable Tritan, BPA-Free 15 oz. Cup for Kids/Toddlers Ages 3+ - Flip-Up Straw & Dishwasher Safe for School, Sports, Daycare & Camp (Trucks)       "
B0BY3R85DV,        Stanley Quick Flip GO Water Bottle 24-36 OZ | Push Button Lid | Leakproof & Packable for Travel & Sports | Insulated Stainless Steel | BPA-Free       
B0BY49QBY1,"        9 Pocket Card Binder, Premium Zip Trading Card Binder, 720 Double Sided Pocket PU Collection Binder, Collector Album, Card Folder for MTG, TCG, Sports Cards, (Black)       "
B0BY6PZVV8,        AMZDM Controller Grip for Oculus Quest 2 Accessories Grips Cover for VR Touch Controllers Covers Protector with Non-Slip Thumb Grips 1Pair Black       
B0BY7D54G4,"        Tabletop Fire Pit - Concrete Outdoor & Indoor Fire Pit Tabletop, Smores Maker Kit, Table Top Firepit, Small Portable Mini Indoor Fireplace       "
B0BY88D74L,        Saviland 12 Colors Nail Art Pens Set - 3D Nail Polish Pens Acrylic Paint Pens Nail Markers for Nail Art Drawing Painting Nail Point Dotting Liner Pen Manicure Tools Nail Design Kit Home Nail Salon DIY       
B0BY9Q13Y1,        Topps 2023 Series 1 Baseball MLB Set of 3 Packs - 16 Cards per Pack - 48 Trading Cards Total       
B0BYCCGPNW,"        Obstal 6ft Stretch Black Spandex Table Cloth for Standard Folding Tables - 2 Pack Universal Rectangular Fitted Tablecloth Protector for Wedding, Trade Show, Vendor Stand       "
B0BYCL1Y99,"        Syntech Protective Case Compatible with Steam Deck Accessories Console OLED/LCD, All-Round Protection with Non-Slip Thumb Grips, Silicone Cover for Enhanced Fit and Alignment-Grayish White       "
B0BYDGNBCK,"        HIBAG Vacuum Storage Bags, 10 Jumbo Space Saver Vacuum Seal Bags, Space Bags, Vacuum Sealer Bags for Clothes, Comforters, Blankets, Bedding (10J)       "
B0BYF3GMVX,"        3 Pack 3.3x8.2 Feet Silver Foil Fringe Backdrop Curtains, Tinsel Streamers Birthday Party Decorations, Fringe Backdrop for 2025 New Years Eve, Graduation, Baby Shower, Gender Reveal       "
B0BYMPP8M8,        Tabby Cat Hand Puppets Kitten Plush Animal Toys Dolls for Kids Imaginative Pretend Play Storytelling       
B0BYMSZQQQ,        Bunny Hand Puppets Rabbit Plush Animals Toys for Kids Imaginative Pretend Play Storytelling (Brown)       
B0BYNDL3SW,        Chuya Baby Teether Toy Chew Toy for Babies 3-24 Months TV Remote Control Shape Teething Relief Baby Toys for Infants (Black)       
B0BYP7C247,"        QH.HOME Fire Pit Cover Square Heavy Duty Fabric 100% Waterproof, Fits Outdoor for 29”,30 inch,31 inch,32 inch Fire Pit/Table Cover,Gas Fire Pit Cover (32”L x 32”W x 24”H,Black)       "
B0BYSJVD3F,"        Tire Inflator Portable Air Compressor - 2X Faster - 21V Rechargeable Battery Powered Handheld 160PSI Tire Inflator, Dual Power Supply Modes, Air Pump for Car Motorcycle E-Bike       "
B0BYTZ9Q6D,"        Smart Heated Coffee Mug Warmer & Mug Set - Heated Coffee Warmer with Auto Shut Off, 1°F Precise Temperature Control Coffee Warmer, Electric Mug Warmer for Desk, Birthday Gifts for Women and Men       "
B0BYWFHZCC,        STANLEY Quencher H2.0 FlowState Stainless Steel       
B0BYYY51HJ,"        PalliPartners Compound Microscope Powerful Biological Microscopes for School Laboratory Home Education,100X-2000X Microscopes for Kids Students Adults, with Microscope Slides Set, Phone Adapter, White       "
B0BZ35BG6V,"        Head Strap Compatible with Oculus Quest 2,Meta Quest 2 Accessories Adjustable Elite Strap Replacement for Enhanced Comfort Support and Gaming Immersion in VR (Without Battery)       "
B0BZ3PQ7C2,"        20 oz Tumbler Lid, Replacement Lids Compatible for YETI 20 oz Tumbler, 10/24 oz Mug and 10 oz Lowball, 2 Pack Travel Spill Proof Cup Lids Covers with Magnetic Slider Switch, BPA Free       "
B0BZ4M4RV6,"        Kawaye for Meta Quest 3/3S/Quest 2 Head Strap with 7500mAh Battery,VR Headset Strap with Detachable Battery Pack,Adjustable Elite Strap Enhanced Support&Comfort Extend Playtime for Oculus       "
B0BZ7FCB96,"        Vlogging Camera Case Compatible with Duluvulu/for TEBNGIHNM/for zheozeig/for Oiadek 4K Digital Cameras for Youtube. Vlog Camera Carrying Storage for Lens, Cable and Other Accessories - Pink       "
B0BZ7H2VM7,"        Patiowell 3 x 3 FT Outdoor Storage Shed,Small Garden Tool Storage Shed with Sloping Roof and Single Lockable Door, Outdoor Shed for Backyard Garden Patio Lawn       "
B0BZ7ZWTXM,"        Sturdy Front Door Mat, Absorbent Muddy Dirt Resist Welcome Door Mats Outdoor Indoor, Stain and Fade Resistant, Non-Slip Rubber Backing Low Profile Doormat for Entryway, 30×17, Beige       "
B0BZ8C65YL,"        Phetium Instant mini 12 Camera Protective Case Compatible with Instax Mini 12 11,PU Leather Bag with Pocket and Adjustable Shoulder Strap (Lilac Purple)       "
B0BZCBJ7RL,"        Legging Organizer for Closet, Metal Yoga Pants Hangers 2 Pack w/10 Clips Holds 20 Leggings, Space Saving Hanging Closet Organizer w/Rubber Coated Closet Organizers and Storage, Black       "
B0BZCHMVTK,"        Bezente Assorted Rainbow Latex Balloons, 100 Pack 12 inch Round Helium Bright Color Balloons for Birthday Baby Shower Wedding Party Decorations       "
B0BZCTXKPZ,"        Vtopmart 4 Pack Large Stackable Storage Drawers,Easily Assemble Acrylic Bathroom Closet Undersink Organizers and Storage,Plastic Bins for Kitchen Cabinets,Pantry,Makeup,Medicine Organization       "
B0BZD3PQVZ,"        Dossier - Ambery Saffron 1.7 Fl Oz (50ml) - Eau de Parfum - Inspired by B.accarat R.ouge 540 - Vegan, Unisex Perfume Spray       "
B0BZDFXLYX,"        COSORI Electric Kettle, Cool-Touch Double Wall Stainless Steel Insulated, Automatic Shut Off & Boil-Dry Protection, Durable Tea Kettle Boiler & Heater, 1.5L/1500W, Silver       "
B0BZDPFH45,"        Philips Norelco OneBlade 360 Face + Body, Hybrid Electric Razor and Beard Trimmer for Men with 5-in-1 Face Stubble Comb and Body Hair Trimmer Kit, QP2834/70       "
B0BZDT4LSX,"        Dirt Devil Portable Spot Cleaner Machine for Carpet and Upholstery, Powerful Suction Spot Cleaning Machine with Versatile Tools, Pair with Dirt Devil Portable Spot Cleaner Solution       "
B0BZDZJDTG,        Dossier - Ambery Vanilla 1.7Oz (50ml) - Eau de Parfum - Inspired by Y S.L's B.lack O.pium - Long-lasting Fragrance - Feminine       
B0BZJVFFNM,"        Nespresso Capsules Vertuo, Barista Flavored Pack, Medium Roast Coffee, 30 Count Coffee Pods, Brews 7.8oz.       "
B0BZNW6VQ1,"        YOGES Handle Attachments Compatible with Oculus Quest 2 Controller Accessories, VR Gorilla Tag Long Arms Dual Extension Grips Compatible with Meta Quest 2 for Beat Saber Supernatural More VR Games       "
B0BZQTSBWZ,"        Philips Norelco OneBlade 360 Face, Hybrid Electric Beard Trimmer and Shaver with 5-in-1 Face Stubble Comb, Frustration Free Packaging, QP2724/90       "
B0BZS6VDB6,"        VEVOR Portable Shed Outdoor Storage Shelter, 6x8x7 ft Heavy Duty Instant Waterproof Storage Tent Sheds with Roll-up Zipper Door and Ventilated Windows for Motorcycle, Bike, Garden Tools       "
B0BZT61Z9V,"        Pyrex Sculpted 3-Pack Glass Mixing Bowls (1.3 QT, 2.3 QT, 4.5 QT) with BPA-Free Lids, Prepping and Baking Food Storage Set, Dishwasher, Microwave and Freezer Safe       "
B0BZT811QL,        Nikon D7500 20.9MP DSLR Digital Camera with 18-140mm VR Lens (1582) Deluxe Bundle Kit with Sandisk 64GB SD Card + Large Camera Bag + Filter Kit + Spare Battery + Telephoto Lens + More (Renewed)       
B0BZW7WY5M,"        REACHER Wood Grain Sunrise Alarm Clock and Sound Machine Nightlight, Digital Dimmable Clock for Bedroom, 26 Sleep Sounds, White Noise Machine for Baby, Adults, Wake Up Light Alarm Clock for Kids       "
B0BZWMJM2F,"        18pack Travel Bottles for Toiletries,TSA Approved Silicone Travel size Containers for Toiletries,Leak Proof Refillable Liqus Shampoo And Conditioner Travel Essentials toiletry Bottles       "
B0BZWRSRWV,"        All-new Ring Battery Doorbell, Head-to-Toe Video, Live View with Two-Way Talk, and Motion Detection & Alerts (2024 release), Satin Nickel       "
B0BZZDPPRX,"        All-Purpose Stainless Steel Shower Squeegee for Shower Glass Door with 2 Adhesive Hooks, Bathroom Cleaner Tool Household Window Mirror Squeegee , Cleaning Tile Wall, Car, 10 Inch Silver       "
B0C112CXJM,"        Sourdough Starter Jar, Sourdough Starter Kit with Date Marked Feeding Band, Thermometer, Cloth Cover & Metal Lid, Reusable Sourdough Bread Baking Supplies, Home Baking Supplies       "
B0C12Z32DP,"        Stylus Pen for Wii U Gamepad, Xahpower Replacement Stylus Compatible with Nintendo Wii U Gamepad, 4 in 1 Combo Touch Styli Pen Set Multi Color for Wii U Gamepad       "
B0C13618CH,"        ARZOPA Digital Picture Frame 15.6"" Large WiFi Digital Electronic Photo Frame with 32GB Storage, 1920x1080 FHD Touch Screen, Auto-Rotate, Share Photos or Videos Instantly via Frameo       "
B0C13YZ4P3,"        Large Toy Storage Box with Lid, Sturdy Toys Storage Chest Bin Organizer Basket with Dividers for Kids, Boys, Girls, Nursery, Closet, Bedroom, Playroom 25""x13"" x16"" (Beige and White)       "
B0C1BBDP5V,"        Sealive 10PCS Easter Finger Puppets for Toddlers – Soft Mini Finger Puppets for Easter Eggs, Story Time, Role Play, Therapy, Classroom & Travel – Cute Forest Animals for Kids & Preschool Learning Fun       "
B0C1CT6CWG,"        FIOTOK Gamecube Controller, Classic Wired Controller for Wii Nintendo Gamecube (Clear Purple & Clear Green-2Pack)       "
B0C1GL5T7G,"        AstroAI Tire Inflator Portable Air Compressor Pump 150PSI 12V DC/110V AC with Dual Metal Motors &LED Light， Automotive Car Accessories&Two mode for car, bicycle tires and air mattresses, Yellow       "
B0C1GW3SZH,"        Homaxy 12 Pack Kitchen Dish Cloths (10 x 10 Inches, Grey), Super Soft and Absorbent Coral Velvet Dish Towels, Nonstick Oil Fast Drying Microfiber Cleaning Cloth, No Lint Household Dishcloths       "
B0C1L1648Z,        2022 Contenders NFL Football Blaster Value Box 8 Cards Per Pack 5 Packs Per Box 1 Autograph or Rookie Ticket Swatch Per Box on Average       
B0C1MSXC2R,"        Parchment Paper Sheets, 9x13 In Non-Stick Precut Baking Parchment for Baking, Grilling, Air Fryer, Steaming, and More (Unbleached) - Quarter Sheet Size, Perfect for Bread, Cakes, Cookies, 100PCS       "
B0C1MYB5KK,"        Torjim Softbox Photography Lighting Kit, 16'' x 16'' Professional Softbox Lighting Kit with 85W 3000-7500K LED Bulbs, Studio Lights for Photography/Video Recording/Live Streaming       "
B0C1Q9X8VH,        PlayStation VR2 Horizon Call of The Mountain™ Bundle (PSVR2)       
B0C1RB6353,"        97 Decor Colorful Eclectic Decor - Maximalist Decor, Eclectic Home Decor, Eclectic Wall Decor, Funky Eclectic Gallery Wall Art Prints for Bedroom, Famous Artist Painting Pictures (UNFRAMED)       "
B0C1YXXT4F,        K&F Concept 77mm MCUV Lens Protection Filter 18 Multi-Coated Camera Lens UV Filter Ultra Slim with Cleaning Cloth (K-Series)       
B0C1YZCZYG,"        Bento Box Adult Lunch Box, Containers for Adults Men Women with 4 Compartments, Lunchable Food Container with Utensils, Sauce Jar, Muffin Liners, 40 Oz/5 Cup, Microwave & Dishwasher Safe, Brown       "
B0C22K5K5R,"        Pharmedoc Pregnancy Pillows, U-Shape Full Body Pillow -Removable Cover Jumbo Size - Grey - Pregnancy Pillows for Sleeping - Body Pillows for Adults, Maternity Pillow and Pregnancy Must Haves       "
B0C23VDPM2,        AUSSPVOCT Textured Linen Tablecloth Rectangle 52x70 Waterproof Spill-Proof Wipeable Table Cloth Wrinkle Free Linen Dining Table Cover for Birthday Farmhouse Spring Tablecloths Up to 36‘'X54''       
B0C23X74J6,"        BESKAR Foot Massager Roller for Plantar Fasciitis Relief, Portable, Deep Tissue Muscle Massage, Foot Arch and Heel Pain, Reflexology Tool       "
B0C27YSLX8,"        4 Pcs Telescopic Suction Cup Giraffe Toy, Sensory Tube Toddler Travel Toys, Connectable and Extendable Stress Relief ADHD Autism Fidget for Kids, Easter Basket Stuffers for Gifts       "
B0C283FR98,        Fairy Lights 66 ft 200 LED USB Twinkle String Lights Plug in Silver Wire Lights with Remote and Timer 8 Modes Outdoor Waterproof Starry Lights DIY Party Wedding Christmas Decoration（Warm White）       
B0C285GJ9Z,"        10 Pack Fairy Lights Battery Operated String Lights, 10 LED on 3.3ft Silvery Copper Wire，for Flowers Gift Box Wedding Party Christmas Decoration (10 Pack, Cool White)       "
B0C2C9NHZW,"        LEVOIT Top Fill Humidifiers for Bedroom, 2.5L Tank for Large Room, Easy to Fill & Clean, 28dB Quiet Cool Mist Air Humidifier for Home Baby Nursery & Plants, Auto Shut-off and BPA-Free for Safety, 25H       "
B0C2CK11L9,"        SUSTEAS Rotary Cheese Grater with Handle - Vegetable Shredder with 5 Well-designed Blades & Strong Suction Base,Round Mandoline Slicer & Food Chopper for Kitchen,with Blade Storage Box(Retro Green)       "
B0C2CY22B8,"        Amazon Basics Everyday Paper Plates, 8.62 Inch, Disposable, 100 Count       "
B0C2CZJ1TK,"        Amazon Basics Everyday Paper Plates, 10 Inch, Disposable, 150 Count       "
B0C2FF4JD1,"        Ninja BC151BK Blast Portable Blender, Cordless, 18oz. Vessel, Personal Blender-for Shakes & Smoothies, BPA Free, Leakproof-Lid & Sip Spout, USB-C Rechargeable, Dishwasher Safe Parts, Black       "
B0C2HNB1MC,"        PUSEE Mug Warmer,Coffee Warmer for Desk Candle Warmer Auto Shut Off,Coffee Cup Warmer with 3 Temp Settings,Electric Beverage Warmer Plate for Coffee,Tea,Water Milk and Cocoa(Not Include Cup)       "
B0C2PV5MC2,"        Pro Goleem Small Woven Basket with Gift Bags and Ribbons Durable Baskets for Valentines Day Gifts Empty Small Rope Basket for Storage 12""X 8"" X 5"" Baby Toy Basket with Handles, White       "
B0C2PWRYBS,        Satin Bonnet Silk Bonnet for Sleeping Silk Sleep Cap Double Layer Hair Bonnet with Elastic Tie Band for Curly Hair Night Cap       
B0C2SP1H33,        Cleveland Cavaliers Replica NBA 2016 Championship Ring Trophy Shadowbox w/LeBron James Card       
B0C2SRL9RY,"        Paris Hilton Heart Shaped Fluted Cake Pan, Cast Aluminum with Clean Ceramic Nonstick Bakeware, Dishwasher Safe, Made without PFAS, PFOA, PFOS & PFTE, 9-Inch, Pink       "
B0C2TVCXF7,"        Goodpick Large Blanket Basket, Woven Basket for Storage Rectangle Dirty Clothes Basket for Laundry, Living Room, Nursery, Bedroom Rope Storage Basket for Blankets, Toys, 21.6"" x 14.9"" x 11.8""       "
B0C2V2V981,"        12X25 Mini Pocket Binoculars for Adults Kids, Small Compact Binoculars for Bird Watching, Opera Concert       "
B0C2V4G25H,"        6X50FT Privacy Screen Fence, Heavy Duty Fencing Shade Cover, 170GSM 90% Blockage Mesh Shade Net for Wall Garden Yard Backyard (6 ft X 50 ft, Black)       "
B0C2WCRQYC,"        Nikon D850 DSLR Camera, Bundle with 64GB Memory Card, Alpine 160 Bag       "
B0C2Y3T5LN,"        StepRite Kitchen Mats, 2PCS Kitchen Rugs, Cushioned Anti Fatigue Kitchen Mats for Floor, Non-Slip Standing Desk Mat, Waterproof Kitchen Rug Set for Kitchen, Floor, Office,17.3""×30""+17.3""×47"",Black       "
B0C2YFVRZM,"        Power Your Fun Arggh Mini Stress Balls for Adults and Kids - 3pk Squishy Stress Balls, Color Changing Resistance Fidget Toys, Sensory Stress Relief Squeeze Toys Squishy Toy (Yellow, Pink, Blue)       "
B0C32V1ZPW,"        FUNLAB Firefly [Luminous Pattern] Switch Controller, Switch Pro Controller Wireless Compatible with Switch/OLED/Lite, Bluetooth Gamepad with 7 LED Colors/Paddle/Turbo/Control       "
B0C33CHG99,"        COSORI Air Fryer 9-in-1, Compact & Large 6-Qt, Fast Turbo Modes, 90°–450°F Even Results With Precise Temperature Control, Up to 95% Less Oil*, Roast, Bake, Dry, Reheat, Frozen, Broil, Proof, Grey       "
B0C33WXY2D,"        HOMBERKING Glass Cups with Bamboo Lids and Straws 8pcs Set, 20oz Cups, Beer Glasses, Iced Coffee Cups, Cute Tumbler with 2 Cleaning Brushes, Ideal for Cocktail, Whiskey, Tea, Gift       "
B0C36KCBTF,"        10pcs Mixed Pink, Red & Green Color Bowl Lotus Seeds for Planting Beautiful Water Plants for Indoor Bonsai, Outdoor Ponds and Gardens Water Lily Seeds       "
B0C3B739CR,"        Insulated Water Bottles,12 oz Double Wall Stainless Steel Vacumm Metal Flask for Sports Travel,Macaron Green       "
B0C3BZDMHF,"        50-Pack Fishing Power Speed Clips, High Strength Stainless Steel Speed Clip for Fishing Lure Quick Change, Freshwater Saltwater Crankbait Popper Lures Quick Snap Connector Tackle       "
B0C3CK3GQM,        SAVILAND 168Pcs 7 Pack Press on Nails for Kids Children Fake Nails Stick on Nails Pre-glue Full Cover Glitter Gradient Color Star Short Acrylic Nail Tips Nail Art Christmas Gifts for 8-12 Year Kids       
B0C3DFHVQ6,"        12 Pcs Pots and Pans Set, Nonstick Cookware Sets Black Granite Induction Cookware, Non-toxic Healthy Non Stick Kitchen Cooking Set with Frying Pans Set, Saucepans,Steamer (PFAS, PFOA, PFOS Free)       "
B0C3FTCYZL,"        Zevo Flying Insect Refills for Indoor Light Trap: 4 Light Trap Refill Cartridges Capture Fruit Flies, Gnats and Houseflies (4 Cartridges)       "
B0C3G9J5Q8,"        Armaf Odyssey Mandarin Sky for Men Eau de Parfum Spray, 3.4 Ounce       "
B0C3GK98TN,        8000mAh Wii U Gamepad Battery Replacement Rechargeable Battery Pack Wii Accessories for Nintendo Wii U Gamepad       
B0C3GTB5MV,"        Mouth Hand Puppet Medium Size with Tongue for Kids, Mouth Puppet for Speech Therapy, Include Toothbrush       "
B0C3GYF738,"        YINBAOGE Insulated Travel Coffee Mug Spill Proof Leak Proof Pobtable To Go Camping Stainless Steel Coffee Tumbler Reusable Coffee Cups with Lids Thermos for Hot and Cold Drink (Black, 12 OZ)       "
B0C3H2BFFS,"        Indestructible American Flags For Outside 3x5,100%Made In U.S.A 3x5ft American Flag Outdoor Heavy Duty,All Weather American Flag 3x5 Outdoor, Deluxe Super Tough Series, Outdoor Embroidered American       "
B0C3H9MJQV,"        4 Pack Magnetic Spice Storage Rack Organizer for Refrigerator and Oven, Black Fridge Organizers and Storage       "
B0C3J421WK,"        Zulay Kitchen Rotary Cheese Grater 5 Blade Cheese Shredder - Manual Hand Crank Cheese Grater With Reinforced Suction & 5 Interchangeable Drums - Easy to Use, Vegetable Chopper Round Mandoline Slicer       "
B0C3J5VRKX,"        PSP-S110 Battery,Compatible with Sony SP-S110 Battery for PSP 2000/3000 PSPS110 Console PSPS110 Series 1200mAh 3.6V       "
B0C3KQVKZP,"        SHEP ANIMAL AERATOR | WINE BOTTLE TOPPER | LIQUOR POURER SPOUT | GIFT FOR FRIENDS, FAMILY | STOCKING STUFFER CHRISTMAS | TREX GOLD       "
B0C3L3YXLX,"        Double Toys Heater Rod LED Indicator Heater Warmer Rod Heating Stick AUTO 42℃ Control Quickly Heating Portable Carry Outside to Heat Tea/Coffee/Water,2 Heater in 1 Cable       "
B0C3L93F2Q,"        Nelko Label Maker Machine with Tape, P21 Bluetooth Label Printer, Wireless Mini Label Makers with Multiple Templates for Organizing Office Home, White, 1 Pack       "
B0C3P8F7KW,"        Pandaloo® Glass Cups With Lids and Straws -20 Fl Oz- Perfect Size Iced Coffee Cup - Smoothie Cup With Bamboo Lid and On the go Lid - Glass Tumbler With Straw (1 Count (Pack of 1), Lilac Rhapsody)       "
B0C3QQYQ1B,"        TOPDON TopScan Lite OBD2 Scanner Bluetooth, Bi-Directional Scanner Wireless All System Diagnostic Tool for iOS & Android, FCA AutoAuth, 8+ Hot Reset, Repair Guides, Car Code Reader, Performance Test       "
B0C3QZ7SNF,"        Cisily Sponge Holder for Kitchen Sink, Sink Caddy with High Brush Holder, Kitchen Sink Organizer Countertop Rustproof 304 Stainless Steel , Soap Dispenser Kitchen Organizers and Storage Essentials       "
B0C3RLLQWQ,"        MEIJIA Portable All Weather IP67 Waterproof Protective Case,Hard Camera Case,Dry Case with Customizable Foam,Fit Use Of Drones,Camera,Equipments,10.62 x9.68x4.87inches       "
B0C3YX684K,        Whats My Baby® Gender Prediction Test - Reveal if Your Baby is a Girl or Boy from 5 Weeks - Instant Results - Early Pregnancy Test Kit       
B0C3Z519CS,        NiNi ALL Outdoor Waterproof Throw Pillow Covers Set of 2 Decorative Farmhouse Garden Pillowcase Solid Cushion Cases for Patio Tent Couch 18x18 inch Black       
B0C3ZBNZX8,        Facsimile Autographed Alexander Ovechkin Washington Red Reprint Laser Auto Hockey Jersey Size Men's XL       
B0C41M45W2,"        Nintendo Wii Console, White Premium Bundle (Renewed)       "
B0C42Y5TPD,"        ET03 Car Jump Starter 2500A Jump Starter Battery Pack for Up to 8.0L Gas and 7.0L Diesel Engines, 74Wh Portable 12V Jump Box with USB Ports, LCD Display, Storage Case, and LED Light       "
B0C46Z95QM,"        Baby Nest, Baby Lounger, Organic Cotton Lounger for Baby, Reversible Breathable Adjustable Portable - Star Collection (Tan)       "
B0C47KK5QZ,"        Magic Mill Glass Storage Containers with lids Set | Ultimate 24pc Set with BPA-Free Airtight Locking Lids for Lunch, Food Storage, Meal Prep, Safe in Fridge, Freezer, Dishwasher Safe for Easy Clean       "
B0C484TSM9,"        Flickering Flameless LED Candles,Battery Operated Candles 9 Pcs with Embedded Star String,Acrylic LED Pillar Candles with Remote,Suitable for Home Decoration to Create an Atmosphere（White）       "
B0C48VLPF9,"        PROHEAR Electronic Ear Protection for Shooting with 4X Sound Amplification, Gun Range Hearing Protection Muffs, NRR 23dB Noise Reduction Headphones for Hunting, Green       "
B0C49CL45M,"        Moforoco Adhesive Shower Caddy Organizer Shelves Rack - 5 Pack Corner Bathroom Storage Organization, Home & Kitchen Decor Inside RV Accessories, Hanging First Apartment Household Camper Essentials       "
B0C4BZ28PG,"        Amazon Fire TV Soundbar, 2.0 speaker with DTS Virtual:X and Dolby Audio, Bluetooth connectivity       "
B0C4DVTYWL,"        Instant Canopy Tent Sidewalls for 10x10 Pop Up Canopy Waterproof,99% UV Protection，3 Piece Sidewalls, White(3PCS Sidewall Only, Canopy Tent NOT Included)       "
B0C4F67SLY,"        BAGSMART Camera Bag, SLR DSLR Canvas Crossbody Camera Case, Compact Camera Shoulder Bag with Rain Cover for Women and Men, Ivory White       "
B0C4F8L3X6,"        Redchef Ceramic Pots and Pans Set Non Stick, Nonstick Kitchen Cookware Sets, Non Toxic Pots and Pans Set Non Stick, PFAS PFOA & PTFE Free, Detachable Handle Pots and Pans 5 Piece, RV Cookware       "
B0C4H3Z6K7,"        2 Pack Hat Racks for Baseball Caps, Stainless Steel Hat Organizer for Baseball Cap, Hat Holder Storage Organizer, Hat Hanger Strong Adhesive/Wall Drilled for Door, Bedroom, Closet(Black 6 in)       "
B0C4H5QVC4,"        Baby Play Mat 79x 71 Inch, Extra Large Foldable Play Mats for Babies and Toddlers, Waterproof & Anti-Slip Portable Baby Floor Mat for Tummy Time, Non Toxic Foam Play Mat for Floor Travel Bag       "
B0C4HBWRWK,"        SILIVO Silicone Heart Shaped Cake Pans, 8 Inch, Red, Nonstick, Food Grade Silicone, Easy Clean, Freezer, Microwave and Oven Safe       "
B0C4NM9NVV,"        Travel Electric Kettle Portable Small Mini Tea Coffee Kettle Water Boiler, Water Heater with 4 Temperature Control,304 Stainless Steel with Auto Shut-Off & Boil Dry Protection, BPA-Free (White)       "
B0C4NYY9Y7,"        Framed Boho Wall Art Set of 4 for Wooded Minimalist Botanical Print Wall Art for Rustic Vintage Farmhouse Home Kitchen Wall Decor (Brown, 12x16)       "
B0C4SW9SNB,"        2-Pack Silicone Boot for Stanley 40 30 oz Quencher Tumbler, IceFlow Water Bottle 30/20 oz, Cup Bottom Sleeve 2.95 inch Diameter       "
B0C4Y78YG5,"        Motel Mouse Humane No Kill Live Catch and Release Mouse Traps, Reusable with Cleaning Brush - 4 Pack       "
B0C4YGQQ7B,"        Camping Cooler Backpack 30 Cans, Soft Backpack Coolers Insulated Leak Proof Travel Cooler Bag Waterproof Lunch Picnic Beach Work Trip Thermal Bag Drink Beverage Beer Bag Cooler       "
B0C536XXTF,"        MENEEA Upgraded Cooling Fan Charging Station for Xbox Series X Console & Controller, Dual Charger Dock & Cooler System Stand with 15 Colorful Lights for Xbox Series X Accessories Kit       "
B0C53R66NJ,        Custom Canvas Prints with Your Photos Framed Canvas Customized Wall Art Personalized Canvas Pictures for Pet/Family Gifts for Mom/Men/Women 8 x 10       
B0C544R2J7,"        Bissell Cleanview XR Pet 300W Cordless Vacuum with Removable Battery, 3797V       "
B0C545KQQM,"        Mueller DuraCast 6 Quart Enameled Cast Iron Dutch Oven Pot with Lid, Heavy-Duty, Oven Safe up to 500° F & Across All Cooktops, Wedding Registry Ideas & Gifts, Emerald       "
B0C55P3R29,        Black Fringe Curtain Party Streamers 2Pack 3.3x8.3 Ft Foil Fringe Backdrop Curtains for Birthday Wedding Bridal Baby Shower Halloween Decor Tinsel Streamers Black Party Decorations Door Streamers       
B0C55SQ8BG,"        Green Metallic Tinsel Foil Fringe Curtains, 2 Pack 3.3x8.3 Feet Party Streamer for Birthday Party Decorations, Halloween Decor, Foil Curtain Backdrop for Bachelorette Party       "
B0C59NGWLL,"        Birthday Party Decorations: 3 Pack 3.3 x 9.9 ft Gold Foil Fringe Curtains Party Supplies, Tinsel Curtain Backdrop for Parties/Birthday/Photo Booth       "
B0C5BPFRFN,        Junk Food Clothing x NFL - Team Spotlight - Short Sleeve Fan Shirt for Men and Women - Officially Licensed NFL Apparel       
B0C5BWRMQL,"        Bonsenkitchen Vacuum Sealer Rolls Bags, 6 Pack 3 Rolls 11"" x 20' + 3 Rolls 8"" x 20' Commercial Grade BPA Free Bag Rolls, Durable Customized Size Food Vac Bags for Storage and Sous Vide Cooking VB3211       "
B0C5C423ZR,"        Wine Sealer for Wine Bottles - 60 pcs Wine Bottle Resealer Kit for Cruise with PVC Heat Shrink Capsules, Cork Stopper with Plastic Top for Home Use       "
B0C5D5CWKH,"        300PCS Cocktail Picks Bamboo Skewers For Appetizers, FATLODA Paddle Wooden Skewers, Fancy Flat Toothpicks For Appetizers, 4.7 IN Bamboo Sticks For Party Sandwich Fruit Charcuterie Boards Accessories       "
B0C5DBMYZF,"        REALINN Under Sink Organizer, Pull Out Cabinet Organizer Slide Out Sink Shelf Cabinet Storage Shelves, Storages for Kitchen Bathroom, Black, 2 Pack       "
B0C5FR12SJ,        SKALA Mais Cachos for hair type 3ABC - 2 IN 1 Conditioning Treatment Cream & Cream To Comb 35.2oz       
B0C5HTS85W,"        Elite Gourmet EGC115M Easy Egg Cooker Electric 7-Egg Capacity, Soft, Medium, Hard-Boiled Egg Cooker with Auto Shut-Off, Measuring Cup Included, BPA Free, Retro Mint       "
B0C5LYMNYM,        GANA Wii to HDMI Converter Adapter with Hdmi Cable Connect Wii Console to HDMI Display in 1080p Output Video with 3.5mm Audio Supports All Wii Display Modes White       
B0C5MK8LV6,"        Maple Syrup Hydrometer Test Cup Kit, Maple Syrup Density Kit, Measures Sugar Content in The Syrup, Stainless Steel Maple Syrup Kit, Easy to Read and Accurate, with Cleaning Brush       "
B0C5QRZ47P,"        Ring Stick Up Cam Battery | Weather-Resistant Outdoor Camera, Live View, Color Night Vision, Two-way Talk, Motion alerts, Works with Alexa | White       "
B0C5QSN9YB,"        Ring Stick Up Cam Battery | Weather-Resistant Outdoor Camera, Live View, Color Night Vision, Two-way Talk, Motion alerts, Works with Alexa | Black       "
B0C5R9XC27,        Saviland Acrylic Nail Kit for Beginners: Keratin Acrylic Powder Castor Oil Vitamin E Gel Nail Polish Primer 180W Nail Lamp Nail Drill Full Tools Everything Home Starters       
B0C5Y32CGF,"        Pura Size 5 Eco-Friendly Diapers (24-35 lbs) Totally Chlorine Free (TCF), Hypoallergenic, Soft Organic Cotton, Sustainable, up to 12 Hours Leak Protection, Allergy UK, 6 Packs of 20 (120 Diapers)       "
B0C5YW85MJ,"        Fire Dazzle Fire Color Changing Packets for Fire Pit - 12 Pack Color Packets, Flame Changer for Fire Pit and Campfires - Camping Games Accessories for Kids and Adults       "
B0C5Z8VCHX,"        Chefman Electric Kettle, 1.8L 1500W, Hot Water Boiler, Removable Lid for Easy Cleaning, Auto Shut Off, Boil-Dry Protection, Stainless Steel Filter, BPA Free, Borosilicate Glass Electric Tea Kettle       "
B0C61NHDX1,"        Fitable White Tablecloths for Rectangle Tables, 6 Pack - 70 x 120 Inches - Reusable and Washable Table Clothes for 6-8 Ft Tables, Polyester Fabric Table Covers for Wedding, Party, Banquet       "
B0C627LYNZ,"        4 Pack Iridescent Pink Plastic Tablecloths, FunnyPars Shiny Disposable Laser Rectangle Table Covers, Holographic Foil Tablecloth Iridescent Party Decorations for Birthday Wedding Christmas, 54x108Inch       "
B0C62KGM47,"        Toys for Toddlers, 11 Magnetic Wooden Animals Train Set, Montessori Toys for Toddlers, Preschool Learning Activities for Kids, Birthday Gifts for Boys, Girls       "
B0C65C9JBL,"        Gifts for Wife - Wife Gifts, Gifts for Her - Wife Birthday Gift Ideas, Valentines Day Gifts for Her, Mothers Day Gifts for Wife, Wife Christmas Gift Ideas - I Love You Gifts for Her - 20 Oz Tumbler       "
B0C68YFPSG,"        SWEETFULL Coffee Mug Warmer, 36W Electric Coffee Cup Warmer for Desk with 3-Temp Settings Advanced Temperature-Controlled Beverage Warmers Heating Plate for Coffee, Milk, Tea, Candle Wax - Wood       "
B0C6BQ2X2T,"        Suncast Vertical Shed Shelf Kit, Space-Saving Shelf for Vertical Outdoor Storage Sheds, 27.75"" W x 14.5"" D x 1.25"" H, Black       "
B0C6DPY8L9,"        Hand Mixer Milk Frother for Coffee - Dutewo Frother Handheld Foam Maker for Lattes, Electric whisk Drink Mixer Mini Foamer for Cappuccino, Frappe, Matcha, Hot Chocolate Sliver       "
B0C6DXY5KC,"        Kids Camera Instant Print,1080P Kids Instant Cameras That Print Photos,Christmas Birthday Gifts for Girls Age 3-12,Portable Toy for 3 4 5 6 7 8 9 10 Year Old Girls Boys Pink       "
B0C6F6RYH4,"        Switch Sports Accessories Bundle with Organizer Station Compatible with Nintendo Switch/ OLED Console & Joy-con, Storage and Organizer for Switch Sports Games, Family Sports Party Pack Accessories Kit       "
B0C6FCKQML,"        Dreo Space Heater, Portable Electric Heaters for Indoor Use with Thermostat and Remote, 2024 Upgraded, Digital Display, 12H Timer, 5 Mode, 1500W PTC Ceramic Fast Safety Heat for Office Bedroom Home       "
B0C6JNCZZJ,"        100 PCS Eye Finger Puppets Toys Set, Wiggly Eyeball Finger Puppet Eye On Rings for Kids, Party Favors for Boys Girls       "
B0C6KQ8Q72,"        30x Magnifying Mirror, Travel Hand Mirrors with Handle - Double Side Handheld Mirror with 1X 30X Magnification & Adjustable Handle/Stand, Hand Held Foldable Travel Mirror for Makeup(Black)       "
B0C6KQYJ7G,"        Wilson NCAA Final Four Basketball - 29.5"" and 28.5""       "
B0C6KS6PTW,"        Haull Outdoor Storage Shed Floor Moat Waterproof Outdoor Carport Mat Thickened Soft Patio Furniture Pad Washable with Non Slip Backing, Storage Shed Not Included(6 x 8.2 ft)       "
B0C6LLLTL7,"        Enzeno Patio Furniture Set Cover, Outdoor Sectional Sofa Couch Set Covers Waterproof, Garden Dining Table Chair Set Cover Outside Rectangular Heavy Duty Weatherproof 90"" L x 65"" W x 28"" H Black       "
B0C6M51JQK,"        Football Party Supplies Kit Serve 24,Includes Dinner Plates, Dessert Plates, Napkins, Cups,Banner and Touchdown Tablecloth for Football Birthday Party Football Game Day Tailgate Party Decorations       "
B0C6M57WTR,        Football Party Decorations Disposable Tablecloth Plastic Touchdown Table Cover for Birthday Party Football Party Games Decoration 54 X 108Inch，2 Pack       
B0C6N72X5Y,"        Vortex Optics Triumph HD 10x42 Binoculars - HD Optical System, Fully Multi-Coated Lenses, Rubber Armor, Tripod Adaptable, Waterproof, Fogproof, Shockproof - Unlimited, Unconditional Warranty       "
B0C6RJPXR5,"        Bioethanol Fuel for Table top Fire Pit (0.5 Lt) Ethanol Fireplace Fuel, Bioethanol Fuel for Fireplaces, Indoor Fireplace (1 Pack 1/2 Quart)       "
B0C6RKJ65W,        GoPro Head Strap 2.0 (Action Camera Head Mount + Clip) - Official Accessory       
B0C6SSH4LK,"        Piping Bags and Tips Set, Cakes Decorating Supplies Kit with 100pcs 12 Inch Pastry Bags, 16 Piping Tips, 3 Cake Scraper, 2 Couplers, 2 Bag Ties, Simple and Convenient Baking Supplies Set       "
B0C6T3JPGL,"        Nanit Travel Case – Protective Hard Shell Carrying Case for Nanit Pro Baby Monitor and Multi-Stand Travel Accessory, Blue       "
B0C6TJZTX8,"        EAST OAK 48,000 BTU Patio Heater for Outdoor Use With Round Table Design, Double-Layer Stainless Steel Burner and Wheels, Outdoor Patio Heater for Home and Commercial, Gray, 31.9 x 31.9 x 86.6 inches       "
B0C6V3JKHL,"        YouTheFan NFL Logo Series Deskpad, 31.5"" x 12”       "
B0C6WGMLFY,"        Amazon Kindle Case, Thin and Lightweight, Foldable Protective Cover - Fabric       "
B0C6XGQ297,"        BRIAN & DANY Tabletop Solo Fire Pit with Stand, Smokeless Firepit for Outside, Stainless Steel Stove Bonfire, Fueled by Pellets or Wood, Includes Travel Bag & Fireproof Mat - 7.9 x 5.5in,Black       "
B0C6XJMSGP,"        Botanic Hearth 100% Pure Rosemary Oil For Hair Growth (6.7 fl oz) Infused With Biotin, Jojoba & castor Oil | Hair strengthening Treatment | Nourishing & Volumizing | Non GMO Verified       "
B0C6Y8NYK1,"        Air Fryer Paper Liners, 125Pcs Air Fryer Disposable Liners, Non-Stick and Oil Proof for Easy Cleanup, 8” Square for 5-8 qt Basket by Baker's Signature       "
B0C6YMS4KH,"        HomeFlex Level 2 EV Charger J1772, Hardwired Electric Car Charger       "
B0C6YPDYT2,"        JOYIN 18 Pack Pop Tubes, Sensory Toys（Small） Fidget Tubes Party Favors - 9 Colors, Connectable and Extendable for Stress Relief - Perfect for Party, Classroom Exchange, School Reward       "
B0C729KNJD,"        Baby Gym Play Mat, 8-in-1 Tummy Time Mat & Ball Pit with 6 Toys, Washable Baby Activity Play Mat for Visual, Hearing, Sensory, Motor Development, Baby Toys Gift for Toddler Infant 0-3-6-9-12 Months       "
B0C73JWTWC,"        Pelican M60 Micro Case - Waterproof Case (Dry Box, Field Box) for iPhone, GoPro, Camera, Camping, Fishing, Hiking, Kayak, Beach and More (Black)       "
B0C7416ZVM,"        2 Pcs Battery Pack Cover for Xbox360 Wireless Controller, Replacement Battery Pack Cover Shell Case (1×Black, 1×White)       "
B0C74B6XN8,"        Pawotence Lash Extension Kit DIY 280pcs Lash Clusters Eyelash Extension Kit, 9-16mm 30D 40D Individual Lashes Kit with Lash Bond and Seal, Lash Tweezers for Self Use (30D&40D, 0.07D, 9-16mm, Kit)       "
B0C74KHFMR,"        2 in 1 Long Arms & Handle Attachments Compatible with Oculus Quest 2 Hand Controllers, VR Gorilla Tag Long Arms/Stick Extension Grips for Meta Quest 2 Accessories for Beat Saber Golf Club Game       "
B0C76CC69J,"        Owala Kids Insulation Stainless Steel Tumbler with Spill Resistant Flexible Straw, Easy to Clean, Kids Water Bottle, Great for Travel, Dishwasher Safe, 12 Oz, Pink and Purple (Lilac Rocket)       "
B0C771J5H8,"        550g Grain Mill Grinder, 304 Stainless Steel Grain Mill, 2000W High-speed Commercial Spice Grinder, Superfine Grain Grinder, Flour Mill Grinder for Home, Grinder for Kitchen, Spice Grinder Electric       "
B0C771XMD2,"        ESAKO Telescope for Kids & Beginners, 70mm Aperture Portable Telescopes with 3 Eyepieces, Height Adjustable Tripod & Phone Adapter & Remote Control       "
B0C7792MMP,        Camera Bag Professional Camera Backpack for DSLR SLR Mirrorless Camera Waterproof Camera Laptop Backpack 14 Inch with Rain Cover Anti Theft Travel Camera Case Large Capacity Photography Backpack Black       
B0C77TSQ5S,"        Canboc Camera Case for Canon PowerShot G7 X Mark II/ G7X Mark III Digital 4K Vlogging Camera, Point and Shoot 4K Video Camera Bag, Zipper Mesh Pocket fits USB Cable, Batteries, Black       "
B0C7895JHP,"        4 Pack 16 Inch Chainsaw Chain for Stihl MS 170, MS 180 C - 3/8"" LP Pitch, 043'' Gauge, 55 Drive Links       "
B0C79XTWWM,"        Pharmedoc Pregnancy Pillows, U-Shape Full Body Pillow – Removable Cooling Cover -Dark Grey – Pregnancy Pillows for Sleeping – Body Pillows for Adults, Maternity Pillow and Pregnancy Must Haves       "
B0C7BB8C8T,"        Card Binder 4-Pockets, 400 Pockets Card Holder with 50 Removable Sleeves, Trading Card Collector Zipper Album Holder, Red       "
B0C7FVSH8N,        LEXMORE Placemats Set of 4 Vinyl/Plastic Woven Place Mats for Kitchen Table Indoor/Outdoor Washable Placemat Wipeable Dining Table Mats(Gray)       
B0C7GW9F88,"        GameSir G7 SE Wired Controller for Xbox Series X|S, Xbox One & Windows 10/11, Plug and Play Gaming Gamepad with Hall Effect Joysticks/Hall Trigger, 3.5mm Audio Jack       "
B0C7H6NP7S,"        btfarm 30 Pack Fairy Lights Battery Operated [3 Modes], 7ft 20 Led Twinkle Lights String Lights Waterproof Bulk Small Mini Silver Wire for Christmas Mason Jars Wedding Table Centerpiece, Warm White       "
B0C7KBS5QR,"        Pink 6 Pack Plastic Table Cloth 54"" x 108"", Disposable Tablecloths Rectangle Table Cover, Plastic Table Cloths for Parties       "
B0C7KYG7DW,"        JOYIN Toy Truck for Kids,5-FT Race Track and 12 Die-Cast Metal Toy Cars, Racing Car with Lights & Sounds, Carrier Truck Playset Gift for 2 3 4 5 Years Old Boys and Girls       "
B0C7MKZPK3,        Solary Automotive Smoke Machine Leak Detector - 12V DC EVAP Vacuum Diagnostic Tester for Pipe System       
B0C7PXL4W7,        10PCS Football Party Decorations Football Table Centerpiece Football Honeycomb Centerpieces Table Toppers for Football Birthday Party Football Game       
B0C7QZP3CS,"        Coolife Initial Glass Cup, Monogrammed Gifts for Women, 16 oz Glass Cups w/Lids Straws, Iced Coffee Smoothie Beer Tumbler w/Straw Lid - Personalized Valentines, Birthday Gifts for Her Mom Friend       "
B0C7VLHMQR,"        roborock Q5 Pro Robot Vacuum and Mop Combo, 5500Pa Powerful Suction, DuoRoller Brush, LiDAR Navigation, 3D Mapping, Robotic Cleaner for Dirt, Floors, Pet Hair, 240min Runtime, Smart No-Go Zone, Black       "
B0C7VQ8P8M,        GTPLAYER Sim Racing Wheel Stand Simulator Cockpit Wheel Stand Racing Steering Shifter Mount fit for Logitech G25 G27 G29 G920 G923 Thrustmaster T330TS Gaming Stand Wheel Pedals NOT Included (Black)       
B0C7W74RKT,"        Glass Cups with Bamboo Lids and Straws,24oz Tumbler With Handle,2 Pack Mason Jar with Lid and Straw-Wide Mouth Reusable Drinking Glasses,Boba Cup Smoothie Tumbler Iced Coffee Cup Travel Mug       "
B0C7WJ9B5B,"        Canon EOS Rebel T100 (EOS 4000D) DSLR Camera w/EF-S 18-55mm F/3.5-5.6 Zoom Lens + 64GB Memory Card, Case, Hood, Grip-Pod, Filter Professional Photo Bundle (Renewed)       "
B0C7YMDV7N,"        Roundup Weed & Grass Killer₄ with Pump 'N Go 2 Sprayer, Use In and Around Flower Beds, Trees & More, 1.33 gal.       "
B0C81H6895,"        4 Pcs Ribbed Coupe Glasses, 10 oz Vintage Cocktail Coupe Glasses Set, Unique Martini Glass, Classic Cocktail Galssware, Bar Drinking Glasses Set Pefect for Cocktail, Wine, Champagne & Gift       "
B0C81JM3ST,"        Personalized Vintage Street Sign For Couples Canvas, Best Gift For Сouple, Christmas Gifts for Her Him, Valentines Day Gift for Girlfriend Boyfriend, Wedding Anniversary Street Art Canvas Or Poster       "
B0C83PTT3R,"        RICCLE UFO Wooden Bread Lame Slashing Tool, Dough Scoring Knife with 15 Razor Blades and Storage Cover (Rose Wood)       "
B0C89GP2G4,"        Baby Gym Play Mat, 8-in-1 Tummy Time Mat & Activity Gym, Washable Ball Pit, Infant Play Mat with Detachable Toys for Sensory Exploration and Motor Skill Development       "
B0C8B9V7HR,"        BLACK+DECKER 12-Cup Coffee Maker with Easy On/Off Switch, Easy Pour, Non-Drip Carafe with Removable Filter Basket, Vortex Technology, Black       "
B0C8HFM2GF,"        AOZITA [10 Pack] WIDE Mouth Mason Jar Lids for Ball, Kerr and More - White Plastic Storage Caps for Mason/Canning Jars - Leak-Proof, Dishwasher Safe & Food Grade       "
B0C8HNG986,"        Baby Play Mat for Floor,1.3"" Thick Memory foam Tummy Time Mat,Soft Coral Velvet Nursery Rug,Extra Large Non Slip Crawling Mat for Toddlers,Infants,kids,Yoga Mat,Tatami Mat for Living Room(Dark Gray)       "
B0C8HPJW4J,"        CAROTE 21Pcs Pots and Pans Set, Nonstick Cookware Sets, White Granite Induction Cookware Non Stick Cooking Set w/Frying Pans & Saucepans(PFOS, PFOA Free)       "
B0C8J2737F,"        Rapid Egg Cooker Electric 6 Eggs Capacity, Soft, Medium, Hard Boiled, Poacher, Omelet Maker Egg Poacher With Auto Shut-Off, BPA Free       "
B0C8M795FW,"        Syntech Link Cable Compatible with Meta/Oculus Quest 3S/3 Quest2/Pro/Pico 4/Ultra and PC/SteamVR, 16FT Upgraded Type C with USB 3.0 Adapter, High Speed Data Transfer Cord for VR Headset       "
B0C8PJQNG7,"        Silicone Coasters Set of 8 with Holder,Coasters for Drinks,Beer,Coffee Coasters,Suitable for Kinds Cups,Hot or Cold,Anti-SLI,Non-Stick,Anti-Overflow Tabletop Protection and Decor (8 Pcs, Black)       "
B0C8QSR7V4,"        REDUCE 14 Oz Coldee Kids Tumbler with Lid and Straw - Coldee Insulated Travel Mug - Spill-Proof, Sweatproof Stainless Steel, BPA-Free - Includes Handle, Reusable Silicone Straw - Nautical Mist       "
B0C8RPWC35,"        PowerA Rechargeable Battery Pack for Xbox Series X|S and Xbox One Controllers, Xbox Rechargeable Battery Pack, Officially Licensed for Xbox (Amazon Exclusive)       "
B0C8RR4WN3,"        All-new Amazon Kindle Paperwhite Signature Edition (32 GB) – Our fastest Kindle with auto-adjusting front light, wireless charging, and weeks of battery life – Metallic Black       "
B0C8S1Q6G7,        2-Year Protection Plan for Kindle Paperwhite       
B0C8SX5TMX,"        sungwoo 4PCS Glass Cups with Bamboo Lids and Straws, 16OZ Ice Coffee Cup, Drinking Cup set with Wooden Lids, Home Essential Glass Tumblers for Beer, Cocktail, Tea and Latte Clear       "
B0C8TK9NVJ,"        Carport 10x20 Ft Heavy Duty Canopy Steel Canopy Storage Shed,Portable Garage Party Tent,Portable Garage with Removable Sidewalls & Doors All-Season Tarp for Carport (Grey)       "
B0C8Y1FDFX,        Zelda - Legend of Zelda Tears of the Kingdom Series - amiibo (EU)       
B0C91YDFKR,"        SAMSUNG (2021 50"" Modern Brown Frame Customizable Bezel, Inch (Renewed)       "
B0C98PRNBR,        for Meta Quest 2 Charger USB-C Charging Compatible with Oculus Quest 2/Quest 2 Pro Headset Quest 3       
B0C99MYJV4,"        Smart Steps® Trend Activity Walker, Space Walk Navy       "
B0C9C4JVSM,"        Fairy Lights Battery Operated, Fairy String Lights Waterproof Silver Wire 5 Feet 60 Led Firecracker Starry Lights for DIY Wreath Home Wedding Party Bedroom Mason Jar Holiday Christmas, Warm White       "
B0C9CQ3G2K,        Movie Car Toy Big Wheel McQueen 1:55 Scale Die-Casting Car Metal Alloy Boy Kid Toy       
B0C9GJ571H,"        BCW Semi Rigid 1 Card Holder - 100 ct Trading Card Sleeves | PSA, BGS, SGC & CSG Grading Submission Sleeves for Cards | Sports Card, MTG Card Sleeves, Pokemon Card - Save or Grade!       "
B0C9J1STMY,"        AstroAI 39"" Folding Snow Shovel for Car, Extendable Snow Shovel with Thickened Aluminum Handle and Reinforced Iron Hinge, Portable and Multifunctional for Cars, Snowmobiles, Camping and Mud, Grey       "
B0C9LZYX65,"        Mannequin Head with Hair 80% Human Hair Straight 26""-28"" Doll Head with Hair Cosmetology Mannequin Head Human Hair for Hairdresser (#27 Light brown)       "
B0C9M41PQM,"        Tabletop Fire Pit - Safer Stainless Steel Small Table Fireplace with Cobblestone for Dinner Parties, Smores Maker - Indoor/Outdoor Portable Mini Table Top Firepit - Housewarming Gift       "
B0C9MZLFZQ,"        Nintendo Wii Console, Black Premium Bundle (Renewed)       "
B0C9PF1KKJ,"        AERLANG Shiatsu Back and Neck Massager, Back Massager Deep Tissue Kneading Massager Neck and Shoulder Massager with Heat, Electric 4D Massage Pillow Fathers Day Dad Gifts from Daughter(NOT Cordless)       "
B0C9TBH1XG,"        Vintage Glassware Drinking Glasses Set of 6,15 oz Hobnail Glass Cups,Embossed Clear Water Tumbler,for Beer,Cocktail,Whiskey,Juice and Various Mixed Drinks- 1 Cleaning Brush       "
B0C9VYBBST,"        WYZE Floodlight Camera v2, 2800-Lumen LEDs, 2K HD Outdoor Security Camera, 160° Wide View, Motion Activated Light, 105dB Siren, Color Night Vision, Compatible with Alexa & Google Assistant, Wired       "
B0C9WN8WTV,"        Digital Camera Case Compatible with VAHOIALD FHD 1080P/ for CAMKORY Digital Point and Shoot/for KODAK PIXPRO FZ45-BK 16MP Vlogging/for IWEUKJLO/for Nsoela, Holder for SD Card More- Pink (Box Only)       "
B0C9Z43PJ4,        Movie Car Toys Car 1:55 Diecast Vehicles for Kids Boys       
B0C9ZDTJJG,"        30 Pack Tiny Finger Hands,Flat Hand Style Mini Hand Puppet,Little Tiny Hand for Puppet Show,Party Favors,Games,Gag Performance,15 Left & 15 Right       "
B0CB11S919,"        Lexar E-Series 128GB Micro SD Card 3 Pack, microSDXC UHS-I Flash Memory Card with Adapter, 100MB/s, C10, U3, A1, V30, Full HD, 4K UHD, High Speed TF Card       "
B0CB1DLQDT,"        Jackery Portable Power Station Explorer 290, 290Wh Backup Lithium Battery, 110V/200W Pure Sine Wave AC Outlet, Solar Generator (Solar Panel Not Included) for Outdoors Camping Travel(Renewed)       "
B0CB1SSWRM,"        Elite Gourmet ECT1027B Cool Touch Toaster with 6 Temperature Settings & Extra Wide 1.25"" Slots for Bagels, Waffles, Specialty Breads, Puff Pastry, Snacks, ETL Certified, 2 Slices, Black       "
B0CB4CK3ZS,"        Dreo 6L Humidifiers for Bedroom, Smart Warm & Cool Mist for Large Room, 60Hr Quiet Runtime Ultrasonic Oil Diffuser for Baby, Plant, Humidity Sensor, Indicator Light, 12H Timer, Google/Alexa, HM713S       "
B0CB5GHG3L,"        4.3"" Coin Microscope - Aopick LCD Digital Microscope 1000X, 1080P USB Coin Magnifier for Error Coins with 8 Adjustable LED Lights, PC View, Compatible with MacOS Windows       "
B0CB5K34L2,"        Large Towel Warmer for Bathroom - Heated Towel Warmers Bucket, Wood Handle, Auto Shut Off, Fits Up to Two 40""X70"" Oversized Towels, Bathrobes, Blankets, Best Ideal for Mother's Gifts       "
B0CB5VXQNS,"        50 Pcs Mini Pull Back Cars Set, Pull Back Racing Vehicles for Kids Toddlers, Bulk Toys Party Favors Treasure Box, Classroom Prizes, Pinata Fillers,Goodie Bag Stuffers for Boys Girls       "
B0CB6B2JWG,"        LEVOIT Cordless Vacuum Cleaner, Stick Vac with Tangle-Resistant Design, Up to 50 Minutes, Powerful Suction, Rechargeable, Lightweight, and Versatile for Carpet, Hard Floor, Pet Hair, LVAC-200       "
B0CB6HGHNT,"        Thomas & Friends Motorized Toy Train, Wobbly Cake Thomas Engine with Cargo Cars & Pieces for Pretend Play Preschool Kids Ages 3+ Years       "
B0CB8B1M41,"        Hangers,Pants Hangers,Space Saving Hanging Closet Organizer - 6 Tiers Skirt Hangers with 360° Swivel Hook,Hangers Space Saving with Clips,Closet Organizers and Storage -Clothes Hangers- 2 Pack       "
B0CB99SX3G,        North Mountain Supply 750ml Glass Bordeaux Wine Bottle Flat-Bottomed Cork Finish - Case of 12 - Flint/Clear       
B0CBFNTLR6,"        VIYYIEA Framed Wall Art for Living Room, Swan Art Canvas Prints, Vintage Home Decor, Animal Oil Painting Picture, Bathroom Wall Decor Gifts for Friends or Family -【Zwaan】-(10L x 8W)       "
B0CBJ7WKCM,"        Kids Barber Cape with Neck Duster Brush, Professional Salon Hair Cutting Cape       "
B0CBJY4DR2,        CMP2 Comfortable Mod for PS VR 2 - Sweet Spot Keeper- Weight Balancer-Soft Forehead Pad-Bigger Softer Anti-Slip Rear Pad       
B0CBL57VRT,        Blink Weather Resistant 13ft Power Adapter for Blink Mini 2 and Blink Outdoor 4 (Black)       
B0CBL72HYD,        Blink Weather Resistant 13ft Power Adapter for Blink Mini 2 and Blink Outdoor 4 (White)       
B0CBN65GY5,"        Sasttie Pregnancy Pillows for Sleeping, U Shaped Cooling Full Body Pillow Pregnancy Must Haves, Maternity Pillow for Pregnant Women, Pillow with Removable Cover for Side Sleeper, Light Grey       "
B0CBPR8CQ6,"        6PCS Biting Finger Dinosaurs Toy Dinosaurs Collectibles for Display, Fun Snap Squad Dino Toys for 3+ Year Old Kids Birthday Gift Dino Party Gift Decorate for Kids       "
B0CBQYQG4K,"        Slick Back Hair Brush Set: Hair Wax, Edge Brush, Rat Tail Comb, Bristle Brush, Hair Bun Accessories, Smoothing Brush for Women & Kids       "
B0CBSV2TNM,"        Shark WV201BK WANDVAC Cordless Hand Vac, Lightweight & Portable at 1.4 lbs. with Powerful Suction, Charging Dock, One-Touch Empty for Car & Home,Mattress,Duster Crevice Tool Included,Black(Pack of 1)       "
B0CBSZR9NF,"        Shark Carpet Cleaner Machine, Portable Upholstery StainStriker, Spot, Odor & Stain Remover, 2 Carpet Cleaner Solutions, 4 Tools, Perfect for Pet Hair, Carpet, Area Rugs, Couches, Nordic Blue, PX202BRN       "
B0CBT4PZGK,        Robo Alive Junior Baby Shark New Silicon Fins Version Singing and Swimming Baby Shark (Yellow) by ZURU       
B0CBT4TGFW,"        ARM & HAMMER Clear Balance Swimming Pool Alkalinity pH Maintenance Tablets, White, 1 Pack, 24 Count       "
B0CBVD9G2B,"        Majestic Pure Organic Rosemary Essential Oil - 100% Pure & Premium Rosemary Oil for Hair Growth, Skin, Face, Aromatherapy & Diffuser - 1 fl oz | Perfect Organic Rosemary Oil for Hair Growth       "
B0CBX1WTPF,        PAIYULE Case Compatible with ESOXOFFORE for Dylanto for DUDUDRAGON for GKTZ for Dafotil Instant Print Camera for Kids Digital Video Cameras Storage Holder Bag for Girls Print Paper(Box Only)(Purple)       
B0CC31XP2D,"        Vintage Hobnail Drinking Glasses Set of 8, 12 oz Highball Glasses & 10 oz Cocktail Glasses Set, Kitchen Water Glasses Cup, Bar Tumbler Glassware Set for Beer, Juice, Cocktail, Whiskey, Milk       "
B0CC6G8F12,"        Touch Up Paint for Cars,Car Paint Scratch Repair Color Accurate Quick Fix and Convenient Operation,2-In-1 Automotive Touch up Paint Pen 0.64 fl oz (White)       "
B0CC8DS2S5,"        Coffee Mug Warmer - Fastest Heating & Highest Temperature, Coffee Cup Warmer for Desk Auto Shut Off, 4 Temp Settings & 1-12H Timer, Smart Electric Beverage Warmer for Coffee, Tea (Black)       "
B0CC8MGCL5,"        Personalized Crossroads Street Sign For Couples, Best Gift For Сouple, Custom Name And Date Vintage Street Sign Canvas Print, Christmas Gifts for her/him, Valentines Day Gift for Girlfriend/Boyfriend       "
B0CC8R37VY,"        Camera Sling Bag,Waterproof Camera Case with Tripod Holder,DSLR/SLR/Mirrorless Camera Bags Crossbody for photographers-Black       "
B0CC9D2HTB,"        Personalized Canvas Vintage Street Sign For Couples, Crossroads Street Sign Best Gift For Сouple, Custom Name And Date Vintage Street Sign Canvas Poster Print, Wedding Street Art Canvas Or Poster #1       "
B0CCCDX7QD,"        DilaBee Spray Bottles (12 Oz) Water Spray Bottle for Hair, Plants, Cleaning Solutions, Cooking, BBQ, Squirt Bottle for Cats - Empty Spray Bottles - BPA-Free - Multicolor (Pink, 1 Pack)       "
B0CCCZSR4W,        JOYIN 3 Pack Monster Truck Toy - Motion Activated Light-Up Cars for Toddlers - Monster Treads Lightning Wheels - Baby Toy Present - Press & Go Cars for Boys Girls       
B0CCG1Z86C,"        Chefman Electric Kettle with Tea Infuser, 1L 1500W, Removable Lid for Easy Cleaning, Boil-Dry Protection, Stainless Steel Filter, BPA Free, Auto Shut Off Hot Water Boiler, Small Electric Tea Kettle       "
B0CCJG74D4,"        Video Camera Camcorder,HD 1080P 30FPS 36MP 270 Degree Rotation,16X Zoom Digital Camera, Night Vision Vlogging Camera for YouTube with External Microphone,Lens Hood, Remote Control, Stabilizer       "
B0CCKW7WC3,        Hooks for Outdoor String Lights Clips: 26Pcs Heavy Duty Light Hook with Waterproof Adhesive Strips - Outside Clear Cord Holders for Hanging Christmas Lighting - Outdoors Sticky Clip       
B0CCL8K5RV,        Salon Tray on Wheels - Premium Aluminum Tattoo Tray Rolling Trolley - Adjustable Salon Service Rolling Tray Hairdresser Cart with Clinic Spa Rolling Tray Wheels (Black)       
B0CCNWT588,"        Canopy Tent, 10X10 FT Pop Up Canopy Outdoor Instant Tent Slant Legs with Carrying Bag, Portable Gazebo Shelter for Patio Deck Garden and Beach - 8X8 FT Canopy Cover (Blue)       "
B0CCP46DK9,"        Mug Warmer - 36W Coffee Mug Warmer for Desk with Temperature Display, 2-12Hrs Auto Shut Off, Smart Candle Warmer - Ideal Coffee Gifts Accessories Keep Beverages Coffee Warmer (Wood) (Wood)       "
B0CCRM6JKG,"        Little Tikes Story Dream Machine World of Eric Carle The Very Story Collection, Storytime Book Set, DreamWorks Animation, Audio Play Character, Learning Toy Gift Toddlers & Kids Ages 3+       "
B0CCSTWB9R,"        Xbox Core Wireless Gaming Controller – Astral Purple Series X|S, One, Windows PC, Android, and iOS       "
B0CCSYNHZ2,"        B. toys B. – 10 Finger Puppets – Animal Finger Puppets – Fox, Panda, Hippo, Giraffe, Dog – Lion, Cat, Frog, Elephant, Owl – 10 Months + – Pinky Pals Crew       "
B0CCT4LY39,"        10.1'' Digital Picture Frame with 32GB Storage, Digital Photo Frame with 1280x800 IPS Touch Screen, Share Photos/Videos and Send Best Wishes via Free App       "
B0CCTFZN77,"        Carrier Truck Race Track Toddlers Toys, Foldable 3 Layer Car Race Track Playset, Toy Truck Transport Car Carrier & 8 Race Cars, Truck Car Kids Toys Xmas Gifts for Age 3 4 5 6+ Years Old Boys Girls       "
B0CCVX6FSD,"        Dreo Smart Humidifiers for Bedroom, Top Fill 4L Cool Mist Humidifier with Nightlight, 32H Runtime, Touch/APP/Voice Control, Quiet Ultrasonic Humidifiers for Large Room, Home, Baby, Plants, Office       "
B0CCX469QG,"        Collective Minds Xbox Strike Pack Horizon M.O.D. Pack – Precision Paddle Controller Mod for Xbox Series X|S and Xbox One, App-Enhanced Gaming with Anti-Recoil M.O.D.s, and Effortless Control       "
B0CCX4VGY8,        Coco C5 for Women Eau De Parfum - Pure Femininity in a Bottle - Delicate Floral Scents of Jasmine and May Rose - A Fragrance That Will Get You Noticed - Cruelty-Free Perfume Precious Gift for Women       
B0CCX94CW4,"        Wii Sensor bar, Wired Infrared Sensor Bar for Wii, Replacement Wired Infrared IR Ray Motion Sensor Bar Compatible with Wii and Wii U Console       "
B0CCXJ5BSP,        Compact Binoculars for Adults High Powered - OPAITA 20x32 Small Binoculars for Adults Kids with Low Light Vision for Hunting Cruise Ship Travel Concert Hiking       
B0CCY6VG8Z,"        Dreo Humidifiers for Bedroom, Top Fill 4L Supersized Cool Mist Humidifier, 32H Runtime, 28 dB Quiet Ultrasonic Air Humidifier for Large Room, Plants, Baby Nursery, Indoor, Night Light, Easy to Clean       "
B0CD1G3P54,"        X-Shot Skins Dread Sonic Robotnik Blaster with 24 Darts - Malice Skin by ZURU, Double Rotating Barrels, Air Pocket Dart Technology, Toy Foam Blaster for Kids, Teens and Adults       "
B0CD2ZYNJT,"        Mini Brands Create MasterChef Series 1 Capsule by ZURU- Real Miniature MasterChef Creations Collectible Toy, Capsules of Mystery MasterChef Food Items and Accessories, for Kids, Teens, and Adults       "
B0CD31RLDK,"        Ring Indoor Cam (2nd Gen) | latest generation, 2023 release | 1080p HD Video & Color Night Vision, Two-Way Talk, and Manual Audio & Video Privacy Cover | 2-pack, White       "
B0CD9YDRXP,        GFTVRCE Original Right handle Hand Controller for Meta Oculus Quest 2       
B0CDB1HFHL,"        Elite Gourmet EKT8690 1.7L Electric Tea Kettle 1500W Hot Water Heater Boiler BPA-Free, Fast Boil, Water Level Window and Auto Shut-Off, Black       "
B0CDD6SQ2M,"        Fingerlings Sweet Tweets Interactive Bird – Record & Play Secret Messages, Includes 40+ Sounds & Reactions – Debbie (Pink)       "
B0CDGY5LD6,        2 Pack Green Streamers Backdrop Jungle Party Decorations Foil Fringe Backdrop Curtains Photo Booth Backdrop for Birthday Dinosaur Animal St Patrick's Day Football Christmas Party Decorations       
B0CDL3V8L8,"        Amagic 12/24/50/100/150Pack Flameless LED Tea Lights Candles Battery Operated, Electric Fake Tealight Candles for Votive, Halloween, Christmas, Home Decor, Wedding, Table Decor (12Pack)       "
B0CDNQ62ML,"        MANSCAPED® The Lawn Mower® 5.0 Ultra Groin & Body Hair Trimmer – Dual-Head SkinSafe® Trimmer & Foil Blades, Waterproof Wet/Dry Groomer, USB-C Rechargeable with Travel Case, Men’s Ball Shaver, Black       "
B0CDPR5X8B,"        30 pcs Tiny Hands Finger Puppets, Mini Hands Little Small Hands Mini Thing Gag Performance Funny Fingers for Puppet Show Gifts Classroom Prizes Party Favors for Kids (7 Styles)       "
B0CDQFVY1J,"        Philips Norelco OneBlade 360 Blades, Genuine Replacement Blades for OneBlade Electric Shaver and Trimmer, Durable Stainless Steel, Trim, Edge and Shave, 3 Pack, QP430/80       "
B0CDTDP4N2,"        Toddler Utensils, 6 Pack kids Silverware Set with Silicone Handle, 18/8 Stainless Steel Children Safe Forks and Spoons, Dishwasher Safe       "
B0CDX746DZ,"        150pcs Air Fryer Liners, 8.7"" Square Parchment Disposable Paper Liner for Air Fryer, Baking, Roasting and Microwave, Non-Stick liner Accessories       "
B0CDZLPYVK,"        Simple Modern Vacuum Insulated Ice Bucket with Lid and Scoop | for Cocktail, Champagne, Wine, Beer, & Hosting | Stainless Steel 100oz Capacity for Large Parties | Rocks Collection | Midnight Black       "
B0CF18JW6S,        CHARMKING Compression Socks for Women & Men Circulation (3 Pairs) 15-20 mmHg is Best Support for Athletic Running Cycling       
B0CF2NHN77,"        Canon EOS Rebel SL3 DSLR Camera w/EF-S 18-55mm F/4-5.6 STM Zoom Lens + 64GB Memory, Case, Tripod, Flash, Remote, and More (32pc Bundle) (Renewed)       "
B0CF3KG4HR,        Ninja EG201 Foodi 6-in-1 Indoor Grill and 4-Quart Air Fryer (Renewed)       
B0CF6BBMR2,        Canon EOS Rebel T7 DSLR Camera with 18-55mm Lens Bundled with 64GB Memory Card + Camera Bag + 58mm UV Filter + Microfiber Cleaning Cloth (5 Items)       
B0CF88RN17,"        Jack ＆ Rose Travel Steamer for Clothes,110-220V Portable Steamer,15s Heat Up,Steamer ＆ Iron 2 In 1, Travel Size Garment Steamer,Large Ceramic Heat Panel,for Global ＆ Europe Traveling       "
B0CF9J2222,"        MIZHSE Holographic Nail Polish, Silver Glitter Nail Polish Air Dry Fast, 15 ml 0.5 fl oz High Glossy Shiny Nail Pigment Oil-based Laser Iridescent Nail Polish Chrome Halo Nail Art Salon Manicure Home       "
B0CF9QR7XZ,"        Wii to HDMI Adapter Cable [1080P/720P] Wii HDMI Picture Quality Upscaler Resolution Enhancer Wii 2 HDMI Converter Supports All Display Modes Compatible with Wii/Wii U Console (6.56FT, Plug & Play)       "
B0CFDL5Y7F,"        PC-VR Streaming Air Link Bridge Compatible with Meta Quest 3S/3/2 AX3000 WiFi6 Router, Quest Pro and Pico 4/Ultra, Replace Oculus Link Cable, Wireless Stable and Fast (Puppis S1)       "
B0CFGK7HMG,"        suddus Vine with Fairy Lights Battery Operated, 33ft100 LED Pothos String Lights with Remote, Leaf Lights for Bedroom, Room, Wall, Garden, Party, Wedding Decor(Warm White)       "
B0CFLBLPTN,"        TOP Karaoke Machine for Kids Girlfriend (with 50,000+ Songs) Valentines Birthday Gifts Toys for Ages 3-12+, Portable Mini Karaoke Machine with 2 Wireless Karaoke Microphones, Pink       "
B0CFLH8P7F,"        6Pcs Drink Coasters with Holder, Marble Style Ceramic Drink Coaster, Absorbent Coasters Set Suitable for Kinds of Cups, Modern Style Coasters for Coffee Table, 4 Inches       "
B0CFLR1DLH,"        Blissful Diary Muslin Crib Sheets for Girl Boy, Boho Neutral Soft Cotton Baby Sheet for 52''x28'' Standard Crib Mattress, 2 Pack(Monstera&Dark Green)       "
B0CFPJYX7P,"        All-new Amazon Kindle Paperwhite (16 GB) – Our fastest Kindle ever, with new 7"" glare-free display and weeks of battery life – Black       "
B0CFQ7BGPT,"        Travel Electric Kettle Portable Mini Kettle,Small Hot Water Boiler with 4 Temperature Settings,304 Stainless Steel,Fast Boiling Water with Auto Shut-Off and Boil Dry Protection (Beige, 400ML)       "
B0CFSBSRMY,"        Canon EOS 4000D / Rebel T100 DSLR Camera w/EF-S 18-55mm F/3.5-5.6 Zoom Lens + 64GB Memory, Filters,Case, Tripod, Flash, and More (34pc Bundle) (Renewed)       "
B0CFSJC4JZ,        Stardrops - The Pink Stuff - The Miracle Power Foaming Toilet Cleaner - 2 Treatments - Self Activating Pink Foam       
B0CFSMJD3Y,"        IRON °FLASK Co-Pilot Insulated Mug w/Straw & Flip Cap Lids - Cup Holder Bottle for Hot, Cold Drink - Leak-Proof- Water, Coffee Portable Travel Tumbler - Rusty Red, 40 Oz       "
B0CFV2RYC1,"        Solar Outdoor Lights - 3000LM 188 LED Motion Sensor Outdoor Lights, 4 Heads IP65 Waterproof Powered Security Flood Lights, 270°Wide Lighting Angle Wall Light with Sensors for Backyard Yard       "
B0CFV8XDHZ,"        Valentines Gifts for Her, Funny 12 OZ Coffee Mug Gifts for Girlfriend Wife from Boyfriend Husband Him, Cute Stuff for Women Her, Naughty Valentines Presents Gift Ideas       "
B0CFVFYRPZ,"        Framed Bathroom Decor Wall Art, Chimpanzee in Bathtub, Black and White Wall Art, Funny Bathroom Wall Decor Signs, Cute Animal Art Home Decor (Framed,8''x10'')       "
B0CFW31TSB,        Simple Modern 40 oz Tumbler with Handle and Straw Lid | Insulated Cup Reusable Stainless Steel Water Bottle Travel Mug Cupholder Friendly | Gifts for Women Him Her | Trek Collection | Checkmate       
B0CFWGCW3K,"        NEATERIZE Clothes Hangers Plastic 16 Pack for Adults - Plastic Hangers, The Perfect Coat Hanger and Space Saving Clothes Hangers for Closet, Percheros Ganchos para Colgar Ropa Hangars - White Hangers       "
B0CFX1QBX2,"        Heart Doilies Large 10 Inches - Pack of 100, 25 Each in Red, Pink, White, and Blue - Perfect for Valentine's Day Decorations.       "
B0CFX4955H,"        Coffee Mug Warmer for Desk, Maestri House Electric Mug Warmer with 5 Temperature Settings, 6-Level Timer, 4 Modes for Coffee, Candle, Milk and Tea, Portable Beverage Warmer for Home and Office       "
B0CFX724W3,"        Maestri House Coffee Mug Warmer with 9 Temperature Settings & 1-12 Hour Timer for Desk, Electric Portable Beverage Warmer for Home and Office - Ideal Gift for Coffee Lovers (Black)       "
B0CFXY32Y1,"        WESECUU Light Bulb Security Camera -5G& 2.4GHz WiFi 2K Security Cameras Wireless Outdoor Motion Detection and Alarm,Two-Way Talk,Color Night Vision,Human Detection, Bulb Camera Compatible with Alexa       "
B0CFY6GPGJ,"        Uhale 10.1"" Digital Picture Frame with 32GB Storage Support SD Card, Electronic Photo Frames with 1280x800 HD IPS Touch Screen, Instantly and Securely Share Memories, Send Wishes from Anywhere       "
B0CFYD9G71,"        CVLIFE Professional Laser Bore Sight Kit with 32 Adapters fit 0.17 to 12GA Calibers, Red or Green Bright Bore Sighter Laser with Button Switch, Powerful Support for Hunting       "
B0CFZRPQMZ,"        Saneen Digital Camera, 4k Cameras for Photography & Video, 64MP WiFi Touch Screen Vlogging Camera for YouTube with Flash, 32GB Card, Lens Hood, 3000mAH Battery, Front and Rear Cameras - Black       "
B0CG19FGQ5,"        DJI Osmo Pocket 3 Creator Combo, Vlogging Camera with 1'' CMOS, 4K/120fps Video, 3-Axis Stabilization, Face/Object Tracking, Fast Focusing, Mic Included for Clear Sound, Digital Camera for Photography       "
B0CG2JMX5X,"        Ring No-Drill Mount for Ring Video Doorbell 3, Video Doorbell 3 Plus, Video Doorbell 4, Battery Doorbell Plus, Battery Doorbell Pro and Battery Doorbell       "
B0CG2VS5FD,"        Ring Pan-Tilt Indoor Cam | See all around with 360° pan coverage, HD video, plus Two-Way Talk (2024 release) | White       "
B0CG5JL7NJ,"        Electric Baby Swing for Infants to Toddler| Portable Infant Swing with Remote Control, Rocker with 5 Speeds, 3-Point Harness,3 Seat Positions for Baby Boy Girl (Pink)       "
B0CG6DHM95,"        COOK WITH COLOR Mixing Bowls with Lids - 12 Piece Plastic Nesting Bowls Set includes 6 Prep Bowls and 6 Lids, Non Slip Bottom and Embossed Design - Microwave Safe (Sage)       "
B0CG6FMV6K,"        Utopia Kitchen 6FT Spandex Tablecloth [2 Pack, Black] 200 GSM Stretch, Fitted, Washable and Wrinkle Resistant Table Cloth Rectangle Cover for Trade Shows, Wedding, Parties [72Lx30Wx30H Inch]       "
B0CG9NWJYZ,"        Coasters Set of 8 for Drinks, Beer, Coffee, Cotton Woven 4 Colors Absorbent Coaster with Holder, Boho Coasters for Home Decor Tabletop Protection Suitable for Kinds of Cups, Coffee       "
B0CGCT7RTP,"        Kids Camera for Boys and Girls, GPOSY Digital Camera for Kids, Toddler Camera Christmas Birthday Toy Gifts for Kids Age 3 4 5 6 7 8 9 10 with 32GB SD Card, Video Recorder 1080P HD(Blue)       "
B0CGDSN856,"        EAST OAK Outdoor Storage Box, 90 Gallon Deck Box, Waterproof Resin Storage Bin for Patio Cushions, Gardening Tools, Lockable, UV Resistant, Grey       "
B0CGHC2BSR,"        80Pcs Party Favors for Kids 4-8, Kawaii Squishies Mochi Squishy Toy Bulk Fidget Sensory Toys Birthday Gifts for Boys Girls Goodie Bag Christmas Stocking Stuffers Treasure Box Classroom Prizes       "
B0CGHVJCCK,"        JMEXSUSS 100 LED Connectable Globe String Lights Indoor Bedroom, 33ft Warm White Christmas String Lights Plug in with Remote, 8Mode Hanging Fairy Lights Outdoor for Room Classroom Party Decor       "
B0CGLQWQ23,"        Artoid Mode Touch Down American Football Court Table Runner, Rugby Boy Fall Birthday Party Kitchen Dining Table Decoration for Home Decor 13x72 Inch       "
B0CGLRZG9M,"        Gift Baskets for Women, 10pcs Unique Birthday Gifts for Women, Best Friend Birthday Gifts, Get Well Soon Gift Basket Sending Sunshine Gifts Cheer Up Box for Sister Friendship - BRIGHTEN UP HER DAY!       "
B0CGMWRVXJ,"        Gatherfun 100 Pcs 16oz Football Plastic Cups - Football Parties and Tailgate Events, Disposable & Convenient - Ideal Party Supplies & Party Favors for Football Themed Birthdays       "
B0CGNWLQQC,"        3 Pack Foil Fringe Backdrop - Silver Shiny Tinsel Curtains for Party Decoration/Photo Booth Props - 3.3x8.2 FT Metallic Foil Backdrop for Birthday, Wedding, Graduation, Christmas.       "
B0CGNZ7BGR,"        Riccle Piping Bags and Tips Set, 11.8 Inch 100 Anti Burst Piping Bags, 124 Pcs Cake Decorating Kit with 16 Piping Tips, 1 Reusable Pastry Bags, 3 Cake Scrapers, 2 Couplers, and 2 Icing Bags Ties       "
B0CGPMVY59,"        100Pcs Disposable Massage Table Sheets 31.5"" x 71"" Non-Woven Fabric Bed Covers for Ultimate Hygiene and Comfort in Massage, Tattoo, and Spa Treatments, Breathable and Durable Sheets(White)       "
B0CGRBSZ1G,"        4 Pcs 2.1-Inch Large Size Shaker Balls for Protein Shakes,Milkshake and Salad Dressing,304 Stainless Steel Shaker Ball       "
B0CGRCSKP6,"        Momcozy Pregnancy Pillow, Original F Shaped Maternity Pillow for Pregnant Women with Adjustable Wedge Pillow, Full Body Support Pregnancy Pillows for Side Sleeping with Velvet Cover, Grey       "
B0CGRDFT2X,"        Goodpick Laundry Basket with Wheels, 75L Collapsible Laundry Hamper, Clothes Hamper with Removable Wash Bag for Laundry Room, Rolling Laundry Basket with Handles, Grey       "
B0CGRGT7J3,"        Heiple Framed Bathroom Art Bathroom Wall Decor Farmhouse Home Bathroom Decor Sets Vintage Funny Wall Art Bathroom Signs (11""x14"" Black Framed, Donkey)       "
B0CGRGZNZR,"        Balloon Pump, Balloon Pump Electric, Portable Dual Nozzle Electric Blower Air Pump Inflator for Party Decoration. Faster and Save Time       "
B0CGRRGY6S,"        Mini Karaoke Machine for Kids, Galentines Birthday Gifts for Girls Boys Toy 4, 5, 6, 7, 8, 9, 10, 12+, Portable Bluetooth Speaker with 2 Wireless Mics, Karafun Premium Songs for All Ages(Purple)       "
B0CGY9PRJ7,"        YETI Rambler 8 oz Stackable Cup, Stainless Steel, Vacuum Insulated Espresso Cup with MagSlider Lid       "
B0CGZ9ZK4Z,"        4 Tier Stackable Plastic Storage Bins with Lid and Wheels - 23 QT Closet Organizers and Storage, Foldable Storage Containers, Organization and Storage Boxes for Craft, Home, Pantry, Office, Dorm       "
B0CH14HWBB,"        Case Compatible with ESOXOFFORE for Dylanto for Anchioo for WEEFUN for GKTZ for Amzelas for Mafiti Instant Print Camera for Kids, Film Camera Storage Holder Organizer Bag (Box Only)- Purple       "
B0CH1VGP43,        Junk Food Clothing x NFL - Bold Logo - Short Sleeve Fan Shirt for Men and Women - Officially Licensed NFL Apparel       
B0CH346J32,"        PG1 Gaming Headset for PS4/PS5/PC/Nintendo Switch/Xbox, Xbox One Headset with AI Stereo Microphone Sound, Computer Headset with 3.5mm Jack & RGB Light Black+Blue       "
B0CH3S3HJX,        Simple Modern Officially Licensed NFL Philadelphia Eagles 30 oz Tumbler with Flip Lid and Straws | Insulated Cup Stainless Steel | Gifts for Men Women | Trek Collection | Philadelphia Eagles       
B0CH6X17YZ,"        ALLTOP Biscuit Cutters with Handle, Stainless Steel Cookie Cutter, Professional Baking Essential Tools for Valentine's Day - Heart Shaped       "
B0CH7WLFRN,"        PG1 Gaming Headset for PS4/PS5/PC/Xbox/Nintendo Switch, Xbox One Headset with AI Stereo Microphone Sound, Computer Headset with 3.5mm Jack & RGB Light Black/Green       "
B0CH86S3MX,"        Wine Stoppers for Wine Bottles 3Pcs Vacuum Wine Bottle Stopper with Silicone Reusable Wine Corks, Leak proof Keep Fresh Suitable for Standard (Silver, 3 Pack)       "
B0CH9YYFZH,        Tactical Molle Admin Pouch Utility Laser Cut EDC Tool Pouch Bag Horizontal Modular Pouches Include US Flag Patch and Keychain       
B0CHFCSGTN,"        GANA Wii to hdmi Converter, wii to hdmi Adapter, wii to hdmi1080p 720p Connector Output Video & 3.5mm Audio - Supports All Wii Display Modes       "
B0CHFMRFP4,        Baby Walker Head Protector Toddler Adjustable Baby Head Protection Backpack Wear Safety Pad (Flying Dragon)       
B0CHFN4633,"        ESLITE LIFE Nonstick Ceramic Frying Pan Skillet with Lid, Non-Toxic Egg Omelette Kitchen Cooking Pans Compatible with All Stovetops (Gas, Electric & Induction), PTFE & PFOA Free (White, 8"" w/Lid)       "
B0CHFTS3RK,"        Year of Plenty Ferment Kit - 2 Fermenting Mason Jars, 2 Fermentation Weights & 2 Fermenting Lids       "
B0CHGCDYJJ,"        Huggies Size Newborn Diapers, Skin Essentials Baby Diapers, Size Newborn (6-9 lbs), 31 Count, Packaging May Vary       "
B0CHK5YKDX,"        Heart Cookie Cutter,5 Piece Love Shaped Cookie Molds Fondant Biscuit Cutters for Valentines Day - Stainless Steel (Size 4.57"" 3.86"" 2.95"" 1.97” 1.38"")       "
B0CHKQQ4F1,"        Heart Cookie Cutter Set - 5 Piece - 4.57"" 3.86"" 2.95"" 1.97” 1.38"" - Love Shaped Cookies Fondant Biscuit Molds for Valentines Day Holiday Birthday Party - Stainless Steel       "
B0CHMDM85R,"        10Feet Battery Operated Fairy Lights, 120LEDs Firecracker String Lights Waterproof Silver Wire Starry Firefly Lights for DIY Wreath Home Weeding Indoor Outdoor Christmas Decorations, Warm White       "
B0CHMRRSXS,"        M11 Mason Jar Vacuum Sealer - Electric Mason Jar Vacuum Sealer Kit with Wide and Regular Mouth Mason Lids, Jar Vacuum Sealer for Canning Jars, Vacuum Sealing Machine for Food Storage       "
B0CHNMQFSZ,"        KEMIMOTO Tactical Gloves for Men, Touchscreen Motorcycle Gloves with Hard Shell & Palm Padding for Sports Motorcycle Cycling Tactical Airsoft Paintball Hunting Hiking Camping Climbing       "
B0CHNS4FTM,"        Crevice Cleaning Brush, Bathroom Gap Cleaning Brush, Hard Bristle Brush for Cleaning, Multifunctional Gap Brush, for Blind, Baseboard, Fan, Window or Sliding Door Track (5pcs)       "
B0CHRLB7RY,"        Rechargeable Battery for Xbox 360 Controller, Charger Dual Charging Station Dock with 2 Pack Rechargeable Battery Compatible with Xbox 360       "
B0CHRNLDKF,        3 in 1 Wii Wired Motion Sensor Bar + AC Power Supply Adapter Cord + Composite Audio Video Cable Compatible with Nintendo Wii (Not for Wii U)       
B0CHS725SQ,"        Jackery Portable Power Station Explorer 2000 Plus, 2042Wh Solar Generator, Compatible with Solar Panel for Outdoor RV Camping & Emergency (Renewed)       "
B0CHTSBSMB,"        Silver Buffalo Disney Lilo and Stitch Aloha No Bad Days Chillin’ Stainless Steel Tumbler with Handle and Straw, Fits in Standard Cup Holder, 40 Ounces       "
B0CHTWR29C,"        Silver Buffalo Sanrio Hello Kitty and Friends Featuring My Melody, Kuromi, and Pompompurin Rainbow Ombre Stainless Steel Tumbler with Handle and Straw, Fits in Standard Cup Holder, 40 Ounces       "
B0CHVNMC2V,"        Skylight Digital Picture Frame - WiFi Enabled with Load from Phone Capability, Touch Screen Digital Photo Frame Display - Customizable Gift for Friends and Family - 10 Inch Gold       "
B0CHWHS7L8,        Junk Food Clothing x NFL - Team Helmet - Kids Short Sleeve Fan Shirt for Boys and Girls - Officially Licensed NFL Apparel       
B0CHWLF99C,"        Cast Iron Dutch Oven with Lid – Non-Stick Ovenproof Enamelled Casserole Pot, Oven Safe up to 500° F – Sturdy Dutch Oven Cookware – Green, 6.4-Quart, 28cm – by Nuovva       "
B0CHYMDDY9,"        Monocular Telescope 80x100 High Power with Smartphone Adapter Tripod,Larger Vision Monoculars for Adults with BAK4 Prism & FMC Lens, Suitable for Bird Watching Hunting Hiking Camping Wildlife-Black       "
B0CHYRDY3K,"        Hooks for Outdoor String Lights - 100 Pack with Adhesive Strips - No Damage, No Tools, No Holes, Waterproof and UV-Resistant, Perfect for Christmas and Patio Decor       "
B0CHZ4XQ99,        Unique Bluey Die-Cut Paper Finger Puppets - (8 Pack) | Multi-Colored Puppets for Creative Play & Interactive Games       
B0CJ28Y138,"        Hurra Head Strap with Battery for Oculus Quest 2, 10000mAh Fast Charging Battery Pack Extend 8H Playtime, Adjustable Elite Strap Replacement with RGB Light Enhanced Comfort Support & Balance in VR       "
B0CJ3DGW13,"        Paris Hilton Air Fryer, Large 6-Quart Capacity, Nonstick Made without PFAS, Touchscreen Display, 8-in-1 (Air Fry, Roast, Broil, Bake, Reheat, Keep Warm, Pizza, Dehydrate), Dishwasher Safe, Pink       "
B0CJ4WZXQF,"        Cisily Sink Caddy, Sponge Holder for Kitchen Sink, Kitchen Sink Organzier with High Brush Holder, Rustproof Stainless Kitchen Gadgets Sink Accessories, Organizadores de Cocina, Patent 1038566S       "
B0CJ541HC8,"        Upgraded Fast Charging Rechargeable Battery Packs with Light Control, 4 x 3600mWh Xbox Controller Batteries with Charger Dock/Station for Xbox Series X|S, One S/X/Elite Controllers, Console Accessory       "
B0CJ56M8D4,"        Veken Stainless Steel Shower Caddy 6-Pack, Adhesive Rustproof Shelves Rack with Soap Holder, Large Capacity Bathroom Organizers and Storage, No Drilling Wall-Mounted Kitchen & Home Decor, Bath Decor       "
B0CJ9MTW95,        Bioworld Hello Kitty 40 Oz. Stainless Steel Tumbler With Leak-Proof Lid       
B0CJ9TX3J5,"        Ninja OG701 Woodfire Outdoor Grill & Smoker, 7-in-1 Master Grill, BBQ Smoker, Air Fryer plus Bake, Roast, Dehydrate, & Broil, uses Woodfire Pellets(1 Pack Included), Portable, Electric, Red (Renewed)       "
B0CJC163TR,"        12/24/48/100 Pack Liquor Pour Spout, Stainless Steel Classic Bottle Pourers with Rubber Dust Cap, Speed Wine Bottle Pourer for Liquor Bottle, Oil Bottles(12 Pack)       "
B0CJCJQ47S,"        Mason Jar Pour Spout Lid for Wide Mouth Mason Jars, Mason Jar Pitcher Flip Cap Airtight Handle Lid, Leak Proof Seal Cover, Pack of 2       "
B0CJCRKWNT,        Hydro Flask Stainless Steel Standard Mouth Water Bottle with Flex Cap and Double-Wall Vacuum Insulation       
B0CJHCXS4V,"        Garbage Disposal Cleaner Deodorizer Tablets - 24 Pack, New Powerful XL Foaming Tablet - Fresh Citrus Foam Sink Garburator Disposer Freshener, Natural Kitchen Drain Cleaning Care - 1 Year Supply       "
B0CJJH7JDX,"        Carbon Steel Wok - Including Glass Cover and Silicone Spatula, 13-Inch Woks & Stir-Fry Pans for Induction, Electric, Gas Stoves       "
B0CJKTBMZM,"        Nostalgia 10 Oz Electric Fondue Pot Set for Cheese & Chocolate - 4 Dipping Forks, 3-Section Food Tray - Kitchen Gadgets and Appliances for H'ors Deouvres, Entrees, Desserts - Black       "
B0CJLPN7QK,"        2 Pack Motion Plus Adapter with Silicon Case Sensor W for Nintendo Wii Remote Controller,Motion Plus Adaptor Accelerator(White).       "
B0CJM1GNFQ,"        Amazon Fire TV Stick 4K (newest model) with AI-powered Fire TV Search, Wi-Fi 6, stream over 1.5 million movies and shows, free & live TV       "
B0CJM3S4QH,"        Shot Glasses Measuring Cup Set 2PACK Espresso Shot Glasses Liquid Heavy Glass 26-Incremental Measurement 1 OZ, 2 TBS, 6 TSP, 30 ML Kitchen Tools (Red)       "
B0CJM5R5N6,"        Mini Hygrometer Indoor Humidity Meter Hygrometer Thermometers 6 Pack Humidity Meters Gauge Hygrometer Mini Digital Thermometer Hygrometer with Fahrenheit (℉) for Humidors, Greenhouse, Garden, Cellar       "
B0CJQWWTHZ,"        SENSARTE 17 Piece Pots and Pans Set, Nonstick Detachable Handle Cookware, Induction Kitchen Cookware Set with Removable Handle, Healthy Non Stick RV Cookware, Dishwasher ＆ Oven Safe, PFOA Free (Black)       "
B0CJQXCJ4J,"        Head Strap for Oculus Quest 2 Headset, Original Replacement Head Strap Compatible with Meta Quest 2 Headstrap with 4 Pcs Controller Thumb Grip Caps，for Oculus Quest 2 HeadStrap，Original Head Strap       "
B0CJR6DQTL,        Junk Food Clothing x NFL - Team Helmet - Short Sleeve Fan Shirt for Men and Women - Officially Licensed NFL Apparel       
B0CJR7D7D9,        Junk Food NFL Team Helmet T-Shirt Adult       
B0CJRK7B8J,"        AMVR Controller Grips Compatible with Meta/Oculus Quest 3S/Quest 3, Silicone Accessories Non-Slip Handle Cover, Adjustable Soft Hand Strap Fits Small and Medium Hands (Not Fit Official Charging Dock Battery)       "
B0CJRTRRTG,"        20x50 High Powered Binoculars for Adults, Waterproof Compact Binoculars with Low Light Vision for Bird Watching Hunting Football Games Travel Stargazing Cruise with Carrying Bag       "
B0CJTHBYZ5,"        0.5L Small Portable Electric Kettles for Boiling Water, Stainless Steel Travel Kettle, Fast Boil Teapot, Boil-Dry Protection & Auto Shut-Off, Perfect For Traveling Cooking, Coffee, Tea, Eggs(Green)       "
B0CJVQFZ1S,"        Turtle Beach Stealth Ultra High-Performance Wireless Gaming Controller Licensed for Xbox Series X|S, Xbox One, Windows PC & Android – LED Dashboard, Charge Dock, RGB Lighting, 30-Hr Battery, Bluetooth       "
B0CJYNXQ9N,        BrüMate Era 40 oz Tumbler with Handle and Straw | 100% Leakproof Insulated Tumbler with Lid and Straw | Made of Stainless Steel | Cup Holder Friendly Base | 40oz (Mocha)       
B0CJZWBTW9,"        14"" Pressure Washer Surface Cleaner with 4 Wheels - Stainless Steel Surface Cleaner for Pressure Washer Attachment for Concrete, Patio, Sidewalk, Deck and Driveways - PWS14       "
B0CJZWR8YV,"        40 Inch Navy Blue 1 Balloon for First Birthday, Blue One 1st Number Balloon Birthday Decorations for Man, 10th 21st, Giant Number 1 Balloon       "
B0CK6HGKQ4,"        meowtastic Birthday Decorations, Happy Birthday Banner with Honeycomb Balls, Stars Hanging Swirl Streamers, Circle Dots Garland, Happy Birthday Party Decorations for Women Men Boys Girls (Blue)       "
B0CK9HJ7S2,"        Elite Gourmet ETS623 BPA-Free Electric Citrus Juicer, Compact, Large Volume, Pulp Control, Oranges, Lemons, Limes, Grapefruits with Easy Pour Spout, 24oz, Black/Stainless Steel       "
B0CK9PT53B,        Stanley Quencher H2.0 Tumbler with Handle & Straw 30 oz | Twist On 3-Way Lid | Cupholder Compatible for Travel | Insulated Stainless Steel Cup | BPA-Free | Frost       
B0CK9RZGDX,"        Glad ForceFlex Drawstring Trash Bags, 13 Gal, Fragrance Free, 110 Ct, Pack May Vary       "
B0CKH4BG37,"        Battery Operated Christmas String Lights, 8ft 20 LED Mini Lights with Timer, Christmas Tree Lights for Indoor Outdoor Bedroom Wedding Party Holiday Xmas Decoration，Pink       "
B0CKH5QDFH,"        FROG @Ease Floating Sanitizing System + Replacement SmartChlor Cartridge 3-Pack Plus Free Hot Tub Care Guide, Self-Regulating Hot Tub Sanitizer Bundle       "
B0CKH9SG6C,        XiaKoMan NY World Champions Trophy (Metal Material) and Jets Championship Replica Ring with Wooden Box Size 11       
B0CKK43XXS,"        Scott Paper Towels, Choose-A-Sheet, 6 Double Rolls = 12 Regular Rolls (100 Sheets Per Roll)       "
B0CKLYKJH6,"        Tomcat Press 'N Set Mouse Trap for Indoor or Outdoor Use, Plastic Spring-Loaded Mouse Killer with Grab Tab, 2 Traps       "
B0CKM5VLYT,"        Blink Video Doorbell + 3 Outdoor 4 smart security cameras (4th Gen) with Sync Module 2 | Two-year battery life, motion detection, two-way audio, HD video, Works with Alexa       "
B0CKN7YRRF,"        Snow Blower Cover - 600D Snowblower Covers Waterproof Heavy Duty, Outdoor Snow Thrower Cover Universal Fit for EGO, Honda, Ryobi, Cub Cadet, Ariens, Troy Bilt, Snow Joe, Toro and PowerSmart       "
B0CKP3CYFB,"        Maestri House Rechargeable Milk Frother, Handheld Electric Foam Maker Waterproof Detachable Stainless Steel Whisk Drink Mixer Foamer for Lattes, Cappuccino, No Stand       "
B0CKPHKV88,        FANXITON DIY Lash Extension Kit Volume Lash Clusters 40D+50D D Curl Individual Lashes Lash Clusters Kit Thick Eyelash Extension Kit 280 pcs Thin Band Cluster Lashes Lash Bond and Seal Lash Tweezers       
B0CKR17P4X,"        Mothers Day Mom Gifts for Mom Wife from Daughter Son, Valentines Galentines Day Birthday Gifts for Women Her Girlfriend Sister Friends, 12 OZ Funny Coffee Mug, Christmas Stocking Stuffers       "
B0CKR255GV,        Lunch box Lunch bag for men women Insulated Lunchbox Lunch bags for Work Picnic Travel (Black)       
B0CKSYBCVQ,"        BOBOVR M3 Pro Head Strap Twin Battery Combo,Only Compatible with Quest 3       "
B0CKV2ZL1Y,"        The Honest Company Clean Conscious Diapers | Plant-Based, Sustainable | Above It All + Barnyard Babies | Club Box, Size 1 (8-14 lbs), 78 Count       "
B0CKV9S9GL,"        600 Pack Card Sleeves, Perfect Fit Inner Sleeves Ideal for Double-Sleeving, Trading Card Sleeve Compatible with MTG, TCG, Gaming Cards       "
B0CKVMN583,"        4 Pcs Castor Oil Pack Wrap Organic Cotton for Liver Detox, Stomach, Belly, Neck, Breast & Entire Body, Reusable Pads Kit for Hot/Cold Compress with Adjustable Elastic Strap, Waterproof & Anti Oil Leak       "
B0CKVTD2Q3,        SAVILAND Electric Nail Drill Professional: 40000RPM Upgrad Nail Drill Kit 2024 Beautiful Gradient Sunset Color Scheme Nail Drill Machine Portable Nail File & Buffers Salon Use Manicure Pedicure       
B0CKX77TLJ,        Pink Streamers Fringe Backdrop Tinsel Foil Fringe Curtains Wavy Backdrop for Parties Sparkle Metallic Wavy Foil Fringe Backdrop Curtain Photo Booth Props for Birthday Wedding       
B0CKYWRGH1,"        AAAAAcessories D-Shaped 2'' Thick Chair Cushions, Removable, Machine Washable Cover and Ties, Chair Pads for Indoor Dining Room and Kitchen Chairs, 17'' x 16'', Set of 4, Beige       "
B0CKZ4VDT1,"        Sponge Holder Smiley Face, Sink Caddy for Kitchen Sink, Sink Organizer Sponge Holder with 2 PCS Suction Cups/1 PCS Adhesive Strips, Designed for Sponge, Soap, Dish Brush, Scrubber-Black       "
B0CKZWMC3Y,"        Nair Men Hair Remover Body Cream, Manscape for Smooth Skin for Days, Coarse Hair Removal, 12 oz       "
B0CL18HCKS,"        NAIR Sensitive Shower Cream Hair Remover with Natural Coconut Oil and Vitamin E, Body Hair Removal Cream for Women, 12 oz       "
B0CL3VPSKJ,"        Red Heart Shaped balloons Pack of 10,18 Inch Love Valentine Balloons Pink Heart Romantic Balloons For Valentines Day Propose Marriage Wedding Bridal Shower Engagement Party Decorations       "
B0CL3W2RFW,        Lovoir 10 Pcs Red Pearl Pink Heart Shape Foil Mylar Balloons 18 Inch Love Balloons for Valentine's Day Birthday Party Decorations Wedding Engagement Romantic Decor (Red & Pearl Pink)       
B0CL3YKQT5,        6 Pcs Red Heart Shaped Balloons Red Letters XOXO Valentine Balloons for Valentines Day Bridal Shower Wedding Party Decorations       
B0CL5TJWLF,"        Wavytalk Thermal Brush, 1.5 Inch Negative Ion Thermal Round Brush Creates Blowout Look Makes Hair Shinier & Smoother, Dual Voltage, Easy to Use (Pink)       "
B0CL7N32TM,"        Brawny Tear-A-Square Paper Towels, 6 Double Rolls = 12 Regular Rolls, 3 Sheet Sizes (Quarter, Half, Full), Strength for All Messes, Cleanups, and Meal Prep       "
B0CL9Q8XCT,        Head Strap Battery Compatible with Meta Quest 3S/Quest 3-10000mAh Elite Strap with Battery Pack Extend Playtime - Enhanced Support for Quest 3S - Replacement Battery Head Strap Accessories       
B0CL9ZBZCR,"        2 PCS Water Absorbent Diatomite Coasters Rectangle(8.27""x3.94""), Grooved Design, Water Absorbing Stone Used for Hand Soaps & Plants & toiletries in The Modern Home       "
B0CLDB425B,"        Baby Walker, 5-in-1 Baby Walkers for Boys and Girls 6-12 Months with Bouncer, Removable Footrest, Feeding Tray & Music, Foldable & Adjustable Activity Walker for 6-18 Months Toddler Infant       "
B0CLGTFGPJ,"        Pressurized Handheld Steam Cleaner with 10pcs Accessories & Safety Lock, Multi-Purpose & Powerful Home Use Steamer for Cleaning, Car, Bathroom, Shower, Upholstery, Grout, Window, Grease       "
B0CLGVQCG3,"        30 Gallon Resin Deck Box Waterproof, UV Resistant Outdoor Storage Box for Delivery, Patio, Garden,and Porch,Striped Black       "
B0CLJ11PD6,"        Mug Warmer - 36W Coffee Mug Warmer for Desk with Temperature Display, 2-12Hrs Auto Shut Off, Smart Candle Warmer - Ideal Coffee Gifts Accessories Keep Beverages Coffee Warmer (Black)       "
B0CLL17DCK,"        Lyyes Wired Controller for Xbox 360, Wired Controller Compatible with Xbox 360 Xbox 360 Slim and PC Windows, 2 Pack       "
B0CLMJ6HJP,        All-new Ring Solar Charger for Battery Doorbell       
B0CLQF66Z6,        Carl Edwards Signed Autographed NASCAR Truck Series Superchips Promo Card TRISTAR       
B0CLQLFHJM,        Steve Kinser Signed Autographed Quaker State Racing Sprint Car Promo Card TRISTAR       
B0CLVG52J3,        Collapsible Wagon Cart with Wheels Foldable - Folding Utility Heavy Duty Wagons Carts for Grocery Sports Garden Shopping Camping       
B0CLWL76HK,"        Philips Norelco Nose Trimmer 5000 for Nose, Ears, Eyebrows Trimming Kit, NT5600/62       "
B0CLWVH384,"        Philips Norelco Shaver 2400, Rechargeable Cordless Electric Shaver with Pop-Up Trimmer, X3001/90       "
B0CLX1573H,"        Philips Norelco Shaver 3900, Rechargeable Wet & Dry Electric Shaver with Pop-up Trimmer, Charging Stand, Travel Storage Pouch, Protective Cap, Space Gray, S3341/92       "
B0CLX1HQ17,"        Philips Norelco Multi Groomer All-in-One Trimmer Series 3000-13 Piece Mens Grooming Kit for Beard, Face, Nose, Ear Hair Trimmer and Hair Clipper - NO Blade Oil Needed, MG3740/40       "
B0CLYF1QTY,        SAVILAND Airbrush Gel Nail Polish: 12 vitality Colors Set with Fine Mist Nail for Color Spray Perfect Nail Polish Nail Art Design       
B0CLYZRRD1,"        PeraBella Baby Diaper Caddy Organizer, Baby Organizers and Storage for Changing Table, Babies Shower Gift Basket for Boy &Girl, Nursery Essentials Car Caddy Organizer with Handle, White Diaper Basket       "
B0CM3BBT7J,"        Pregnancy Pillow, Maternity Pillow for Pregnant Women, Soft Maternity Pillow with Detachable & Adjustable Pillow Cover, HIPS Legs       "
B0CM3RFCSR,"        Inito Fertility Monitor & Hormone Tracker for Women | Estrogen, LH, PdG (Urine Metabolite of progesterone), FSH | Track and Confirm Ovulation | Includes 15 Test Strips (iPhone 15 Pro Max)       "
B0CM7MZ99X,"        All-new Amazon Kindle Paperwhite and Kindle Colorsoft Signature Edition Case, Lightweight and Foldable Protective Cover - Premium Leather       "
B0CM7PHKMJ,"        All-new Amazon Kindle Paperwhite and Kindle Colorsoft Signature Edition Case, Lightweight and Water-Safe, Foldable Protective Cover - Fabric       "
B0CM7RF1KR,"        All-new Amazon Kindle Paperwhite and Kindle Colorsoft Signature Edition Case, Lightweight and Water-Safe, Foldable Protective Cover - Fabric       "
B0CM7X424T,"        All-new Amazon Kindle Paperwhite and Kindle Colorsoft Signature Edition Case, Lightweight and Water-Safe, Foldable Protective Cover - Fabric       "
B0CM7ZXQWC,"        Introducing All-New Amazon Plant-Based Leather Case- Lightweight, Protective Cover Designed with Sustainability in Mind for All-new Kindle Paperwhite and Kindle Colorsoft Signature Edition       "
B0CM8WK2VJ,"        Rechargeable Controller Battery Pack for Xbox,2x4800mWh(2000mAh) Batteries Pack with USB-C Charging Cable for Xbox Series S|X/Xbox One S/One X/One Elite Remote Play and Charge Kit with 4 Cover(2 Pack)       "
B0CM9VSNXM,"        APEXUP Yoga Ball Exercise Ball, Pilates Ball, Anti Slip Stability Ball, Heavy Duty Gym Ball for Fitness, Balance, Core Workout, Physical Therapy       "
B0CMCB5NYT,"        JOYIN 30 Packs Valentine’s Day Gift Cards with Heart Pop Bubble Keychain, Mini Pop Squeeze Toys, Stress Relief Fidget Toys for Kids Valentine's Party Favors, Classroom Exchange and Game Prizes       "
B0CMCGGWPV,"        RGB Head Strap with Battery for Meta/Oculus Quest 3/Quest 3S, 10000mAh Battery Pack for Extended 8H of Playtime, Fast Charging VR Power, Adjustable Elite Strap Enhanced Support and Balance in VR       "
B0CMCHXLMY,"        JOYIN 30 PCS Valentine's Day Sensory Stress Balls with Cards, Fidget Anxiety Relief for Adult, Valentine's Party Favors, Gift Exchange Rewards       "
B0CMCNJ466,"        Deck Box, 51 Gallon Front Porch Package Bin Delivery Box for Outside, Small Patio Outdoor Storage Boxes Waterproof, UV Resistant Plastic Resin Pool Storage Bins with lids, Brown       "
B0CMCZQJJQ,"        Focipeysa Lash Extension Kit Thick Eyelash Extension Kit 10-18mm Fluffy Lash Clusters 200D Individual Eyelashes Kit with Lash Bond, Lash Remover, Lash Applicator, DIY Lashes Extension       "
B0CMD4P3C6,"        HRQKO Alphabet Numbers Poster Hanger Frame Set of 2, Nursery Wall Decor, ABC Banner Poster Wall Art with Wooden Frames, Alphabet Banner Wall Hanging Decor for Toddler Playroom Nursery, 12x16 Inch       "
B0CMF16W2Y,        Billie - Dermaplane Starter Kit - Reusable Handle + 3 Refill Blades - Remove Facial Hair + Perfectly Shape Brows - Dermatologist-Approved - Malibu       
B0CMFF4RV6,"        RYOBI 1800 PSI Electric Pressure Washer Lightweight, Portable Design (Renewed)       "
B0CMHJTSL2,"        Walensee Flat Shovel,Snow Shovel, Ice Scraper, 54 inch Snow Ice Chopper for Walkway, Ice Removal Tool for Road Outdoor Garden Cleaning Scraper, Weed Remove Tool for Lawn Edging, Driveway Weeding Tool       "
B0CML4R7M1,"        12 Pcs Red Heart Balloons,18 Inch Heart Foil Balloons Love Balloons Valentine Balloons for Birthday Party Wedding Engagement Party Baby Shower Valentine Day Decorations (red)       "
B0CMQ4VQZG,"        DUSPRO Orchid Potting Mix for Repotting with Moss Pine Bark Mulch Perlite Stone & Coco Peat Natural Ingredients, Orchid Bark Potting Mix, Orchid Repotting Kit Drainage Indoor Potting Medium Great 1QT       "
B0CMQBBG75,"        33 Ft Valentines Heart Tinsel Garland Decorations, Valentines Day Red Pink White Metallic Garland Valentine's Day Decorations for Home Indoor Outdoor Wedding Hanging Valentines Day Decor       "
B0CMQC79L4,"        NETANY 6-pack 16 oz Overnight Oats Containers with Lids, Glass jars with Airtight Lids, Wide mouth Mason Salad jars, Glass Food Storage Containers for Snacks Yogurt Spice Sugar       "
B0CMQFKM1F,"        Commercial Quality Baking Sheet Pan Set, Natural Aluminum Cookie Sheet, Umite Chef Warp Resistant Nonstick Baker's Half Sheet Pan, Large Thick Cookie Tray Pans for Baking, Roasting(2 Pack, 18X13Inch)       "
B0CMT2FG1B,"        Silicone Bread Sling for Dutch Oven, 2 PCS Non-Stick & Easy Clean Reusable Silicone Bread Baking Mats with Long Handles, Easy to Transfer Sourdough Bread       "
B0CMTL6Z48,"        JOYIN 30 Packs Valentine's Day Mini Finger Skateboards with Cards, Classroom Exchange Gift for Kids, Kids Toys Party Favor, Classroom and Holiday Reward Prizes       "
B0CMTRXMM3,"        28 PCS Galaxy Slime Valentines Day Gift with Greeting Cards, Valentines Classroom Exchange Gifts for Kids, Valentine Party Favor Toy Set School Supplies Classroom Activities Prize Rewards       "
B0CMTXWKHK,"        Mercedes-Benz For Men - Vetiver, Musk Eau de Toilette Cologne for Men - Long Lasting Fragrances with Patchouli, Orange, Pink Pepper - 0.84 oz       "
B0CMV5ZXGW,        Skip Hop Baby Changing Pad Nursery Style Wipe-Clean Contoured with Cushioned Foam Oat       
B0CMWLTYK1,"        OHOME Football Party Decorations - Superbowl Party Decorations 2025 - Disposable Tablecloth Plastic Table Covers for Football Game Birthday Superbowl Parties Decor Supplies 54"" X 108"",2 Pack       "
B0CMXHZYRQ,"        KBKBART Vintage Wall Art Framed, Retro Countryside Autumn Wildflower Field Landscape Canvas Painting Farmhouse Decor Wall Art, Rustic Fall Landscape Bathroom Wall Decor for Bedroom Living Room,       "
B0CMXW6C2H,"        ORDRO 5K Video Camera Camcorder, M3 48MP UHD 4K/60fps Handheld Digital Camera, 3.5'' Rotatable IPS Screen 3250mAh Battery WiFi IR Night Vision Camera with 64G Card for YouTube Vlogs       "
B0CMZ42J5K,        Xbox Game Pass Core – 12 Month Membership [Digital Code]       
B0CMZ9VHYP,        Xbox Game Pass Core – 1 Month Membership [Digital Code]       
B0CMZC8FJV,        Matterport Pro3 Performance Kit 3D Lidar Digital Camera for Creating Professional 3D Virtual Tour Experiences with 360 Views and 4K Photography Indoor and Outdoor Spaces with Trusted Accuracy       
B0CMZCC6R1,        Team Fan Apparel NFL Adult Team Block Tagless T-Shirt - Cotton Blend - Charcoal - Perfect for Game Day - Comfort and Style       
B0CMZKQ31J,        Xbox Game Pass Core – 6 Month Membership [Digital Code]       
B0CMZL1N52,"        Pink Balloons Metallic Pink Balloon, 50Pcs 12Inch Hot Pink Chrome Pink Latex Balloons Baby Pink Balloons and Dark Magenta Pink Balloons for Birthday Baby Shower Princess Party Decorations       "
B0CMZMYLKJ,        Xbox Game Pass Core – 3 Month Membership [Digital Code]       
B0CN11VYNF,        ZYBER Controller Extensions Gorilla Tag Long Arms for Meta Quest 3S/Quest 3 Beat Saber Handles Golf Club Attachment VR Sticks Controller Grips for Quest 3S/3 Enhance VR Gaming Accessories       
B0CN1KWB1C,        Bath & Body Works Fine Fragrance Body Spray Mist 8 fl oz / 236 mL (Gingham)       
B0CN2DMCKF,"        Minetom USB Fairy Lights Plug in, 33 ft 100 LED Twinkle String Lights with Remote and Timer, Waterproof 8 Modes Starry Lights for Indoor Wreath DIY Party Wedding Christmas Decoration, Warm White       "
B0CN3185T8,"        SXhyf Cleaning Brush - Hard Bristle Crevice Cleaning Brush, Multifunctional Gap Scrub Brush, Home Essentials, Bathroom Cleaner Tools for Household Use, Kitchen, Window, Faucets, Toilet, Grout, Car       "
B0CN36JHWT,"        Valentines Day Gifts for Kids, Valentines Cards with 28 Pcs Butter Slime Valentines Party Favors Classroom School Exchange Gift for Boys Girls Adults Super Soft Stress Relief Toys       "
B0CN6D287L,"        Tire Inflator Portable Air Compressor - 4X Air Pump for Car Tires, 150PSI&10000mAh Portable Tire Inflator for Car, 12DC Air Pump with Pressure Gauge/LED Light, Bike/Motorcycle/Ball/Car Accessories       "
B0CN8HJSYM,"        Cerakote® Professional Ceramic Coating for Cars – High-Gloss Professional-Grade Paint Protection Kit, Ultra-Hydrophobic, UV & Chemical Resistant, Easy Application, Industry Leading 500 Wash Longevity, (2) 30ml Bottles       "
B0CNCX12Q7,"        QIKSION 2 Pack Red Plastic Tablecloth Disposable Table Covers Ruby Shine Red Table Cloths for Parties Bridal Shower Birthday Engagement Wedding, Fits 6 to 8 Foot Rectangle Tables (54 × 108 Inch)       "
B0CNCX6YTG,"        Football Party Supplies Set, 133Pcs Football Party Decorations Disposable Football Party Plates Cups Knives Spoons Fork Banner and Tablecloth,Football Birthday Party Favors for Home, Dinner, Birthday       "
B0CNCXQ2DK,"        Homemory 6”x3” Outdoor Waterproof Flameless Candles, LED Candles, Battery Operated Candles with Remote and Timers, Electric Fake Plastic Pillar Candles,Dark Ivory, Set of 2       "
B0CND3YWT3,"        Zukro Glass Juice Bottles with Lids for Juicing 18 oz, Reusable Clear Glass Water Bottles with Stainless Steel Airtight Cap for Refrigerator, 100% Leak Proof, BPA Free, Set of 6       "
B0CNGBLV5N,"        58 Pcs Flying Insect Traps for Plants,Indoors, Outdoors, Kitchen, Office, Yellow Sticky Traps for Fungus Gnat, Fly and Flying Insects, Non-Toxic & Odorless, Kid & Pet Safe, Economic Pack       "
B0CNGGSYN9,"        Football Party Supplies Kit - Touchdown Letter Balloons, Goal Post & Football Shaped Foil Balloons, Round 'Touchdown!' Foil Balloons, and Banner for Birthday, Game day, Tailgate Party Decorations       "
B0CNGTZ3B5,"        Kitsure Shoe Rack - Premium Non-Woven Shoe Rack Shelf, Shoe Organizer for Closet, Entryway, Garage & Corridor, Sturdy & Durable Long Stackable Shoe Shelves, Medium, Black       "
B0CNHHDSVW,        FOCO Men's NFL Team Logo Short Sleeve T-Shirt       
B0CNJFV6KH,"        Hot Wheels 10-Pack of Toy Race Cars, Includes 1:64 Scale Corvette, Lamborghini, McLaren Originals (Amazon Exclusive)       "
B0CNJSC4XM,        Bluboon Lunch Bag for Women Men Cute Corduroy Lunch Tote Bags Reusable Insulated Lunch Box Large Capacity Reusable Insulated Cooler for Work Picnic or Travel (Corduroy strawberry)       
B0CNK94GFC,"        Hair Dryer Bonnet, Large Bonnet Hooded Hair Dryer Attachment for Speeds Up Drying Time & Deep Conditioning, Fits All Head Sizes & All Hair Styling, for Women Long Curly Braid Hair (Black, Large)       "
B0CNLDFVKW,"        Valentines Tablecloth Decorations for Party,3 Pack Disposable Plastic Valentines Tablecloth 54"" x 108"", Pink Table Cloths for Party Supplies,Valentines Decoration for Wedding Engagement Anniversary       "
B0CNMRW3XB,"        Sok It Java Sok Iced Coffee & Cold Soda Insulated Neoprene Cup Sleeve (Blushing Blooms, Medium: 22-28oz)       "
B0CNPDMD1R,"        Yurhap Fleece Baby Blanket Heart Checkered Blanket, Ultra Soft Cozy Baby Blankets for Girls Boys, Fluffy Infant Toddler Newborn Receiving Blankets for Crib Stroller 30”×40” (Light Pink)       "
B0CNSCVGPH,"        Huggies Simply Clean Fresh Scent Baby Wipes, 3 Flip-Top Packs of 64 (192 Wipes Total), Packaging May Vary       "
B0CNTK1P9M,        Keepsake Baby Memory Book for Boys and Girls – Timeless First 5 Year Baby Book – Neutral Journal Scrapbook or Photo Album - Record a Milestone for Every Event from Birth to Age 5       
B0CNV2F5LT,"        Silver Buffalo Sanrio Hello Kitty Waving Pink Glass Jar Tumbler with Bamboo Lid and Glass Straw, 16 Ounces       "
B0CNV9F72P,"        New Amazon Kindle (16 GB) - Lightest and most compact Kindle, with glare-free display, faster page turns, adjustable front light, and long battery life - Black       "
B0CNVCQZG1,"        New Amazon Kindle (16 GB) - Lightest and most compact Kindle, with glare-free display, faster page turns, adjustable front light, and long battery life - Matcha       "
B0CNWXQLBC,"        Amandir 153pcs Pink Balloon Garland Arch Kit, Different Sizes 18 12 10 5 inch Hot Pink Latex Metallic Confetti Pink Balloons for Birthday Princess Wedding Baby Shower Valentines Day Party Decorations       "
B0CNX3FPCZ,"        YCCSKY Rechargeable Battery Pack for Xbox Series X|S and Xbox One, 2 Pack 4440mWh 3.7V(1200mAH) Xbox Battery Pack for Xbox Series X/Xbox Series S/Xbox One/X/S/Elite(2 Batteries Only)       "
B0CNXKT6S7,"        Blissful Diary Baby Diaper Caddy Organizer, Stylish Storage Basket for Newborn Essentials and Diaper Station, Gift for Baby Shower and Registry Must-Have, Sage Green       "
B0CNY22DJP,        2-Year Protection Plan for Kindle       
B0CNYGQ1SF,"        AMVR Face Cover Pad Facial Interface Compatible with Meta/Oculus Quest 3 Accessories, with Soft PU Face Cushion Pad Replacement and Breathable Ice Silk Cotton, NOT Compatible with Meta Quest 3S       "
B0CNYLC8B9,"        Valentines Day Gifts for Kids,24 PCS Valentines Cards for Kids Classroom with Llama Pop Fidget Toys,Valentines Exchange Gifts for Kids Classroom,Valentines Party Favors Classroom Prizes       "
B0CP169Z94,"        Baby Crib Sheets for Boys Girls, 2 Pack Fitted Crib Sheet for Standard Crib and Toddler Mattress, Soft Microfiber Baby Sheet 52x28x8in (Brown & Green)       "
B0CP1MH1J6,"        AMVR Golf Club Attachment Compatible with Meta/Oculus Quest 3S/Quest 3, Non-Slip VR Golf Handle Grip for Golf +, 80 Degree Design Keep Tracking （for Right Controller, Not for Charging Dock Battery）       "
B0CP25TQXM,"        Lattafa Rave Now Eau de Parfum Spray for Women, 3.4 Ounce       "
B0CP2F5ZYC,"        Kopokita 2PCS Black Plastic Tablecloths 54 x 108 Inch, Disposable Table Cloths Rectangle Party Table Covers       "
B0CP2FTL3D,"        Saddle Stool, Swivel Saddle Stool with Wheels, Adjustable Rolling Stool 18""-26"", Faux Leather Rolling Saddle Stool for Salon, Massage, Clinic, Lab, Office (Black, 1PCS (18""-26""))       "
B0CP3RDV25,"        Telescope, Telescope for Adults High Powered Professional, 90mm Aperture 800mm Refractor Telescope for Astronomy Beginners Fully Multi-Coated with AZ Mount Tripod & Phone Adapter & Carry Bag       "
B0CP4XY9QC,"        YARRAMATE Oil Sprayer for Cooking, 2 in 1 Olive Oil Dispenser Bottle for Kitchen, 16oz/470ml Premium Glass Oil Bottle, Food-grade Oil Mister for Air Fryer, Salad, Frying, BBQ (Black)       "
B0CP4ZNJLR,"        Ember Temperature Control 14oz Smart Mug 2, App-Controlled and Rechargeable Heated Coffee Cup Warmer with Intelligent LED Display, Sage Green.       "
B0CP6M4ZV7,        Ultra Game Women's NFL Official Soft Mesh Varsity Stripe T-Shirt       
B0CP6TV97V,"        Prodico Xbox 360 Wireless Controller 2 Pack, 2.4G Wireless Controller for Xbox 360 & Slim PC Windows 7 for Black Myth Wukong       "
B0CP6Y9G1Q,"        Binoculars 15x25 for Adults,Waterproof Binoculars with Low Light Night Vision, Durable & Clear Binoculars for Sightseeing,Concerts and Bird Watching       "
B0CP7W91H7,        3Pcs Cool Gaming Wall Art Retro Video Game watercolor Posters Pictures Colorful Neon Gamepad Canvas Painting Prints for Boys Room Kids Game Room Bedroom for Boys Home Decoration 12x16in Unframed       
B0CP8QDZTJ,"        Valentines Day Gifts for Kids, 24PCS Heart Mini Pop Bubble Fidget Toys with 24PCS Cards for Valentines Day, Valentines Day Exchange Cards for Girls Boys Toddlers School Classroom Party Favors       "
B0CP9W5QYN,"        Disney Frozen Junior Skates Includes Knee and Elbow Pads, Size Adjustable Design for Growing Feet       "
B0CP9YB3Q4,"        Stanley Quencher H2.0 FlowState Stainless Steel Vacuum Insulated Tumbler with Lid and Straw for Water, Iced Tea or Coffee, Smoothie and More, Rose Quartz 2.0, 30 OZ / 0.89 L       "
B0CPCYRY85,"        2PCS Silicone Water Bottle Boot for Owala 24oz 32oz 40oz, Anti-Slip Protective Sleeve Bottom Bumper Protector for FreeSip, Twist, and Flip Stainless Steel Water Bottles       "
B0CPHRKN9Z,"        ORDRO M3 5K Video Camera Camcorder, WiFi IR Night Vision Handheld Camera for YouTube, 4K UHD Video Camera with 3.5'' Flippable Touch Screen, 3250mAh Capacity Battery, 180° Rotating Lens, 64G Card       "
B0CPJ75NNR,        Littlearth NFL Stretch Pet Jersey       
B0CPJJBVC4,"        Patiowell 100 Gallon Resin Deck Box with cushion, Waterproof Large Outdoor Storage Box for Patio Furniture and Garden Tools, Black       "
B0CPKT51RR,"        Ello Pop & Fill Stainless Steel Water Bottle with Quick Fill Technology, Double Walled Vacuum Insulated Metal, Leak Proof Locking Lid, Sip & Chug, BPA Free, Holiday Gift for Him Her, 22oz, 32oz, 40oz       "
B0CPL8QCL1,"        Hot Wheels Monster Trucks Multipack, 1:64 Scale Mega-Wrex & Tiger Shark Toy Trucks with Big Rigs in Matching Power Smashers Deco       "
B0CPLCVK6N,"        25/50/100/200 Pack Disc Cones, Agility Soccer Cones with Carry Bag and Holder, Soccer Cones for Sports Training, Football, Soccer, Basketball, Coaching, Practice Equipment, 5 Color       "
B0CPLSMPGZ,"        KKCOBVR Q3 PRO Comfort Battery Pack Head Strap 10000mh Compatible with Meta Quest 3/Quest 3S, Extend Playtime Replacement Head Strap Accessories       "
B0CPLVLFK2,"        Immersion Blender Handheld Corded Hand Blender 1100W, Trigger Variable Speed 5 in 1 Stick Blender, Emulsion Blender with Chopper, Whisk and Frother for Soup, Baby Food and Smoothies       "
B0CPM9BMWG,        Igloo 11 Qt Tag Along Too Strapped Picnic Style Cooler       
B0CPMX764D,        Bob Bilby and Unicorse Plush Puppets Exclusive 2 Pack | Bob Bilby and Unicorse are The Perfect Size to Fit onto Toddler's Hands | Made with Deluxe Fabrics and Featuring Embroidered Details       
B0CPN39SRY,        1996 Star Wars Darth Vader Edition Official Genuine 23K Gold Cards Graded Gem-Mint 10 - Complete Set of 9       
B0CPP2CVY3,"        Fingerlings Interactive Baby Axolotl with Inflatable Pool, Alix, Swims and Lights Up in Water, Rainbow Lights Tell Your Mood (Ages 5+)       "
B0CPP369YF,"        Greesum 100 Gallon Resin Deck Box Lockable Large Outdoor Storage Boxes for Garden Tools, Patio Furniture Cushions, Pool Supplies, Black       "
B0CPPLFQKB,"        50 Count 30” x 36” Super Absorbency Disposable Underpads, Leakproof Quick Drying, Baby Puppy & Adults Bed Pads Disposable Adults, Dog Pee Pads Extra Large, XXL Incontinence Pads       "
B0CPPRRPCJ,"        modelones Cat Eye Gel Nail Polish Set, 6 Colors Holographic 9D Cat Eye Glitter Gel Polish Semi-transparent Nude Pink Gray Brown Nail Gel Polish with Magnet Soak Off Led Nail Art Gel DIY Salon Gift       "
B0CPSPRB2Q,"        8 Pack LED Fairy Lights Battery Operated, 7Ft 20LED Mini String Lights Waterproof Twinkle Lights Firefly Starry Moon Lights for Mason Jars Wedding Christmas Party Bedroom Decor       "
B0CPSVJ4TR,"        Silicone Spill Stopper Set Compatible with Stanley Cup 2.0 30oz & 40oz with Straw Cover (Set of 2, Clear)       "
B0CPSVV778,"        4K Digital Camera with Creator Accessory Kit 48MP Remote Control Vlogging Camera for Vloggers Autofocus Flip Screen Photography Cameras with Tripod Grip, Wide-angle & Macro lens, Mic, Batteries       "
B0CPTBY6M6,"        Maxi-Cosi Kori 2-in-1 Baby Bouncer Seat for Infants, Baby Rocker Chair, Portable Baby Bouncer, Classic Oat       "
B0CPYQZR23,"        eos Cashmere Skin Collection Shave Oil, Vanilla Cashmere, Soothing and Moisturizing, Prevents Irritation and Razor Burn, Entire Bikini Area-Approved, 6 fl oz Packaging May Vary       "
B0CQ1SLW1P,"        Red 72 Card Racer | Load, Launch, Race - Pocket-Sized Racecar Toy Ages 5 and up (Sold Each)       "
B0CQ2876H1,"        LaiChauKit Wii Remote with Nunchuck, Compatible with Nintendo Wii/Wii U, Wii Controller with Nunchuck, with Silicone Case and Wrist Strap       "
B0CQ2JGJ4T,"        SWEETFULL Mug Warmer - 36W Coffee Cup Warmer for Desk with 3-Temp Settings Display, 2-12H Timer, Candle Warmer Plate, Coffee Accessories for Women Men Mom Dad - Wood       "
B0CQ2YRH79,        Billie Razors for Women Shave Kit – Women’s Razor + 2 x 5-Blade Razor Refills + Magnetic Holder – Sunburst       
B0CQ3PJKRV,"        PDP Victrix Pro BFG Wireless Gaming Controller for Xbox Series X|S, Xbox One, Windows 10/11, Modular Gamepad, Dolby Atmos Audio, Remappable Buttons, Customizable Triggers/Paddles/D-Pad, PC App, Black       "
B0CQ3SHF3W,"        Klein Tools 32933 Impact Driver, SAE 7-in-1 Impact Socket Set, 3 Flip Sockets with 6 Hex Driver Sizes and 1/4-Inch Bit Holding Feature, Impact Rated 5-Inch Shaft       "
B0CQ4MMPH2,        OHOME Valentines Day Decorations - Valentines Decor | Valentines Backdrop - Valentine Decorations for Home Indoor Outdoor - Valentines Banner for Wall Door | Galentines Day Accessories Party Favors       
B0CQ5DJ1VP,"        Jesus wall art decor Christian wall art,Jesus and Lamb Canvas Wall Art Jesus Running After Lost Lamb Picture Wall Art Canvas Print Christian Lamb of God Home Decor Jesus Saves the Lamb a lost lamb       "
B0CQ78WMGN,"        JOIEDOMI Christmas String Lights Indoor,100 Count Mini Warm Fairy Light,21.5FT Lighting Decor for Patio Dorm Classroom Bedroom Holiday Wedding Party Garland Birthday Festival Valentines Day,White Wire       "
B0CQ832R6B,"        Brajttt 5oz Glass Bottle, Clear Woozy Bottles with Shrink Capsules,Empty Small Beverage/Canning Bottles with Black Caps for Kitchen and Party,6 Pack       "
B0CQ8Q4JRB,"        eos Shea Better Women's Shave Cream- Vanilla Bliss, Shea Butter Skin Care, Shaving Cream for Women, 14 fl oz, 2-Pack       "
B0CQ8RSTC9,        Victor M150-12 Metal Pedal Sustainably Sourced FSC Wood Snap Mouse Trap - 12 Traps       
B0CQBSKQBP,        Yocada Snow Shovel for Driveway Home Garage Snow Removal with D-Grip Handle Aluminum Strip 48 inch Long Large Capacity Shovel for Garden Car Camping Outdoor       
B0CQCBPYK7,"        Snowkingdom 13Ft Pink Cheesecloth Table Runner, 160inch Long Cheese Cloth Boho Gauze Runner for Wedding Bridal Shower Baby Shower Birthday Party Sheer Table Decorations       "
B0CQCQ95WY,"        ApoloSign Digital Picture Frame 10.1 inch, Frameo Digital Photo Frame, WiFi Electronic Frame with 32GB Storage, 1280x800 HD IPS Touch Screen, Auto-Rotate, Slideshow, Share Photos/Videos Instantly       "
B0CQH15LJW,"        Die-Casting Racers Toy Cars, Safety Alloy Material for Childs, Beauty Color Box Packaging for Your Son Birthday, Inspired by Favorite Characters, Gift for 3+ Years Old (Mater)       "
B0CQLM5H91,        3 Pack Beige Plastic Tablecloth Disposable Rectangular Table Cloth 54 x 108 Inch Table Cover for Parties       
B0CQLSH2TK,"        Cybertruck Model: 1/24 Diecast Metal Toy Trucks with Lights and Sounds, Mini Vehicles Toys for Boys, Ages 3 and Up (Silver)       "
B0CQLXVKV2,"        Silicone Bread Sling for Dutch Oven, 2 Pcs Non-Stick & Easy to Clean Bread Baking Mat Set, Reusable Bread Sling with Long Handle to Transfer Sourdough       "
B0CQLZSC45,"        Coffee Mug Warmer & Mug Set for Desk, Electric 36W Coffee Cup Warmer with Auto Shut Off/Timer. Smart Cup Mug Heater with 16oz Cup for Heating Coffee in Home/Office, Coffee, Black       "
B0CQMRKRV5,"        Amazon Fire TV Stick HD (newest model), free and live TV, Alexa Voice Remote, smart home controls, HD streaming       "
B0CQMWWXPQ,"        Digital Picture Frame WiFi, 10.1 Inch Frameo Digital Photo Frame, 32GB Memory, 1280*800 HD Touch Screen, Auto-Rotate, Share Pictures Videos Instantly, Wedding, Birthday Gifts for Women, Mom, Dad Gifts       "
B0CQMZFVLR,"        Digital Picture Frame WiFi, 15.6 Inch Frameo Digital Photo Frame, 32GB Memory, 1920*1080 IPS HD Touch Screen, Auto-Rotate, Share Pictures Video Instantly, Gift for Mom, Wedding, Birthday, Anniversary       "
B0CQN171QC,"        Digital Picture Frame WiFi, 10.1 Inch Frameo Digital Photo Frame 32GB Memory, 1280 * 800 Touch Screen, Auto-Rotate, Share Pictures Videos Instantly, Wedding, Birthday, Gift for Mom, Dad, Grandparents       "
B0CQN6BLK9,"        FRAMEO 10inch Digital Picture Frame WiFi Smart Photo Frame Electronic Digital Picture Frames Load from Phone1280x800 HD IPS Touch Screen,Automatic/Slideshow/Share Videos Via Frameo APP       "
B0CQNTCYPP,"        KIWI design Controller Grips Compatible with Meta Quest 3S/Quest 3 Accessories, Silicone Hand Strap Protector       "
B0CQNW67S7,"        YOGES Handle Attachments Compatible with Oculus Quest 2 Controller, VR Gorilla Tag Long Arms Dual Extension Grips Compatible with Meta Quest 2 for Beat Saber Supernatural More VR Games, Black       "
B0CQPNVLV6,"        HYDRO FLASK Carry Out Cooler Bag, Insulated Pack, 24 Hour Cooler with Zipper, Insulated Travel Bag, Leakproof Soft Cooler for Lunch, Beach, School, Camping, Work       "
B0CQPQ659X,"        HTC Vive Ultimate Tracker 3 Pack + Dongle - VR Full Body Tracking - Compatible with SteamVR, Vive XR Elite, Meta Quest Virtual Reality Headsets       "
B0CQR87Z5B,        K&F Concept 2 in 1 Sling Bag Everyday Shoulder Bag & Multifunction Photography Crossbody Camera DSLR Backpack Portable Bag       
B0CQSBMJ4R,"        Valentines Day Gifts for Her, 8 PCS Romantic Gift Set Includes 20 oz Tumbler with Lid Straw Brush Rose Flower Socks Bracelet Thanks Card Gift Box       "
B0CQSRWM1L,        Saviland Nail Stand for Press ons: 15pcs Strong Magnetic Aurora Nail Holder For Painting Nails With Nail Stand 40 Pcs Reusable Sticky Putty For Nails Practice Acrylic Nail Tools Home Beginner Supplies       
B0CQTYLHMG,        Tonies Blippi Audio Play Character from Moonbug       
B0CQTZQLGS,"        2 in 1 Sports Shoe Grip Spray, Provides Traction and Rejuvenates Soles. Multipurpose Grip Spray for Improving Basketball Shoe Grip. Anti Slip & Performance Enhancer       "
B0CQVWT2NH,"        HydroJug Traveler - 40 oz Water Bottle with Handle & Flip Straw - Fits in Cup Holder, Leak Resistant Tumbler-Reusable Insulated Stainless Steel & Rubber Base - Gifts for Women & Men, Pink Sand       "
B0CQXDC9TS,"        PartyWoo Pastel Pink Balloons, 120 pcs Baby Pink Balloons Different Sizes Pack of 18 Inch 12 Inch 10 Inch 5 Inch for Pink Balloon Garland or Arch as Birthday Decorations, Party Decorations, Pink-Q05       "
B0CQY6MPNG,"        2 Pieces Dryer Vent Cleaner Kit Compatible with All Vacuum Cleaner, Dryer Lint Brush and Vacuum Hose Attachment with Stretch Universal Connector, Quickly Lint Remover       "
B0CQY8FLC6,"        1/2/4 Pack Fairy Lights Battery Operated (Included), 8 Modes & Auto Timer, Warm White 16FT 50Led Mini Twinkle Silver Wire Lights Mason Jar Lights, Waterproof Starry Firefly Lights for Parties       "
B0CQYH6LQ9,"        8 Pack Refill Cartridges, Refills Compatible with Indoor Light M364A and Max, Replacement 100% Fit       "
B0CQYTNNW7,"        Fanttik V8 Apex Car Vacuum, 4-in-1 Portable Mini Cordless Vacuum with 19000pa Suction Power, Type-C Charge, 2 Suction Modes, Handheld Vacuum for Car, Office Desk, Keyboards (Black)       "
B0CQYVWB7M,"        16 PCS Framed Eclectic Wall Art Decor, Modern Maximalist Wall Prints for Bedroom, Gallery Wall Frame Set, Posters for Living Room Aesthetic, Wall Collage Kit Pictures, Colorful Dorm Home Decor       "
B0CR1QK84R,"        6PCS Fairy Lights Battery Powered with Remote, 7ft 20LEDs Warm White Twinkle Mini Lights with Timer, Waterproof Small Silver Wire Firefly Starry for DIY Wedding Party Christmas       "
B0CR2RSH6C,"        Facial Interface & Face Pad Cushion Compatible with Oculus/Meta Quest 3 Accessories, Replacement PU Leather Foam Cushion,Anti-Sweat, Anti-Leakage Siliocne Face Cover and Nose Guard Pad       "
B0CR326SLH,"        Red Balloon 110pcs, Red Latex Balloons12 inch for Birthday Valentine's Day Wedding(with 2 Ribbons).       "
B0CR6TMXCX,"        Elite Gourmet EKT719 Dual Volt 120-230V, Travel Double Wall Insulated Cool-Touch, 0.6L Electric Kettle, Stainless Steel Interior, Hinged-Locking Lid, Retractable Handle, Auto Shut-Off, Boil Dry, Black       "
B0CRBC2QT9,"        20x50 High Power Binoculars for Adults with Low Light Night Vision,Military Compact HD Professional/Daily Waterproof Binoculars for Bird Watching Hunting/Traveling/Outdoor…       "
B0CRDWSLT2,"        Wine Bags for Travel, 3 Set Reusable Wine Bottle Travel Protector Bags, Double Layer Leak Proof Wine Travel Bags for Wine Bottles Airplane Car Cruise Safety Impact Resist, Wine Sleeves for Suitcase       "
B0CRHBMFBC,"        G6 Steamer for Clothes Portable 2-in-1 Travel Steamer Iron for Clothes, Just 0.7lbs Lightly, 10 Minutes of Continuous Steam, 900W Light Steamer for travel and home (green)       "
B0CRHMTRY1,"        HKAI Baby Bouncer, Portable Baby Bouncer Seat for Babies 0-18 Months, 100% Cotton Fabrics, 3 Modes of use with Rocker and Stationary Options, Infant Rocker Chair with Hanging Toys-Dark Grey       "
B0CRHP9NBK,"        Espresso Cups Set of 2, 4 OZ Double Spouts Cups, Espresso Shot Glasses, Milk Cup with Handle, Clear Glass, Espresso Accessories for Espresso Machine       "
B0CRKCYNZX,"        Minetom Star String Lights Battery Operated - 17 ft 50 LED Star Fairy String Lights with Timer, Waterproof for Indoor Bedroom Tent Loft Bed Patio Party Wedding Decor, Warm White       "
B0CRKM94SH,"        Bameca Xbox 360 Controller Wired, Xbox PC Controller, Compatible with Xbox 360/Xbox 360 Slim & PC Windows 11/10/8/7       "
B0CRL3YGF7,"        iHaHa Toddler Truck Toys for 3 4 5 6 Years Old Boys, Toys Cars Track Set Dinosaur Transporter Truck with 10 Die-Cast Car Toys, Transforms into Dino, Toddler Car Toys Set for Kids Boys Girls       "
B0CRMTZ1Q3,        Stanley Quencher H2.0 Tumbler with Handle & Straw 30 oz | Twist On 3-Way Lid | Cupholder Compatible for Travel | Insulated Stainless Steel Cup | BPA-Free | Azure       
B0CRMZ9PFR,        STANLEY Quencher H2.0 FlowState Stainless Steel       
B0CRNK6SSP,"        AHNR Handheld Car Vacuum Cleaner Cordless with Brushless Motor, 20000PA High Power Vacuum Cleaner & Air Duster, 3 in 1 Keyboard Portable Vacuum Cleaner, Mini Hand Held Vacuum Cleaner for Car Home       "
B0CRNVKCV4,"        Straw Cleaner Brush for Stanley, 6Pcs Reusable Extra Long Straw Cleaner for 40/30/20 oz Stanley Mug, 10mm Wide Drinking Straw Cleaning Brush for Sippy Cup, Water Bottle and Tubes       "
B0CRPN8LDX,"        Move2Play, Kids Karaoke Microphone | Includes Pre-Loaded Songs & Bluetooth | Birthday & Valentines Day Gift | Toy for All Ages 2, 3, 4, 5, 6+ Year Old Girls, Boys & Toddlers       "
B0CRQHVP6Q,"        6 Pack Fairy Lights Battery Operated 7ft 20 LED Mini String Lights Twinkle Lights Silver Wire Firefly Starry Lights for Mason Jars Wedding Party Christmas Centerpiece Table Decorations, Warm White       "
B0CRRKRJ2S,"        WOLFBOX 4000A Jump Starter,12V Car Battery Jump Starter with 65W Quick Charger,LED Display,24000mAh Portable Jump Starter Battery Pack(10L Gas 10L Diesel Engine) with Booster,LED Light,Jumper Cables       "
B0CRV2P4DN,        Digital Frame WiFi Smart Digital Picture Frames 10.1Inch 1280 * 800 HD IPS Touch Screen with 16GB Free Storage Use “Uhale”APP Instant Sharing of Photos/Videos to Digital Photo Frame-Best Gift       
B0CRV4X1JL,        SAVILAND EMA Monomer Acrylic Nail Liquid: 4 oz Acrylic Liquid Monomer for Acrylic Nails Extension with 12# Acrylic Nail Brush Dappen Dish for Beginners DIY at Home Professional Nail Salon Use       
B0CRVJKKKS,"        Battery Replacement for V6, 21.6V 4600mAh Li-ion Battery Compatible with V6 Animal V6 Absolute V6 Motorhead V6 Fluffy SV03 SV04 SV05 SV06 SV07 SV09 DC58 DC59 DC61 DC62 DC72 DC74 Vacuum Cleaner       "
B0CRYVXHLK,"        PS5 Stand Horizontal for PS5 Slim/PS5 Disc & Digital Console, Scalable Design for PS5 Slim Horizontal Stand with Fixed Screw, Stable PS5 Base Holder for PlayStation 5 Console       "
B0CRZ1D6K5,"        Flameless Candles 4"" 5"" 6"" Set of 3 Ivory Outdoor Indoor Pillars 3"" Diameter Battery Operated Flickering Candles Include 10-Key Remote Timer Function 400+ Hours Requires 2 AA Batteries       "
B0CS1KZYH5,"        BISSELL® Little Green® Max Pet Portable Carpet and Upholstery Deep Cleaner, Car/Auto Detailer, with Self-Cleaning Tough Stain Tool and Pet Hair Removal Tool (3860)       "
B0CS2X9SRJ,"        JSAUX Battery Pack for Meta Quest 3S/3/2, 10000mAh PD Fast Charger Battery Pack (Extra 4-6 H Playtime), VR Extend Power Accessories, Compatible with Oculus Quest 3, Meta Quest 2, Meta Quest 3S, etc.       "
B0CS322HPH,        Face Pad Cover for Oculus Quest 2 with Lens Covers Protectors Washable VR Silicone Covers for Meta Quest 2 VR Accessories       
B0CS353BRW,"        NAZENTI Watercolor Couple Portrait from Photo, Boyfriend Gifts, Girlfriend Gifts, Custom Wedding Anniversary for Wife Husband, Engagement Gift, Painting Picture Frame Canvas Wall Art, Valentines Gifts       "
B0CS3QDXY6,"        Christmas Lights 100 Count Clear Mini Lights White Wire UL Certified Connectable Warm White String Lights for Christmas Tree,Garland,Home,Patio, Wedding,Party,Festival Decor       "
B0CS91JMHX,"        InSimSea Framed Canvas Wall Art Vintage Decor, Large Wall Art, Meadow with Flowers Landscape Wall Art Prints Decor, Modern Farmhouse Decor, Cottagecore Bedroom Bathroom Office Decor, 20""x30""       "
B0CSBS4CMF,"        117 PCS Party Favors Toys for Kids 4-8 8-12, Pop Fidget Toys, Treasure Box Toys for Classroom, Pinata Filler, Goodie Bag Stuffers, Prize Box Toys, Treasure Chest, Classroom Prizes       "
B0CSBZVR6F,"        2 Pack Continuous Spray Bottles - Ultra Fine Mist Sprayer | Water Spray Bottle For Hair Mister Spray Bottle | Hair Spray Bottles For Hairstyling, Cleaning, Salons - 2pk 6.8 OZ / 200 ML       "
B0CSCNYKR3,"        HiLIFE Steamer for Clothes, Handheld Clothes Steamer with Large 300ml Tank, 1100W Clothing Steamer, Fabric Wrinkle Remover, Portable & Compact Travel Size Garment Steamer ONLY FOR 120V (White)       "
B0CSCRCRM3,"        2Pack Silicone Muffin Pan for Baking with Metal Reinforced Frame, 12 Cup Regular Size Cupcake Pan, BPA Free Silicone Muffin Tray, Cupcake Baking Pan Molds for Oven Dishwasher Safe       "
B0CSCS8QT7,"        KIWI design Upgraded Comfort Controller Grips Compatible with Oculus/Meta Quest 3/3S Accessories, Hand Straps with Battery Opening       "
B0CSDBT8XY,"        Muslin Nursing Pillow Cover Soft 100% Cotton Feeding Pillow Slipcover Fits Standard Infant Nursing Pillow or Positioner for Baby Boy and Girl, Fog       "
B0CSFBKJDM,"        CHICVITA Gift Basket Empty to Fill, Woven Baskets for Storage, Small Cute Basket for Baby, Dog Basket, Decorative Basket with Gift Bags & Ribbon, 12""x 8""x 5"", Brown       "
B0CSFYG1RD,        Minetom 6 Pack Fairy Lights Battery Operated String Lights with Timer - 7ft 20 LED Waterproof Silver Wire Firefly Lights Waterproof for DIY Crafts Wedding Décor Table Centerpieces Mason Jars Party       
B0CSJMF6F6,        Eyebrow Facial Trimmer: 2 in1 Rechargeable Facial Hair Removal and Eyebrow Shaver - Face Lips Body Painless Facial Razor with Built-in LED Light (Rose Gold)       
B0CSJY6TT3,"        Bitzee, Magicals with 20 Interactive Characters Inside, Reacts to Touch, Digital Pet Kids Toys for Ages 5 and up       "
B0CSKG3BHC,"        Mr. Pen- Shaker Bottles for Protein Mixes with Twist Cap, 28 oz, Black Protein Shaker Bottle with Wire Whisk Ball, Shaker Cup, Mixer Bottle, Protein Shake Bottles, Protein Bottle, Protein Shake Bottle       "
B0CSNPGTG7,        VIYYIEA Gold Framed Wall Art Canvas Print Home Decor Wall Decorations Grace Swan Art Painting Pictures Rustic Bathroom Wall Decor Farmhouse Wall Decor for Living Room Bedroom Office Decor 13x16in       
B0CSPKSCP2,"        Waterproof Under Sink Mat 34"" x 22"" Cabinet Liner for Kitchen and Bathroom, Shelf and Counter Protector, Organizers and Storage, Silicone Drip Tray, Gadgets and Accessories       "
B0CSPP7G91,"        CAROTE 14 Pcs Pots and Pans Set Nonstick,Cookware Set Kitchen Cooking Set with Utensil and Pan Protectors       "
B0CSPS727Y,"        Safe Paw -100% Safe for Pet People Property Planet, No Salt No Chloride,Vet Approved-Safe for Cat & Dog Paws, Non-Toxic No Concrete Damage Fast Acting Formula10 lbs 7 oz Jug       "
B0CSPT5LZ7,"        Hatchimals Alive, Mystery Hatch Pufficorn, Surprise Interactive Toy & Egg with Mist, Lights & Sounds (Styles May Vary), Kids Toys for Girls & Boys       "
B0CSQN3B53,"        Keter Kentwood 50 Gallon Resin Deck Box-Organization and Storage for Patio Cushions, Throw Pillows and Garden Tools, Brown       "
B0CSSRC78Z,"        CORKAS Wine Key - Professional Handcrafted Heavy Duty Waiter Corkscrew, Compact Wine Opener with Double Hinged, Foil Cutter and Bottle Opener, Gifts for Servers, Sommelier, Bartenders - Red       "
B0CSX1PJQR,"        Shot Glasses, 1.5oz Heart Shaped Shot Glasses Set of 6/Soju Shot Glasses/Cute Shot Glasses/Bulk Shot Glasses/Tequila Shot Glasses/Pink Shot Glasses       "
B0CSYPJ19K,"        Infant Lounger, Baby Nest Cover for Baby Girls & Boys, Newborn Essentials for Baby 0-12 Months, 100% Cotton Breathable, Portable Travel Bed (Golden_Brown)       "
B0CSYV9VS5,"        VR Headset Charging Dock for Meta Quest 3/Quest 3S/Quest 2, VR Charging Stand for Quest 3 Accessories VR Stand Supports Charging Headset with Type C Cable and fit Controller with Cover       "
B0CSZ7WBYW,"        Ninja Air Fryer Pro 4-in-1 with 5 QT Capacity, Air Fry, Roast, Reheat, Dehydrate, Air Crisp Technology with 400F for hot, 120 Volts, Nonstick Basket & Crisper Plate, Grey, AF141       "
B0CT276J21,"        The Honest Company Clean Conscious Overnight Diapers | Plant-Based, Sustainable | Cozy Cloud + Star Signs | Club Box, Size 5 (27+ lbs), 40 Count       "
B0CT2YVKWF,        vr Anti-Slip Controller Straps with Adjustable Knuckle Straps Compatible with Meta Quest 3S for Quest 3 Controller Grips Cover for Quest 3S/3 Accessories       
B0CT4886ZW,        Stanley IceFlow Flip Straw Tumbler with Handle 20 oz | Twist On Lid and Flip Up Straw | Leak Resistant Water Bottle | Insulated Stainless Steel |BPA-Free | Lilac       
B0CT4BB651,        Stanley IceFlow Flip Straw Tumbler with Handle 30 oz | Twist On Lid and Flip Up Straw | Leak Resistant Water Bottle | Insulated Stainless Steel |BPA-Free | Lilac       
B0CT5KQBKB,        Boao 4 Pack Towel Bands for Beach Chairs Cruise Towel Clips for Lounge Beach Pool Chairs Elastic Windproof Strap Holders for Summer Lounge Pool Hawaiian Accessories (Lovely Style)       
B0CT5V2ZHR,"        Car Electric Kettle: 12V/24V Portable Water Boiler Heated Travel Mug,Multiple Temperature Adjustable Coffee Tea Truck Cup with 304 Stainless Steel Dry Burn Protection & Handy Cup Bag       "
B0CT9WW4G4,"        Unique America 12 Pcs | Posters, Album Cover Posters, Music Posters, Album Covers For Wall Decor, Album Posters, Kanye West Poster 12x16” Total 12 Kanye Poster & 25 Stickers White Design Unframed       "
B0CTBBFVCF,"        Glue Mouse & Rat Traps Indoor for Home -12 Pack Large Heavy Duty Glue Traps for Safe Home Pest Control. Pre-Scented, Non-Toxic Sticky Boards for Mice, Rats & More. Easy to Use       "
B0CTBZ5N5L,"        30 Pcs Tiny Finger Hands Mini Fingers Funny Hand Puppets, Miniature Small Hands for Finger Puppets Show, Gag Performance, Cute Little Hand Finger for Party Favors       "
B0CTF7K6D3,"        Propane Fuel Filter F273699 with Hose for Mr Heater Buddy and Big Buddy,Propane Adapter Hose with QCC1/Type1 Adapter Connect 20-45 lb Propane Tanks，CSA Professional Certification, black grey       "
B0CTHY1THF,        Fidget Toys Kids Sensory Rings: Fidget Ring Sensory Toys for Kids with Autism - Quiet Anxiety Fidgets for Classroom 18 Pack       
B0CTHYGK34,"        40 OZ Tumbler Lid Replacement Fit for Stanley Cup, 2 Pack Clear Replacement Lids Fit for Stanley Travel Tumbler, Spill Proof Tumbler Covers for Stanley Cup Accessories (Clear - White)       "
B0CTHYJS88,"        Paw Patrol: Rescue Wheels, 6-Piece Pup Squad Racers, Toy Cars Gift Set, Kids Toys for Boys & Girls Ages 3 and Up       "
B0CTJ7KM4N,"        Rat and Chipmunk Traps. Prevents Accidental Triggering with Dual Tunneled Design. Covered Snap Traps for Humane Kill, Reusable, Pest Control for Rats, Indoor & Outdoor Use. 2 Pack       "
B0CTKR5278,"        Brawny Tear-A-Square Paper Towels, 12 Family Rolls = 30 Regular Rolls, 2X More Durable*, 3 Sheet Sizes, Strong and absorbent extra-large roll       "
B0CTMJZZYH,        Big Cartoon Truck Car Toys for 1 Year Old Boy with Playmat/Storage Bag|Baby and Toddler Toys 12-18 Months & Age 1-2|1st Birthday/Valentine Gift for 1 2 Year Old Boy       
B0CTT6YV6V,"        TIDEWE Bootfoot Chest Wader, 2-Ply Nylon/PVC Waterproof Fishing Hunting Waders with Boot Hanger for Men Women Green Brown       "
B0CTZSN718,"        Eureka Cordless Vacuum Cleaner, Vacuum Cleaner for Home Rechargeable, Lightweight Stick Vacuum for Hardwood and Pet Hair, Blue, NEC280TL       "
B0CV4B2HZS,        Salt & Stone Body and Hair Fragrance Mist | Women & Men | Hydrating Skincare Ingredients Glycerin & Prebiotics | Vegan & Cruelty-Free - 3.4 fl oz       
B0CV4FQPY1,"        Bounty Select-A-Size Paper Towels, White, 8 Triple Rolls = 24 Regular Rolls       "
B0CV7LP2HM,        K&F Concept Camera Sling Bag Small Crossbody Camera Case DSLR/SLR/Cute Compact Shoulder Photography Bags for Photographers       
B0CVGXFM98,"        Pampers Diapers - Swaddlers 360 - Size 5, 116 Count, for up to 100% Leakproof Premium Skin Protection       "
B0CVJ3K8FF,"        iRobot Roomba Robot Vacuum and Mop Combo (Y0140) - Vacuums and mops, Easy to use, Power-Lifting Suction, Multi-Surface Cleaning, Smart Navigation Cleans in Neat Rows, Self-Charging, Works with Alexa       "
B0CVJQRRKF,        Baby Delight Highland Baby Bouncer | Infant | 0 – 6 Months | 3-Position Recline | Pebble Grey       
B0CVM8TXHP,"        iRobot Roomba Vac Robot Vacuum (Q0120) - Easy to use, Power-Lifting Suction, Multi-Surface Cleaning, Smart Navigation Cleans in Neat Rows, Self-Charging, Alexa       "
B0CVMRX9VN,        Auto Paint Depot High Gloss Clear Coat -Made in the USA (0.5 Fl Oz) Touch Up Paint       
B0CVPYWTMW,"        GoPong Tampon Flasks 12 Pack (18 oz Total) - Hidden Alcohol Travel Flasks for Women - Secret Liquor Containers for Nightclubs, Festivals, Cruises, and Sports Events – Includes Funnel & Spout       "
B0CVQXZ9FT,"        AC Infinity THERMOFORGE T3, Environmental Grow Tent Heater with VPD Temperature Controller, 10-Level PTC Heating with Included Extension Hose for Grow Tents, Grow Rooms, Greenhouses       "
B0CW14G6F8,"        BlissTotes 3-Pack Laundry Basket, Freestanding＆Waterproof Laundry Hamper, Collapsible Tall Clothes Hamper with Easy Carry Handles for Clothes, Towels in the Family and Dorm,Gradient Grey,75L       "
B0CW1KTT2P,        Ruckae 12 Pack 8.5 OZ Swing Top Glass Bottles with Lids Kombucha Coquito Flip Top Glass Bottle for Syrup Vanilla Extract Brew Beer Kefir Air Tight Bottles for Gift (8.5 oz 12 pack)       
B0CW2QQGXD,"        BAOFENG 5RM Ham Radio 10W Long Range Handheld NOAA Weather Receiver 2500mAh Battery Rechargeable Walkie Talkies with Programming Cable,Speaker Mic,Type-C Charging,2 Pack       "
B0CW3BF2F7,"        Maelstrom Soft Cooler Bag,Soft Sided Cooler,30/40 Cans Collapsible Cooler,Insulated Ice Chest,Large Leakproof Camping Cooler,Portable Travel Cooler for Kayaking,Beach       "
B0CW3SH3BN,"        Tree Hut Vanilla Moisturizing & Hydrating Bare Shave Oil | Made with Soothing Jojoba Oil | Gel-to-Oil Formula Helps Prevent Razor Bumps, Ingrown Hairs, & Skin Irritation | 7.7 fl oz.       "
B0CW8XW3HV,"        33Ft 100 LED Outdoor String Lights, Warm White Fairy Lights Battery Operated with Remote, Waterproof Twinkle Lights for Bedroom Dorm Patio Tapestry Backyard Garden Party Indoor Christmas Decoration       "
B0CW9C8JL6,"        Tumbler Lid Organizer, Horizontal Tumbler Lid Storage Hook Up to 10 Lids, Space Saving Cup Lid Holders Under Cabinet Tumbler Lid Hook for Kitchen Organizer and Storage,Hanging Paper Towel Rack Hanger       "
B0CW9W3X73,"        Outdoor Security Camera Wireless 2K Camera for Home Security Wireless Outdoor Battery Security Cameras 2.4GHz WiFi Smart Motion Detection,Color Night Vision,Waterproof, Cloud/SD Storage       "
B0CWB3TF7X,"        Bissell® CleanView Swivel Vacuum with Triple Action Brush Roll, Swivel Steering, Extension Wand, Easy-Empty Dirt Tank, Multi-Cyclonic Suction System, New 2024 Model       "
B0CWBCP4F7,        DeadEyeVR - DriVR Golf Club for Meta Quest 3 and Pro - Realistic VR Golf Simulator Handle - Weighted VR Golf Club Grip for Enhanced Play       
B0CWCZX2FM,"        100 Gallon Deck Box, Large Resin Outdoor Storage Box Waterproof, Outside Deck Box with Lockable Lid for Patio Furniture, Pool Tools, Outdoor Equipments and Garden Tools       "
B0CWL65XF6,        3PCS Table Runner Cheesecloth 10FT Blushing Pink Boho Gauze Cheese Cloth Rustic Sheer Table Runners for Valentine's Day Spring Easter Wedding Bridal Baby Shower Party Decoration       
B0CWNJ75X1,"        MONDAY HAIRCARE Dry Shampoo Original 6.7oz, Freshens Hair, Absorbs Oil, Nourishes with Keratin, Protects Hair       "
B0CWNRQQ1V,        PRISMXR Charging Dock Compatible with Meta Quest 3 Accessories Fast Charging Station for Oculus Quest 3 and Controllers with 2 Rechargeable Batteries (Carina D1)       
B0CWNYVCDJ,"        YOGES Gorilla Tag Long Arms Compatible with Meta Quest 3S/ Quest 3/ Oculus Quest 2/ Quest Pro/Rift S Controller, Beat Saber Handle Attachments VR Sticks Dual Extensions Grips for Playing VR Games       "
B0CWPN662Q,"        SAMSUNG EVO Select microSDMemory Card + Adapter, 128GB microSDXC, Up-to 160 MB/s, 4K UHD, UHS-I, C10, U3, V30, A2, for Mobile Phone, Smartphones, Nintendo-Switch, and Tablets (MB-ME128SA/AM)       "
B0CWPPXXPZ,"        Rowenta Handheld Steamer for Clothes, Pure Force 2in1 Steamer & Iron, 1875W, Vertical/Horizonal Steaming & Ironing, Lightweight, Auto-off, XL power, 1875 Watts, DR8822       "
B0CWPS2CJS,        Lattafa Asad Zanzibar for Men Eau de Parfum Spray. 3.4 Ounce       
B0CWR3LKWM,        SAVILAND Nail Art Pens Set: 12 Colors 0.5MM 3D Nail Polish Pens Quick Drying Acrylic Paint Nail Art Markers Nail Point Graffiti Dotting Tools Drawing Painting Liner Nail Art Design Pens Home DIY       
B0CWRVTZNQ,"        Smiry Disposable Table Cloth - 6 Pack, 54 x 108 Inch Table Cloths for Parties, Decorative Tablecloths for Rectangle Tables, Waterproof Plastic Table Cover, Leakproof & Sturdy, White       "
B0CWVWTBMD,"        Liquid Death, Iced Tea Variety Pack (Grim Leafer, Rest in Peach, Dead Billionaire, and Green Guillotine), 12-Pack (King Size 19.2oz Cans), Tea Sweetened With Real Agave, B12 & B6 Vitamins, Low Calorie & Low Sugar       "
B0CX1BP5W7,"        Frameo Digital Picture Frame WiFi -10.1 Inch Digital Photo Frame with 32GB Storage SD Card Slot Desktop,IPS Touch Screen, Auto-Rotate Slideshow Share Videos Photos Remotely Via App-White       "
B0CX1ML945,"        YITAHOME 120 Gallon Large Deck Box, Resin Outdoor Storage Box w/Lockable Black Lid for Outdoor Pillows, Garden Tools and Pool Supplies, Waterproof, Lockable, Grayish-White       "
B0CX278YJX,"        Hydrogen Water Bottle Generator, Portable Rechargeable aquahealth Hydrogen Water, Hydrogen Water Ionizer Machine, with SPE/PEM Technology, for Home Office Travel Fitness Drinking       "
B0CX4XSY3X,"        Amazon Kindle Case, Thin and Lightweight, Foldable Protective Cover - Fabric       "
B0CX5KV21Z,"        Monster Jam, Supercharge Speedway Playset, Megalodon and El Toro Loco Die-Cast Monster Trucks, Light Up World Finals Track Kids Toys for Boys Ages 3 and Up       "
B0CXDBPQ5J,"        Microwave Splatter Cover for Food, Upgraded Microwave Cover with Water Steamer, Integrated Handle, 10” Plate Covers, Splatter Guard, Kitchen Gadgets & Accessories, House Essentials for Gift       "
B0CXDLDHSX,"        Rolling Stool Heavy Duty 400lb: Super Soft Seat Cushion,360° Swive,Height Adjustability,No Squeaky Noises,No Tip Over,New Upgraded Stool Salon Stool Chair, Tattoo Facial Massage Spa Medical (Black)       "
B0CXDPGNP9,"        SENSARTE Nonstick Ceramic Frying Pan Skillet with Lid, 8 Inch Omelet Pan, Healthy Non Toxic Chef Pan, Induction Compatible Egg Pan with Heat Resistant Handle, PFAS-Free       "
B0CXJ1L1Y6,"        Extra Large Handheld Mirror，Hand Salon Mirror with Handle for Barbers, Hairdressing (Black，12.4"" Lx 9"" W)       "
B0CXJ1YQWC,"        Whiskey Smoker Kit with Torch - 21 Sets - 6 Flavors Wood Chips - Bourbon, Cocktail Smoker Infuser Kit, Old Fashioned Drink Smoker Kit, Birthday Bourbon Whiskey Gifts for Men, Dad, Husband (No Butane)       "
B0CXPR183Q,"        20 Pack Trap Refill Compatible with Saferr Home Fly Trap Refill,Applicable to SH502、SH503、23005-06 and DT3005W、DT3005W-DS3,Indoor Fly Trap Plug-in Insect Trap Replacement (20)       "
B0CXPWMSX6,        -2 Pack- 28 oz Protein Shaker Bottles for Protein Mixes - 2x Wire Whisk | Leak Proof Shaker Cups for Protein Shakes | Protein Shaker Bottle Pack | Shakers for Protein Shakes-Black&Transparent       
B0CXSGQKF6,"        Banneton Bread Proofing Basket, Banneton Basket Set of 2, 9 inch Sourdough Proofing Basket Round Proofing Bowls Handmade Rattan Baskets and Liners, Artisan Sourdough Bread Making Kit       "
B0CY186D9T,"        Pocket 3 Silicone Cover, Protective Case Lens Protector Scratch-Resistant Sleeve Skin Compatible with DJI OSMO Pocket 3 Creator Combo Accessories(Pink)       "
B0CY1K79QB,"        Hosanwell 9-in-1 Accessories Set Compatible with Playstation Portal, EVA Carrying Case for PS Portal*1, Soft Silicone Grip Cover*2, Screen Protector*2, Joystick Caps*2, Ear Wired Headphone*1,Stand*1       "
B0CY1PJ2CN,"        GameSir Kaleid Wired Controller for Xbox Series X|S, Xbox One,Windows 10/11 & Steam, Plug and Play Gaming Gamepad, Transparent Video Game Controller with Hall Effect Joysticks/Hall Trigger       "
B0CY2LGDV3,"        Konssy 2 Pack Muslin Nursing Pillow Covers, Soft and Adorable Nursing Cover for Breastfeeding Pillows, Pillow Slipcover for Baby Girls Boys Newborn(Pink, Floral)       "
B0CY4DP3GQ,"        Purived 16oz All-Purpose Liquid Plant Fertilizer - Makes 50 Gallons, for Indoor Houseplants, All-Natural, Groundwater Safe, Made in USA       "
B0CY5PW3WZ,"        TwinTech Jaws Mouse Traps - Reusable, Sanitary, Easy-to-Use Trap for Mice and Small Rodents, Mouse Traps Indoor for Home, Kitchen, Garage, and Office Use - 4""x1.9""x2.3"" - 6 Pack Mice Traps       "
B0CYBXS2QD,"        Coffee Mug Warmer for Desk, Electric Candle Warmer with Auto Shut Off, 2-4-8 Hour Timed Smart Cup Warmer for Heating Coffee, Beverage, Milk, Tea and Hot Chocolate(No Cup-White)       "
B0CYCP3VC5,        | 5.3 Gallon Tighthead Container | Carboy | Jerrican | Hedpack with 70MM Cap | Home Brewing Container | Includes (1) Container with Cap (Blue)       
B0CYGVFTRZ,"        2 Pack Laser Pink Tinsel Foil Fringe Curtains, Valentines Day Pink Decorations, Metallic Tinsel Party Streamers Backdrop for Birthday Bachelorette Graduation Wedding Party Decorations       "
B0CYJ37XKK,"        bella 1.5 Qt Slow Cooker with 3 Heat Manual Control, EverGood™ Ceramic Nonstick Coating, Dishwasher Safe Stoneware Pot and Tempered Glass Lid, Tangle Free Cord Wrap & Cool Touch Handles, Oatmilk       "
B0CYJBB2JQ,"        bella 2 Slice Slim Toaster, Fits-anywhere™ Kitchenware, 6 Setting Shade Control with Reheat & Cancel Buttons, Removable Crumb Tray, 10” Long Slot, Anti Jam & Auto Shutoff, 900 Watt, Oatmilk       "
B0CYLKRRQX,"        Minetom Curtain Lights, 300 LED Dimmable Fairy Lights with Remote and Timer, 8 Modes, USB Powered String Lights for Room Wall Party Xmas Indoor Decor, Warm White       "
B0CYLSZ1DS,        modelones Nail Polish Set 6 Colors Pink Collection Red Cat Eye Nail Polish Set Quick Dry Red Nail Polish Finger Nail Polish Bulk Manicure Diy Nail Art Salon Home Valentine's Day Gift for Women Girl       
B0CYNYZYHL,        STANLEY All Day Slim Bottle 20-34 OZ | Twist off Lid with Leakproof Seal | Slim Design for Travel & Gym | Insulated Stainless Steel | BPA-Free       
B0CYP5M6GN,"        MINSWC Wii Controller 2 Pack, Wii Remote Controller with Silicone Case and Wrist Strap, Wii Remotes Compatible with Nintendo Wii -White       "
B0CYT85XT6,"        Learning Toy for Toddlers 1 2 3 Years Old, Counting, Matching & Sorting Montessori Learning Farm Train Including 9 Farm Animals and 1 Farmer, Christmas Birthday Gift for Baby Boys Girls       "
B0CYX356SL,"        Foldable Baby Play Mat for Floor, 79x71 Extra Large Play Mat, Kids Non Toxic Foam Thick Play Mat for Baby, Waterproof & Anti-Slip Baby Crawling Mat, Folding Play Mats for Babies and Toddlers       "
B0CYYVBXTV,"        Night Vision Goggles - 4K Night Vision Binoculars with 5000mAh Rechargeable Battery, 32GB TF Card can Save Photo and Video, 3'' HD Screen for Camping & Security, Black       "
B0CYZLWG1S,"        Dragon Touch 10.1'' WIFI Digital Picture Frame - 1280*800 HD IPS Touch Screen Digital Photo Frame Display, Auto-Rotate, Share Photos/Videos Instantly via Free App Best Gifts for Birthday, Wedding, Mom       "
B0CZ11B6L8,"        kolpop 30 Pack LED Fairy Lights Battery Operated, 7FT 20 LED Mini Twinkle String Lights Battery Powered Waterproof for Christmas Mason Jars Party (Warm White)       "
B0CZ1ZYDXC,"        Diapers - Size 2 (9-18 lbs), Half-Monthly Supply (100 Count), Skin-Friendly, Ultrasoft, Chlorine-Free & Absorbent Baby Diapers       "
B0CZ5ZV9GR,        YOUNIKE Massage Table Spa Bed Lash Bed Portable 2 Fold Adjustable Foldable Tattoo Bed Salon Bed Face Cradle Bed Wooden Frame with Non-Woven Bag White       
B0CZ6Q434Z,"        Handheld Steam Cleaner, Pressurized Multi-Surface Steam Shot with 13 Accessories, Safety Lock, Steamer for Cleaning Floor, Upholstery, Grout, Windows, Couch and Car, Green       "
B0CZ716J42,"        BD&M Wii to HDMI Adapter, WII to Hdmi Converter, Connect Wii Console to HDMI Display Monitor with 3.5mm Audio Supports All Wii Display Modes       "
B0CZ77FTG1,"        Microcurrent Facial Device, 3-in-1 Facial Massager Red Light Therapy Beauty Device for Face and Neck Skin Rejuvenation Lifting, Tightening, Infusing, Effective Wrinkle and Puffiness Reduction       "
B0CZ7HWM7V,"        Owala Stainless Steel Triple Layer Insulated Travel Tumbler with Spill Resistant Lid and Straw, BPA Free, 24 oz, Grey/Purple (Bunny Hop)       "
B0CZ7S762Y,        WILSON NFL Super Grip Composite Footballs       
B0CZ9XR2Z7,"        DEWALT 20V MAX Lithium-Ion Battery 2-Pack and Charger, 5.0 Ah, Battery Starter Kit (DCB205-2c)       "
B0CZF76L6H,        Neaterize Clothes Hangers 50 Pack White - Plastic Hangers - Ganchos Colgar Ropa       
B0CZGNMV1J,"        FastRack - One Gallon Wide Mouth Jar with White METAL Airtight Lid, One Glass Jar with Fermentation Lid, 1 Gallon Glass Jar with Lid for brewing, fermentation and pickling       "
B0CZGQWDGD,"        FastRack Hedpak with cap, 2-Pack, 5 Gallon Carboy, White Container, Food Grade – BPA Free, Leak-Proof for fermentation, storage and brewing       "
B0CZGVZPKQ,"        FastRack - W5 Wine Bordeaux Bottles Screw Top, Clear | 750ml Emplty Clear/Flint Bordeaux Bottles for Drinks | 12 Black Plastic Caps Included       "
B0CZHQ237T,"        100PCS Eye Finger Puppets,Wiggly Eyeball Finger Puppet Eye On Rings,Eyes Monster Finger Googly Eye Rings for Kids Party Favors,Classroom Rewards,Christmas,Birthday Gift,6 Colors       "
B0CZNLCTRH,"        Grefinity Racing Wheel Stand，Height Adjustable Steering Wheel Stand Racing Simulator Cockpit for Logitech G920 G29 G923 G27 G25, Thrustmaster T300RS TX F458 T500RS T150 Xbox PS4 PS5 PC       "
B0CZNRH572,"        Blingstar Fairy Lights Battery Operated, 6 Pack 7Ft 20LED, Waterproof Silver Wire Mini String, Christmas Lights for Mason Jar Bedroom Table Centerpiece Crafts Decoration, Warm White       "
B0CZRRXCZ3,"        Music and Lights Baby Walker Foldable with 9 Adjustable Heights, Baby Walker with Wheels Portable, Baby Walkers and Activity Center for Boys Girls Babies 7-18 Months (New-Black)       "
B0CZRT8C1B,        Yardwe Football Trophy Award Soccer Trophy Man of The Soccer Medals Appreciation Soccer Decor Large Trophy Female Football Soccer Trophy Competition Trophy Soccer Cards Plastic       
B0CZS766SX,"        Ohio State Stickers (14 Stickers) 2 Large 5"" for Car Windows 10 Medium 2.5"" for Water Bottles Laptops Phones and 2 Mini Keyboard Decals OSU Buckeyes Gift for Men or Women Football Fans (Ohio Buckeyes)       "
B0D12RBGD6,"        RAINSMORE Camera Bag, DSLR/SLR/Mirrorless Camera Case with Tripod Holder Waterproof Camera Sling Bag Crossbody Camera Bags for Photographers with Rain Cover for Canon/Nikon/Sony/Fuji, Black       "
B0D14VVM2M,"        In The Swim 1 Inch Bromine Plus Tablet Sanitizer for Spas, Hot Tubs, or Swimming Pools - Pre-Stabilized, Low Odor, Chlorine Alternative – 3.5 Pounds       "
B0D14Z4HD4,        Wokceer Cheesecloth Table Runner Dusty Pink 10FT Boho Gauze Valentine's Day Cheese Cloth Table Runner for Party 120 Inches Long Easter Rustic Sheer Table Runners for Baby Bridal Shower Wedding Decor       
B0D1775HQX,        3Pack Monster Truck Toy - Toy Truck with Flashing LED Wheels - Light-Up Cars for Toddlers - Birthday Gift for Boys Girls - Friction-Powered       
B0D1BRB5ZF,"        BOOMIBOO 1X/10X Magnifying Handheld Mirror Double Sided, Foldable Travel Makeup Mirror, Adjustable Rotation Pedestal Hand/Hanging/Desk Vanity Mirror-Black       "
B0D1G23SMS,"        Heart Cookie Cutter Set, 8 Pieces Valentines Day Heart Cookie Cutter, Sandwich Cutter and Sealer for Kids, Heart Shaped Cookie Cutter for Sandwiches, Pastries, Fruit and Cakes       "
B0D1H33H9M,"        Ninja OG951 Woodfire Pro Connect Premium XL Outdoor Grill & Smoker, Bluetooth, App Enabled, Air Fryer, Woodfire Technology, 2 Built-In Thermometers, Black (Renewed)       "
B0D1LCC57V,"        Zulay Powerful Milk Frother (4 Duracell Batteries Included) - Handheld Milk Frother Wand Drink Mixer for Coffee - Powerful Milk Foamer for Cappuccino, Frappe, Matcha & Creamer - White       "
B0D1QTCDR6,        Valentine's Day Gift Brazilian Perfume 602# (Irresistible Sunshine) - Eau de Perfume 100ml (3.4fl oz) Vanilla Gourmet Tune (Caramel Vanilla Flavor)       
B0D1QWP8B7,        Fidget Toys Sensory Stone for Kids: 6 Pack Textured Soft Worry Stone for Autism Kids Calming - Fidget Stress Toys for Students Anxiety Relief - Small Prizes Fidget Toys       
B0D1VXYTRB,"        Shark Wet Dry Vacuum Mop All-in-One Cordless Hardfloor Cleaner, HydroVac MessMaster, 3-in-1 Self-Cleaning System, Strong Suction with 2 Brushrolls & 2 Solutions, for Hard Floors & Area Rugs, AW261       "
B0D1VZ9SQ4,        Shark Steam & Scrub with Steam Blaster Technology All-in-One Hard Floor Steam Mop with 3 Steam Modes & LED Headlights S8201       
B0D1W4D7CR,"        HYDRO FLASK Kids Water Bottle Jr. Stainless Steel Insulated With Straw Cap for Water, Milk, Juice, School, Camp, Sport, Play and Lunch, Easy to Clean, Leak-Resistant       "
B0D24BJ7H6,"        OUAI St. Barts Hair and Body Mist - Tropical-Scented Hair Perfume and Body Spray - Notes of Dragonfruit, Orange Blossom, Tuberose & Musk (3.3 Fl Oz)       "
B0D25QF1J3,"        24 pcs Tabletop Fire Pit Ceramic Wool Wick for ROZATO,KORNIFUL,Flammtal to Extend Burning Time,Table Top Firepit Sponge Cotton Core for Bioethanol Rubbing Alcohol Fireplaces (4.7""x2""x0.2"" H)       "
B0D2CCJSRC,"        Heart Cookie Cutter Set - 7 Pieces Heart Cookie Cutter for Valentine's Day - Stainless Steel Small Heart Shaped Cookie Cutter for Sandwiches, Cookie, Biscuit       "
B0D2CRRJBZ,"        TWNSLLA Highland Cow Funny Bathroom Decor Wall Art,Bathroom Highland Cow Art Prints,Rustic Farmhouse Bathroom Wall Decor,Funny Bathroom Signs Animal Canvas Wall Art,UNFRAMED,8x10inchx4pcs       "
B0D2FBN1W8,"        New Amazon Kindle Scribe Premium Pen, Sleek Stylus Design with Improved Eraser - Tungsten       "
B0D2H94CD1,"        SENSARTE Ceramic Cookware Sets, Pots and Pans Set Nonstick, 14-Piece Induction Cookware, Non-toxic Healthy Non Stick Kitchen Cooking Set, with Frying Pans Set, PFAS PTFE PFOA PFOS Free       "
B0D2HDPKG2,"        VEVOR Carport Replacement Canopy Cover Top + Side Wall 10 x 20 ft, Garage Tent Shelter Tarp Heavy-Duty Waterproof & UV Protected, Easy Installation with Ball Bungees,Grey (Frame Not Included)       "
B0D2HGFQLX,        Hand Mirror Salon Barber Hairdressing Handheld Mirror with Handle (Square Pink 7.4 x 10.3 inches)       
B0D2JGYX3F,"        Nex Playground—The Active Play System for Kids & Families. Indoor Physical Play Meets Interactive Family Fun. Great for Family Game Night, Parties, Playtime, and Playdates.       "
B0D2KT57HS,        SAVILAND Electric Nail Drill Professional: 40000RPM Powerful Electric Nail File Portable Nail Drill with 12 Drill Bits Rechargeable Efile for Acrylic Gel Nails Removing Manicure Pedicure Salon       
B0D2KWGPD9,        AIANHUA Black and White Bathroom Wall Decor Bad Smell Humorous Wall Art Funny Guest Toilet Picture Print Painting Modern Minimalistic Bathroom Sign       
B0D2NHX5ZL,"        Baby Gym Play Mat, 8-in-1 Tummy Time Mat & Ball Pit with 6 Toys, Washable Baby Activity Mat for Visual, Hearing, Sensory, Motor Development, Baby Gift for Newborn Infant 0-3-6-9-12 Months (Pink)       "
B0D2QBLBHT,"        3 in 1 Gorilla Tag Long Arms for Meta Quest 3S/3 and Oculus Meta Quest 2,Beat Saber Handles Attachment/Golf Club Extension Grips for VR Sticks Controller Accessories,Enhance VR Game Experience       "
B0D2VRBPF3,"        WiFi Digital Picture Frame 10 Inch Smart Digital Photo Frame Electronic with IPS Touch Screen, 16GB Storage, Auto-Rotate, Slideshow, Easy Setup to Share Photos or Videos via Free App       "
B0D2WYJGJ9,"        MOOGOLE Wii Remote Controller, Wii Controller 2 Pack, Wii Remotes 2 Pack, with Silicone Case and Wrist Strap, for Nintendo Wii/Wii U       "
B0D2XPFVMJ,"        2 in 1 Glass Oil Sprayer & Dispenser, 470ml Glass Olive Oil Sprayer,Cooking Oil Sprayer,Salad,16oz Oil Sprayer for Oil Bottle - Kitchen Gadgets       "
B0D2XPRK9T,"        Dazzle Bright 300 LED Curtain String Lights, Christmas Fairy Lights for Bedroom with 8 Lighting Modes, Connectable Waterproof Window Lights Party Wedding Garden Wall Decor, Warm White       "
B0D2Z1PJWT,        STANLEY Quencher H2.0 FlowState Stainless Steel       
B0D2ZTQVGK,"        Upgraded Rechargeable Battery Pack for Xbox Controller,2x4800mWh Xbox Rechargeable Battery Pack W/RGB Charger Station,Rechargeable Battery Pack for Xbox Series X|S,Xbox One S/X/Elite       "
B0D31FP5J6,"        Inflatable Baby Seat for Babies 3-36 Months, Built in Air Pump Baby Chair Sit Me up Floor Seat for Baby, Bumbo Seat for Learning to Sit, Feeding, Camping (Bear)       "
B0D31H53LK,"        Greesum 120 Gallon Resin Deck Box Large Outdoor Storage for Patio Pillow, Garden Tools, Pool Supplies, Weatherproof, Lockable, Black       "
B0D35ZH8NM,"        Duck Compact Cordless Vacuum by Horsepower, Ultra-Powerful, Strong Suction, AS-SEEN-ON-TV, Easy To Store, Rechargeable. Home, Auto, Pet Hair, Fits In Tiny Crevices, Includes Hose, Crevice Tool & Brush       "
B0D38P5FTP,"        97 Decor Antique Wall Decor - 16 Pcs Vintage Wall Art Prints, Antique Pictures Landscape Painting, French Country Decor Botanical Posters, Moody Gallery Wall Pictures For Home Bedroom (unframed)       "
B0D38SH3QV,"        Hello Bello Premium Baby Diapers Size 2, 30 Count of Disposable, Extra-Absorbent, Hypoallergenic Diapers with Snug and Comfort Fit, Sleepy Sloth       "
B0D3DD9M1J,"        64oz Sourdough Starter Kit,Pro Extra Large Capacity Sourdough Starter Jar Glass with Silicone Spatula,Thermometer,Feeding Band,Great Sourdough Bread Baking Supplies & Baking Gifts for Women.       "
B0D3DZQ1ZM,"        HiLIFE Steamer for Clothes, Portable Handheld Design, 240ml Big Capacity, 700W, Strong Penetrating Steam, Removes Wrinkle, for Home, Office(ONLY FOR 120V)-Black       "
B0D3J4BT2L,"        Lattafa Eclaire Eau de Parfum Spray for Women, 3.4 Ounce       "
B0D3LJRGZP,        Massage Table Portable Lash Bed: Foldable Physical Therapy Table for Spa Tattoo (Black)       
B0D3QHZ1MD,"        4 x 5520mWh Controller Battery Pack for Xbox, Rechargeable Battery Pack for Xbox Series X/S/One/One S/One X/One Elite Charging, Fast Charging Rechargeable Batteries for Xbox Controller       "
B0D3RPMTTJ,"        Schick Intuition Go Disposable Travel Razor for Sensitive Skin, 1 Count | Women’s Disposable Razors with Organic Aloe, Travel Razors for Women, Travel Essentials, Stocking Stuffers for Women       "
B0D41RTDP1,"        Rechargeable Battery Pack for X-box Series X|S/ One, 2 Pack 4440mWh 3.7V Battery Pack for X-box One/One S/One X/One Elite All X-box Controllers Supports Use While Charging (Includes 2 Batteries Only)       "
B0D452QYY6,"        Sweetcrispy Zero Gravity Chairs, Set of 2 Portable Recliner Beach Camping Patio Outdoor Folding Lounge Chair with Cup Holder Trays and Adjustable Pillow for Poolside, Garden, Backyard, Lawn (Blue)       "
B0D45WN7G9,"        ekids Bluey Kids Camera with SD Card, Digital Camera for Kids with Video Recording, Built-in Digital Stickers for Fans of Bluey Toys       "
B0D47CTPX8,"        Roll-On Pheromone Perfume for Women, rollerball perfume, travel perfume, clean perfume Long-Lasting Pheromone-Infused Essential Oil - 0.34 fl.oz (10mL)       "
B0D47F74TV,        PD 20W USB C Fast Charger Compatible with Meta Quest 3 3S - Dual Port USB + Type C Adapter with 6.6ft C to C Charging Cable for Oculus Quest 2 Headset       
B0D47N79VH,        CAP Barbell Neoprene Dumbbell Weights Pairs & Sets | Multiple Colors       
B0D48FC8L6,"        Bgift Digital Picture Frame, 10.1 Inch WiFi Smart Digital Photo Frame with IPS HD Touch Screen and SD Card Slot,Share Photos/Videos from Anywhere via Uhale APP,Best Gifts       "
B0D48YLZJD,"        KIWI design V3 Facial Interface, Face Pad Compatible with Meta Quest 3 Accessories, NOT Compatible with Meta Quest 3S       "
B0D49P1QTX,"        6 Pack Fairy Lights Battery Operated - 7ft 20 LED Twinkle Lights Copper Wire Mini String Lights Firefly Lights for Mason Jars DIY Crafts Christmas Wedding Party Centerpiece Table Decor, Warm White       "
B0D4DC3GMS,"        Bikini Trimmer for Women - Painless Electric Razors for Silk Skin,Cordless Body Shaver for Trip,Replaceable Lady Facial Razor, IPX7 Waterproof&Easy Cleaning, Ceramic Blade, USB Charge Dock Pink       "
B0D4H2L44W,"        Camera Case Compatible with Canon EOS Rebel T7 / R100 / R50 / R5 / R6 Mark II / R7 / R8 / 90D / 5D Mark IV, Sony, Nikon DSLR Camera, Lens, Tripod, with 4 Pieces of Dividers and Shoulder Strap, Black       "
B0D4LFVMYR,"        Dandruff Comb, Stainless Steel Fine Tooth Comb, Scalp Psoriasis Comb, Dandruff Remover Comb Scalp Sweep Detoxing Comb, Lice Comb Multifunctional Hairbrush For Scalp Massage Combs for Women Men Kids       "
B0D4LX9Z3Q,"        2PCS Cooling Racks for Cooking and Baking - 10"" x 15""Heavy Duty Stainless Steel Wire Rack for Baking, Grilling, Roasting - Oven & Dishwasher Safe - Fits Jelly Roll Sheet Pan-Silver       "
B0D4NQJDXL,"        Abracadabra® Wonder Cleaner - As Seen on TV - 16 fl oz - Contractor Strength Stain Remover - Removes Tar, Adhesives, Gum, Stickers, Sap, Grease, Oils & More on Most Surfaces - Better Stronger Faster       "
B0D4QDJZQ3,"        PSP2000/PSP3000 Battery, (2025 New Version) 4800mAh Ultra High Capacity Li-ion Replacement Battery for Sony PSP 2000/3000 PSP-S110 Console       "
B0D4QGJ7PX,"        Ps Vita 2000 Battery, (New Upgrade) 4200mAh High Capacity Rechargeable Lithium-ion Battery for Sony PS Vita 2007, PCH-2007, PCH-2000, PSV2000 SP86R Battery with Repair Tool Kit       "
B0D4TT44M3,"        BOBOVR C3 Carrying Case,Three Versatile Modes, Desktop Stand for Tidy workspace, Grey       "
B0D4VKGTT4,"        Magnetic Mount Stand Compatible with DJI Osmo Pocket 3, Upgraded Pocket3 Accessories Adapter Clamp Magnet Suction Case Holder on Desktop, Vertical Surface, 180° Adjustable Handle, Black       "
B0D4YSZ7CK,        pH Meter for Water 4 in 1 pH EC TDS Temp Meter for Hydroponics PPM and EC Water Tester Digital pH PPM Meter for Nutrients Growing Hydroponics Gardening DWC hydroponics System       
B0D4Z7TFXV,"        Cordless Vacuum Cleaner, 450W 40Kpa Powerful Stick Vacuum, Up to 50Mins Rechargeable Battery, Vacuum Cleaners for Home Anti-Tangled Lightweight Handheld for Hardwood Floor, Carpets, Pet Hair       "
B0D4ZP8KTB,"        Professional Salon Hair Cutting Cape, Barber Cape for Men/Women, Adjustable Snap Button with Waterproof Hairdressing Salon Cape for Haircut, Coloring, Makeup, Styling(52"" x 47""), Black       "
B0D51JKP32,"        Heart Shaped Cake Pans Heart Silicone Mold for Baking, Large 2 Inches Heart Molds, 10 Cavities Suitable for Ice Cube Mold, Chocolate Mold, Valentines Silicone Molds (1, Pink)       "
B0D537HSFY,"        Greesum 80 Gallon Storage Bench Outdoor Deck Box with Armrest, Patio Furniture,Lockable, Waterproof and UV Resistant, Suitable for Garden, Pool, Black       "
B0D53G3613,"        Amagic Red LED Tea Lights Candles, 24 Pack Battery Operated Flameless Tea Lights, Long Lasting Colored Tealights Candles for Halloween and Christmas, Holiday Decor, Theme Party, Wedding Table Decor       "
B0D53YQG7Y,"        Camcorder Video Camera 4K, 42MP Vlogging YouTube Camera with18x Digital Zoom 3.0 Inch 270°Rotation Screen Video Recorder with 2 Batteries,32GB Card, Remote Control       "
B0D541M5C6,"        Yoto Mini (2024 Edition) + Make Your Own Card – Kids Screen-Free Bluetooth Audio Player, All-in-1 Travel Device Plays Stories Music Podcast Radio Ok-to-Wake Clock, Use as Speaker or with Headphones       "
B0D54F7RXL,        WILSON NBA Authentic Series Outdoor Basketballs       
B0D54QN5JZ,"        Cordless Vacuum Cleaner, 550W 45KPA 60Mins Cordless Stick Vacuum Cleaner With Touch Screen, Self-Standing,Wall Mount Charging, Handheld Vacuum Cleaners for Home/Pet Hair/Carpets/Hard Floors(X7A)       "
B0D59G1P6P,        Lunch Bag Women/Men Lunch Box Women/Men (black)       
B0D5B192J9,"        Dual Battery Pack Set for Meta Quest 2 / Quest 3 / Quest 3S, 8000mAh Battery Pack Compatible with Quest 2/3/3S, VR Extended Power Accessories Magnetic Connections and Lightweight Design       "
B0D5B5C379,"        RF Remote Control Page Turner for Kindle Paperwhite Oasis Scribe Kobo,Clicker Page Turner Kindle Accessories for iPhone,iPad, Android Tablets Reading Novels,Camera Video Record&Shutter Selfie       "
B0D5CKBQS7,"        10 Pack Fairy Lights Battery Operated - 7ft 20 LED Twinkle Lights Copper Wire Mini String Lights Firefly Lights for Mason Jars DIY Crafts Christmas Wedding Party Centerpiece Table Decor, Warm White       "
B0D5CSVSZW,"        Travel Garment Steamer, Handheld Steamer for Clothes, Fast Heat-Up in 30 Seconds, 1000W Portable Steamer with 120ml Water Tank, Removes Wrinkles from Clothes, Garments, and Fabrics       "
B0D5CTP8ZD,"        Touch Up Paint Pen,Touch Up Paint for Cars,Car Accessories Car Touch Up Paint, Automotive Paint Pen Scratch Repair,Car Remover Scratch Paint Pen,Car Paint Pen for Erase Car Scratches (Gray)       "
B0D5D4ZDM9,"        Balloon Pump - Electric Dual Nozzle Air Pump for Balloon, Portable Balloon Blower Save Time and Effort, Balloon Inflator for Parties and Decorations - 110V-120V, 600W       "
B0D5H5JVGH,"        Cordless Vacuum Cleaner, 550W 45KPA 60 Mins Runtime Self-Standing Vacuum Cleaners for Home, Stick Vacuum with Charging Dock Station Removable Battery, Handheld Vacuum for Pet Hair/Carpet/Floor       "
B0D5H6WRPH,        Meta Quest 3 128GB — Breakthrough Mixed Reality Headset — Powerful Performance (Renewed Premium)       
B0D5JKXGSK,        2024 Topps Series 2 Baseball Retail Value Box       
B0D5MCN8C3,"        XBX Series X Cooling Fan with Auto Mode, for Xbox Series X Console with LED Lights, Built-in AUTO Adjustable Fan Speeds' Cooling System, Xbox Series X Accessories, Cooler with Headset Holder       "
B0D5QFPX33,"        Devoko 80 Gallon Storage Bench Deck Box Lockable for Patio Furniture, Garden Decor and Outdoor Seating for Cushions, Garden Tools and Pool Supplies (Black)       "
B0D5QG87V2,"        Ciays Large Propane Fire Pit 19 Inch, Gas Fire Pit with Grill Grate, Folding Legs, Hose Hooks, Propane Tank Holder, Cover & Carry Strap, CSA Certified Portable Outdoor Fire Pit for Camping, 58,000 BTU       "
B0D5V13FWQ,"        2K Cameras for Home Security-Outdoor/Indoor Camera for Dog/Cat/Pet/Nanny/Baby, Color Night Vision, White Light, Siren, 24/7 SD Recordings, Works with Alexa/Google Home, C1-White-2P (2.4Ghz WiFi)       "
B0D5VS1V8V,"        okaxscm Pink Coquette Trendy Preppy Wall Art Prints Set of 4, Coquette Room Decor, Preppy Room Decor Aesthetic, Pink Bow Disco 8 Ball Cherry Wall Decor Posters for Girls Bedroom Dorm, 8x10 Unframed       "
B0D5XMG9BV,"        Shower Foot Rest 15 in - Shower Stool for Inside Shower, Stainless Steel Waterproof Shower Stool for Shaving Legs - Corner Bathroom Bench Seat with Storage Shelf for Small Shower Spaces       "
B0D62LBRGC,"        4 in 1 Wii Replacement Cables Set, Wii AC Power Adapter + Wii to hdmi Converter+ Wired Motion Sensor Bar and Composite Audio Video Cable for Nintendo Wii       "
B0D62RRKCT,"        Cordless Vacuum Cleaner, 20KPA Stick Vacuum with LED Display, 2 Modes 6 in 1 Lightweight Cordless Stick Vacuum Cleaner with 40Min Detachable Battery Vacuum Cleaner for Home Hard Floor Car Carpet       "
B0D63FB53V,"        Handheld Vacuum Cordless with 2 Filters, Car Vacuum Cleaner High Power with Fast Charge Tech, Portable Rechargeable Mini Vacuum with Large-Capacity Battery, Orange       "
B0D63QCRGL,"        Edge Shaving Gel for Men, 9.5oz, 2 Pack Mens Shave Gel with Aloe, Mens Shaving Cream Sensitive Skin Shave Gel - Moisturizes, Protects, and Soothes       "
B0D65J73F1,"        Framed Funny Bathroom Canvas Wall Art Set of 2 - Black and White Vintage Comedy Movies Posters, Funny Toilet Humour Smell Wall Decor Prints for Bathroom Decor 12x16in       "
B0D686FXDF,"        Westinghouse WSnow11S 24V Cordless Snow Shovel 11 Inch Kit, 24V 4Ah Battery, Fast Charger, Electric Snow Shovel with 20ft Throwing Distance, plows 75lbs/min, Compatible with Snow Joe Batteries       "
B0D68XZY2S,"        Philips Norelco Multigroom 7000 Series, All-in-One Trimmer, Beard Trimmer and Hair Clipper, 23-Piece Men's Grooming Kit for Beard, Face, Nose, Ear, Body, with Titanium Blades, Travel Pouch, MG7970/49       "
B0D69PLG9R,"        VIVOSUN Portable Greenhouse Heater with Adjustable Thermostat, 1500W/750W Electric Heater, 3 Modes for Fast Heating, Overheat Protection, Dustproof Design for Grow Tents, Patios & Outdoors       "
B0D6B7Z9BS,"        Pregnancy Pillow Cooling for Sleeping, Detachable and Adjustable Double-Sided Support Maternity Pillow Skin-Friendly for Pregnant Women Back, HIPS, Legs(30°Slope Design Verified by Expectant Mothers)       "
B0D6B8C3PD,"        OIAHOMY Woven Basket, Gift Basket Empty with Gift Bags and Ribbons, Rope Basket for Baby Showers, Storage Basket with Handles for Nursery, Pet Toy Basket - White       "
B0D6D4K2G8,"        Glad ForceFlex MaxStrength Tall Kitchen Drawstring Trash Bags, 13 Gal, Cherry Blossom, 90 Ct (Package May Vary)       "
B0D6DZRQ48,"        10.1'' Digital Picture Frame，Smart Digital Photo Frame with 1280x800 IPS Touch Screen, Auto-Rotate and Slideshow, Easy Setup to Share Moments Via APP from Anywhere Anytime       "
B0D6G8CS8K,"        10x10 FT Outdoor Storage Shed, Garden Shed with Updated Frame Structure and Lockable Doors, Metal Tool Sheds for Backyard Garden Patio Lawn, Grey       "
B0D6PCJB8L,"        Ello Syndicate 20oz Reusable Glass Water Bottle with One-Touch Leak Proof Flip Lid and Protective Non-Slip Silicone Sleeve and Carry Loop for Coffee, Tea and Water, BPA-free Dishwasher Safe       "
B0D6V6YFQL,"        Syntech Carrying Case Compatible with Steam Deck OLED/ROG Ally X/Legion Go S, Sling Bag for Nintendo Switch 2/PS Portal, Portable Travel Bag for Consoles & Accessories with Large Storage Space, Black       "
B0D6W3GXHY,"        OCGIG Snow Shovel for Driveway Car Garage Home Snow Removal, Heavy Duty 48inch Long Large Capacity Portable Folding Snow Shovel with D-Grip Handle Aluminum Strip for Garden Car Camping Outdoor       "
B0D6WWNMHH,        YETI Hopper M Series Backpack Soft Sided Coolers with MagShield Access       
B0D6WXZ1MT,"        YETI Rambler Tumbler with Handle and Straw Lid, Vacuum Insulated Travel Mug, Stainless Steel       "
B0D6WY2KT1,        YETI Hopper Flip 8 Portable Soft Cooler       
B0D6X28YM5,"        YETI Rambler Wine Chiller, Fits Most Wine Bottles       "
B0D6X59F5T,        YETI Rambler 20 oz Stainless Steel Vacuum Insulated Tumbler w/MagSlider Lid       
B0D6X92KR7,"        YETI Rambler 20 oz Travel Mug, Stainless Steel, Vacuum Insulated with Stronghold Lid       "
B0D715PVDQ,        Blink MicroSD card for local video storage with Blink Sync Module XR       
B0D733Z2M5,"        Electric Pressure Washer, 4200 PSI 2.5 GPM Power Washer with 4 Quick Connect Nozzles, High Pressure Cleaning Machine with Foam Cannon for Cars/Fences/Driveways/Patios/Home Cleaning       "
B0D73QJDM2,"        Wooden Money Saving Box, Cash Savings Box for $10000 $5000 $3000 Target Money Saving Challenge, Reusable Money Box with Counter, Cash Vault Bank with Dry Erase Pen/Savings Trackers/Rubber Band-Brown       "
B0D769KB2D,"        6X4X6.5 FT Compact Vertical Outdoor Steel Storage Shed with Lockable Doors, Ideal for Garden, Backyard, and Patio Utility and Small Tool Storage,Bike Shed, Garbage Can, Chicken Coop       "
B0D77WLY32,"        USPECLARE Clear Backpack Stadium Approved 12X11x6, Waterproof Clear Bag Stadium Backpack for Concert Work Sport Event       "
B0D79FFCS3,"        PowerA Wired Controller for Xbox Series X|S - Violet, gamepad, video game/gaming controller, works with Xbox One, Officially Licensed       "
B0D7BHLTVL,"        Sourdough Starter Kit,34oz Sourdough Starter Jar Glass with Sourdough Recipes Cookbook.Sourdough Bread Baking Supplies with Thermometer,Natural Wooden Lid, Anti-slip Mat,Sourdough Jar scraper (2 pack)       "
B0D7BZSTS9,"        Digital Camera Case Compatible with CAMKORY/for KODAK PIXPRO/for Lecran/for VAHOIALD/for Canon IXUS 285 HS, Small Travel Cameras Storage Holder for Accessories SD Card (White)       "
B0D7D28JY5,"        Baby Lounger - Baby Lounger for Newborn 0-24 Months, Co Sleeping Breathable & Soft Baby Nest, Portable and Lightweight Infant Lounger Newborn Babies Essentials Gifts, Grey Dinosaur       "
B0D7PXDWKN,"        Monogrammed Glass Drinking Cup With Lid Straw Women Wife Gifts Ideal from Husband Happy Birthday Wedding Romantic Best Cool Personalized Unique Special Cute Custom Christmas Xmas Valentines Present,M       "
B0D7PXTBTK,"        Magnetic Smart Wraps for Xbox Series X Console, Full Protection Protective Cover Case for Xbox Series X Accessories with Premium PU Leather and Soft Inner Lining (Classic)       "
B0D7QHHD4B,"        Kawaye Comfort Head Strap for Meta Quest 3S/Quest 3/Quest 2, 6700mAh for Oculus Head Strap Extend 2-3H Playtime,VR Headset Strap Enhanced Support Reduce Pressure for Sony PSP Games       "
B0D7QNSQPX,"        Stanley Cup Accessories Set Including Water Bottle Handle Strap, Siliocne Stanley Cup Boot, Siliocne Straw Cover, Stanley Charms for Stanley Cup 40oz & 30oz Tumbler       "
B0D7VN9L8C,"        BUERTT Wireless Controller for Xbox 360, 2.4GHZ Game Joystick Controller Gamepad for Xbox 360 & Slim Console and PC Windows 7/8/10,No Audio Jack,Camo Red       "
B0D7VVDPQX,"        Chilling Home Pregnancy Pillow, Maternity Pillow for Pregnant Women, Pregnancy Pillows for Sleeping Portable, Pregnancy Wedge Pillow, Body Pillow Support for Back, Belly, Waist, Grey       "
B0D7YXVHLJ,"        Hot & Iced Coffee Maker with Bold Setting, Single Serve Coffee Maker for K Cup and Grounds, 6-14 Oz Brew Sizes, 50 Oz Removable Water Tank, One Cup Coffee Machine with Reusable Filter, Black       "
B0D7Z97MYV,"        Matte Black Rim Touch Up Paint, Efficient Wheel Paint Pen for Metal, Also Match Flat Black, Seamless Repair Car, Faucet and More, Color Accurate, Long Lasting Adhension, Quick Drying, Easy to Use       "
B0D7ZVDYHX,"        Walsunny 43 inch Outdoor Propane Fire Pit 50,000 BTU Gas Fire Pit Table with Lid, Glass Wind Guard, Waterproof Cover, Rectangle Gas Firepit Table for Garden/Patio, CSA Certification       "
B0D81FD9ZY,"        Zulay Kitchen Fast-Boiling Electric Kettle - 1.7L Hot Water Kettle 1500W With Auto Shut-Off - Water Boiler For Coffee & Tea - Boil-Dry Protection, Cool-Touch Handle, 360° Base - Black       "
B0D83PLG31,"        Mug Warmer, 2-Temp Settings Coffee Mug Warmer, Portable Coffee Cup Warmer, Coffee Warmer for Desk Suits for Various Mugs, Automatic Shut Off, Valentine's Day Gift       "
B0D83VLL13,"        AstroAI Lightweight Snow Shovel for Car, Extendable Snow Shovel with Thickened Aluminum Handle and Blade, Portable and Multifunctional for Cars, Snowmobiles, Camping and Emergency       "
B0D86SZNTG,"        Self Heating Coffee Mug 14oz, Smart Temperature Control Coffee Mug, Hot Up to 149℉ with 180 Min Battery Life - Touch & App Controlled Coffee Mug, Birthday Gifts for Women and Men       "
B0D89SBXBZ,"        Magnetic Chess Game, Magnet Game with Rope, Party Travel Desktop Magnetic Strategy Game, Kids Gifts Family Games Educational Games for Kids and Adults       "
B0D8BZYJPT,        2023 Leaf Trinity Football Trading Card Mega Box 1 Memorbalia Card Per Box       
B0D8J414V5,"        Easter Basket Stuffers Transformable Fidget Spinners,9Pcs Funny Sensory Fidget Toys Deformable Chain DIY Robot Spinner,Fingertip Stress Relief Gyro Toy Easter Basket Stcoking Stuffer for Kids       "
B0D8JC2K3T,        IVAPUPU 2 Pcs Cheesecloth Table Runner - 10ft Dusty Pink Boho Gauze Cheese Cloth Table Runners for Baby Shower Decoration Wedding Party Summer Garden Farmhouse       
B0D8KH2X74,"        CIAYS Smokeless Firepit, 19 Inch Fire Pit for Camping with Patented Technology, Portable Fire Pit for Outside with Steel Grill Rack, Fire Poker, and Bag, Easy Setup and Storage, Wood Burning       "
B0D8LXRHQ8,"        Keurig K-Duo Hot & Iced Single Serve & Carafe Coffee Maker, MultiStream Technology, 72oz Reservoir (Gen 2)       "
B0D8PBNTP3,"        50 PCS Football Cups, 16 OZ Football Party Cups, Thickened Football Plastic Cups, Disposable Clear Drinking Cups in 2 Designs for Football Party Supplies Football Party Decorations Touchdown Favors       "
B0D8QGLL3B,"        Kids Walkie Talkies Toys for Boys:Dinosaur Toys 2 Pack Birthday Gifts for 3 4 5-7 8 Year Old Boys Toys for 4 5 6 7 8-10 Year Old Camping Outdoor Games,Christmas Stocking Stuffers for Boys Girls       "
B0D8RQG545,"        Paris Hilton Heart Shaped Champagne Flute Gift Set, Elegant Handmade Glassware Set, Perfect for Celebrations, Weddings or any Special Occasion, 2-Piece Set, 5.5-Ounce, Iridescent with Gold Rim       "
B0D8T3GD5F,"        Steam Cleaner, 3-Level Adjustable Handle, 15s Heat-Up, 1.69 Quarts Tank, Portable Steamer for Cleaning with 11 pcs Accessories, Steam Cleaner for Home for Dirt, Grease, Grout, Tile,Floor,Couch and Car       "
B0D8VHV9MG,"        Head Strap with Battery for Meta/Oculus Quest 3/Quest 3S, 10000mAh Battery Pack for Enhanced Comfort and Playtime 4-6Hours VR Accessories, Adjustable Elite HeadStrap Replacement for Oculus Quest 3/3S       "
B0D8VTQKQX,"        Frameo 10.1 Inch WiFi Digital Picture Frame with 32GB Memory, 1280 x 800 IPS Touch Screen Smart Electronic Photo Frame, Wall Mountable, Auto-Rotate, Share Photos/Videos Via Frameo App from Anywhere       "
B0D8VVHZ7D,"        Valery Madelyn 1.57 Inches Small Pink Christmas Heart Ornaments Set for Valentines Day Tree Decorations, 16ct Pink Red Gold Shatterproof Christmas Valentines Hanging Ball Decor       "
B0D931PGV3,        Stanley All Day Julienne Mini Soft Cooler Bag and Lunch Box | 10-Can Recycled Polyester Cooler | 12-Hour Cooling | Travel Cooler       
B0D93SPQFT,"        Mity rain 6PCS Cup Accessories Set for Stanley Cup 30oz 40oz tumbler with handle, Including Silicone Straw Topper Cover Cap and Boot, Spill Proof Stopper, Handle Charm, Initials Sticker (Letter K)       "
B0D941D1ZG,"        Tire Inflator Portable Air Compressor, Bike Pump, 150PSI Air Pump for Car Tires with LCD Dual Screen and Digital Tire Pressure Gauge, Air Compressor for Bicycle, Motorcycle, Compact Car, Ball       "
B0D943RYCX,"        16PCS Pots and Pans Set Non Stick Cookware Set Nonstick with Cooking Set (white, 16pieces)       "
B0D94JC84M,"        100 Gallon Lockable Resin Deck Box, Waterproof & UV-Resistant Outdoor Storage Box for Outdoor Cushion Storage and Outdoor Delivery Storage, Black       "
B0D94YGSGH,"        Black Polyurethane Seam Sealer Automotive Compound Kit - Durable & Flexible Auto Body Filler - Seam & Joint Compound for Bare, Primed or Painted Surfaces - Automotive Seam Sealer [Black]       "
B0D95JBVGH,"        14 inch Small Gym Bag for Women & Men, Mini Duffel Bag for Travel Sports Lightweight Carry On Bag, Black       "
B0D95K1JG8,"        51 Gallon Resin Package Delivery Box for Outside, Storage Box with Lockable Secure, Large Double-Wall Resin Outdoor Package Delivery and Waterproof Deck Box       "
B0D961DZ48,"        2PCS PSP 1000 Battery (2024 New Upgrade), 6500mAh New 0 Cycle High Capacity Battery for Sony PSP 1000 PSP-110 PSP-280 Console       "
B0D966G252,"        Warming Mat for Food,Food Warming Mat,Electric Warming Tray for Buffets Party and Home Daily Use,Heating Fastly in 10s,Portable Design,Timed Function for Your Family.       "
B0D96QJ3XR,        NBA 2K25 - Xbox One       
B0D97DD7LB,"        Gamrombo 2 Pack Replacement for Xbox 360 Controller, Wireless Controllers Gamepad Upgraded Joystick Compatible with 360 & Slim, Windows 11/10/8/7 PC Controller       "
B0D982FRGN,"        100 Count 55-60 Gallon Trash Bags, Sturdy & Tear-Resistant Commercial Can Liners 55 Gallon, Large Garbage Bags, Large Black Trash Bags for Commercial, Lawn and Leaf Bags       "
B0D98TP9PQ,        2024 Topps Baseball Complete Set Factory Sealed Box Set - Baseball Complete Sets       
B0D99J2ZJ2,        Football Pool Game Set - 17.9x28.3 in Pool Football Poster for Football Games & Tailgate Party| Football Party Supplies for Birthday Decorations       
B0D9BBJG1L,"        070 Blizzard Pearl Touch Up Paint for Car, DIY Car Paint Scratch Repair Kit, Automotive Paint, Quick & Easy Fix Scratch Repair Compatible with Toyota Camry/Corolla/RAV4/Highlander/Venza/Sienna       "
B0D9BQHKFJ,"        Baby Lounger - Infant Lounger for Newborn 0-24 Months, Waterproof Inner Cover and Pure Cotton Breathable Baby Nest Cover, Newborn Essentials for Baby Boys&Girls, Portable Baby Bed for Home and Travel       "
B0D9FXMDK9,"        USA Toyz Glow Tracks Starter Kit Race Tracks and 2 LED Toy Cars - 216pk Glow in The Dark Bendable Flexible Rainbow Race Track Set with 2 Light Up Car Toys, STEM Building Toys for Boys and Girls       "
B0D9HMJ252,"        Car Vacuum Portable Cordless, 35000PA High Power Suction & Blower, Wireless Handheld Vacuum Cleaner for Car, Home, Office, Pet(Black)       "
B0D9HSB7P8,"        Chocolate Bar Mold Deep Dubai 1 Inch Pistachio Chocolate Bar Silicone Thick Mold for Stuffed Bar, Large Candy Bar Mold for Filling       "
B0D9HVYZR4,"        Blink Outdoor 4 + Sync Module XR — Wire-free smart security camera, two-year battery, go up to 400 feet from your home with extended range — 2 camera system       "
B0D9HWGFK7,"        Blink Outdoor 4 + Sync Module XR — Wire-free smart security camera, two-year battery, go up to 400 feet from your home with extended range — 1 camera system       "
B0D9KC22HT,"        LIAM&AVA Party Favors Pop Fidget Keychain - 32 Pack Mini Fidget Toys Bulk for Kids 4-8 & 8-12 Years, Bubbles Poppers Goodie Bag Stuffers for Classroom Prizes & Sensory Birthday Gifts       "
B0D9LVT28Y,"        Snow Shovel, New Upgrade Snow Shovels for Car Driveway Snow Removal, Lightweight Portable Adjustable Large Capacity Shovel Perfect for Garden and Emergency(Black)       "
B0D9MSPS4K,"        60Pcs Christmas Light Clips, Hooks for Outdoor String Lights Clips, Adhesive Cord Organizer Hooks, Sticky Wire Holder for Hanging Christmas Lights, Wall Cable, Fairy Lights (Clear, Small)       "
B0D9N8Y3WL,"        HouseGem Large Candle Warmer Plate,Ideal Desk Cup Warmer for Coffee, Beverages, Milk & Tea (Black)       "
B0D9NMPH2P,"        Football Party Supplies Kit - Goal Post Balloon Set for Football Birthday,Tailgate Celebrations & Decorations       "
B0D9NQXCS1,"        GIAT Dinosaur Track Toys - Best Birthday Gifts for 3 4 5 6 7 Year Old Boys Girls, Dinosaur Race Car Track with Light & Sound, Create A Dinosaur World Road Race       "
B0D9P1VGK4,"        Birthday Gifts for Women, Happy Birthday Gifts for Women, Best Friend Birthday Gifts, Birthday Gifts Ideas Women Birthday Gifts Set Female Sister Mom Wife Her Girlfriend Coworker Bestie teen       "
B0D9Q363B4,"        Frameo 10.1 inch Digital Picture Frame, Smart WiFi Digital Photo Frame with 32G Memory, HD Touch Screen, Auto-Rotate, Slideshow, Easy Setup, Share Photos and Videos Anywhere       "
B0D9Q8718Q,"        OIQArtOIQ Framed Canvas Wall Art,Vintage Decor,Landscape Nature Country Wildflower Paintings Farmhouse Pictures Modern Artwork Rustic Fall Flower Prints Cottagecore Office Living Room Bedroom Bathroom       "
B0D9Q89D3K,"        Dragon Touch 10.1'' WIFI Digital Picture Frame - 1280*800 HD IPS Touch Screen Digital Photo Frame Display, Auto-Rotate, Share Photos/Videos Instantly via Free App Best Gifts for Birthday, Wedding, Mom       "
B0D9QMMHVZ,"        Cordless Vacuum Cleaner, 8-in-1 Lightweight Stick Vacuum with 45mins Runtime, Powerful Suction, Rechargeable Cordless Vacuum for Carpet, Tile, Pet Hair, Hardwood Floors, Black       "
B0D9R5SB9J,"        The Original Charred Wooden Bourbon Drinking Glass Bourbon Gifts for Men | Charred Wooden Old Fashioned Glass | Great Whiskey Gifts for Men, Dad, or Brother | Gifts For Men Who Have Everything       "
B0D9SKK8ZD,"        Gooseneck Electric Kettle, Northmas Electric Tea Kettle Auto Shut Off, 316 Stainless Steel Inner, 1L/1200W Fast Boiling Hot Water Kettle Electric for Pour Over Coffee & Tea, Boil-Dry Protection, Black       "
B0D9V9VVJL,"        Wine Saver Vacuum Pump with 4 Stoppers, Wine Stopper, Wine Preserver, Reusable Bottle Sealer Keeps Wine Fresh, Ideal Wine Accessories Gift (Flat Handle)       "
B0D9VSWJJ9,"        Handheld Vacuum Cordless Rechargeable, Dust Busters Cordless Rechargeable with LED, USB Charge, 1.65LBs Hand Vacuum Cordless, Hand Vacuums for Car/Home/Pet       "
B0D9W1QY1C,"        Nintendo Splatoon Amiibo Set, Callie and Marie Figures, 2 Pack       "
B0D9Y8TQGJ,"        YOGES Gorilla Tag Long Arms Compatible with Meta Quest 3S/ Quest 3/ Oculus Quest 2/ Quest Pro/Rift S Controller, Beat Saber Handle Attachments VR Sticks Dual Extensions Grips for Playing VR Games       "
B0DB1ZGBS3,"        Massage Table Warmer Heating Pad Professional SPA Massage Bed Warmer with Timer, 9 Heat Settings, Overheat Protection for Massage Bed & Spa, Thickened & Soft Fleece, 30"" x 71""       "
B0DB3R4XSN,"        Mattel WWE Elite Action Figure & Accessories, Series #114 6-inch Collectible Jey USO with 25 Articulation Points & Swappable Hands​​​       "
B0DB6S6R89,"        Razer Wolverine V3 Pro Wireless Gaming Controller: Licensed for Xbox Series X|S, Xbox One, Windows PC - 6 Remappable Buttons - Fast Triggers - Customizable Thumbsticks - Wired Tournament Mode - Black       "
B0DB8ZN253,"        Ninja Blast Max, Portable Blender + Twist & Go, Personal Blender, Ninja Blender, Smoothie, Blend, Ice Crush, 3 Programs, Cordless, 22 oz removable Vessel, Dishwasher Safe, Leakproof, Navy, BC251NV       "
B0DB96KTGL,"        Turtle Beach Stealth 700 Gen 3 Wireless Multiplatform Amplified Gaming Headset for Xbox Series X|S, Xbox One, PC, PS5, Mobile – 60mm Drivers, AI Noise-Cancelling Mic, Bluetooth, 80-Hr Battery – Cobalt       "
B0DB9HZVZV,"        Turtle Beach Stealth 700 Gen 3 Wireless Multiplatform Amplified Gaming Headset for Xbox Series X|S, Xbox One, PC, PS5, Mobile – 60mm Drivers, AI Noise-Cancelling Mic, Bluetooth, 80-Hr Battery – Black       "
B0DBBJHQ1H,        Simple Modern Travel Coffee Mug Tumbler with 360° Lid | Ceramic-Lined Insulated Stainless Steel Cold Brew Iced Coffee Cup Thermos | Gift for Women Men Her Him | Voyager Signature | 16oz | Almond Birch       
B0DBC889SC,"        Travel Kettle, Dual Voltage Portable Electric Kettle 110V-220V-240V Smart Small Water Boiler for Tea & Coffee, 316 Stainless Steel, 6 Temperature Control and LCD Display, for Global Use (370ML)       "
B0DBCVCKB2,"        Renyqatt Replacement Lid for Owala Freesip, Compatible with Owala Cup 16oz 24oz 32oz 40oz, One Button Water Bottle Top Lid Replacement Accessory, Leakproof, BPA-Free (Black)       "
B0DBCXNF8R,"        iHery Natural OAK Wood Audrey Hepburn Newspaper Trendy Framed Wall Art, 12x16 in Vintage Headline Canvas Bedroom Wall Decor, Better Late Than Ugly,Set of 1 Bathroom Print Apartment Girly Dorm Room       "
B0DBH4VZCF,"        Thick Baby Play Mat for Floor,50 x 50 Playpen Mat,Tummy Time Foam Mat,Ultra Soft Support & Plush Feel,Easy Care with Non-Slip Cushioned for Infant,Kids and Toddler Crawling,Grey       "
B0DBM3QNDG,"        4 Pack 36” x 36” Extra Heavy Absorbency Washable Underpads, Waterproof Quick Drying Nursing Pads Incontinence Bed Pads, Reusable Washable Pee Pads for Dogs, Diaper Changing & Adults       "
B0DBM9NKQ7,        Thrustmaster T-Flight Hotas One Microsoft Flight Sim 2024 Collectors Edition (compatible with Xbox Series X|S and PC)       
B0DBP6K1J1,"        Ohtomber 24OZ Cocktail Shaker Set - Cocktail Bar Martini Drink Shaker Set with Strainer, Stainless Steel Bartender Kit Drink Mixer with Jigger, Mixing Spoon, Bar Accessories for Beginners       "
B0DBXBKS5L,"        Bluey Dump Truck, with Load and Unload Feature, Get Some Work Done with Exclusive Hard-Hat and Muddy Bingo       "
B0DBYV5MDX,        Digital Camera with 1.4 in LCD Screen 1080P 32GB Card Charging Base Monoreflexes Shaped CMOS Compact Portable Video Recorder Easy to Operate (Black)       
B0DC11YH4J,"        CHEFMAN 2 Qt Mini Air Fryer – Digital Space-Saving Compact Air Fryer with Nonstick and Dishwasher Safe Basket, Quick & Easy Meals in Minutes, Features Digital Timer and Shake Reminder – Black       "
B0DC1YTDHH,"        Tapo SolarCam C403 Kit, Outdoor Battery Camera w/Solar Panel, Wireless, 1080P, Free Person Detection, SD/Cloud Storage, Color Night Vision, Built-in Spotlights & Alarm, No Hub Needed, Black       "
B0DC4C6SKP,"        Kids Smart Phone for Girls Gifts - Toddler Christmas Birthday Gift for Age 3 4 5 6 Year Old, Kids Cell Phone Toy with Touchscreen, Dual Cameras, Learning, Music Player, Games with 32 GB Card       "
B0DC8GMCGY,"        Clearblue Early Pregnancy Test Kit, at-Home Pregnancy Test Kit for Women, hCG Hormone Pregnancy Tests with Easy-to-Read Results, 10 Tests       "
B0DCBP87H7,"        Cocktail Picks 100PCS, Football Toothpicks for Appetizers, Fancy Tooth Picks, 4.7 Inches Skewers for Fruit Kabobs, Party Supplies Bamboo Sticks for Fruit Drinks Food Charcuterie Boards Accessories       "
B0DCBYJXCK,        WILSON NBA DRV Series Basketball       
B0DCCZXSDV,"        Oakland Living 113 Gallon Outdoor Storage Box, Patio Rattan Deck Box, Wicker Storage Bench for Indoor, Outdoor, Pool, Balcony, Yard, Garden, Black       "
B0DCDL42X5,        Stanley Quencher ProTour Flip Straw Tumbler with Leakproof Lid 30 oz | Built-In Straw & Handle | Cupholder Compatible for Travel | Insulated Stainless Steel Cup | BPA-Free | Vivid Violet Fade       
B0DCDZP98B,        Stanley Quencher ProTour Flip Straw Tumbler with Leakproof Lid 30 oz | Built-In Straw & Handle | Cupholder Compatible for Travel | Insulated Stainless Steel Cup | BPA-Free | Rose Quartz Solid       
B0DCFFNQJC,"        Christmas Lights Clear White 70 Count Incandescent Lights UL Certified Connectable Christmas Tree Lights with White Wires for Indoor Outdoor Xmas, Wedding, Holiday, Party, Home Decorations       "
B0DCHBC8JJ,"        BISSELL® Steam Shot™ OmniReach Handheld Steam Cleaner, New 2024 Model       "
B0DCHDQZ4S,"        BISSELL® Steam Shot™ Omni Handheld Steam Cleaner, New 2024 Model       "
B0DCKCK326,"        Mueller Vegetable Chopper 9 Blade, Mandoline Slicer, Food Veggie Chopper, Cheese Grater, Onion Vegetable Cutter with Container, Dicer, Kitchen Gadgets & Essentials, White Sand/Grey       "
B0DCNJDFB8,"        Soft Flask - Shrink As You Drink Soft Water Bottle for Hydration Pack - Folding Water Bottle Ideal for Running, Hiking, Cycling, Climbing & Rigorous Activity       "
B0DCTCB7K8,"        Baby Play Mat, 50 x 50 Inch Play Mat Perfect for Use Baby Playpen, Foldable Baby Foam Playmat for Floor, Portable Waterproof Activity PlayMats for Babies, Infants and Toddlers       "
B0DCVJR2PD,"        Hand Mirror, Double-Sided 1X/15X Magnifying Mirror with Handle, Acrylic, 8.3"" L x 4.5"" W, Clear, Pack of 1       "
B0DCVTKGFW,"        Digital Camera, 4K Autofocus Vlogging Camera with Flash, 48MP Point and Shoot Digital Camera with 16X Zoom, Anti-Shake, 32GB Card, Portable Compact Camera for Teens Adult Beginner(White)       "
B0DCZ6P4QD,"        Handheld Vacuum Cordless, 15000PA Strong Suction Hand Held Vacuum Cleaner Rechargeable, Portable Car Vacuum with Multi-Nozzles & Washable Filter, Hand Vacuum for Home, Office, Car, Pets       "
B0DD5FH26S,"        Cuisinart Soho 1 Liter Double Wall Electric Kettle, Truffle       "
B0DD6KQPM5,"        Mug Warmer,Coffee Mug Warmer for Office Use or Candle Warming,Coffee Warmer with 3 Temperature Control,Mug Warmer for Desk with Auto Shut Off,Cup Warmer for Tea Beverage Milk and Gift for Lovers       "
B0DD6LFM5M,"        Tabletop Fire Pit, Portable Smores Maker Kit Indoor/Outdoor Mini Small Fireplace Table Top Decor Home Patio Gifts for Women Mom Housewarming Christmas Birthday White Elephant Gift       "
B0DD71NVLP,        Wise Owl Outfitters Hammock for Camping Hammocks Gear for The Outdoors Backpacking Survival or Travel - Portable Lightweight Parachute Nylon - Up to 500lbs       
B0DD8K7RPW,"        Nextmug Plus - Temperature-Controlled, Self-Heating Coffee Mug (Black - 18 oz.)       "
B0DD9HJLFD,"        Canon EOS 2000D / Rebel T7 DSLR Camera w/EF-S 18-55mm F/3.5-5.6 Zoom Lens + 64GB Memory, LED Video Light, Case, Gripster Tripod, and More (Essential Bundle) (Renewed)       "
B0DDCFS8D9,"        10 x 20 Ft Carport Replacement Canopy Cover Garage Top Tent Shelter with 40 Ball Bungee Cords Heavy Duty Waterproof UV & Tear Resistant, Easy Assembly, White (Only Cover, Frame Not Include)       "
B0DDCRV92C,"        Charging Dock for Meta Quest 3S/Quest 3, Magnetic Charging Station for Oculus Quest 3 VR Headset & Controllers, with 2 Rechargeable 2100mAh Batteries, USB-C Charger and Cable, Supports LED Indicator       "
B0DDDD8WD6,"        Ninja Crispi Air Fryer, Microwave, Freezer & Dishwasher Safe, Non Toxic Glass Portable Cooking System, 4 QT & 6 Cup Glass Containers with Storage Lids, Easy Meals, Air Fry, Bake, & More Grey, FN101GY       "
B0DDKKC3T1,"        Mouse Traps 12-Pack, Indoor Outdoor Use, Small Mice Catchers for Home Indoor, Reusable Mice Trap, Quick-Set Mousetraps for House       "
B0DDL4STB4,"        Cordless Stick Rechargeable Vacuum Cleaner, Lightweight, 55min Runtime, 20KPa Suction, Anti Tangle LED Headlight Brushless, Ideal for Carpets, Hardwood Floors, Pet Hair, and Home       "
B0DDMNTKFC,        2024 Panini Donruss Baseball Mega Trading Card Box       
B0DDPBW1TF,"        Gatherfun Football Party Supplies Kit - Complete Tailgate, Birthday & Celebration Snack Stadium Set | Essential Football Party Decorations & Favors       "
B0DDPJZ4Z4,"        Houselife Cordless Snow Shovel Compatible with Dewalt 20V Max Battery(Tool Only)11"" Electric Snow Shovel for Driveway Max 16.4' Throw Distance, Electric Shovel for Snow Removal with Dual-Safety Switch       "
B0DDPVDCWC,"        Pink Kids Snow Shovel for Child Age 2-10 Years Old, Plastic Small Snow Shovel with Lightweight Handle, Sturdy 34"" Snow Shovel Gifts for Kids Boys Girls Snow Fun       "
B0DDT1KLQX,"        Face Pad Cover & Facial Interface for Meta Quest 3S Accessories, Soft PU Leather Foam and Ice Silk Cotton Replacement Face Interface Cushion for Oculus Quest 3S, Sweat-Proof and Air-Circulation Design       "
B0DDVF68CG,        Ultimate Probiotic Yogurt Maker with Adjustable Time & Temp Control - Make Trillions of Live Probiotics with Two 1-Quart Containers for Larger Batches - Best Greek Yogurt Maker - LIFETIME WARRANTY       
B0DDZJS3SB,"        All-new Amazon Kindle Paperwhite (16 GB) – Our fastest Kindle ever, with new 7"" glare-free display, and weeks of battery life – Without lockscreen ads – Black       "
B0DF22FXXG,"        Upgraded Infrared Sauna Box for Relaxation,Detoxification,Portable Steam Sauna for Home with XL Steamer,Folding Chair,Multiple Layered Full Body Sauna Tent for Spa,Indoor,Outdoor,Gym-Black       "
B0DF27GC2T,"        Personalized Custom Canvas Prints 8x10 inch, Photo On Canvas Transform Your Photos into Stunning Framed Wall Art-Digitally Printed Photo To Canvas - Ideal for Home Decor, Gifts & Keepsakes       "
B0DF44GN8Y,"        Owala SmoothSip Slider Insulated Stainless Steel Coffee Tumbler, Reusable Iced Coffee Cup, Hot Coffee Travel Mug, BPA Free 12 oz, Pink (Pucker Up)       "
B0DF5MKBY5,"        Savior Equipment Loose Sacs 4-Pack Tactical Ammo Pouch Firearm Ammunition Carrier Bag, ID Patches Included, Rifle Carbine Pistol Revolver Ammos Transportation Soft Case Hunting Shooting Range Gear       "
B0DF7XZFTL,"        Macro Microscope Digital Fixed Focus 2.0 inch IPS Color Screen, 200w Pixel, 500x Magnification, Portable Handheld Magnifying Glass, Built-in 8LED Lights Compatible with Windows, Mac OS (Black)       "
B0DF85K4N5,"        Lattafa Angham Eau de Parfum Spray for Unisex, 3.4 Ounce       "
B0DF88V52N,"        Bounce Curl Define EdgeLift Brush, 5-in-1 Tool for Effortlessly Defined Curls, Waves & Coils, Reduces Frizz - Pink       "
B0DFC4F52Y,"        SMUG 48,000 BTU Propane Heater Outdoor Patio Heaters with Wheels, Patio Heater Deck Porch for Outdoor Use Camping Backyard Commercial,Double-Layer Stainless Steel Burner, 87"" H       "
B0DFCM5C18,"        40oz Flip Straw Leak Proof Lid for Stanley H2.0 Quencher,2 Pack Tumbler Lid Replacement 40 oz for Stanley Cup Accessories ProTour,No Spill Proof Straw Cover for Stanley Accessories(Beige,Beige)       "
B0DFGB18FC,"        Brelley Massage Table Portable, 2-Fold Lash Bed with Side Pocket, Adjustable Height, Sturdy Aluminum Frame, Esthetician Spa Facial Bed, Tattoo Bed with Face Cradle & Carrying Bag, Black       "
B0DFGKPVCG,"        FOTN Keychain Camera, 1080P Mini Pixel Camera, Micro Mini DV/Camcorder, Portable Chain Camera with Eight Filters, Long Battery Life for Indoor and Outdoor use (No Memory Card)       "
B0DFM5VSWF,"        Sperax Walking Vibration Pad with APP, 3 in 1 Under Desk Treadmill, 2.5HP Low Noise Walking Treadmill Pad with Remote Control,Portable Treadmill for Home Office       "
B0DFQ4M3WZ,"        Uhale 15.6"" Large Digital Picture Frame 64GB, WiFi Electronic Photo Frames 1920 x 1080 IPS FHD with Remote Control, Wall-Mounted, Support USB/SD Card, Share Photos/Videos Anywhere(No Touchscreen)       "
B0DFWHQ9RS,"        Football Toothpicks, 100PCS Cocktail Picks, Superbowl Party Decorations, Toothpicks for Appetizers, Bamboo Food Sandwich Skewers Drinks Dessert Cocktail Toothpicks for Football Sport Party Decorations       "
B0DFXW7JTN,"        KIWI design G4 Pro Upgraded Controller Grips Protector Compatible with Oculus/Meta Quest 3/3S, Non-Slip Handle Cover with Battery Opening, Accessories Made for Meta       "
B0DFXXW829,"        KIWI design V4 Facial Interface, 2 Face Pads Compatible with Oculus/Meta Quest 3S, NOT Compatible with Meta Quest 3       "
B0DFYD9QTW,"        100 Pcs Football Toothpicks, 4.72 Inch Football Cocktail Picks for Appetizers, Long Bamboo Toothpicks, Decorative Toothpicks Skewers for Holiday Birthday Party Decorations (Football)       "
B0DFYQ7HWP,"        Card Binder 4 Pocket with 50 Removable Sleeves-Can Hold 400 Cards,3-Ring Zipper Sports Book is Gifts for Boys and Girls       "
B0DFYTXC5Q,"        Touch up Paint for Tesla Model Y/3/X/S, Car Paint Pen Scratch Repair Two-In-One Touch Up Paint, Premium Car Scratch Remover for Deep Scratches 0.4 fl oz (Stealth Grey)       "
B0DG2Q5QFK,"        Sundu Steam Iron for Clothes with Rapid Heating Ceramic Coated Soleplate,1500W with Precise Thermostat Dial,Self-Cleaning, Auto-Off,11.84oz Water Tank for Home Clothes Ironing Use,Red       "
B0DG2VRFV7,"        30 Pack Squishy Toys, Kawaii Squishies Party Favors for Kids 4-8 8-12 Treasure Box Toys for Classroom Birthday Xmas Gifts Goodie Bag Mini Animals Mochi Squishy Stress Relief Sensory Toys Random       "
B0DG2WLS1Q,"        VZNEK New Face Cover Pad for Oculus Quest 2, Sweatproof PU Leather Facial Interface & Face Cushion Pad - VR Accessories for Meta Quest 2, Ergonomical Design (Q2MZ)       "
B0DG441CZ5,"        PurSteam SteamBurst+ 1750W Steam Iron, Ceramic Soleplate, Adjustable Steam, Burst of Steam, Self-Clean, Anti-Calc, Anti-Drip, Auto Shut-Off, Powerful & Long-Lasting Steam for All Fabrics       "
B0DG53VR6C,"        YOGES 10000mAh Battery Head Strap Compatible with Meta Quest 3S & Quest 3, Detachable Magnetic Battery, Rechargeable Headstrap to Extend Playtime for VR Headset Compatible with Meta Quest 3S       "
B0DG564Y62,"        Red Touch Up Paint For Cars, Automotive Car Paint Pen Scratch Repair Two-In-One Touch Up Paint, Premium Car Scratch Remover for Deep Scratches 0.4 fl oz (Red)       "
B0DG5DS16X,"        VEVOR Outdoor Storage Box, 230 Gallon Waterproof PE Tarpaulin Deck Box w/Galvanized Frame, All-Weather Protection & Portable, for Camping, Garden, Poolside, and Yard, Black & Green       "
B0DGCWGFTD,        PSC/JSC Billet Silver Metallic Touch Up Paint Compatible with Jeep Exact Match Chips and Nicks Touch Up       
B0DGF616XN,"        6 Pack Extra Heavy Duty Large Moving Bags with Strong Zipper & Comfortable Handles, Sturdy & Durable Clothes Storage Bags Totes Bins, Blue Packing Bags Moving Boxes College Moving Supplies, Dark Blue       "
B0DGFSL6BW,"        GDY 10x10ft Pop-up Paint Tent, Pink Canopy Tent, Instant Shelter Portable Outdoor Canopies with 4 Removable Side Walls.       "
B0DGGM3GM1,"        AMVR Upgraded Comfort Face Cover Pad Facial Interface Compatible with Meta/Oculus Quest 3 Accessories, with Knob Adjustable, with PU Face Cushion and Breathable Ice Silk Cotton       "
B0DGGNPHP8,        KDD Headphone & Controller Stand with Wireless Charging - Rotatable Headset Stand with 9 Light Modes - Controller Holder with 2 USB and Type C Ports - for Gamers Desktop Accessories       
B0DGLFPMDT,"        Digital Camera for Photography, WiFi 64MP 4K Vlogging Camera for YouTube, 3"" 180° Flip Screen 18X Digital Zoom Compact Vlog Travel Camera with 32GB TF Card & 2 Batteries, Black       "
B0DGLM12T3,"        Indoor Camera, 2K Cameras for Home Security with Color Night Vision & Siren, Pet Camera with Phone App, Indoor Security Camera with 2-Way Audio, Cloud & SD Card Storage, Work with Alexa       "
B0DGLVD3LC,"        Personalized Vinyl Record with Photo - Custom Acrylic Song Plaque - Unique Gifts for Anniversary, Wedding, Birthday, Valentine’s Day - Decorative Music Home Decor for Couples PLQ0028 (Black)       "
B0DGLVW188,"        CAROTE Nonstick Pots and Pans,Cookware Set 16pcs Kitchen Cooking Sets, Pot and Pan Non Stick w/Frying pan       "
B0DGPPHC8R,        Upgraded 10 Inch WiFi Digital Photo Frame 16GB Smart Electronic Picture Frame with HD IPS Touch Screen | Auto-Rotate | Slideshow | Real-Time APP Upload | Easy Setup | Perfect Christmas Birthday Gift       
B0DGPR3RX3,"        Electric Kettle, Gooseneck Electric Kettle, ±1℉ Temperature Control, Stainless Steel Inner, Quick Heating, for Pour Over Coffee, Brew Tea, Boil Hot Water, 0.9L Black       "
B0DGQ69MDG,"        Handheld Steam Cleaner, Steam Cleaner with 16 PCS Accessory & Safety Lock, 500ML Large Capacity Natural Surface Steam for Cleaning, Multipurpose Steam Cleaner for Home, Car, Bathroom, Grease(Orange)       "
B0DGQJJMMR,"        5K Video Camera Camcorder UHD 48MP WiFi Vlogging Camera for YouTube IR Night Vision Anti-Shake 16X Digital Zoom 3” Touch Screen Camera with Microphone,Handheld Stabilizer,Lens Hood,Remote,Batteries       "
B0DGSS7NTH,"        NBA 2K25: 75,000 Virtual Currency Pack - Xbox [Digital Code]       "
B0DGSS7YJF,"        Video Camera 6K Camcorder Vloging Camera for YouTube 18X Digital Zoom 3.0“ Touch Screen WiFi Camera with Microphone, 2.4G Remote Control, 2 Batteries & 32G SD Card       "
B0DGTPNKJ9,"        42 Pack 9 Pocket Double Side Card Sleeves Binder Sheets, Holds 756 Cards, Trading Card Binder Sleeves for 3 Ring Binder, Card Sleeve Pages for Pokemon, Baseball, Football, Business, TCG, Kpop Cards       "
B0DGV6SJKS,        Adjustable VR Gunstock Compatiable for Meta Quest 3/ Quest 3S Gun Stock|Magnetic Attachment|Adjuatale Length|Controller Pitch & Yaw Angles Tunable|Made for Meta Quest Series       
B0DGX3RJ71,"        Electric Kettle, Double Wall Stainless Steel Cool Touch Water Boiler Heater, 7 Temperature Control Teapot, 4H Keep Warm, 1.0L 1200W Fast Heat with Auto Shut-Off, Boil-Dry Proof Coffee Tea Pot, Black       "
B0DGXBY4N6,        OHOME Football Giant Coloring Poster/Tablecloth - Superbowl Party Decorations 2025-30 x 72 Inches Jumbo Coloring Banner Kids Crafts Activities Decor Party Supplies       
B0DGXCDWX6,"        Blissful Diary Baby Play Gym & Activity Mat, 5 Developmental Zones Wooden Tummy Time Mat with 6 Detachable Sensory Toys for Motor Skills & Sensory Development, Baby Essentials Shower Gift       "
B0DGXX23PH,        Security Cameras Wireless Outdoor Solar: Battery Cameras for Home Security WiFi Cameras Outdoor Surveillance Camera PTZ 360° CCTV Camera System with Floodlight Color Night Vision       
B0DGY4MTDH,        040 Super White/Ice Cap Touch Up Paint Compatible with Toyota Exact Match Touch Up Paint Car Scratch Repair       
B0DGYKC2D8,"        150 Pcs Unique America | Album Cover Posters, Music Posters, Bedroom Posters, Rapper Room Decor, Music Artist Posters, Rap Album Art, 6x6 Inch Prints | 100 Posters & 50 Stickers… (150 pcs)       "
B0DGYR71X1,        UpNature Beauty Essential Oil Blend Roll On - 100% Organic Castor Oil & Frankincense for Face Under Eye Roller Ball Rollerball       
B0DH25K4F8,"        Vixzen 45 Gallon Resin Deck Box, Lockable Outdoor Storage Box for Patio Cushions Storage Furniture,Garden Tools, Pool Supplies, Weatherproof and UV Resistant- Black       "
B0DH28GGNZ,"        4K Digital Camera for Photography and Video, Autofocus Anti-Shake 48MP Vlogging Camera for YouTube, 3'' 180°Flip Screen Camera with Flash 16X Zoom, Digital Camera with 32GB Card Battery Charger Black       "
B0DH3YYC5F,        Bunny Badges Photo Prints - Glossy - 4x6 - Standard Size       
B0DH4QD6PV,"        Smiry Front Door Mat Outside Entrance, Heavy Duty Outdoor Indoor Natural Rubber Doormat, Non Slip, Trap Dirt and Moisture, Easy Clean, Low Profile Patio Porch Entryway Mat, 29.5x17, Grey       "
B0DH5CM2CC,"        2-Pack Fire Extinguisher for Home, Kitchen, Car, and Grill with Mounting Bracket and Emergency Kit – Extinguishing Spray, Compact A, B, C, K – Eco-Friendly, Prevents Reignition.       "
B0DH689JGY,"        Xbox 2024 Wireless Gaming Headset – Over Ear Headphones – Spatial Audio with Dolby Atmos, Windows Sonic Series X|S, One, Windows PC, Mobile – Carbon Black       "
B0DHCT4T56,"        Charging Dock for Meta Quest 3S/Quest 3, Kinwin PD 18W Fast Charging Station for Oculus Quest 3S Accessories with RGB Light, Magnetic Charger Stand for Headset/Controller with 2 Rechargeable Batteries       "
B0DHHKG79P,"        Guitar for Guitar Hero Wii and Rock Band 2 Wii U Games, Color Black, with Strap       "
B0DHJ4ZYBP,"        POCKET AIR PRO Tire Inflator Portable Air Compressor by BULLSEYE, Small Cordless 4000MAH Air Compressor Portable Car Tire Air Pump with Pressure Gauge Inflates in 2 Min Works with Inflatables - 100PSI       "
B0DHK1NHTV,        AREM Barney Toys Singing Friend Barney Stuffed Animals Dinosaur Barney Singing I Love You Children's Plush Puppet Toy （10in）       
B0DHKBC3PT,"        Hykolity 50,000 BTU Propane Patio Heater with Table Design, Stainless Steel Burner, Triple Protection System, Wheels, Outdoor Heaters for Patio, Garden, Commercial and Residentia(Brown)       "
B0DHKS6PYH,        NH-830M Lunar Silver Metallic Touch Up Paint Compatible with Honda Exact Match Touch Up Paint Car Scratch Repair       
B0DHL1JX6W,"        Windshield Crack Repair Kit, 2 Bottles Cracked Windshield Repair Kit for Chips and Cracks in Bullseye, Half-Moon, Star-Shaped, 20 Min Quick Fix       "
B0DHNKM5QP,"        Charging Dock for Meta Quest 3S/3, Kinwin Magnetic Charging Station for Oculus Quest 3S/3 Accessories with RGB Light, Charging Stand for VR Headset and Controller with 2 Rechargeable Batteries       "
B0DHTJVZPL,"        4K Video Camera Camcorder 48MP 30FPS with IR Night Vision,18X Digital Zoom Camera Recorder 3.0"" LCD Touch Screen Vlogging Camera for YouTube with Remote Control, 2 Batteries, 32GB SD Card       "
B0DHV9GWGJ,"        7 Color Galvanic Machines - Red Light Therapy for Face and Neck, Face Massager Tool for Wrinkles, Double Chin, Vibrating Facial Massager with Thermals, Black       "
B0DHWRRTCJ,"        Handheld Vacuum Cordless Car Vacuum with Strong Suction, Portable Hand Held Vacuum Cleaner with 2 Filters, Small Lightweight Hand Car Vacuum Rechargeable for Pet Hair, Home, Office       "
B0DHWWVBXL,"        Digital Camera, Camera for Kids, FHD 1080P Point and Shoot Camera with 32GB Card 16X Zoom Anti Shake, Compact Small Camera Gift for Boys Girls Kids, White       "
B0DHXTYJBB,"        Upgrade 4K UHD Video Camera Camcorder with Mic, 18X Digital Zoom Auto-Focus Vlogging Camera for YouTube Antishake Video Recorder with 4"" Rotating Touch Screen, 64GB SD Card and Battery       "
B0DHZ3QNPF,"        Rechargeable-Battery-Pack-for-Xbox-Controller, 2x4800mWh Batteries Pack with Fast USB-C Charger for Xbox One/One S/One X/One Elite/Xbox Series X|S Controller Play and Charge Kit with 4 Cover(2 Pack)       "
B0DJ197ZQY,"        LEGO Technic Bush Plane Toy - Buildable Airplane Toy for Kids, Boys and Girls, Ages 8+ - Model Airplane Gift with Spinning Propeller, 4-Cylinder Piston Engine, and More - 42198       "
B0DJ3DLJVH,"        Canon EOS Rebel T7 DSLR Camera|2 Lens Kit with EF18-55mm + EF 75-300mm Lens + 64Gb Memory, LED Video Light, Case, Tripod, Filters, Grip & More(32pc Bundle) (Renewed)       "
B0DJ49TGWV,"        Whiskey Smoker Kit with Torch - 6 Natural Wood Chips Flavors, 2 Glasses, 2 Ice Molds - Cocktail Smoker Infuser Kit, Old Fashioned Smoker Kit, Birthday Bourbon Whiskey Gifts for Men, Dad(No Butane)       "
B0DJ5GVGCL,        face pillows massage pillow for bed face sleeping massage pillow face down after eye surgery for facedown prone beauty flawless massage pillow face down for bed vitrectomy recovery equipment       
B0DJ5YLJFW,        Travel Steamer Iron for Clothes Mini - Portable Ironing Machine Travel Small Size Portable Steamer Travel College Dorm Home Essentials Steamer for Clothes(White)       
B0DJ73FTL9,"        Car Touch Up Paint(Summit White(GAZ/WA8624)) for Chevrolet, Car Paint Scratch Repair Kit, Quick & Easy Solution to Repair Car Scratches, 2 in 1 Scratch Remover Pen with Extra 1mm Fine Brush       "
B0DJ7ZDH62,"        Trends International Sonic The Hedgehog 3 - One Sheet Wall Poster, 34L x 22.4W, Unframed Version       "
B0DJ7ZV244,"        Trends International Sonic The Hedgehog 3 - Shadow Wall Poster, 34L x 22.4W, Unframed Version       "
B0DJ8Y558F,"        Remote Controller Charger for Wii/Wii U with 2 Pack 2800mAh Rechargeable Battery Pack, 2 Port Charging Station for Wii Controller, Remotes are not Included       "
B0DJC5SRCR,"        Trends International Wicked - One Sheet Wall Poster, 34L x 22.4W, Unframed Version       "
B0DJF7WPZ7,        HIYAGON Rectangular Valentines Basket Valentines Gift Basket Holiday Pink Basket Kids Baby Storage Bin Toy Basket Organizer Box for Girls Love Room Decor(Black Light Heart)       
B0DJFXZPG3,        pH Meter for Hydroponics PPM EC Meter for Plant Nutrients Simultaneous Measurement of pH Conductivity TDS Temperature for Reservoir Tank Water DWC Aeroponic Garden Indoor Outdoor Growing       
B0DJG234SV,"        Simple Modern Officially Licensed NFL Dallas Cowboys 16oz Travel Coffee Tumbler with Flip Lid | Stainless Steel Cup | Football Gifts for Men, Women | Voyager Collection | Dallas Cowboys       "
B0DJHG2B25,"        Sekaer Travel Portable Electric Kettle, Small Tea Kettle Coffee Mini Hot Water Boiler, 400mL & 304 Stainless Steel, with 4 Variable Presets and Auto Shut-Off SKE-840B       "
B0DJJB7WS9,"        Leaf Blower, Electric Cordless Leaf Blower with 2 Batteries and Charger, 2 Speed Mode, Lightweight Leaf Blowers for Blowing Leaves, Patio Cleaning, Lawn Care and Dust       "
B0DJL2C7LB,"        600 Counts Card Sleeves, Penny Clear Card Sleeves for Trading Cards, Baseball Card Sleeves, Trading Card Sleeve, Soft Sports Card Sleeves, Plastic Card Protector Sleeves for Football Game Cards, MTG       "
B0DJNVNSQ4,"        31 Gallon Waterproof Outdoor Storage Box,Resin Deck Box,Lockable Outside Storage Box Container for Patio Furniure,Garden Tools (31 Gallon,Grey)       "
B0DJQRSXKL,"        Gooseneck Electric Kettle Temperature Control Large LCD Screen Quick Boiling Pour Over Kettle for Coffee & Tea Anti-dry Protection, Stainless Steel Inner Water Boiler, 4H Warm Function       "
B0DJRH3NYC,        FOCO Men's NFL Team Primary Logo Long Sleeve T-Shirt       
B0DJRSD2CW,        Ultra Game Women’s NFL Official Super Soft Modal Vintage V-Neck T-Shirt       
B0DJRWZDJL,        Official SML Merch Puppet - Jeffy       
B0DJS15VWP,        Green Laser Pointer | High Power Laser Pointer | Single Press On/Off Switch | Long Range Laser Pointer and Carrying Case       
B0DJSLD1ZG,"        Gifts for 10 Year Old Girl, 10 Year Old Girl Birthday Gifts, 10 Year Old Girl Gifts Ideas for Her, Daughter, Sister, Niece, Granddaughter, Popular Double Digits Birthday Gifts for Teen Girls       "
B0DJSPV9G4,"        Electric Whiskey Smoker Kit with 6 Wood Chips, Rechargeable Cocktail Smoker Kit Built in Lighter, No Butane Needed, Birthday Christmas Anniversary Bourbon Whiskey Gifts for Men,Dad,Husband       "
B0DJTG97HM,"        Upgrade Digital Camera, 56MP FHD 1080P Camera for Kids with 16x Zoom Anti Shake, Kid Camera with 32GB TF Card, Two Batteries, Lanyard, Compact Small Camera for Kids Boys Girls（Black）       "
B0DJVKB79Z,"        40oz Tumbler Detachable Flip Straw Lid for Stanley Cup Accessory,Leak Proof Lids for Stanley Cup, Accessories Compatible with Stanley Cups Cover (Cream & Cream, 40oz)       "
B0DJVQCPM6,"        Trgowaul 40th Birthday Anniversary Decorations for Women, Black Gold Back in 1985 Birthday Poster Acrylic Table Sign with Stand, 40 Anniversary Decor Gift for Men, Vintage 1985 Supplies 40       "
B0DJX7BR86,"        Aoxun 3.3' x 5.6' Metal Storage Shed - Waterproof Outdoor Garbage Can Organizer with Chain Lid, Ideal for Trash Bins, Toys, Garden Tools - Perfect for Garden, Backyard, & Patio Use       "
B0DJY2DBGR,"        Fermentation Kit, 2 Upgraded Fermentation Lids and 2 Glass Fermentation Weights, for 86MM Wide Mouth Mason Jars for Making And Storing Sauerkraut (Jars Not Included)       "
B0DK2FXQJL,"        Safer Brand Home SH502-1R5SR 1 Indoor Plug-in Fly Trap for Flies, Fruit Flies, Moths, Gnats, and Other Flying Insects – 1 Traps + 5 Glue Cards       "
B0DK327KNZ,"        Night Vision Binoculars for Adults & Kids - 4.5'' Screen Infrared Night Vision Goggles Camera with Case, 4K Video & 36MP Photos, 8X Digital Zoom, 7-Level Infrared, 4500mAh Battery for Camping,Security       "
B0DK33HZ78,"        3 Pack 20 oz Tumbler Lid, Magnetic Slider Replacement Lids for YETI 20 oz Tumbler, 10/24 oz Mug and 10 oz Lowball, Spill Proof Cup Lids Covers Compatible for Ozark Trail, Old Style Rtic, BPA Free       "
B0DK39XBSS,"        Electric Kettle Temperature Control, 1200W Hot Water Kettle Electric with 304 Stainless Steel, Keep Warm,Auto Shut Off,1.7L Electric Tea Kettle for Coffee,Tea-Black       "
B0DK3HM9JB,"        JOYIN 123 Pcs Football Party Supplies Kit Serve 24, Football Party Decorations includes Dinner Plates, Napkins, Banner, Cups & Touchdown Tablecloths for Football Game Day Party Tableware       "
B0DK3SPK1G,        High End Random Selection Designer Fragrance Cologne Sampler Set for Men - (Pack of 10 Sample Vials)       
B0DK456QNW,        Junk Food NFL Classic Team Logo T-Shirt       
B0DK4K2XN8,"        Mouse Repellent Outdoor, 24 Pack Natural Peppermint Oil Mouse and Squirrel Deterrent for Attic, Garage, Indoor, Rat Poisoning for Inside, Keep Rodents Out of Car       "
B0DK4MT4JY,"        Video Camera Camcorder 4K 48MP 30FPS with IR Night Vision,18X Digital Zoom Camera Recorder 3.0"" LCD Touch Screen Vlogging Camera for YouTube with Controller, 32GB SD Card, 2 Batteries       "
B0DK4X9CGM,"        Mellif Brushless Snow Shovel Compatible with DeWalt 20V Max Battery, 12in. Clear Width, 6in. Clear Depth, 17ft. Throw Distance, Heavy-Duty, Cordless, Mellif 20V 4.0Ah Battery & Charger Kit       "
B0DK6CYX5X,"        Hard Carrying Case Compatible with Meta Quest 3S/Quest 3/Quest 2/Vision Pro, Portable VR Gaming Headset and Touch Controllers Case with Lens Protector, for Travel and Home Storage (Black)       "
B0DK8HSQ9L,"        50 PCS Football Party Supplies, 6.5 Inches Football Napkins with 2 Styles, Disposable Football Paper Napkins, Football Theme Napkins for Game Day Touchdown Birthday Party Decorations       "
B0DK8S37Z8,        FOCO Men's NFL Team Logo Short Sleeve T-Shirt       
B0DKDK3T5T,"        Heart Cookie Cutter Set - 5 Pcs Love Shaped Cookie Molds for Valentines Day Holiday Birthday Party - Stainless Steel (4.21"" 3.43"" 2.64"" 1.97"" 1.18"")       "
B0DKFL5GMJ,"        Digital Camera, FHD 1080P Kids Camera, 48MP Point and Shoot Digital Cameras with 64GB Card, 16X Zoom, Anti Shake, Compact Small Camera for Kids Gifts for Teens Girls Boys       "
B0DKH113QZ,"        Charging Dock for Meta Quest 3, Magnetic Charging Dock for Quest 3 VR Headset & Controllers, RGB Lights, Three Charging Indicators, Charging Stand with 2 Rechargeable Batteries       "
B0DKJKQFDB,        Cosy Family 7.5 ft Christmas Tree Storage Bag - Durable Heavy Duty Extra Large Artificial Xmas Holiday Tree Bag with Reinforced Handles and Dual Zippers Wide Opening - Red       
B0DKQFTVDG,        Berkley Trilene XL Monofilament Fishing Line       
B0DKQMZD52,        Berkley Trilene Big Game Monofilament Fishing Line       
B0DKRX3C56,"        Heart Basket For Gifts Valentine Basket Pink Storage Basket Clothes Laundry Basket Storage Box Shelf Basket Toys Storage Bins, Gift Basket for Kids,Laundry Hamper with Handles       "
B0DKVXCK5W,        2023-24 Panini Mosaic Basketball NBA Blaster Trading Card Box (Hobby Exclusive Green Ice Prizm)       
B0DKXBP2YT,"        OHOME 2 Pack Superbowl Party Decorations 2025 - Football Party Decorations | Football Tablecloth - Superbowl Party Supplies Favors Decor Accessories for Birthday - Football Banner Backdrop,54"" X 108""       "
B0DKXFJDD9,        KDD Dual Controller Stand with Headphone Holder - Universal Desktop Organizer with Phone Holder - Multi-functional Desk Storage Box for Remote Control Pen Xbox ONE PS5 PS4 PC Accessories       
B0DKXNMCN6,"        PRV/NRV Delmonico Red Velvet Red Pearl Touch Up Paint Compatible with Jeep, Ram, Dodge, Chrysler Exact Match Touch Up Paint Car Scratch Repair       "
B0DKXY8KQN,"        AIPER Scuba S1 Cordless Robotic Pool Cleaner, Pool Vacuum for Inground Pools, Wall and Waterline Cleaning, Smart Navigation for Pools up to 1,600 Sq.ft (Renewed)       "
B0DKYM5TX6,        2024 Panini Score Football NFL Trading Card Jumbo Pack (Gold & Red Parallels)       
B0DL8QV21S,"        4pcs Storage Shed Hooks for Suncast, Black J and U Tool Hangers Compatible with Suncast/Craftsman Shed Tool Hooks Storage Shed Shelves Accessories       "
B0DLGZF1NZ,"        Maelstrom Cooler Backpack,35/50 Can Backpack Cooler Leakproof,Insulated Soft Cooler Bag,Camping Cooler,Beach Cooler,Ice Chest Backpack,Lightweight Travel Cooler Lunch Backpack for Hiking,Shopping       "
B0DLHBYSJH,        2024 Panini Prestige Football Trading Cards Blaster Box       
B0DLHG1VGT,        2024 Panini Absolute Football NFL Trading Cards Blaster Box       
B0DLJMP77X,"        CeroDimo RCM Jig Tool - Compatible with Switch Console, RCM Loader, Payload Injector, Short-Circuit Tool for Modding & Simulation Use       "
B0DLL2B9K7,"        Battery Pack for Meta Quest 3/3S and 2, Accessories for Oculus Quest 2/3/3S, 5000mAh Extended Battery Charger Lightweight VR Accessories VR Headset Power Bank Extra 2-4H Playtime       "
B0DLMDB559,"        5K Video Camera 64MP Camcorder IR Night Vision Vlogging Camera 18X Zoom WiFi Digital Camera for YouTube 3.0'' Touch Screen Recorder Camera with 32GB SD Card, Microphone, 2.4G Remote Control       "
B0DLNJRVGC,        Stealth Grey (PN01) Touch Up Paint for Tesla for Model 3/Y/S/X - OEM Original Touch Up Paint Pen for Tesla Scratches Repair (Stealth Grey(PN01))       
B0DLNKWML6,"        2 Pack Football Party Decorations, 3.28 FT x 7.05 FT Football Tinsel Backdrop, Brown Green Foil Fringe Curtains Metallic Party Streamer, Football Party Supplies Game Day Decorations 2025       "
B0DLNS4H7D,"        Valentines Day Gifts for Kids,24 Valentines Cards with Mini Pop Fidget Toys Bulk Great for Kids Girls Boys Valentine Gifts Exchange Valentines Party Favors       "
B0DLNY7MN1,"        Touch Up Paint for Cars,Car Paint Scratch Repair Pen Car Paint Touch Up Pen Car Scratch Remover Quick and Easy Fix Auto Paint Chip Repair Auto Touch Up Paint for Scratch Repair Various Cars (Black)       "
B0DLWC8955,        100 Pcs Football Cocktail Picks 4.7 Inch Decorative Sports Ball Football Picks for Appetizers Fruit Toothpicks Fruits Sandwich Buffets Party Decoration(Football)       
B0DM1WMV1S,        Yocada Snow Shovel for Driveway Home Garage Snow Removal Aluminum Strip with D-Grip Handle 48 inch Long Large Capacity Shovel for Garden Car Camping Outdoor Orange       
B0DM253TRV,"        Tire Inflator Portable Air Compressor - 4X Faster 160 PSI Air Pump for Car Tires - Wireless Car Tire Inflator with Pressure Gauge - Portable Tire Inflator for Car, Pickup, Motor and More       "
B0DM2M8RDS,"        95kpa Vacuum Sealer Machine, Commercial Full Automatic Food Sealer, Food Vacuum Sealing Machine with Cutter, 10 Pre-cut Bags & Bag Rolls and Accessory Hose, Fully Starter Kits, Black       "
B0DM3D3NH2,"        RTIC 30oz Essential Tumbler with Lid, Insulated, Stainless Steel, Metal, Double Wall Vacuum-Insulation, Ceramic Lined, Travel Cup for Iced Coffee, Tea, Hot and Cold Drink, Black       "
B0DM6314JQ,"        Fetal Doppler, FD-1 & Dopcord, D140, Intended to Detect Fetal Heartbeats       "
B0DM6K372C,        2024 Panini Prizm Football Trading Cards Mega Box       
B0DM7K6BCX,        InSimSea Framed Wall Art for Living Room Retro Botanical Flower Canvas Art Wall Decor Bedroom Rustic Artwork Farmhouse Oil Paintings Pictures Floral Prints Gallery Boho Vintage Decor Office 8x10In       
B0DM8S9DLB,"        55 Gallon Resin Package Delivery Box for Outside, Storage Box with Lockable Secure, Large Double-Wall Resin Outdoor Package Delivery and Waterproof Deck Box       "
B0DMFJLDH9,"        Happy Travel Bike Storage Tent Shed, Outdoor Waterproof Bicycle Covers Shelter with Window for 2/3/4/6/8 Bikes,Oversized Outside Portable Sheds for Lawn Mower,Garden Tools       "
B0DMSHM34K,"        VEVOR Alcohol Still 13GAL/50L, Alcohol Distiller with Thumper Keg, Distillery Kit for Alcohol with Copper Tube & Build-in Thermometer & Water Pump       "
B0DMSPF13X,"        TOSY Magnet Pyramid Glow - 1 Cube Transforms into 1 Billion Shapes (Heart, Rose, Chocolate box…), 243 Rare Earth Magnets, Glowing, Holographic Design, Puzzle Toy, Easter Valentine Gift for him for her       "
B0DMT9KMHY,"        WEGA Custom Canvas Prints with Your Photos (Framed 8X10) Upload Your Image/Photo-Custom Personalized Photo Gifts to Canvas,Wall Art Canvas Printing Gifts for Pets Family Baby Wedding       "
B0DMTPVDJ7,        2023-24 Upper Deck SP Hockey Blaster Box       
B0DMVZWTHR,"        Mega-L Mardi Gras Tinsel Garland Decorations, 26.25Ft Green Gold Purple with Fleur-De-Lis Chunky Glittery Holiday Hanging Tinsel Decorations for Carnival Parade Car Party Supplies Home Decor       "
B0DMWP1PZY,"        Snow Joe Pellets of Fire Ice Melt for Driveways, Sidewalks, & Concrete, 20 Pounds, Black       "
B0DMYB1Y42,"        FHI Heat UNbrush Plus — Curly Hair Brush for Gentle & Effective Detangling on Wet or Dry Fragile Hair Types — Detangler Brush w/ 84 UltraFlex Bristles, Ultra-light, Vented, Anti Static Hairbrush       "
B0DMZLWB4N,"        OHOME Valentines Day Gifts for Kids - 44 PCS Stationery Set for School Classroom Exchange - Valentines Day Party Favors for Toddler | Valentines Crafts Treats Games,Includes Pencils,Heart Stickers       "
B0DMZSFXTZ,"        24 Packs Valentine's Day Plush Animal Finger Puppet Toys Sets, Valentines Day Cards Gifts for Kids Valentines School Classroom Exchange Gift, Valentines Party Favors       "
B0DN1W8PML,        QAB Pearl White Tricoat Touch Up Paint Compatible with Nissan Exact Match Touch Up Paint Car Scratch Repair       
B0DN25N4SS,"        Q3S Hard Carrying Case for Meta Quest 3/Quest 3S VR Headset, Touch Controller, Original Fabric Strap & Accessories, Ideal for Travel & Home Storage with Comfort Protection       "
B0DN31DTT9,"        Hydro Flask Travel Tumbler Stainless Steel Insulated Cup with Lid and Straw for Cold Water and Drinks for Sports, School, Work, Car, Travel and Weekends       "
B0DN6153HZ,"        Auto Cooling Fan Dust Proof for Xbox Series X Console with Colorful Light Strip,Dust Cover Filter,Rubber Dust Plugs,Low Noise Top Fan with 3 Gears,Cooler&Light Touch Switch, 2 USB Port (White)       "
B0DNDT31MD,"        Video Camera Camcorder HD 4K 48MP Digital Cameras Recorder for YouTube TikTok 3 Inch 270 Degree Rotation Screen 18X Zoom Vlogging Camcorders for Kids,Teens,Students,Beginners,Elders       "
B0DNF5J3JM,"        Switch Charging Dock Station with Charging Cable for Nintendo & Switch OLED Game Console, Joycon Charging Dock for Nintendo Switch, Must Have Switch Controller Joycon Charger Accessories for Gamer       "
B0DNJD8K8L,"        Childom 2 Pack Valentines Tablecloth,Valentines Decorations 54"" x 108"" Disposable Plastic Tablecloth,Rose Red Table Cloths for Rectangle,Party Supplies,Valentines Decor,Wedding,Engagement,Anniversary       "
B0DNJR9TRB,        Monocular-Telescope High Powered for Smartphone Monoculars 80x100 for Adults High Definition Monocular Telescope for Stargazing Hunting Wildlife Bird Watching Travel Camping Hiking       
B0DNM616GH,"        2025 New Hydrogen Water Generator Bottles, Portable Hydrogenated Water Bottle with SPE PEM Technology, 420ml Hydrogen Water Bottle Generator, Rechargeable Ionizer Machine for Home, Office, and Travel       "
B0DNMNPJZR,        Easy@Home Smart Timing Pregnancy Test: Accurate Early hCG Detection - Fast Results & Easy to Use at-Home Tests with Love Heart Indicator | 5 Pack       
B0DNQ1SDFH,"        24 Pcs Football Cupcake Toppers, Disposable Football Themed Toothpicks, Touchdown Players Flagship Cake Toppers, Football Party Decorations for Sports Theme Baby Shower Birthday Party Supplies       "
B0DNS9R88M,"        Pet-Friendly Ice Melt – Fast-Acting Magnesium Chloride Formula, Safer for Pets & Surfaces, 15lb Bucket with Scoop       "
B0DNZ8SWGW,"        120 Gallon Outdoor Storage Box - 120 Gallon Deck Box Waterproof Patio Furniture, Garden Tools, Cushions, Pool Accessories Outside Storage Resin Box,Light Brown       "
B0DP21K2KC,"        Black Touch Up Paint for Cars, Car Paint Scratch Repair Pen, Color Accurate Automotive Paint Quick and Easy Fix Vehicles Chip Rim Scuff Repair       "
B0DP358WJ9,"        3.5 Inch Egg Ring with Foldable Handle, Stainless Steel Heart Shaped Egg Rings for Frying Eggs, English Muffins, Cooking Breakfast Sandwich Burger, 2 Pack       "
B0DP7CZKMP,"        JOYIN 28 Packs Valentines Day Prefilled Hearts with Plush Animal Finger Puppet and Valentins Card for Kids Classroom Exchange, Valentine Party Favors, Gift Exchange, Game Prizes       "
B0DP8PYQDD,"        Vacuum Sealer Machine,75Kpa Precision Suction Power 6-in-1 Food Sealer with Digital Timer, Dry & Moist Food Modes, Compact Design with 10 Vacuum Bags & Bulit-in Cutter(Sliver)       "
B0DPCDQ4YK,"        ChildFun Valentines Day Gifts for Kids School, 28 Pack Heart Pop Fidget Toys with Valentines Cards for Kids Classroom, Kids Valentines Day Gifts for School, Classroom Exchange Party Favors Prizes       "
B0DPFZ3HC8,"        2 PCS 30 oz Spill Proof Tumbler Flip Straw Lid for Stanley Cup, Leak Proof Tumbler Lid Replacement Fit for Stanley Quencher, Reusable Tumbler Cover 30oz Stanley Cup Accessories (white)       "
B0DPGCVKH2,"        Cirkul 40oz. Chameleon Stainless Steel Tumbler with Handle, All-Day StrawSip, Double-Wall Insulated       "
B0DPH8SCJP,"        MZK Cordless Leaf Blower,20V Battery Powered Leaf Blower for Lawn Care, Electric Lightweight Mini Leaf Blower(Battery & Charger Included)       "
B0DPJJ5T7Y,        Pennington Classic Wild Bird Feed -20lbs       
B0DPJMNGZD,        Tonies Abby Cadabby Audio Toy Figurine from Sesame Street       
B0DPJMSVYX,        Tonies Remy Audio Toy Figurine from Disney and Pixar's Ratatouille       
B0DPPCQ42H,"        Husband Valentines Day Gifts, 8PCS Valentines Day Gifts for Him Husband Bulk Set Includes Tumbler Straw Apron Socks Key Chain, Best Husband Ever Gifts from Wife for Anniversary Birthday Christmas       "
B0DPPJJJD5,"        Pet Safe Ice Melt Safe for Concrete -35 lb Snow Salt Ice Melt Pet Friendly, Green Salt for Snow and Ice Removal, Sidewalk Salt, Driveway Salt, Snow Melt is Effective Up to -5       "
B0DPWYGNG9,"        Aoxun 6x3.9 FT Shed with Base Metal Outdoor Storage Shed Garden Shed with Lockable Doors Tool Shed Bike Shed for Backyard, Patio, Poolside (Brown)       "
B0DQ4QDXL1,"        5K Camcorder Video Camera HD 64MP Camcorder 18X Digital Zoom with IR Night Version Vlogging Camera for Youtube 3.0"" LCD Touch Screen with WIFI, Lens Hood, 32 GB SD Card and Remote Control, Microphone       "
B0DQJBMZVW,"        Lattafa Asad Bourbon for Unisex Eau de Parfum Spray, 3.4 Ounce / 100 ml       "
B0DQKX7TD1,"        31 Gallon Resin Deck Boxes Waterproof, UV Resistant Outdoor Storage Box Lockable Lid for Delivery Box, Indoor, Garden, Pool Supplies, Patio Cushions, Black       "
B0DQL11C1X,"        AIPER Cordless Robotic Pool Cleaner, Pool Vacuum with Self-Parking Technology, Portable, Ideal for Above-Ground Flat Pool up to 40 Feet, Grey (Renewed)       "
B0DQNJ3V7N,"        AIPER Seagull Pro Cordless Robotic Pool Cleaner, WavePath Navigation, Wall-Climbing, Quad-Motor, 150 mins Runtime for Inground Pools up to 1,600 sq.ft (Renewed)       "
B0DR2CF3LG,        Cooler Backpack Soft Insulated Leak Proof 30/40/50/54 Cans Insulated Backpack Cooler Portable Picnic Camping Beach Hiking BBQ Lunch Backpack for Men and Women       
B0DR3G5KJZ,        Minecraft: Minecoins Pack       
B0DRFCW799,"        BOBOVR E3 Pro Battery Strap Accessories for Meta Quest3/3S,10000mah Hot Swappable Fast Charging Battery and 3.5mm Audio Expansion       "
B0DSGJ9ZMR,"        Ice Melt Safer for Concrete -20 lb Bag, Snow Salt Ice Melt, Salt for Snow and Ice Removal, Sidewalk Salt, Driveway Salt, Snow Melt is Effective Up to -15       "
B0DSHZ3VC9,"        8 x 6 ft Resin Storage Shed with Floor, Outdoor Tool Shed with Window, Vents, and Stainless Steel Cores, for Lawnmowers/Bicycles/Pool Supplies, Grey       "
B0DSM383HM,"        Pet Safe Ice Melt Safe for Concrete - 50 lb Snow Salt Ice Melt Pet Friendly, Salt for Snow and Ice Removal, Sidewalk Salt, Driveway Salt, Snow Melt is Effective Up to -15       "
B0DSVT9TKT,"        AIPER Cordless Robotic Pool Vacuum, Self-Parking Technology, Portable, Ideal for Above-Ground Flat Pool up to 40 Feet, White (Renewed)       "
B0DSWN6YTB,"        Ice Melt, Pet Safe Ice Melt, 10 LBS Premium Snow Melter with Scoop, Pure Magnesium Chloride, Safer for Pets, Concrete, Effective to -35 F, 10 lb       "
B0DT9HN6WR,"        Camcorder Video Camera 4K HD 44MP Vlogging Camera for YouTube 18X Digital Zoom Camcorder 3.0"" IPS Screen IR Night Vision Camcorder with External Microphone, Controller, 2 Batteries and 32G SD Card       "
B0DTH8W1RZ,"        RYR Wireless Gaming Headset for Xbox Series X|S, Xbox One, PC, PS5/4, Mac, Mobile, Switch, 3D Surround Sound, Bluetooth 5.3, 60H Battery, Gaming Headphones with Detachable Noise Canceling Mic-Black       "
B0DTH9H3X9,"        SMUG Table top Fire Pit, Smokeless Fireplace with Carrying Bag, Outdoor Fireplace with Stand, Portable Camping Firepit Stove for Patio, 304 Stainless Steel Smores Maker 7inches, Classic Blue       "
B0DTJ8BC3W,        Littlearth NFL Unisex-Adult NFL Basic Pet Jersey       
B0DTK8LMZ4,"        OLIXIS 7 Inch Solo Stove, Small Wood Burning or Pellet Stove, Tabletop Fire Pit with Foldable Leg and Removable Ash, Smokeless, Portable Stainless Steel Firepits for Outdoor, Camping and Patio, Red       "
B0DV5SP8Q3,        2024 Panini Donruss Holiday Football Trading Cards Blaster Box       
