2025-03-09T13:36:53.516+08:00  INFO 42764 --- [CommentAnalysis] [restartedMain] c.b.c.CommentAnalysisApplication         : Starting CommentAnalysisApplication using Java 22.0.1 with PID 42764 (E:\Comment Analysis Git\User-fine-grained-sentiment-analysis-and-visualization-system\BackEnd\CommentAnalysis\target\classes started by thunder lee in E:\Comment Analysis Git\User-fine-grained-sentiment-analysis-and-visualization-system\BackEnd)
2025-03-09T13:36:53.528+08:00  INFO 42764 --- [CommentAnalysis] [restartedMain] c.b.c.CommentAnalysisApplication         : No active profile set, falling back to 1 default profile: "default"
2025-03-09T13:36:53.604+08:00  INFO 42764 --- [CommentAnalysis] [restartedMain] o.s.b.devtools.restart.ChangeableUrls    : The Class-Path manifest attribute in E:\apache-maven-3.9.8-bin\maven-repository\com\oracle\database\jdbc\ojdbc11\21.9.0.0\ojdbc11-21.9.0.0.jar referenced one or more files that do not exist: file:/E:/apache-maven-3.9.8-bin/maven-repository/com/oracle/database/jdbc/ojdbc11/21.9.0.0/oraclepki.jar
2025-03-09T13:36:53.605+08:00  INFO 42764 --- [CommentAnalysis] [restartedMain] .e.DevToolsPropertyDefaultsPostProcessor : Devtools property defaults active! Set 'spring.devtools.add-properties' to 'false' to disable
2025-03-09T13:36:53.605+08:00  INFO 42764 --- [CommentAnalysis] [restartedMain] .e.DevToolsPropertyDefaultsPostProcessor : For additional web related logging consider setting the 'logging.level.web' property to 'DEBUG'
2025-03-09T13:36:54.201+08:00  INFO 42764 --- [CommentAnalysis] [restartedMain] .s.d.r.c.RepositoryConfigurationDelegate : Multiple Spring Data modules found, entering strict repository configuration mode
2025-03-09T13:36:54.202+08:00  INFO 42764 --- [CommentAnalysis] [restartedMain] .s.d.r.c.RepositoryConfigurationDelegate : Bootstrapping Spring Data Neo4j repositories in DEFAULT mode.
2025-03-09T13:36:54.323+08:00  INFO 42764 --- [CommentAnalysis] [restartedMain] .s.d.r.c.RepositoryConfigurationDelegate : Finished Spring Data repository scanning in 115 ms. Found 1 Neo4j repository interface.
2025-03-09T13:36:54.542+08:00  INFO 42764 --- [CommentAnalysis] [restartedMain] .s.d.r.c.RepositoryConfigurationDelegate : Multiple Spring Data modules found, entering strict repository configuration mode
2025-03-09T13:36:54.542+08:00  INFO 42764 --- [CommentAnalysis] [restartedMain] .s.d.r.c.RepositoryConfigurationDelegate : Bootstrapping Spring Data Neo4j repositories in DEFAULT mode.
2025-03-09T13:36:54.559+08:00  INFO 42764 --- [CommentAnalysis] [restartedMain] .s.d.r.c.RepositoryConfigurationDelegate : Finished Spring Data repository scanning in 16 ms. Found 0 Neo4j repository interfaces.
2025-03-09T13:36:54.570+08:00  INFO 42764 --- [CommentAnalysis] [restartedMain] .s.d.r.c.RepositoryConfigurationDelegate : Multiple Spring Data modules found, entering strict repository configuration mode
2025-03-09T13:36:54.571+08:00  INFO 42764 --- [CommentAnalysis] [restartedMain] .s.d.r.c.RepositoryConfigurationDelegate : Bootstrapping Spring Data Redis repositories in DEFAULT mode.
2025-03-09T13:36:54.589+08:00  INFO 42764 --- [CommentAnalysis] [restartedMain] .RepositoryConfigurationExtensionSupport : Spring Data Redis - Could not safely identify store assignment for repository candidate interface com.backend.commentanalysis.repository.ProductRepository; If you want this repository to be a Redis repository, consider annotating your entities with one of these annotations: org.springframework.data.redis.core.RedisHash (preferred), or consider extending one of the following types with your repository: org.springframework.data.keyvalue.repository.KeyValueRepository
2025-03-09T13:36:54.589+08:00  INFO 42764 --- [CommentAnalysis] [restartedMain] .s.d.r.c.RepositoryConfigurationDelegate : Finished Spring Data repository scanning in 9 ms. Found 0 Redis repository interfaces.
2025-03-09T13:36:55.339+08:00  INFO 42764 --- [CommentAnalysis] [restartedMain] o.s.b.w.embedded.tomcat.TomcatWebServer  : Tomcat initialized with port 8081 (http)
2025-03-09T13:36:55.355+08:00  INFO 42764 --- [CommentAnalysis] [restartedMain] o.apache.catalina.core.StandardService   : Starting service [Tomcat]
2025-03-09T13:36:55.355+08:00  INFO 42764 --- [CommentAnalysis] [restartedMain] o.apache.catalina.core.StandardEngine    : Starting Servlet engine: [Apache Tomcat/10.1.30]
2025-03-09T13:36:55.402+08:00  INFO 42764 --- [CommentAnalysis] [restartedMain] o.a.c.c.C.[Tomcat].[localhost].[/]       : Initializing Spring embedded WebApplicationContext
2025-03-09T13:36:55.403+08:00  INFO 42764 --- [CommentAnalysis] [restartedMain] w.s.c.ServletWebServerApplicationContext : Root WebApplicationContext: initialization completed in 1797 ms
2025-03-09T13:36:55.420+08:00  WARN 42764 --- [CommentAnalysis] [restartedMain] .s.b.d.a.RemoteDevToolsAutoConfiguration : Listening for remote restart updates on /.~~spring-boot!~/restart
2025-03-09T13:36:56.076+08:00  INFO 42764 --- [CommentAnalysis] [restartedMain] o.neo4j.driver.internal.DriverFactory    : Direct driver instance 2071589729 created for server address localhost:7687
2025-03-09T13:36:56.159+08:00  WARN 42764 --- [CommentAnalysis] [restartedMain] o.s.d.n.c.mapping.Neo4jPersistentEntity  : The entity com.backend.commentanalysis.entity.neo4j.OpinionNeo4j is using a Long value for storing internally generated Neo4j ids. The Neo4j internal Long Ids are deprecated, please consider using an external ID generator.
2025-03-09T13:36:56.202+08:00  INFO 42764 --- [CommentAnalysis] [restartedMain] o.s.b.d.a.OptionalLiveReloadServer       : LiveReload server is running on port 35729
2025-03-09T13:36:56.204+08:00  WARN 42764 --- [CommentAnalysis] [restartedMain] o.s.d.n.c.mapping.Neo4jPersistentEntity  : The entity com.backend.commentanalysis.entity.neo4j.AspectNeo4j is using a Long value for storing internally generated Neo4j ids. The Neo4j internal Long Ids are deprecated, please consider using an external ID generator.
2025-03-09T13:36:56.209+08:00  WARN 42764 --- [CommentAnalysis] [restartedMain] o.s.d.n.c.mapping.Neo4jPersistentEntity  : The entity com.backend.commentanalysis.entity.relation.HasAspect is using a Long value for storing internally generated Neo4j ids. The Neo4j internal Long Ids are deprecated, please consider using an external ID generator.
2025-03-09T13:36:56.211+08:00  WARN 42764 --- [CommentAnalysis] [restartedMain] o.s.d.n.c.mapping.Neo4jPersistentEntity  : The entity com.backend.commentanalysis.entity.relation.HasOpinion is using a Long value for storing internally generated Neo4j ids. The Neo4j internal Long Ids are deprecated, please consider using an external ID generator.
2025-03-09T13:36:56.953+08:00  INFO 42764 --- [CommentAnalysis] [restartedMain] o.s.b.w.embedded.tomcat.TomcatWebServer  : Tomcat started on port 8081 (http) with context path '/'
2025-03-09T13:36:56.960+08:00  INFO 42764 --- [CommentAnalysis] [restartedMain] c.b.c.CommentAnalysisApplication         : Started CommentAnalysisApplication in 3.86 seconds (process running for 4.677)
2025-03-09T13:41:00.465+08:00  INFO 42764 --- [CommentAnalysis] [SpringApplicationShutdownHook] o.neo4j.driver.internal.InternalDriver   : Closing driver instance 2071589729
2025-03-09T13:41:04.301+08:00  INFO 30064 --- [CommentAnalysis] [restartedMain] c.b.c.CommentAnalysisApplication         : Starting CommentAnalysisApplication using Java 22.0.1 with PID 30064 (E:\Comment Analysis Git\User-fine-grained-sentiment-analysis-and-visualization-system\BackEnd\CommentAnalysis\target\classes started by thunder lee in E:\Comment Analysis Git\User-fine-grained-sentiment-analysis-and-visualization-system\BackEnd)
2025-03-09T13:41:04.303+08:00  INFO 30064 --- [CommentAnalysis] [restartedMain] c.b.c.CommentAnalysisApplication         : No active profile set, falling back to 1 default profile: "default"
2025-03-09T13:41:04.359+08:00  INFO 30064 --- [CommentAnalysis] [restartedMain] o.s.b.devtools.restart.ChangeableUrls    : The Class-Path manifest attribute in E:\apache-maven-3.9.8-bin\maven-repository\com\oracle\database\jdbc\ojdbc11\21.9.0.0\ojdbc11-21.9.0.0.jar referenced one or more files that do not exist: file:/E:/apache-maven-3.9.8-bin/maven-repository/com/oracle/database/jdbc/ojdbc11/21.9.0.0/oraclepki.jar
2025-03-09T13:41:04.359+08:00  INFO 30064 --- [CommentAnalysis] [restartedMain] .e.DevToolsPropertyDefaultsPostProcessor : Devtools property defaults active! Set 'spring.devtools.add-properties' to 'false' to disable
2025-03-09T13:41:04.359+08:00  INFO 30064 --- [CommentAnalysis] [restartedMain] .e.DevToolsPropertyDefaultsPostProcessor : For additional web related logging consider setting the 'logging.level.web' property to 'DEBUG'
2025-03-09T13:41:04.913+08:00  INFO 30064 --- [CommentAnalysis] [restartedMain] .s.d.r.c.RepositoryConfigurationDelegate : Multiple Spring Data modules found, entering strict repository configuration mode
2025-03-09T13:41:04.913+08:00  INFO 30064 --- [CommentAnalysis] [restartedMain] .s.d.r.c.RepositoryConfigurationDelegate : Bootstrapping Spring Data Neo4j repositories in DEFAULT mode.
2025-03-09T13:41:05.022+08:00  INFO 30064 --- [CommentAnalysis] [restartedMain] .s.d.r.c.RepositoryConfigurationDelegate : Finished Spring Data repository scanning in 104 ms. Found 1 Neo4j repository interface.
2025-03-09T13:41:05.268+08:00  INFO 30064 --- [CommentAnalysis] [restartedMain] .s.d.r.c.RepositoryConfigurationDelegate : Multiple Spring Data modules found, entering strict repository configuration mode
2025-03-09T13:41:05.268+08:00  INFO 30064 --- [CommentAnalysis] [restartedMain] .s.d.r.c.RepositoryConfigurationDelegate : Bootstrapping Spring Data Neo4j repositories in DEFAULT mode.
2025-03-09T13:41:05.288+08:00  INFO 30064 --- [CommentAnalysis] [restartedMain] .s.d.r.c.RepositoryConfigurationDelegate : Finished Spring Data repository scanning in 20 ms. Found 0 Neo4j repository interfaces.
2025-03-09T13:41:05.298+08:00  INFO 30064 --- [CommentAnalysis] [restartedMain] .s.d.r.c.RepositoryConfigurationDelegate : Multiple Spring Data modules found, entering strict repository configuration mode
2025-03-09T13:41:05.299+08:00  INFO 30064 --- [CommentAnalysis] [restartedMain] .s.d.r.c.RepositoryConfigurationDelegate : Bootstrapping Spring Data Redis repositories in DEFAULT mode.
2025-03-09T13:41:05.316+08:00  INFO 30064 --- [CommentAnalysis] [restartedMain] .RepositoryConfigurationExtensionSupport : Spring Data Redis - Could not safely identify store assignment for repository candidate interface com.backend.commentanalysis.repository.ProductRepository; If you want this repository to be a Redis repository, consider annotating your entities with one of these annotations: org.springframework.data.redis.core.RedisHash (preferred), or consider extending one of the following types with your repository: org.springframework.data.keyvalue.repository.KeyValueRepository
2025-03-09T13:41:05.316+08:00  INFO 30064 --- [CommentAnalysis] [restartedMain] .s.d.r.c.RepositoryConfigurationDelegate : Finished Spring Data repository scanning in 10 ms. Found 0 Redis repository interfaces.
2025-03-09T13:41:06.180+08:00  INFO 30064 --- [CommentAnalysis] [restartedMain] o.s.b.w.embedded.tomcat.TomcatWebServer  : Tomcat initialized with port 8081 (http)
2025-03-09T13:41:06.197+08:00  INFO 30064 --- [CommentAnalysis] [restartedMain] o.apache.catalina.core.StandardService   : Starting service [Tomcat]
2025-03-09T13:41:06.197+08:00  INFO 30064 --- [CommentAnalysis] [restartedMain] o.apache.catalina.core.StandardEngine    : Starting Servlet engine: [Apache Tomcat/10.1.30]
2025-03-09T13:41:06.244+08:00  INFO 30064 --- [CommentAnalysis] [restartedMain] o.a.c.c.C.[Tomcat].[localhost].[/]       : Initializing Spring embedded WebApplicationContext
2025-03-09T13:41:06.244+08:00  INFO 30064 --- [CommentAnalysis] [restartedMain] w.s.c.ServletWebServerApplicationContext : Root WebApplicationContext: initialization completed in 1885 ms
2025-03-09T13:41:06.262+08:00  WARN 30064 --- [CommentAnalysis] [restartedMain] .s.b.d.a.RemoteDevToolsAutoConfiguration : Listening for remote restart updates on /.~~spring-boot!~/restart
2025-03-09T13:41:06.928+08:00  INFO 30064 --- [CommentAnalysis] [restartedMain] o.neo4j.driver.internal.DriverFactory    : Direct driver instance 2011899036 created for server address localhost:7687
2025-03-09T13:41:07.023+08:00  WARN 30064 --- [CommentAnalysis] [restartedMain] o.s.d.n.c.mapping.Neo4jPersistentEntity  : The entity com.backend.commentanalysis.entity.neo4j.OpinionNeo4j is using a Long value for storing internally generated Neo4j ids. The Neo4j internal Long Ids are deprecated, please consider using an external ID generator.
2025-03-09T13:41:07.066+08:00  INFO 30064 --- [CommentAnalysis] [restartedMain] o.s.b.d.a.OptionalLiveReloadServer       : LiveReload server is running on port 35729
2025-03-09T13:41:07.069+08:00  WARN 30064 --- [CommentAnalysis] [restartedMain] o.s.d.n.c.mapping.Neo4jPersistentEntity  : The entity com.backend.commentanalysis.entity.neo4j.AspectNeo4j is using a Long value for storing internally generated Neo4j ids. The Neo4j internal Long Ids are deprecated, please consider using an external ID generator.
2025-03-09T13:41:07.074+08:00  WARN 30064 --- [CommentAnalysis] [restartedMain] o.s.d.n.c.mapping.Neo4jPersistentEntity  : The entity com.backend.commentanalysis.entity.relation.HasOpinion is using a Long value for storing internally generated Neo4j ids. The Neo4j internal Long Ids are deprecated, please consider using an external ID generator.
2025-03-09T13:41:07.076+08:00  WARN 30064 --- [CommentAnalysis] [restartedMain] o.s.d.n.c.mapping.Neo4jPersistentEntity  : The entity com.backend.commentanalysis.entity.relation.HasAspect is using a Long value for storing internally generated Neo4j ids. The Neo4j internal Long Ids are deprecated, please consider using an external ID generator.
2025-03-09T13:41:07.866+08:00  INFO 30064 --- [CommentAnalysis] [restartedMain] o.s.b.w.embedded.tomcat.TomcatWebServer  : Tomcat started on port 8081 (http) with context path '/'
2025-03-09T13:41:07.875+08:00  INFO 30064 --- [CommentAnalysis] [restartedMain] c.b.c.CommentAnalysisApplication         : Started CommentAnalysisApplication in 3.953 seconds (process running for 4.563)
2025-03-09T13:41:42.245+08:00  INFO 30064 --- [CommentAnalysis] [http-nio-8081-exec-1] o.a.c.c.C.[Tomcat].[localhost].[/]       : Initializing Spring DispatcherServlet 'dispatcherServlet'
2025-03-09T13:41:42.245+08:00  INFO 30064 --- [CommentAnalysis] [http-nio-8081-exec-1] o.s.web.servlet.DispatcherServlet        : Initializing Servlet 'dispatcherServlet'
2025-03-09T13:41:42.247+08:00  INFO 30064 --- [CommentAnalysis] [http-nio-8081-exec-1] o.s.web.servlet.DispatcherServlet        : Completed initialization in 2 ms
2025-03-09T13:41:43.216+08:00  INFO 30064 --- [CommentAnalysis] [http-nio-8081-exec-8] o.springdoc.api.AbstractOpenApiResource  : Init duration for springdoc-openapi is: 316 ms
2025-03-09T13:41:53.630+08:00  INFO 30064 --- [CommentAnalysis] [http-nio-8081-exec-4] com.zaxxer.hikari.HikariDataSource       : HikariPool-1 - Starting...
2025-03-09T13:41:54.103+08:00  INFO 30064 --- [CommentAnalysis] [http-nio-8081-exec-4] com.zaxxer.hikari.pool.HikariPool        : HikariPool-1 - Added connection com.mysql.cj.jdbc.ConnectionImpl@57b0e50c
2025-03-09T13:41:54.104+08:00  INFO 30064 --- [CommentAnalysis] [http-nio-8081-exec-4] com.zaxxer.hikari.HikariDataSource       : HikariPool-1 - Start completed.
2025-03-09T14:25:16.237+08:00  INFO 30064 --- [CommentAnalysis] [SpringApplicationShutdownHook] o.neo4j.driver.internal.InternalDriver   : Closing driver instance 2011899036
2025-03-09T14:25:16.488+08:00  INFO 30064 --- [CommentAnalysis] [SpringApplicationShutdownHook] com.zaxxer.hikari.HikariDataSource       : HikariPool-1 - Shutdown initiated...
2025-03-09T14:25:16.507+08:00  INFO 30064 --- [CommentAnalysis] [SpringApplicationShutdownHook] com.zaxxer.hikari.HikariDataSource       : HikariPool-1 - Shutdown completed.
2025-03-09T17:02:21.577+08:00  INFO 39144 --- [CommentAnalysis] [restartedMain] c.b.c.CommentAnalysisApplication         : Starting CommentAnalysisApplication using Java 22.0.1 with PID 39144 (E:\Comment Analysis Git\User-fine-grained-sentiment-analysis-and-visualization-system\BackEnd\CommentAnalysis\target\classes started by thunder lee in E:\Comment Analysis Git\User-fine-grained-sentiment-analysis-and-visualization-system\BackEnd)
2025-03-09T17:02:21.580+08:00  INFO 39144 --- [CommentAnalysis] [restartedMain] c.b.c.CommentAnalysisApplication         : No active profile set, falling back to 1 default profile: "default"
2025-03-09T17:02:21.656+08:00  INFO 39144 --- [CommentAnalysis] [restartedMain] o.s.b.devtools.restart.ChangeableUrls    : The Class-Path manifest attribute in E:\apache-maven-3.9.8-bin\maven-repository\com\oracle\database\jdbc\ojdbc11\21.9.0.0\ojdbc11-21.9.0.0.jar referenced one or more files that do not exist: file:/E:/apache-maven-3.9.8-bin/maven-repository/com/oracle/database/jdbc/ojdbc11/21.9.0.0/oraclepki.jar
2025-03-09T17:02:21.657+08:00  INFO 39144 --- [CommentAnalysis] [restartedMain] .e.DevToolsPropertyDefaultsPostProcessor : Devtools property defaults active! Set 'spring.devtools.add-properties' to 'false' to disable
2025-03-09T17:02:21.657+08:00  INFO 39144 --- [CommentAnalysis] [restartedMain] .e.DevToolsPropertyDefaultsPostProcessor : For additional web related logging consider setting the 'logging.level.web' property to 'DEBUG'
2025-03-09T17:02:22.417+08:00  INFO 39144 --- [CommentAnalysis] [restartedMain] .s.d.r.c.RepositoryConfigurationDelegate : Multiple Spring Data modules found, entering strict repository configuration mode
2025-03-09T17:02:22.419+08:00  INFO 39144 --- [CommentAnalysis] [restartedMain] .s.d.r.c.RepositoryConfigurationDelegate : Bootstrapping Spring Data Neo4j repositories in DEFAULT mode.
2025-03-09T17:02:22.555+08:00  INFO 39144 --- [CommentAnalysis] [restartedMain] .s.d.r.c.RepositoryConfigurationDelegate : Finished Spring Data repository scanning in 129 ms. Found 1 Neo4j repository interface.
2025-03-09T17:02:22.818+08:00  INFO 39144 --- [CommentAnalysis] [restartedMain] .s.d.r.c.RepositoryConfigurationDelegate : Multiple Spring Data modules found, entering strict repository configuration mode
2025-03-09T17:02:22.818+08:00  INFO 39144 --- [CommentAnalysis] [restartedMain] .s.d.r.c.RepositoryConfigurationDelegate : Bootstrapping Spring Data Neo4j repositories in DEFAULT mode.
2025-03-09T17:02:22.840+08:00  INFO 39144 --- [CommentAnalysis] [restartedMain] .s.d.r.c.RepositoryConfigurationDelegate : Finished Spring Data repository scanning in 21 ms. Found 0 Neo4j repository interfaces.
2025-03-09T17:02:22.853+08:00  INFO 39144 --- [CommentAnalysis] [restartedMain] .s.d.r.c.RepositoryConfigurationDelegate : Multiple Spring Data modules found, entering strict repository configuration mode
2025-03-09T17:02:22.855+08:00  INFO 39144 --- [CommentAnalysis] [restartedMain] .s.d.r.c.RepositoryConfigurationDelegate : Bootstrapping Spring Data Redis repositories in DEFAULT mode.
2025-03-09T17:02:22.877+08:00  INFO 39144 --- [CommentAnalysis] [restartedMain] .RepositoryConfigurationExtensionSupport : Spring Data Redis - Could not safely identify store assignment for repository candidate interface com.backend.commentanalysis.repository.ProductRepository; If you want this repository to be a Redis repository, consider annotating your entities with one of these annotations: org.springframework.data.redis.core.RedisHash (preferred), or consider extending one of the following types with your repository: org.springframework.data.keyvalue.repository.KeyValueRepository
2025-03-09T17:02:22.877+08:00  INFO 39144 --- [CommentAnalysis] [restartedMain] .s.d.r.c.RepositoryConfigurationDelegate : Finished Spring Data repository scanning in 12 ms. Found 0 Redis repository interfaces.
2025-03-09T17:02:23.741+08:00  INFO 39144 --- [CommentAnalysis] [restartedMain] o.s.b.w.embedded.tomcat.TomcatWebServer  : Tomcat initialized with port 8081 (http)
2025-03-09T17:02:23.759+08:00  INFO 39144 --- [CommentAnalysis] [restartedMain] o.apache.catalina.core.StandardService   : Starting service [Tomcat]
2025-03-09T17:02:23.760+08:00  INFO 39144 --- [CommentAnalysis] [restartedMain] o.apache.catalina.core.StandardEngine    : Starting Servlet engine: [Apache Tomcat/10.1.30]
2025-03-09T17:02:23.821+08:00  INFO 39144 --- [CommentAnalysis] [restartedMain] o.a.c.c.C.[Tomcat].[localhost].[/]       : Initializing Spring embedded WebApplicationContext
2025-03-09T17:02:23.821+08:00  INFO 39144 --- [CommentAnalysis] [restartedMain] w.s.c.ServletWebServerApplicationContext : Root WebApplicationContext: initialization completed in 2164 ms
2025-03-09T17:02:23.842+08:00  WARN 39144 --- [CommentAnalysis] [restartedMain] .s.b.d.a.RemoteDevToolsAutoConfiguration : Listening for remote restart updates on /.~~spring-boot!~/restart
2025-03-09T17:02:24.641+08:00  INFO 39144 --- [CommentAnalysis] [restartedMain] o.neo4j.driver.internal.DriverFactory    : Direct driver instance 1609312809 created for server address localhost:7687
2025-03-09T17:02:24.741+08:00  WARN 39144 --- [CommentAnalysis] [restartedMain] o.s.d.n.c.mapping.Neo4jPersistentEntity  : The entity com.backend.commentanalysis.entity.neo4j.OpinionNeo4j is using a Long value for storing internally generated Neo4j ids. The Neo4j internal Long Ids are deprecated, please consider using an external ID generator.
2025-03-09T17:02:24.789+08:00  INFO 39144 --- [CommentAnalysis] [restartedMain] o.s.b.d.a.OptionalLiveReloadServer       : LiveReload server is running on port 35729
2025-03-09T17:02:24.792+08:00  WARN 39144 --- [CommentAnalysis] [restartedMain] o.s.d.n.c.mapping.Neo4jPersistentEntity  : The entity com.backend.commentanalysis.entity.relation.HasOpinion is using a Long value for storing internally generated Neo4j ids. The Neo4j internal Long Ids are deprecated, please consider using an external ID generator.
2025-03-09T17:02:24.797+08:00  WARN 39144 --- [CommentAnalysis] [restartedMain] o.s.d.n.c.mapping.Neo4jPersistentEntity  : The entity com.backend.commentanalysis.entity.neo4j.AspectNeo4j is using a Long value for storing internally generated Neo4j ids. The Neo4j internal Long Ids are deprecated, please consider using an external ID generator.
2025-03-09T17:02:24.798+08:00  WARN 39144 --- [CommentAnalysis] [restartedMain] o.s.d.n.c.mapping.Neo4jPersistentEntity  : The entity com.backend.commentanalysis.entity.relation.HasAspect is using a Long value for storing internally generated Neo4j ids. The Neo4j internal Long Ids are deprecated, please consider using an external ID generator.
2025-03-09T17:02:25.685+08:00  INFO 39144 --- [CommentAnalysis] [restartedMain] o.s.b.w.embedded.tomcat.TomcatWebServer  : Tomcat started on port 8081 (http) with context path '/'
2025-03-09T17:02:25.695+08:00  INFO 39144 --- [CommentAnalysis] [restartedMain] c.b.c.CommentAnalysisApplication         : Started CommentAnalysisApplication in 4.804 seconds (process running for 6.033)
2025-03-09T17:02:28.133+08:00  INFO 39144 --- [CommentAnalysis] [http-nio-8081-exec-1] o.a.c.c.C.[Tomcat].[localhost].[/]       : Initializing Spring DispatcherServlet 'dispatcherServlet'
2025-03-09T17:02:28.134+08:00  INFO 39144 --- [CommentAnalysis] [http-nio-8081-exec-1] o.s.web.servlet.DispatcherServlet        : Initializing Servlet 'dispatcherServlet'
2025-03-09T17:02:28.135+08:00  INFO 39144 --- [CommentAnalysis] [http-nio-8081-exec-1] o.s.web.servlet.DispatcherServlet        : Completed initialization in 1 ms
2025-03-09T17:02:29.211+08:00  INFO 39144 --- [CommentAnalysis] [http-nio-8081-exec-2] o.springdoc.api.AbstractOpenApiResource  : Init duration for springdoc-openapi is: 355 ms
2025-03-09T17:02:33.258+08:00  INFO 39144 --- [CommentAnalysis] [http-nio-8081-exec-7] com.zaxxer.hikari.HikariDataSource       : HikariPool-1 - Starting...
2025-03-09T17:02:33.756+08:00  INFO 39144 --- [CommentAnalysis] [http-nio-8081-exec-7] com.zaxxer.hikari.pool.HikariPool        : HikariPool-1 - Added connection com.mysql.cj.jdbc.ConnectionImpl@57c43ca3
2025-03-09T17:02:33.757+08:00  INFO 39144 --- [CommentAnalysis] [http-nio-8081-exec-7] com.zaxxer.hikari.HikariDataSource       : HikariPool-1 - Start completed.
2025-03-09T17:03:41.214+08:00 ERROR 39144 --- [CommentAnalysis] [http-nio-8081-exec-3] o.a.c.c.C.[.[.[/].[dispatcherServlet]    : Servlet.service() for servlet [dispatcherServlet] in context with path [] threw exception [Request processing failed: org.springframework.data.redis.serializer.SerializationException: Cannot serialize] with root cause

java.lang.IllegalArgumentException: DefaultSerializer requires a Serializable payload but received an object of type [com.backend.commentanalysis.entity.dto.ProductInfoDTO]
	at org.springframework.core.serializer.DefaultSerializer.serialize(DefaultSerializer.java:43) ~[spring-core-6.1.13.jar:6.1.13]
	at org.springframework.core.serializer.Serializer.serializeToByteArray(Serializer.java:56) ~[spring-core-6.1.13.jar:6.1.13]
	at org.springframework.core.serializer.support.SerializingConverter.convert(SerializingConverter.java:60) ~[spring-core-6.1.13.jar:6.1.13]
	at org.springframework.core.serializer.support.SerializingConverter.convert(SerializingConverter.java:33) ~[spring-core-6.1.13.jar:6.1.13]
	at org.springframework.data.redis.serializer.JdkSerializationRedisSerializer.serialize(JdkSerializationRedisSerializer.java:95) ~[spring-data-redis-3.3.4.jar:3.3.4]
	at org.springframework.data.redis.serializer.DefaultRedisElementWriter.write(DefaultRedisElementWriter.java:42) ~[spring-data-redis-3.3.4.jar:3.3.4]
	at org.springframework.data.redis.serializer.RedisSerializationContext$SerializationPair.write(RedisSerializationContext.java:292) ~[spring-data-redis-3.3.4.jar:3.3.4]
	at org.springframework.data.redis.cache.RedisCache.serializeCacheValue(RedisCache.java:363) ~[spring-data-redis-3.3.4.jar:3.3.4]
	at org.springframework.data.redis.cache.RedisCache.put(RedisCache.java:224) ~[spring-data-redis-3.3.4.jar:3.3.4]
	at org.springframework.cache.interceptor.AbstractCacheInvoker.doPut(AbstractCacheInvoker.java:87) ~[spring-context-6.1.13.jar:6.1.13]
	at org.springframework.cache.interceptor.CacheAspectSupport$CachePutRequest.performCachePut(CacheAspectSupport.java:1037) ~[spring-context-6.1.13.jar:6.1.13]
	at org.springframework.cache.interceptor.CacheAspectSupport$CachePutRequest.apply(CacheAspectSupport.java:1022) ~[spring-context-6.1.13.jar:6.1.13]
	at org.springframework.cache.interceptor.CacheAspectSupport.evaluate(CacheAspectSupport.java:566) ~[spring-context-6.1.13.jar:6.1.13]
	at org.springframework.cache.interceptor.CacheAspectSupport.execute(CacheAspectSupport.java:433) ~[spring-context-6.1.13.jar:6.1.13]
	at org.springframework.cache.interceptor.CacheAspectSupport.execute(CacheAspectSupport.java:395) ~[spring-context-6.1.13.jar:6.1.13]
	at org.springframework.cache.interceptor.CacheInterceptor.invoke(CacheInterceptor.java:65) ~[spring-context-6.1.13.jar:6.1.13]
	at org.springframework.aop.framework.ReflectiveMethodInvocation.proceed(ReflectiveMethodInvocation.java:184) ~[spring-aop-6.1.13.jar:6.1.13]
	at org.springframework.aop.framework.CglibAopProxy$CglibMethodInvocation.proceed(CglibAopProxy.java:768) ~[spring-aop-6.1.13.jar:6.1.13]
	at org.springframework.aop.framework.CglibAopProxy$DynamicAdvisedInterceptor.intercept(CglibAopProxy.java:720) ~[spring-aop-6.1.13.jar:6.1.13]
	at com.backend.commentanalysis.service.implement.ProductServiceImpl$$SpringCGLIB$$0.getProductInfoByPid(<generated>) ~[classes/:na]
	at com.backend.commentanalysis.controller.ProductController.getProductInfoByPid(ProductController.java:44) ~[classes/:na]
	at java.base/jdk.internal.reflect.DirectMethodHandleAccessor.invoke(DirectMethodHandleAccessor.java:103) ~[na:na]
	at java.base/java.lang.reflect.Method.invoke(Method.java:580) ~[na:na]
	at org.springframework.aop.support.AopUtils.invokeJoinpointUsingReflection(AopUtils.java:355) ~[spring-aop-6.1.13.jar:6.1.13]
	at org.springframework.aop.framework.ReflectiveMethodInvocation.invokeJoinpoint(ReflectiveMethodInvocation.java:196) ~[spring-aop-6.1.13.jar:6.1.13]
	at org.springframework.aop.framework.ReflectiveMethodInvocation.proceed(ReflectiveMethodInvocation.java:163) ~[spring-aop-6.1.13.jar:6.1.13]
	at org.springframework.aop.framework.CglibAopProxy$CglibMethodInvocation.proceed(CglibAopProxy.java:768) ~[spring-aop-6.1.13.jar:6.1.13]
	at org.springframework.validation.beanvalidation.MethodValidationInterceptor.invoke(MethodValidationInterceptor.java:174) ~[spring-context-6.1.13.jar:6.1.13]
	at org.springframework.aop.framework.ReflectiveMethodInvocation.proceed(ReflectiveMethodInvocation.java:184) ~[spring-aop-6.1.13.jar:6.1.13]
	at org.springframework.aop.framework.CglibAopProxy$CglibMethodInvocation.proceed(CglibAopProxy.java:768) ~[spring-aop-6.1.13.jar:6.1.13]
	at org.springframework.aop.framework.CglibAopProxy$DynamicAdvisedInterceptor.intercept(CglibAopProxy.java:720) ~[spring-aop-6.1.13.jar:6.1.13]
	at com.backend.commentanalysis.controller.ProductController$$SpringCGLIB$$0.getProductInfoByPid(<generated>) ~[classes/:na]
	at java.base/jdk.internal.reflect.DirectMethodHandleAccessor.invoke(DirectMethodHandleAccessor.java:103) ~[na:na]
	at java.base/java.lang.reflect.Method.invoke(Method.java:580) ~[na:na]
	at org.springframework.web.method.support.InvocableHandlerMethod.doInvoke(InvocableHandlerMethod.java:255) ~[spring-web-6.1.13.jar:6.1.13]
	at org.springframework.web.method.support.InvocableHandlerMethod.invokeForRequest(InvocableHandlerMethod.java:188) ~[spring-web-6.1.13.jar:6.1.13]
	at org.springframework.web.servlet.mvc.method.annotation.ServletInvocableHandlerMethod.invokeAndHandle(ServletInvocableHandlerMethod.java:118) ~[spring-webmvc-6.1.13.jar:6.1.13]
	at org.springframework.web.servlet.mvc.method.annotation.RequestMappingHandlerAdapter.invokeHandlerMethod(RequestMappingHandlerAdapter.java:926) ~[spring-webmvc-6.1.13.jar:6.1.13]
	at org.springframework.web.servlet.mvc.method.annotation.RequestMappingHandlerAdapter.handleInternal(RequestMappingHandlerAdapter.java:831) ~[spring-webmvc-6.1.13.jar:6.1.13]
	at org.springframework.web.servlet.mvc.method.AbstractHandlerMethodAdapter.handle(AbstractHandlerMethodAdapter.java:87) ~[spring-webmvc-6.1.13.jar:6.1.13]
	at org.springframework.web.servlet.DispatcherServlet.doDispatch(DispatcherServlet.java:1089) ~[spring-webmvc-6.1.13.jar:6.1.13]
	at org.springframework.web.servlet.DispatcherServlet.doService(DispatcherServlet.java:979) ~[spring-webmvc-6.1.13.jar:6.1.13]
	at org.springframework.web.servlet.FrameworkServlet.processRequest(FrameworkServlet.java:1014) ~[spring-webmvc-6.1.13.jar:6.1.13]
	at org.springframework.web.servlet.FrameworkServlet.doGet(FrameworkServlet.java:903) ~[spring-webmvc-6.1.13.jar:6.1.13]
	at jakarta.servlet.http.HttpServlet.service(HttpServlet.java:564) ~[tomcat-embed-core-10.1.30.jar:6.0]
	at org.springframework.web.servlet.FrameworkServlet.service(FrameworkServlet.java:885) ~[spring-webmvc-6.1.13.jar:6.1.13]
	at jakarta.servlet.http.HttpServlet.service(HttpServlet.java:658) ~[tomcat-embed-core-10.1.30.jar:6.0]
	at org.apache.catalina.core.ApplicationFilterChain.internalDoFilter(ApplicationFilterChain.java:195) ~[tomcat-embed-core-10.1.30.jar:10.1.30]
	at org.apache.catalina.core.ApplicationFilterChain.doFilter(ApplicationFilterChain.java:140) ~[tomcat-embed-core-10.1.30.jar:10.1.30]
	at org.apache.tomcat.websocket.server.WsFilter.doFilter(WsFilter.java:51) ~[tomcat-embed-websocket-10.1.30.jar:10.1.30]
	at org.apache.catalina.core.ApplicationFilterChain.internalDoFilter(ApplicationFilterChain.java:164) ~[tomcat-embed-core-10.1.30.jar:10.1.30]
	at org.apache.catalina.core.ApplicationFilterChain.doFilter(ApplicationFilterChain.java:140) ~[tomcat-embed-core-10.1.30.jar:10.1.30]
	at org.springframework.boot.devtools.remote.server.DispatcherFilter.doFilter(DispatcherFilter.java:72) ~[spring-boot-devtools-3.3.4.jar:3.3.4]
	at org.springframework.boot.devtools.remote.server.DispatcherFilter.doFilter(DispatcherFilter.java:60) ~[spring-boot-devtools-3.3.4.jar:3.3.4]
	at org.apache.catalina.core.ApplicationFilterChain.internalDoFilter(ApplicationFilterChain.java:164) ~[tomcat-embed-core-10.1.30.jar:10.1.30]
	at org.apache.catalina.core.ApplicationFilterChain.doFilter(ApplicationFilterChain.java:140) ~[tomcat-embed-core-10.1.30.jar:10.1.30]
	at org.springframework.web.filter.RequestContextFilter.doFilterInternal(RequestContextFilter.java:100) ~[spring-web-6.1.13.jar:6.1.13]
	at org.springframework.web.filter.OncePerRequestFilter.doFilter(OncePerRequestFilter.java:116) ~[spring-web-6.1.13.jar:6.1.13]
	at org.apache.catalina.core.ApplicationFilterChain.internalDoFilter(ApplicationFilterChain.java:164) ~[tomcat-embed-core-10.1.30.jar:10.1.30]
	at org.apache.catalina.core.ApplicationFilterChain.doFilter(ApplicationFilterChain.java:140) ~[tomcat-embed-core-10.1.30.jar:10.1.30]
	at org.springframework.web.filter.FormContentFilter.doFilterInternal(FormContentFilter.java:93) ~[spring-web-6.1.13.jar:6.1.13]
	at org.springframework.web.filter.OncePerRequestFilter.doFilter(OncePerRequestFilter.java:116) ~[spring-web-6.1.13.jar:6.1.13]
	at org.apache.catalina.core.ApplicationFilterChain.internalDoFilter(ApplicationFilterChain.java:164) ~[tomcat-embed-core-10.1.30.jar:10.1.30]
	at org.apache.catalina.core.ApplicationFilterChain.doFilter(ApplicationFilterChain.java:140) ~[tomcat-embed-core-10.1.30.jar:10.1.30]
	at org.springframework.web.filter.CharacterEncodingFilter.doFilterInternal(CharacterEncodingFilter.java:201) ~[spring-web-6.1.13.jar:6.1.13]
	at org.springframework.web.filter.OncePerRequestFilter.doFilter(OncePerRequestFilter.java:116) ~[spring-web-6.1.13.jar:6.1.13]
	at org.apache.catalina.core.ApplicationFilterChain.internalDoFilter(ApplicationFilterChain.java:164) ~[tomcat-embed-core-10.1.30.jar:10.1.30]
	at org.apache.catalina.core.ApplicationFilterChain.doFilter(ApplicationFilterChain.java:140) ~[tomcat-embed-core-10.1.30.jar:10.1.30]
	at org.apache.catalina.core.StandardWrapperValve.invoke(StandardWrapperValve.java:167) ~[tomcat-embed-core-10.1.30.jar:10.1.30]
	at org.apache.catalina.core.StandardContextValve.invoke(StandardContextValve.java:90) ~[tomcat-embed-core-10.1.30.jar:10.1.30]
	at org.apache.catalina.authenticator.AuthenticatorBase.invoke(AuthenticatorBase.java:483) ~[tomcat-embed-core-10.1.30.jar:10.1.30]
	at org.apache.catalina.core.StandardHostValve.invoke(StandardHostValve.java:115) ~[tomcat-embed-core-10.1.30.jar:10.1.30]
	at org.apache.catalina.valves.ErrorReportValve.invoke(ErrorReportValve.java:93) ~[tomcat-embed-core-10.1.30.jar:10.1.30]
	at org.apache.catalina.core.StandardEngineValve.invoke(StandardEngineValve.java:74) ~[tomcat-embed-core-10.1.30.jar:10.1.30]
	at org.apache.catalina.connector.CoyoteAdapter.service(CoyoteAdapter.java:344) ~[tomcat-embed-core-10.1.30.jar:10.1.30]
	at org.apache.coyote.http11.Http11Processor.service(Http11Processor.java:384) ~[tomcat-embed-core-10.1.30.jar:10.1.30]
	at org.apache.coyote.AbstractProcessorLight.process(AbstractProcessorLight.java:63) ~[tomcat-embed-core-10.1.30.jar:10.1.30]
	at org.apache.coyote.AbstractProtocol$ConnectionHandler.process(AbstractProtocol.java:905) ~[tomcat-embed-core-10.1.30.jar:10.1.30]
	at org.apache.tomcat.util.net.NioEndpoint$SocketProcessor.doRun(NioEndpoint.java:1741) ~[tomcat-embed-core-10.1.30.jar:10.1.30]
	at org.apache.tomcat.util.net.SocketProcessorBase.run(SocketProcessorBase.java:52) ~[tomcat-embed-core-10.1.30.jar:10.1.30]
	at org.apache.tomcat.util.threads.ThreadPoolExecutor.runWorker(ThreadPoolExecutor.java:1190) ~[tomcat-embed-core-10.1.30.jar:10.1.30]
	at org.apache.tomcat.util.threads.ThreadPoolExecutor$Worker.run(ThreadPoolExecutor.java:659) ~[tomcat-embed-core-10.1.30.jar:10.1.30]
	at org.apache.tomcat.util.threads.TaskThread$WrappingRunnable.run(TaskThread.java:63) ~[tomcat-embed-core-10.1.30.jar:10.1.30]
	at java.base/java.lang.Thread.run(Thread.java:1570) ~[na:na]

2025-03-09T17:05:52.201+08:00  INFO 39144 --- [CommentAnalysis] [SpringApplicationShutdownHook] o.neo4j.driver.internal.InternalDriver   : Closing driver instance 1609312809
2025-03-09T17:05:52.431+08:00  INFO 39144 --- [CommentAnalysis] [SpringApplicationShutdownHook] com.zaxxer.hikari.HikariDataSource       : HikariPool-1 - Shutdown initiated...
2025-03-09T17:05:52.449+08:00  INFO 39144 --- [CommentAnalysis] [SpringApplicationShutdownHook] com.zaxxer.hikari.HikariDataSource       : HikariPool-1 - Shutdown completed.
2025-03-09T17:05:58.436+08:00  INFO 25988 --- [CommentAnalysis] [restartedMain] c.b.c.CommentAnalysisApplication         : Starting CommentAnalysisApplication using Java 22.0.1 with PID 25988 (E:\Comment Analysis Git\User-fine-grained-sentiment-analysis-and-visualization-system\BackEnd\CommentAnalysis\target\classes started by thunder lee in E:\Comment Analysis Git\User-fine-grained-sentiment-analysis-and-visualization-system\BackEnd)
2025-03-09T17:05:58.440+08:00  INFO 25988 --- [CommentAnalysis] [restartedMain] c.b.c.CommentAnalysisApplication         : No active profile set, falling back to 1 default profile: "default"
2025-03-09T17:05:58.522+08:00  INFO 25988 --- [CommentAnalysis] [restartedMain] o.s.b.devtools.restart.ChangeableUrls    : The Class-Path manifest attribute in E:\apache-maven-3.9.8-bin\maven-repository\com\oracle\database\jdbc\ojdbc11\21.9.0.0\ojdbc11-21.9.0.0.jar referenced one or more files that do not exist: file:/E:/apache-maven-3.9.8-bin/maven-repository/com/oracle/database/jdbc/ojdbc11/21.9.0.0/oraclepki.jar
2025-03-09T17:05:58.523+08:00  INFO 25988 --- [CommentAnalysis] [restartedMain] .e.DevToolsPropertyDefaultsPostProcessor : Devtools property defaults active! Set 'spring.devtools.add-properties' to 'false' to disable
2025-03-09T17:05:58.523+08:00  INFO 25988 --- [CommentAnalysis] [restartedMain] .e.DevToolsPropertyDefaultsPostProcessor : For additional web related logging consider setting the 'logging.level.web' property to 'DEBUG'
2025-03-09T17:05:59.272+08:00  INFO 25988 --- [CommentAnalysis] [restartedMain] .s.d.r.c.RepositoryConfigurationDelegate : Multiple Spring Data modules found, entering strict repository configuration mode
2025-03-09T17:05:59.273+08:00  INFO 25988 --- [CommentAnalysis] [restartedMain] .s.d.r.c.RepositoryConfigurationDelegate : Bootstrapping Spring Data Neo4j repositories in DEFAULT mode.
2025-03-09T17:05:59.386+08:00  INFO 25988 --- [CommentAnalysis] [restartedMain] .s.d.r.c.RepositoryConfigurationDelegate : Finished Spring Data repository scanning in 108 ms. Found 1 Neo4j repository interface.
2025-03-09T17:05:59.627+08:00  INFO 25988 --- [CommentAnalysis] [restartedMain] .s.d.r.c.RepositoryConfigurationDelegate : Multiple Spring Data modules found, entering strict repository configuration mode
2025-03-09T17:05:59.627+08:00  INFO 25988 --- [CommentAnalysis] [restartedMain] .s.d.r.c.RepositoryConfigurationDelegate : Bootstrapping Spring Data Neo4j repositories in DEFAULT mode.
2025-03-09T17:05:59.648+08:00  INFO 25988 --- [CommentAnalysis] [restartedMain] .s.d.r.c.RepositoryConfigurationDelegate : Finished Spring Data repository scanning in 20 ms. Found 0 Neo4j repository interfaces.
2025-03-09T17:05:59.657+08:00  INFO 25988 --- [CommentAnalysis] [restartedMain] .s.d.r.c.RepositoryConfigurationDelegate : Multiple Spring Data modules found, entering strict repository configuration mode
2025-03-09T17:05:59.658+08:00  INFO 25988 --- [CommentAnalysis] [restartedMain] .s.d.r.c.RepositoryConfigurationDelegate : Bootstrapping Spring Data Redis repositories in DEFAULT mode.
2025-03-09T17:05:59.677+08:00  INFO 25988 --- [CommentAnalysis] [restartedMain] .RepositoryConfigurationExtensionSupport : Spring Data Redis - Could not safely identify store assignment for repository candidate interface com.backend.commentanalysis.repository.ProductRepository; If you want this repository to be a Redis repository, consider annotating your entities with one of these annotations: org.springframework.data.redis.core.RedisHash (preferred), or consider extending one of the following types with your repository: org.springframework.data.keyvalue.repository.KeyValueRepository
2025-03-09T17:05:59.678+08:00  INFO 25988 --- [CommentAnalysis] [restartedMain] .s.d.r.c.RepositoryConfigurationDelegate : Finished Spring Data repository scanning in 13 ms. Found 0 Redis repository interfaces.
2025-03-09T17:06:00.413+08:00  INFO 25988 --- [CommentAnalysis] [restartedMain] o.s.b.w.embedded.tomcat.TomcatWebServer  : Tomcat initialized with port 8081 (http)
2025-03-09T17:06:00.430+08:00  INFO 25988 --- [CommentAnalysis] [restartedMain] o.apache.catalina.core.StandardService   : Starting service [Tomcat]
2025-03-09T17:06:00.431+08:00  INFO 25988 --- [CommentAnalysis] [restartedMain] o.apache.catalina.core.StandardEngine    : Starting Servlet engine: [Apache Tomcat/10.1.30]
2025-03-09T17:06:00.488+08:00  INFO 25988 --- [CommentAnalysis] [restartedMain] o.a.c.c.C.[Tomcat].[localhost].[/]       : Initializing Spring embedded WebApplicationContext
2025-03-09T17:06:00.488+08:00  INFO 25988 --- [CommentAnalysis] [restartedMain] w.s.c.ServletWebServerApplicationContext : Root WebApplicationContext: initialization completed in 1964 ms
2025-03-09T17:06:00.510+08:00  WARN 25988 --- [CommentAnalysis] [restartedMain] .s.b.d.a.RemoteDevToolsAutoConfiguration : Listening for remote restart updates on /.~~spring-boot!~/restart
2025-03-09T17:06:01.231+08:00  INFO 25988 --- [CommentAnalysis] [restartedMain] o.neo4j.driver.internal.DriverFactory    : Direct driver instance 1186219877 created for server address localhost:7687
2025-03-09T17:06:01.365+08:00  WARN 25988 --- [CommentAnalysis] [restartedMain] o.s.d.n.c.mapping.Neo4jPersistentEntity  : The entity com.backend.commentanalysis.entity.neo4j.OpinionNeo4j is using a Long value for storing internally generated Neo4j ids. The Neo4j internal Long Ids are deprecated, please consider using an external ID generator.
2025-03-09T17:06:01.419+08:00  INFO 25988 --- [CommentAnalysis] [restartedMain] o.s.b.d.a.OptionalLiveReloadServer       : LiveReload server is running on port 35729
2025-03-09T17:06:01.422+08:00  WARN 25988 --- [CommentAnalysis] [restartedMain] o.s.d.n.c.mapping.Neo4jPersistentEntity  : The entity com.backend.commentanalysis.entity.neo4j.AspectNeo4j is using a Long value for storing internally generated Neo4j ids. The Neo4j internal Long Ids are deprecated, please consider using an external ID generator.
2025-03-09T17:06:01.423+08:00  WARN 25988 --- [CommentAnalysis] [restartedMain] o.s.d.n.c.mapping.Neo4jPersistentEntity  : The entity com.backend.commentanalysis.entity.relation.HasAspect is using a Long value for storing internally generated Neo4j ids. The Neo4j internal Long Ids are deprecated, please consider using an external ID generator.
2025-03-09T17:06:01.427+08:00  WARN 25988 --- [CommentAnalysis] [restartedMain] o.s.d.n.c.mapping.Neo4jPersistentEntity  : The entity com.backend.commentanalysis.entity.relation.HasOpinion is using a Long value for storing internally generated Neo4j ids. The Neo4j internal Long Ids are deprecated, please consider using an external ID generator.
2025-03-09T17:06:02.345+08:00  INFO 25988 --- [CommentAnalysis] [restartedMain] o.s.b.w.embedded.tomcat.TomcatWebServer  : Tomcat started on port 8081 (http) with context path '/'
2025-03-09T17:06:02.354+08:00  INFO 25988 --- [CommentAnalysis] [restartedMain] c.b.c.CommentAnalysisApplication         : Started CommentAnalysisApplication in 4.503 seconds (process running for 5.442)
2025-03-09T17:06:43.004+08:00  INFO 25988 --- [CommentAnalysis] [SpringApplicationShutdownHook] o.neo4j.driver.internal.InternalDriver   : Closing driver instance 1186219877
2025-03-09T17:06:48.887+08:00  INFO 32008 --- [CommentAnalysis] [restartedMain] c.b.c.CommentAnalysisApplication         : Starting CommentAnalysisApplication using Java 22.0.1 with PID 32008 (E:\Comment Analysis Git\User-fine-grained-sentiment-analysis-and-visualization-system\BackEnd\CommentAnalysis\target\classes started by thunder lee in E:\Comment Analysis Git\User-fine-grained-sentiment-analysis-and-visualization-system\BackEnd)
2025-03-09T17:06:48.890+08:00  INFO 32008 --- [CommentAnalysis] [restartedMain] c.b.c.CommentAnalysisApplication         : No active profile set, falling back to 1 default profile: "default"
2025-03-09T17:06:48.974+08:00  INFO 32008 --- [CommentAnalysis] [restartedMain] o.s.b.devtools.restart.ChangeableUrls    : The Class-Path manifest attribute in E:\apache-maven-3.9.8-bin\maven-repository\com\oracle\database\jdbc\ojdbc11\21.9.0.0\ojdbc11-21.9.0.0.jar referenced one or more files that do not exist: file:/E:/apache-maven-3.9.8-bin/maven-repository/com/oracle/database/jdbc/ojdbc11/21.9.0.0/oraclepki.jar
2025-03-09T17:06:48.974+08:00  INFO 32008 --- [CommentAnalysis] [restartedMain] .e.DevToolsPropertyDefaultsPostProcessor : Devtools property defaults active! Set 'spring.devtools.add-properties' to 'false' to disable
2025-03-09T17:06:48.974+08:00  INFO 32008 --- [CommentAnalysis] [restartedMain] .e.DevToolsPropertyDefaultsPostProcessor : For additional web related logging consider setting the 'logging.level.web' property to 'DEBUG'
2025-03-09T17:06:49.663+08:00  INFO 32008 --- [CommentAnalysis] [restartedMain] .s.d.r.c.RepositoryConfigurationDelegate : Multiple Spring Data modules found, entering strict repository configuration mode
2025-03-09T17:06:49.665+08:00  INFO 32008 --- [CommentAnalysis] [restartedMain] .s.d.r.c.RepositoryConfigurationDelegate : Bootstrapping Spring Data Neo4j repositories in DEFAULT mode.
2025-03-09T17:06:49.765+08:00  INFO 32008 --- [CommentAnalysis] [restartedMain] .s.d.r.c.RepositoryConfigurationDelegate : Finished Spring Data repository scanning in 96 ms. Found 1 Neo4j repository interface.
2025-03-09T17:06:50.002+08:00  INFO 32008 --- [CommentAnalysis] [restartedMain] .s.d.r.c.RepositoryConfigurationDelegate : Multiple Spring Data modules found, entering strict repository configuration mode
2025-03-09T17:06:50.002+08:00  INFO 32008 --- [CommentAnalysis] [restartedMain] .s.d.r.c.RepositoryConfigurationDelegate : Bootstrapping Spring Data Neo4j repositories in DEFAULT mode.
2025-03-09T17:06:50.026+08:00  INFO 32008 --- [CommentAnalysis] [restartedMain] .s.d.r.c.RepositoryConfigurationDelegate : Finished Spring Data repository scanning in 24 ms. Found 0 Neo4j repository interfaces.
2025-03-09T17:06:50.037+08:00  INFO 32008 --- [CommentAnalysis] [restartedMain] .s.d.r.c.RepositoryConfigurationDelegate : Multiple Spring Data modules found, entering strict repository configuration mode
2025-03-09T17:06:50.038+08:00  INFO 32008 --- [CommentAnalysis] [restartedMain] .s.d.r.c.RepositoryConfigurationDelegate : Bootstrapping Spring Data Redis repositories in DEFAULT mode.
2025-03-09T17:06:50.056+08:00  INFO 32008 --- [CommentAnalysis] [restartedMain] .RepositoryConfigurationExtensionSupport : Spring Data Redis - Could not safely identify store assignment for repository candidate interface com.backend.commentanalysis.repository.ProductRepository; If you want this repository to be a Redis repository, consider annotating your entities with one of these annotations: org.springframework.data.redis.core.RedisHash (preferred), or consider extending one of the following types with your repository: org.springframework.data.keyvalue.repository.KeyValueRepository
2025-03-09T17:06:50.057+08:00  INFO 32008 --- [CommentAnalysis] [restartedMain] .s.d.r.c.RepositoryConfigurationDelegate : Finished Spring Data repository scanning in 12 ms. Found 0 Redis repository interfaces.
2025-03-09T17:06:50.866+08:00  INFO 32008 --- [CommentAnalysis] [restartedMain] o.s.b.w.embedded.tomcat.TomcatWebServer  : Tomcat initialized with port 8081 (http)
2025-03-09T17:06:50.883+08:00  INFO 32008 --- [CommentAnalysis] [restartedMain] o.apache.catalina.core.StandardService   : Starting service [Tomcat]
2025-03-09T17:06:50.884+08:00  INFO 32008 --- [CommentAnalysis] [restartedMain] o.apache.catalina.core.StandardEngine    : Starting Servlet engine: [Apache Tomcat/10.1.30]
2025-03-09T17:06:50.943+08:00  INFO 32008 --- [CommentAnalysis] [restartedMain] o.a.c.c.C.[Tomcat].[localhost].[/]       : Initializing Spring embedded WebApplicationContext
2025-03-09T17:06:50.943+08:00  INFO 32008 --- [CommentAnalysis] [restartedMain] w.s.c.ServletWebServerApplicationContext : Root WebApplicationContext: initialization completed in 1968 ms
2025-03-09T17:06:50.969+08:00  WARN 32008 --- [CommentAnalysis] [restartedMain] .s.b.d.a.RemoteDevToolsAutoConfiguration : Listening for remote restart updates on /.~~spring-boot!~/restart
2025-03-09T17:06:51.660+08:00  INFO 32008 --- [CommentAnalysis] [restartedMain] o.neo4j.driver.internal.DriverFactory    : Direct driver instance 424842744 created for server address localhost:7687
2025-03-09T17:06:51.774+08:00  WARN 32008 --- [CommentAnalysis] [restartedMain] o.s.d.n.c.mapping.Neo4jPersistentEntity  : The entity com.backend.commentanalysis.entity.neo4j.OpinionNeo4j is using a Long value for storing internally generated Neo4j ids. The Neo4j internal Long Ids are deprecated, please consider using an external ID generator.
2025-03-09T17:06:51.816+08:00  INFO 32008 --- [CommentAnalysis] [restartedMain] o.s.b.d.a.OptionalLiveReloadServer       : LiveReload server is running on port 35729
2025-03-09T17:06:51.819+08:00  WARN 32008 --- [CommentAnalysis] [restartedMain] o.s.d.n.c.mapping.Neo4jPersistentEntity  : The entity com.backend.commentanalysis.entity.neo4j.AspectNeo4j is using a Long value for storing internally generated Neo4j ids. The Neo4j internal Long Ids are deprecated, please consider using an external ID generator.
2025-03-09T17:06:51.823+08:00  WARN 32008 --- [CommentAnalysis] [restartedMain] o.s.d.n.c.mapping.Neo4jPersistentEntity  : The entity com.backend.commentanalysis.entity.relation.HasOpinion is using a Long value for storing internally generated Neo4j ids. The Neo4j internal Long Ids are deprecated, please consider using an external ID generator.
2025-03-09T17:06:51.826+08:00  WARN 32008 --- [CommentAnalysis] [restartedMain] o.s.d.n.c.mapping.Neo4jPersistentEntity  : The entity com.backend.commentanalysis.entity.relation.HasAspect is using a Long value for storing internally generated Neo4j ids. The Neo4j internal Long Ids are deprecated, please consider using an external ID generator.
2025-03-09T17:06:52.699+08:00  INFO 32008 --- [CommentAnalysis] [restartedMain] o.s.b.w.embedded.tomcat.TomcatWebServer  : Tomcat started on port 8081 (http) with context path '/'
2025-03-09T17:06:52.707+08:00  INFO 32008 --- [CommentAnalysis] [restartedMain] c.b.c.CommentAnalysisApplication         : Started CommentAnalysisApplication in 4.381 seconds (process running for 5.27)
2025-03-09T17:06:54.944+08:00  INFO 32008 --- [CommentAnalysis] [http-nio-8081-exec-1] o.a.c.c.C.[Tomcat].[localhost].[/]       : Initializing Spring DispatcherServlet 'dispatcherServlet'
2025-03-09T17:06:54.944+08:00  INFO 32008 --- [CommentAnalysis] [http-nio-8081-exec-1] o.s.web.servlet.DispatcherServlet        : Initializing Servlet 'dispatcherServlet'
2025-03-09T17:06:54.946+08:00  INFO 32008 --- [CommentAnalysis] [http-nio-8081-exec-1] o.s.web.servlet.DispatcherServlet        : Completed initialization in 2 ms
2025-03-09T17:06:55.460+08:00  INFO 32008 --- [CommentAnalysis] [http-nio-8081-exec-1] com.zaxxer.hikari.HikariDataSource       : HikariPool-1 - Starting...
2025-03-09T17:06:55.864+08:00  INFO 32008 --- [CommentAnalysis] [http-nio-8081-exec-1] com.zaxxer.hikari.pool.HikariPool        : HikariPool-1 - Added connection com.mysql.cj.jdbc.ConnectionImpl@30431aeb
2025-03-09T17:06:55.866+08:00  INFO 32008 --- [CommentAnalysis] [http-nio-8081-exec-1] com.zaxxer.hikari.HikariDataSource       : HikariPool-1 - Start completed.
2025-03-09T17:07:59.683+08:00  INFO 32008 --- [CommentAnalysis] [SpringApplicationShutdownHook] o.neo4j.driver.internal.InternalDriver   : Closing driver instance 424842744
2025-03-09T17:07:59.903+08:00  INFO 32008 --- [CommentAnalysis] [SpringApplicationShutdownHook] com.zaxxer.hikari.HikariDataSource       : HikariPool-1 - Shutdown initiated...
2025-03-09T17:07:59.910+08:00  INFO 32008 --- [CommentAnalysis] [SpringApplicationShutdownHook] com.zaxxer.hikari.HikariDataSource       : HikariPool-1 - Shutdown completed.
2025-03-09T17:08:05.482+08:00  INFO 35124 --- [CommentAnalysis] [restartedMain] c.b.c.CommentAnalysisApplication         : Starting CommentAnalysisApplication using Java 22.0.1 with PID 35124 (E:\Comment Analysis Git\User-fine-grained-sentiment-analysis-and-visualization-system\BackEnd\CommentAnalysis\target\classes started by thunder lee in E:\Comment Analysis Git\User-fine-grained-sentiment-analysis-and-visualization-system\BackEnd)
2025-03-09T17:08:05.485+08:00  INFO 35124 --- [CommentAnalysis] [restartedMain] c.b.c.CommentAnalysisApplication         : No active profile set, falling back to 1 default profile: "default"
2025-03-09T17:08:05.570+08:00  INFO 35124 --- [CommentAnalysis] [restartedMain] o.s.b.devtools.restart.ChangeableUrls    : The Class-Path manifest attribute in E:\apache-maven-3.9.8-bin\maven-repository\com\oracle\database\jdbc\ojdbc11\21.9.0.0\ojdbc11-21.9.0.0.jar referenced one or more files that do not exist: file:/E:/apache-maven-3.9.8-bin/maven-repository/com/oracle/database/jdbc/ojdbc11/21.9.0.0/oraclepki.jar
2025-03-09T17:08:05.571+08:00  INFO 35124 --- [CommentAnalysis] [restartedMain] .e.DevToolsPropertyDefaultsPostProcessor : Devtools property defaults active! Set 'spring.devtools.add-properties' to 'false' to disable
2025-03-09T17:08:05.571+08:00  INFO 35124 --- [CommentAnalysis] [restartedMain] .e.DevToolsPropertyDefaultsPostProcessor : For additional web related logging consider setting the 'logging.level.web' property to 'DEBUG'
2025-03-09T17:08:06.341+08:00  INFO 35124 --- [CommentAnalysis] [restartedMain] .s.d.r.c.RepositoryConfigurationDelegate : Multiple Spring Data modules found, entering strict repository configuration mode
2025-03-09T17:08:06.341+08:00  INFO 35124 --- [CommentAnalysis] [restartedMain] .s.d.r.c.RepositoryConfigurationDelegate : Bootstrapping Spring Data Neo4j repositories in DEFAULT mode.
2025-03-09T17:08:06.467+08:00  INFO 35124 --- [CommentAnalysis] [restartedMain] .s.d.r.c.RepositoryConfigurationDelegate : Finished Spring Data repository scanning in 120 ms. Found 1 Neo4j repository interface.
2025-03-09T17:08:06.737+08:00  INFO 35124 --- [CommentAnalysis] [restartedMain] .s.d.r.c.RepositoryConfigurationDelegate : Multiple Spring Data modules found, entering strict repository configuration mode
2025-03-09T17:08:06.738+08:00  INFO 35124 --- [CommentAnalysis] [restartedMain] .s.d.r.c.RepositoryConfigurationDelegate : Bootstrapping Spring Data Neo4j repositories in DEFAULT mode.
2025-03-09T17:08:06.764+08:00  INFO 35124 --- [CommentAnalysis] [restartedMain] .s.d.r.c.RepositoryConfigurationDelegate : Finished Spring Data repository scanning in 25 ms. Found 0 Neo4j repository interfaces.
2025-03-09T17:08:06.777+08:00  INFO 35124 --- [CommentAnalysis] [restartedMain] .s.d.r.c.RepositoryConfigurationDelegate : Multiple Spring Data modules found, entering strict repository configuration mode
2025-03-09T17:08:06.779+08:00  INFO 35124 --- [CommentAnalysis] [restartedMain] .s.d.r.c.RepositoryConfigurationDelegate : Bootstrapping Spring Data Redis repositories in DEFAULT mode.
2025-03-09T17:08:06.801+08:00  INFO 35124 --- [CommentAnalysis] [restartedMain] .RepositoryConfigurationExtensionSupport : Spring Data Redis - Could not safely identify store assignment for repository candidate interface com.backend.commentanalysis.repository.ProductRepository; If you want this repository to be a Redis repository, consider annotating your entities with one of these annotations: org.springframework.data.redis.core.RedisHash (preferred), or consider extending one of the following types with your repository: org.springframework.data.keyvalue.repository.KeyValueRepository
2025-03-09T17:08:06.801+08:00  INFO 35124 --- [CommentAnalysis] [restartedMain] .s.d.r.c.RepositoryConfigurationDelegate : Finished Spring Data repository scanning in 14 ms. Found 0 Redis repository interfaces.
2025-03-09T17:08:07.735+08:00  INFO 35124 --- [CommentAnalysis] [restartedMain] o.s.b.w.embedded.tomcat.TomcatWebServer  : Tomcat initialized with port 8081 (http)
2025-03-09T17:08:07.750+08:00  INFO 35124 --- [CommentAnalysis] [restartedMain] o.apache.catalina.core.StandardService   : Starting service [Tomcat]
2025-03-09T17:08:07.751+08:00  INFO 35124 --- [CommentAnalysis] [restartedMain] o.apache.catalina.core.StandardEngine    : Starting Servlet engine: [Apache Tomcat/10.1.30]
2025-03-09T17:08:07.800+08:00  INFO 35124 --- [CommentAnalysis] [restartedMain] o.a.c.c.C.[Tomcat].[localhost].[/]       : Initializing Spring embedded WebApplicationContext
2025-03-09T17:08:07.801+08:00  INFO 35124 --- [CommentAnalysis] [restartedMain] w.s.c.ServletWebServerApplicationContext : Root WebApplicationContext: initialization completed in 2230 ms
2025-03-09T17:08:07.820+08:00  WARN 35124 --- [CommentAnalysis] [restartedMain] .s.b.d.a.RemoteDevToolsAutoConfiguration : Listening for remote restart updates on /.~~spring-boot!~/restart
2025-03-09T17:08:08.572+08:00  INFO 35124 --- [CommentAnalysis] [restartedMain] o.neo4j.driver.internal.DriverFactory    : Direct driver instance 1308650324 created for server address localhost:7687
2025-03-09T17:08:08.681+08:00  WARN 35124 --- [CommentAnalysis] [restartedMain] o.s.d.n.c.mapping.Neo4jPersistentEntity  : The entity com.backend.commentanalysis.entity.neo4j.OpinionNeo4j is using a Long value for storing internally generated Neo4j ids. The Neo4j internal Long Ids are deprecated, please consider using an external ID generator.
2025-03-09T17:08:08.725+08:00  INFO 35124 --- [CommentAnalysis] [restartedMain] o.s.b.d.a.OptionalLiveReloadServer       : LiveReload server is running on port 35729
2025-03-09T17:08:08.729+08:00  WARN 35124 --- [CommentAnalysis] [restartedMain] o.s.d.n.c.mapping.Neo4jPersistentEntity  : The entity com.backend.commentanalysis.entity.neo4j.AspectNeo4j is using a Long value for storing internally generated Neo4j ids. The Neo4j internal Long Ids are deprecated, please consider using an external ID generator.
2025-03-09T17:08:08.735+08:00  WARN 35124 --- [CommentAnalysis] [restartedMain] o.s.d.n.c.mapping.Neo4jPersistentEntity  : The entity com.backend.commentanalysis.entity.relation.HasAspect is using a Long value for storing internally generated Neo4j ids. The Neo4j internal Long Ids are deprecated, please consider using an external ID generator.
2025-03-09T17:08:08.736+08:00  WARN 35124 --- [CommentAnalysis] [restartedMain] o.s.d.n.c.mapping.Neo4jPersistentEntity  : The entity com.backend.commentanalysis.entity.relation.HasOpinion is using a Long value for storing internally generated Neo4j ids. The Neo4j internal Long Ids are deprecated, please consider using an external ID generator.
2025-03-09T17:08:09.779+08:00  INFO 35124 --- [CommentAnalysis] [restartedMain] o.s.b.w.embedded.tomcat.TomcatWebServer  : Tomcat started on port 8081 (http) with context path '/'
2025-03-09T17:08:09.788+08:00  INFO 35124 --- [CommentAnalysis] [restartedMain] c.b.c.CommentAnalysisApplication         : Started CommentAnalysisApplication in 4.871 seconds (process running for 5.83)
2025-03-09T17:08:16.745+08:00  INFO 35124 --- [CommentAnalysis] [http-nio-8081-exec-1] o.a.c.c.C.[Tomcat].[localhost].[/]       : Initializing Spring DispatcherServlet 'dispatcherServlet'
2025-03-09T17:08:16.746+08:00  INFO 35124 --- [CommentAnalysis] [http-nio-8081-exec-1] o.s.web.servlet.DispatcherServlet        : Initializing Servlet 'dispatcherServlet'
2025-03-09T17:08:16.748+08:00  INFO 35124 --- [CommentAnalysis] [http-nio-8081-exec-1] o.s.web.servlet.DispatcherServlet        : Completed initialization in 2 ms
2025-03-09T17:08:17.258+08:00  INFO 35124 --- [CommentAnalysis] [http-nio-8081-exec-1] com.zaxxer.hikari.HikariDataSource       : HikariPool-1 - Starting...
2025-03-09T17:08:17.627+08:00  INFO 35124 --- [CommentAnalysis] [http-nio-8081-exec-1] com.zaxxer.hikari.pool.HikariPool        : HikariPool-1 - Added connection com.mysql.cj.jdbc.ConnectionImpl@47f62564
2025-03-09T17:08:17.628+08:00  INFO 35124 --- [CommentAnalysis] [http-nio-8081-exec-1] com.zaxxer.hikari.HikariDataSource       : HikariPool-1 - Start completed.
2025-03-09T17:08:17.803+08:00 ERROR 35124 --- [CommentAnalysis] [http-nio-8081-exec-1] o.a.c.c.C.[.[.[/].[dispatcherServlet]    : Servlet.service() for servlet [dispatcherServlet] in context with path [] threw exception [Request processing failed: org.springframework.data.redis.serializer.SerializationException: Cannot deserialize] with root cause

java.io.InvalidClassException: com.backend.commentanalysis.entity.dto.ProductInfoDTO; local class incompatible: stream classdesc serialVersionUID = -6647160007052296984, local class serialVersionUID = 3523409450735864256
	at java.base/java.io.ObjectStreamClass.initNonProxy(ObjectStreamClass.java:598) ~[na:na]
	at java.base/java.io.ObjectInputStream.readNonProxyDesc(ObjectInputStream.java:2063) ~[na:na]
	at java.base/java.io.ObjectInputStream.readClassDesc(ObjectInputStream.java:1912) ~[na:na]
	at java.base/java.io.ObjectInputStream.readOrdinaryObject(ObjectInputStream.java:2237) ~[na:na]
	at java.base/java.io.ObjectInputStream.readObject0(ObjectInputStream.java:1747) ~[na:na]
	at java.base/java.io.ObjectInputStream.readObject(ObjectInputStream.java:525) ~[na:na]
	at java.base/java.io.ObjectInputStream.readObject(ObjectInputStream.java:483) ~[na:na]
	at org.springframework.core.serializer.DefaultDeserializer.deserialize(DefaultDeserializer.java:71) ~[spring-core-6.1.13.jar:6.1.13]
	at org.springframework.core.serializer.support.DeserializingConverter.convert(DeserializingConverter.java:75) ~[spring-core-6.1.13.jar:6.1.13]
	at org.springframework.core.serializer.support.DeserializingConverter.convert(DeserializingConverter.java:37) ~[spring-core-6.1.13.jar:6.1.13]
	at org.springframework.data.redis.serializer.JdkSerializationRedisSerializer.deserialize(JdkSerializationRedisSerializer.java:109) ~[spring-data-redis-3.3.4.jar:3.3.4]
	at org.springframework.data.redis.serializer.DefaultRedisElementReader.read(DefaultRedisElementReader.java:46) ~[spring-data-redis-3.3.4.jar:3.3.4]
	at org.springframework.data.redis.serializer.RedisSerializationContext$SerializationPair.read(RedisSerializationContext.java:277) ~[spring-data-redis-3.3.4.jar:3.3.4]
	at org.springframework.data.redis.cache.RedisCache.deserializeCacheValue(RedisCache.java:381) ~[spring-data-redis-3.3.4.jar:3.3.4]
	at org.springframework.data.redis.cache.RedisCache.lookup(RedisCache.java:207) ~[spring-data-redis-3.3.4.jar:3.3.4]
	at org.springframework.cache.support.AbstractValueAdaptingCache.get(AbstractValueAdaptingCache.java:58) ~[spring-context-6.1.13.jar:6.1.13]
	at org.springframework.cache.interceptor.AbstractCacheInvoker.doGet(AbstractCacheInvoker.java:73) ~[spring-context-6.1.13.jar:6.1.13]
	at org.springframework.cache.interceptor.CacheAspectSupport.findInCaches(CacheAspectSupport.java:524) ~[spring-context-6.1.13.jar:6.1.13]
	at org.springframework.cache.interceptor.CacheAspectSupport.findCachedValue(CacheAspectSupport.java:481) ~[spring-context-6.1.13.jar:6.1.13]
	at org.springframework.cache.interceptor.CacheAspectSupport.execute(CacheAspectSupport.java:431) ~[spring-context-6.1.13.jar:6.1.13]
	at org.springframework.cache.interceptor.CacheAspectSupport.execute(CacheAspectSupport.java:395) ~[spring-context-6.1.13.jar:6.1.13]
	at org.springframework.cache.interceptor.CacheInterceptor.invoke(CacheInterceptor.java:65) ~[spring-context-6.1.13.jar:6.1.13]
	at org.springframework.aop.framework.ReflectiveMethodInvocation.proceed(ReflectiveMethodInvocation.java:184) ~[spring-aop-6.1.13.jar:6.1.13]
	at org.springframework.aop.framework.CglibAopProxy$CglibMethodInvocation.proceed(CglibAopProxy.java:768) ~[spring-aop-6.1.13.jar:6.1.13]
	at org.springframework.aop.framework.CglibAopProxy$DynamicAdvisedInterceptor.intercept(CglibAopProxy.java:720) ~[spring-aop-6.1.13.jar:6.1.13]
	at com.backend.commentanalysis.service.implement.ProductServiceImpl$$SpringCGLIB$$0.getProductInfoByPid(<generated>) ~[classes/:na]
	at com.backend.commentanalysis.controller.ProductController.getProductInfoByPid(ProductController.java:44) ~[classes/:na]
	at java.base/jdk.internal.reflect.DirectMethodHandleAccessor.invoke(DirectMethodHandleAccessor.java:103) ~[na:na]
	at java.base/java.lang.reflect.Method.invoke(Method.java:580) ~[na:na]
	at org.springframework.aop.support.AopUtils.invokeJoinpointUsingReflection(AopUtils.java:355) ~[spring-aop-6.1.13.jar:6.1.13]
	at org.springframework.aop.framework.ReflectiveMethodInvocation.invokeJoinpoint(ReflectiveMethodInvocation.java:196) ~[spring-aop-6.1.13.jar:6.1.13]
	at org.springframework.aop.framework.ReflectiveMethodInvocation.proceed(ReflectiveMethodInvocation.java:163) ~[spring-aop-6.1.13.jar:6.1.13]
	at org.springframework.aop.framework.CglibAopProxy$CglibMethodInvocation.proceed(CglibAopProxy.java:768) ~[spring-aop-6.1.13.jar:6.1.13]
	at org.springframework.validation.beanvalidation.MethodValidationInterceptor.invoke(MethodValidationInterceptor.java:174) ~[spring-context-6.1.13.jar:6.1.13]
	at org.springframework.aop.framework.ReflectiveMethodInvocation.proceed(ReflectiveMethodInvocation.java:184) ~[spring-aop-6.1.13.jar:6.1.13]
	at org.springframework.aop.framework.CglibAopProxy$CglibMethodInvocation.proceed(CglibAopProxy.java:768) ~[spring-aop-6.1.13.jar:6.1.13]
	at org.springframework.aop.framework.CglibAopProxy$DynamicAdvisedInterceptor.intercept(CglibAopProxy.java:720) ~[spring-aop-6.1.13.jar:6.1.13]
	at com.backend.commentanalysis.controller.ProductController$$SpringCGLIB$$0.getProductInfoByPid(<generated>) ~[classes/:na]
	at java.base/jdk.internal.reflect.DirectMethodHandleAccessor.invoke(DirectMethodHandleAccessor.java:103) ~[na:na]
	at java.base/java.lang.reflect.Method.invoke(Method.java:580) ~[na:na]
	at org.springframework.web.method.support.InvocableHandlerMethod.doInvoke(InvocableHandlerMethod.java:255) ~[spring-web-6.1.13.jar:6.1.13]
	at org.springframework.web.method.support.InvocableHandlerMethod.invokeForRequest(InvocableHandlerMethod.java:188) ~[spring-web-6.1.13.jar:6.1.13]
	at org.springframework.web.servlet.mvc.method.annotation.ServletInvocableHandlerMethod.invokeAndHandle(ServletInvocableHandlerMethod.java:118) ~[spring-webmvc-6.1.13.jar:6.1.13]
	at org.springframework.web.servlet.mvc.method.annotation.RequestMappingHandlerAdapter.invokeHandlerMethod(RequestMappingHandlerAdapter.java:926) ~[spring-webmvc-6.1.13.jar:6.1.13]
	at org.springframework.web.servlet.mvc.method.annotation.RequestMappingHandlerAdapter.handleInternal(RequestMappingHandlerAdapter.java:831) ~[spring-webmvc-6.1.13.jar:6.1.13]
	at org.springframework.web.servlet.mvc.method.AbstractHandlerMethodAdapter.handle(AbstractHandlerMethodAdapter.java:87) ~[spring-webmvc-6.1.13.jar:6.1.13]
	at org.springframework.web.servlet.DispatcherServlet.doDispatch(DispatcherServlet.java:1089) ~[spring-webmvc-6.1.13.jar:6.1.13]
	at org.springframework.web.servlet.DispatcherServlet.doService(DispatcherServlet.java:979) ~[spring-webmvc-6.1.13.jar:6.1.13]
	at org.springframework.web.servlet.FrameworkServlet.processRequest(FrameworkServlet.java:1014) ~[spring-webmvc-6.1.13.jar:6.1.13]
	at org.springframework.web.servlet.FrameworkServlet.doGet(FrameworkServlet.java:903) ~[spring-webmvc-6.1.13.jar:6.1.13]
	at jakarta.servlet.http.HttpServlet.service(HttpServlet.java:564) ~[tomcat-embed-core-10.1.30.jar:6.0]
	at org.springframework.web.servlet.FrameworkServlet.service(FrameworkServlet.java:885) ~[spring-webmvc-6.1.13.jar:6.1.13]
	at jakarta.servlet.http.HttpServlet.service(HttpServlet.java:658) ~[tomcat-embed-core-10.1.30.jar:6.0]
	at org.apache.catalina.core.ApplicationFilterChain.internalDoFilter(ApplicationFilterChain.java:195) ~[tomcat-embed-core-10.1.30.jar:10.1.30]
	at org.apache.catalina.core.ApplicationFilterChain.doFilter(ApplicationFilterChain.java:140) ~[tomcat-embed-core-10.1.30.jar:10.1.30]
	at org.apache.tomcat.websocket.server.WsFilter.doFilter(WsFilter.java:51) ~[tomcat-embed-websocket-10.1.30.jar:10.1.30]
	at org.apache.catalina.core.ApplicationFilterChain.internalDoFilter(ApplicationFilterChain.java:164) ~[tomcat-embed-core-10.1.30.jar:10.1.30]
	at org.apache.catalina.core.ApplicationFilterChain.doFilter(ApplicationFilterChain.java:140) ~[tomcat-embed-core-10.1.30.jar:10.1.30]
	at org.springframework.boot.devtools.remote.server.DispatcherFilter.doFilter(DispatcherFilter.java:72) ~[spring-boot-devtools-3.3.4.jar:3.3.4]
	at org.springframework.boot.devtools.remote.server.DispatcherFilter.doFilter(DispatcherFilter.java:60) ~[spring-boot-devtools-3.3.4.jar:3.3.4]
	at org.apache.catalina.core.ApplicationFilterChain.internalDoFilter(ApplicationFilterChain.java:164) ~[tomcat-embed-core-10.1.30.jar:10.1.30]
	at org.apache.catalina.core.ApplicationFilterChain.doFilter(ApplicationFilterChain.java:140) ~[tomcat-embed-core-10.1.30.jar:10.1.30]
	at org.springframework.web.filter.RequestContextFilter.doFilterInternal(RequestContextFilter.java:100) ~[spring-web-6.1.13.jar:6.1.13]
	at org.springframework.web.filter.OncePerRequestFilter.doFilter(OncePerRequestFilter.java:116) ~[spring-web-6.1.13.jar:6.1.13]
	at org.apache.catalina.core.ApplicationFilterChain.internalDoFilter(ApplicationFilterChain.java:164) ~[tomcat-embed-core-10.1.30.jar:10.1.30]
	at org.apache.catalina.core.ApplicationFilterChain.doFilter(ApplicationFilterChain.java:140) ~[tomcat-embed-core-10.1.30.jar:10.1.30]
	at org.springframework.web.filter.FormContentFilter.doFilterInternal(FormContentFilter.java:93) ~[spring-web-6.1.13.jar:6.1.13]
	at org.springframework.web.filter.OncePerRequestFilter.doFilter(OncePerRequestFilter.java:116) ~[spring-web-6.1.13.jar:6.1.13]
	at org.apache.catalina.core.ApplicationFilterChain.internalDoFilter(ApplicationFilterChain.java:164) ~[tomcat-embed-core-10.1.30.jar:10.1.30]
	at org.apache.catalina.core.ApplicationFilterChain.doFilter(ApplicationFilterChain.java:140) ~[tomcat-embed-core-10.1.30.jar:10.1.30]
	at org.springframework.web.filter.CharacterEncodingFilter.doFilterInternal(CharacterEncodingFilter.java:201) ~[spring-web-6.1.13.jar:6.1.13]
	at org.springframework.web.filter.OncePerRequestFilter.doFilter(OncePerRequestFilter.java:116) ~[spring-web-6.1.13.jar:6.1.13]
	at org.apache.catalina.core.ApplicationFilterChain.internalDoFilter(ApplicationFilterChain.java:164) ~[tomcat-embed-core-10.1.30.jar:10.1.30]
	at org.apache.catalina.core.ApplicationFilterChain.doFilter(ApplicationFilterChain.java:140) ~[tomcat-embed-core-10.1.30.jar:10.1.30]
	at org.apache.catalina.core.StandardWrapperValve.invoke(StandardWrapperValve.java:167) ~[tomcat-embed-core-10.1.30.jar:10.1.30]
	at org.apache.catalina.core.StandardContextValve.invoke(StandardContextValve.java:90) ~[tomcat-embed-core-10.1.30.jar:10.1.30]
	at org.apache.catalina.authenticator.AuthenticatorBase.invoke(AuthenticatorBase.java:483) ~[tomcat-embed-core-10.1.30.jar:10.1.30]
	at org.apache.catalina.core.StandardHostValve.invoke(StandardHostValve.java:115) ~[tomcat-embed-core-10.1.30.jar:10.1.30]
	at org.apache.catalina.valves.ErrorReportValve.invoke(ErrorReportValve.java:93) ~[tomcat-embed-core-10.1.30.jar:10.1.30]
	at org.apache.catalina.core.StandardEngineValve.invoke(StandardEngineValve.java:74) ~[tomcat-embed-core-10.1.30.jar:10.1.30]
	at org.apache.catalina.connector.CoyoteAdapter.service(CoyoteAdapter.java:344) ~[tomcat-embed-core-10.1.30.jar:10.1.30]
	at org.apache.coyote.http11.Http11Processor.service(Http11Processor.java:384) ~[tomcat-embed-core-10.1.30.jar:10.1.30]
	at org.apache.coyote.AbstractProcessorLight.process(AbstractProcessorLight.java:63) ~[tomcat-embed-core-10.1.30.jar:10.1.30]
	at org.apache.coyote.AbstractProtocol$ConnectionHandler.process(AbstractProtocol.java:905) ~[tomcat-embed-core-10.1.30.jar:10.1.30]
	at org.apache.tomcat.util.net.NioEndpoint$SocketProcessor.doRun(NioEndpoint.java:1741) ~[tomcat-embed-core-10.1.30.jar:10.1.30]
	at org.apache.tomcat.util.net.SocketProcessorBase.run(SocketProcessorBase.java:52) ~[tomcat-embed-core-10.1.30.jar:10.1.30]
	at org.apache.tomcat.util.threads.ThreadPoolExecutor.runWorker(ThreadPoolExecutor.java:1190) ~[tomcat-embed-core-10.1.30.jar:10.1.30]
	at org.apache.tomcat.util.threads.ThreadPoolExecutor$Worker.run(ThreadPoolExecutor.java:659) ~[tomcat-embed-core-10.1.30.jar:10.1.30]
	at org.apache.tomcat.util.threads.TaskThread$WrappingRunnable.run(TaskThread.java:63) ~[tomcat-embed-core-10.1.30.jar:10.1.30]
	at java.base/java.lang.Thread.run(Thread.java:1570) ~[na:na]

2025-03-09T17:08:24.083+08:00 ERROR 35124 --- [CommentAnalysis] [http-nio-8081-exec-3] o.a.c.c.C.[.[.[/].[dispatcherServlet]    : Servlet.service() for servlet [dispatcherServlet] in context with path [] threw exception [Request processing failed: org.springframework.data.redis.serializer.SerializationException: Cannot deserialize] with root cause

java.io.InvalidClassException: com.backend.commentanalysis.entity.dto.ProductInfoDTO; local class incompatible: stream classdesc serialVersionUID = -6647160007052296984, local class serialVersionUID = 3523409450735864256
	at java.base/java.io.ObjectStreamClass.initNonProxy(ObjectStreamClass.java:598) ~[na:na]
	at java.base/java.io.ObjectInputStream.readNonProxyDesc(ObjectInputStream.java:2063) ~[na:na]
	at java.base/java.io.ObjectInputStream.readClassDesc(ObjectInputStream.java:1912) ~[na:na]
	at java.base/java.io.ObjectInputStream.readOrdinaryObject(ObjectInputStream.java:2237) ~[na:na]
	at java.base/java.io.ObjectInputStream.readObject0(ObjectInputStream.java:1747) ~[na:na]
	at java.base/java.io.ObjectInputStream.readObject(ObjectInputStream.java:525) ~[na:na]
	at java.base/java.io.ObjectInputStream.readObject(ObjectInputStream.java:483) ~[na:na]
	at org.springframework.core.serializer.DefaultDeserializer.deserialize(DefaultDeserializer.java:71) ~[spring-core-6.1.13.jar:6.1.13]
	at org.springframework.core.serializer.support.DeserializingConverter.convert(DeserializingConverter.java:75) ~[spring-core-6.1.13.jar:6.1.13]
	at org.springframework.core.serializer.support.DeserializingConverter.convert(DeserializingConverter.java:37) ~[spring-core-6.1.13.jar:6.1.13]
	at org.springframework.data.redis.serializer.JdkSerializationRedisSerializer.deserialize(JdkSerializationRedisSerializer.java:109) ~[spring-data-redis-3.3.4.jar:3.3.4]
	at org.springframework.data.redis.serializer.DefaultRedisElementReader.read(DefaultRedisElementReader.java:46) ~[spring-data-redis-3.3.4.jar:3.3.4]
	at org.springframework.data.redis.serializer.RedisSerializationContext$SerializationPair.read(RedisSerializationContext.java:277) ~[spring-data-redis-3.3.4.jar:3.3.4]
	at org.springframework.data.redis.cache.RedisCache.deserializeCacheValue(RedisCache.java:381) ~[spring-data-redis-3.3.4.jar:3.3.4]
	at org.springframework.data.redis.cache.RedisCache.lookup(RedisCache.java:207) ~[spring-data-redis-3.3.4.jar:3.3.4]
	at org.springframework.cache.support.AbstractValueAdaptingCache.get(AbstractValueAdaptingCache.java:58) ~[spring-context-6.1.13.jar:6.1.13]
	at org.springframework.cache.interceptor.AbstractCacheInvoker.doGet(AbstractCacheInvoker.java:73) ~[spring-context-6.1.13.jar:6.1.13]
	at org.springframework.cache.interceptor.CacheAspectSupport.findInCaches(CacheAspectSupport.java:524) ~[spring-context-6.1.13.jar:6.1.13]
	at org.springframework.cache.interceptor.CacheAspectSupport.findCachedValue(CacheAspectSupport.java:481) ~[spring-context-6.1.13.jar:6.1.13]
	at org.springframework.cache.interceptor.CacheAspectSupport.execute(CacheAspectSupport.java:431) ~[spring-context-6.1.13.jar:6.1.13]
	at org.springframework.cache.interceptor.CacheAspectSupport.execute(CacheAspectSupport.java:395) ~[spring-context-6.1.13.jar:6.1.13]
	at org.springframework.cache.interceptor.CacheInterceptor.invoke(CacheInterceptor.java:65) ~[spring-context-6.1.13.jar:6.1.13]
	at org.springframework.aop.framework.ReflectiveMethodInvocation.proceed(ReflectiveMethodInvocation.java:184) ~[spring-aop-6.1.13.jar:6.1.13]
	at org.springframework.aop.framework.CglibAopProxy$CglibMethodInvocation.proceed(CglibAopProxy.java:768) ~[spring-aop-6.1.13.jar:6.1.13]
	at org.springframework.aop.framework.CglibAopProxy$DynamicAdvisedInterceptor.intercept(CglibAopProxy.java:720) ~[spring-aop-6.1.13.jar:6.1.13]
	at com.backend.commentanalysis.service.implement.ProductServiceImpl$$SpringCGLIB$$0.getProductInfoByPid(<generated>) ~[classes/:na]
	at com.backend.commentanalysis.controller.ProductController.getProductInfoByPid(ProductController.java:44) ~[classes/:na]
	at java.base/jdk.internal.reflect.DirectMethodHandleAccessor.invoke(DirectMethodHandleAccessor.java:103) ~[na:na]
	at java.base/java.lang.reflect.Method.invoke(Method.java:580) ~[na:na]
	at org.springframework.aop.support.AopUtils.invokeJoinpointUsingReflection(AopUtils.java:355) ~[spring-aop-6.1.13.jar:6.1.13]
	at org.springframework.aop.framework.ReflectiveMethodInvocation.invokeJoinpoint(ReflectiveMethodInvocation.java:196) ~[spring-aop-6.1.13.jar:6.1.13]
	at org.springframework.aop.framework.ReflectiveMethodInvocation.proceed(ReflectiveMethodInvocation.java:163) ~[spring-aop-6.1.13.jar:6.1.13]
	at org.springframework.aop.framework.CglibAopProxy$CglibMethodInvocation.proceed(CglibAopProxy.java:768) ~[spring-aop-6.1.13.jar:6.1.13]
	at org.springframework.validation.beanvalidation.MethodValidationInterceptor.invoke(MethodValidationInterceptor.java:174) ~[spring-context-6.1.13.jar:6.1.13]
	at org.springframework.aop.framework.ReflectiveMethodInvocation.proceed(ReflectiveMethodInvocation.java:184) ~[spring-aop-6.1.13.jar:6.1.13]
	at org.springframework.aop.framework.CglibAopProxy$CglibMethodInvocation.proceed(CglibAopProxy.java:768) ~[spring-aop-6.1.13.jar:6.1.13]
	at org.springframework.aop.framework.CglibAopProxy$DynamicAdvisedInterceptor.intercept(CglibAopProxy.java:720) ~[spring-aop-6.1.13.jar:6.1.13]
	at com.backend.commentanalysis.controller.ProductController$$SpringCGLIB$$0.getProductInfoByPid(<generated>) ~[classes/:na]
	at java.base/jdk.internal.reflect.DirectMethodHandleAccessor.invoke(DirectMethodHandleAccessor.java:103) ~[na:na]
	at java.base/java.lang.reflect.Method.invoke(Method.java:580) ~[na:na]
	at org.springframework.web.method.support.InvocableHandlerMethod.doInvoke(InvocableHandlerMethod.java:255) ~[spring-web-6.1.13.jar:6.1.13]
	at org.springframework.web.method.support.InvocableHandlerMethod.invokeForRequest(InvocableHandlerMethod.java:188) ~[spring-web-6.1.13.jar:6.1.13]
	at org.springframework.web.servlet.mvc.method.annotation.ServletInvocableHandlerMethod.invokeAndHandle(ServletInvocableHandlerMethod.java:118) ~[spring-webmvc-6.1.13.jar:6.1.13]
	at org.springframework.web.servlet.mvc.method.annotation.RequestMappingHandlerAdapter.invokeHandlerMethod(RequestMappingHandlerAdapter.java:926) ~[spring-webmvc-6.1.13.jar:6.1.13]
	at org.springframework.web.servlet.mvc.method.annotation.RequestMappingHandlerAdapter.handleInternal(RequestMappingHandlerAdapter.java:831) ~[spring-webmvc-6.1.13.jar:6.1.13]
	at org.springframework.web.servlet.mvc.method.AbstractHandlerMethodAdapter.handle(AbstractHandlerMethodAdapter.java:87) ~[spring-webmvc-6.1.13.jar:6.1.13]
	at org.springframework.web.servlet.DispatcherServlet.doDispatch(DispatcherServlet.java:1089) ~[spring-webmvc-6.1.13.jar:6.1.13]
	at org.springframework.web.servlet.DispatcherServlet.doService(DispatcherServlet.java:979) ~[spring-webmvc-6.1.13.jar:6.1.13]
	at org.springframework.web.servlet.FrameworkServlet.processRequest(FrameworkServlet.java:1014) ~[spring-webmvc-6.1.13.jar:6.1.13]
	at org.springframework.web.servlet.FrameworkServlet.doGet(FrameworkServlet.java:903) ~[spring-webmvc-6.1.13.jar:6.1.13]
	at jakarta.servlet.http.HttpServlet.service(HttpServlet.java:564) ~[tomcat-embed-core-10.1.30.jar:6.0]
	at org.springframework.web.servlet.FrameworkServlet.service(FrameworkServlet.java:885) ~[spring-webmvc-6.1.13.jar:6.1.13]
	at jakarta.servlet.http.HttpServlet.service(HttpServlet.java:658) ~[tomcat-embed-core-10.1.30.jar:6.0]
	at org.apache.catalina.core.ApplicationFilterChain.internalDoFilter(ApplicationFilterChain.java:195) ~[tomcat-embed-core-10.1.30.jar:10.1.30]
	at org.apache.catalina.core.ApplicationFilterChain.doFilter(ApplicationFilterChain.java:140) ~[tomcat-embed-core-10.1.30.jar:10.1.30]
	at org.apache.tomcat.websocket.server.WsFilter.doFilter(WsFilter.java:51) ~[tomcat-embed-websocket-10.1.30.jar:10.1.30]
	at org.apache.catalina.core.ApplicationFilterChain.internalDoFilter(ApplicationFilterChain.java:164) ~[tomcat-embed-core-10.1.30.jar:10.1.30]
	at org.apache.catalina.core.ApplicationFilterChain.doFilter(ApplicationFilterChain.java:140) ~[tomcat-embed-core-10.1.30.jar:10.1.30]
	at org.springframework.boot.devtools.remote.server.DispatcherFilter.doFilter(DispatcherFilter.java:72) ~[spring-boot-devtools-3.3.4.jar:3.3.4]
	at org.springframework.boot.devtools.remote.server.DispatcherFilter.doFilter(DispatcherFilter.java:60) ~[spring-boot-devtools-3.3.4.jar:3.3.4]
	at org.apache.catalina.core.ApplicationFilterChain.internalDoFilter(ApplicationFilterChain.java:164) ~[tomcat-embed-core-10.1.30.jar:10.1.30]
	at org.apache.catalina.core.ApplicationFilterChain.doFilter(ApplicationFilterChain.java:140) ~[tomcat-embed-core-10.1.30.jar:10.1.30]
	at org.springframework.web.filter.RequestContextFilter.doFilterInternal(RequestContextFilter.java:100) ~[spring-web-6.1.13.jar:6.1.13]
	at org.springframework.web.filter.OncePerRequestFilter.doFilter(OncePerRequestFilter.java:116) ~[spring-web-6.1.13.jar:6.1.13]
	at org.apache.catalina.core.ApplicationFilterChain.internalDoFilter(ApplicationFilterChain.java:164) ~[tomcat-embed-core-10.1.30.jar:10.1.30]
	at org.apache.catalina.core.ApplicationFilterChain.doFilter(ApplicationFilterChain.java:140) ~[tomcat-embed-core-10.1.30.jar:10.1.30]
	at org.springframework.web.filter.FormContentFilter.doFilterInternal(FormContentFilter.java:93) ~[spring-web-6.1.13.jar:6.1.13]
	at org.springframework.web.filter.OncePerRequestFilter.doFilter(OncePerRequestFilter.java:116) ~[spring-web-6.1.13.jar:6.1.13]
	at org.apache.catalina.core.ApplicationFilterChain.internalDoFilter(ApplicationFilterChain.java:164) ~[tomcat-embed-core-10.1.30.jar:10.1.30]
	at org.apache.catalina.core.ApplicationFilterChain.doFilter(ApplicationFilterChain.java:140) ~[tomcat-embed-core-10.1.30.jar:10.1.30]
	at org.springframework.web.filter.CharacterEncodingFilter.doFilterInternal(CharacterEncodingFilter.java:201) ~[spring-web-6.1.13.jar:6.1.13]
	at org.springframework.web.filter.OncePerRequestFilter.doFilter(OncePerRequestFilter.java:116) ~[spring-web-6.1.13.jar:6.1.13]
	at org.apache.catalina.core.ApplicationFilterChain.internalDoFilter(ApplicationFilterChain.java:164) ~[tomcat-embed-core-10.1.30.jar:10.1.30]
	at org.apache.catalina.core.ApplicationFilterChain.doFilter(ApplicationFilterChain.java:140) ~[tomcat-embed-core-10.1.30.jar:10.1.30]
	at org.apache.catalina.core.StandardWrapperValve.invoke(StandardWrapperValve.java:167) ~[tomcat-embed-core-10.1.30.jar:10.1.30]
	at org.apache.catalina.core.StandardContextValve.invoke(StandardContextValve.java:90) ~[tomcat-embed-core-10.1.30.jar:10.1.30]
	at org.apache.catalina.authenticator.AuthenticatorBase.invoke(AuthenticatorBase.java:483) ~[tomcat-embed-core-10.1.30.jar:10.1.30]
	at org.apache.catalina.core.StandardHostValve.invoke(StandardHostValve.java:115) ~[tomcat-embed-core-10.1.30.jar:10.1.30]
	at org.apache.catalina.valves.ErrorReportValve.invoke(ErrorReportValve.java:93) ~[tomcat-embed-core-10.1.30.jar:10.1.30]
	at org.apache.catalina.core.StandardEngineValve.invoke(StandardEngineValve.java:74) ~[tomcat-embed-core-10.1.30.jar:10.1.30]
	at org.apache.catalina.connector.CoyoteAdapter.service(CoyoteAdapter.java:344) ~[tomcat-embed-core-10.1.30.jar:10.1.30]
	at org.apache.coyote.http11.Http11Processor.service(Http11Processor.java:384) ~[tomcat-embed-core-10.1.30.jar:10.1.30]
	at org.apache.coyote.AbstractProcessorLight.process(AbstractProcessorLight.java:63) ~[tomcat-embed-core-10.1.30.jar:10.1.30]
	at org.apache.coyote.AbstractProtocol$ConnectionHandler.process(AbstractProtocol.java:905) ~[tomcat-embed-core-10.1.30.jar:10.1.30]
	at org.apache.tomcat.util.net.NioEndpoint$SocketProcessor.doRun(NioEndpoint.java:1741) ~[tomcat-embed-core-10.1.30.jar:10.1.30]
	at org.apache.tomcat.util.net.SocketProcessorBase.run(SocketProcessorBase.java:52) ~[tomcat-embed-core-10.1.30.jar:10.1.30]
	at org.apache.tomcat.util.threads.ThreadPoolExecutor.runWorker(ThreadPoolExecutor.java:1190) ~[tomcat-embed-core-10.1.30.jar:10.1.30]
	at org.apache.tomcat.util.threads.ThreadPoolExecutor$Worker.run(ThreadPoolExecutor.java:659) ~[tomcat-embed-core-10.1.30.jar:10.1.30]
	at org.apache.tomcat.util.threads.TaskThread$WrappingRunnable.run(TaskThread.java:63) ~[tomcat-embed-core-10.1.30.jar:10.1.30]
	at java.base/java.lang.Thread.run(Thread.java:1570) ~[na:na]

2025-03-09T17:09:19.290+08:00 ERROR 35124 --- [CommentAnalysis] [http-nio-8081-exec-2] o.a.c.c.C.[.[.[/].[dispatcherServlet]    : Servlet.service() for servlet [dispatcherServlet] in context with path [] threw exception [Request processing failed: java.lang.ClassCastException: class com.backend.commentanalysis.entity.dto.ProductInfoDTO cannot be cast to class com.backend.commentanalysis.entity.dto.ProductInfoDTO (com.backend.commentanalysis.entity.dto.ProductInfoDTO is in unnamed module of loader 'app'; com.backend.commentanalysis.entity.dto.ProductInfoDTO is in unnamed module of loader org.springframework.boot.devtools.restart.classloader.RestartClassLoader @5b2e7bc1)] with root cause

java.lang.ClassCastException: class com.backend.commentanalysis.entity.dto.ProductInfoDTO cannot be cast to class com.backend.commentanalysis.entity.dto.ProductInfoDTO (com.backend.commentanalysis.entity.dto.ProductInfoDTO is in unnamed module of loader 'app'; com.backend.commentanalysis.entity.dto.ProductInfoDTO is in unnamed module of loader org.springframework.boot.devtools.restart.classloader.RestartClassLoader @5b2e7bc1)
	at com.backend.commentanalysis.service.implement.ProductServiceImpl$$SpringCGLIB$$0.getProductInfoByPid(<generated>) ~[classes/:na]
	at com.backend.commentanalysis.controller.ProductController.getProductInfoByPid(ProductController.java:44) ~[classes/:na]
	at java.base/jdk.internal.reflect.DirectMethodHandleAccessor.invoke(DirectMethodHandleAccessor.java:103) ~[na:na]
	at java.base/java.lang.reflect.Method.invoke(Method.java:580) ~[na:na]
	at org.springframework.aop.support.AopUtils.invokeJoinpointUsingReflection(AopUtils.java:355) ~[spring-aop-6.1.13.jar:6.1.13]
	at org.springframework.aop.framework.ReflectiveMethodInvocation.invokeJoinpoint(ReflectiveMethodInvocation.java:196) ~[spring-aop-6.1.13.jar:6.1.13]
	at org.springframework.aop.framework.ReflectiveMethodInvocation.proceed(ReflectiveMethodInvocation.java:163) ~[spring-aop-6.1.13.jar:6.1.13]
	at org.springframework.aop.framework.CglibAopProxy$CglibMethodInvocation.proceed(CglibAopProxy.java:768) ~[spring-aop-6.1.13.jar:6.1.13]
	at org.springframework.validation.beanvalidation.MethodValidationInterceptor.invoke(MethodValidationInterceptor.java:174) ~[spring-context-6.1.13.jar:6.1.13]
	at org.springframework.aop.framework.ReflectiveMethodInvocation.proceed(ReflectiveMethodInvocation.java:184) ~[spring-aop-6.1.13.jar:6.1.13]
	at org.springframework.aop.framework.CglibAopProxy$CglibMethodInvocation.proceed(CglibAopProxy.java:768) ~[spring-aop-6.1.13.jar:6.1.13]
	at org.springframework.aop.framework.CglibAopProxy$DynamicAdvisedInterceptor.intercept(CglibAopProxy.java:720) ~[spring-aop-6.1.13.jar:6.1.13]
	at com.backend.commentanalysis.controller.ProductController$$SpringCGLIB$$0.getProductInfoByPid(<generated>) ~[classes/:na]
	at java.base/jdk.internal.reflect.DirectMethodHandleAccessor.invoke(DirectMethodHandleAccessor.java:103) ~[na:na]
	at java.base/java.lang.reflect.Method.invoke(Method.java:580) ~[na:na]
	at org.springframework.web.method.support.InvocableHandlerMethod.doInvoke(InvocableHandlerMethod.java:255) ~[spring-web-6.1.13.jar:6.1.13]
	at org.springframework.web.method.support.InvocableHandlerMethod.invokeForRequest(InvocableHandlerMethod.java:188) ~[spring-web-6.1.13.jar:6.1.13]
	at org.springframework.web.servlet.mvc.method.annotation.ServletInvocableHandlerMethod.invokeAndHandle(ServletInvocableHandlerMethod.java:118) ~[spring-webmvc-6.1.13.jar:6.1.13]
	at org.springframework.web.servlet.mvc.method.annotation.RequestMappingHandlerAdapter.invokeHandlerMethod(RequestMappingHandlerAdapter.java:926) ~[spring-webmvc-6.1.13.jar:6.1.13]
	at org.springframework.web.servlet.mvc.method.annotation.RequestMappingHandlerAdapter.handleInternal(RequestMappingHandlerAdapter.java:831) ~[spring-webmvc-6.1.13.jar:6.1.13]
	at org.springframework.web.servlet.mvc.method.AbstractHandlerMethodAdapter.handle(AbstractHandlerMethodAdapter.java:87) ~[spring-webmvc-6.1.13.jar:6.1.13]
	at org.springframework.web.servlet.DispatcherServlet.doDispatch(DispatcherServlet.java:1089) ~[spring-webmvc-6.1.13.jar:6.1.13]
	at org.springframework.web.servlet.DispatcherServlet.doService(DispatcherServlet.java:979) ~[spring-webmvc-6.1.13.jar:6.1.13]
	at org.springframework.web.servlet.FrameworkServlet.processRequest(FrameworkServlet.java:1014) ~[spring-webmvc-6.1.13.jar:6.1.13]
	at org.springframework.web.servlet.FrameworkServlet.doGet(FrameworkServlet.java:903) ~[spring-webmvc-6.1.13.jar:6.1.13]
	at jakarta.servlet.http.HttpServlet.service(HttpServlet.java:564) ~[tomcat-embed-core-10.1.30.jar:6.0]
	at org.springframework.web.servlet.FrameworkServlet.service(FrameworkServlet.java:885) ~[spring-webmvc-6.1.13.jar:6.1.13]
	at jakarta.servlet.http.HttpServlet.service(HttpServlet.java:658) ~[tomcat-embed-core-10.1.30.jar:6.0]
	at org.apache.catalina.core.ApplicationFilterChain.internalDoFilter(ApplicationFilterChain.java:195) ~[tomcat-embed-core-10.1.30.jar:10.1.30]
	at org.apache.catalina.core.ApplicationFilterChain.doFilter(ApplicationFilterChain.java:140) ~[tomcat-embed-core-10.1.30.jar:10.1.30]
	at org.apache.tomcat.websocket.server.WsFilter.doFilter(WsFilter.java:51) ~[tomcat-embed-websocket-10.1.30.jar:10.1.30]
	at org.apache.catalina.core.ApplicationFilterChain.internalDoFilter(ApplicationFilterChain.java:164) ~[tomcat-embed-core-10.1.30.jar:10.1.30]
	at org.apache.catalina.core.ApplicationFilterChain.doFilter(ApplicationFilterChain.java:140) ~[tomcat-embed-core-10.1.30.jar:10.1.30]
	at org.springframework.boot.devtools.remote.server.DispatcherFilter.doFilter(DispatcherFilter.java:72) ~[spring-boot-devtools-3.3.4.jar:3.3.4]
	at org.springframework.boot.devtools.remote.server.DispatcherFilter.doFilter(DispatcherFilter.java:60) ~[spring-boot-devtools-3.3.4.jar:3.3.4]
	at org.apache.catalina.core.ApplicationFilterChain.internalDoFilter(ApplicationFilterChain.java:164) ~[tomcat-embed-core-10.1.30.jar:10.1.30]
	at org.apache.catalina.core.ApplicationFilterChain.doFilter(ApplicationFilterChain.java:140) ~[tomcat-embed-core-10.1.30.jar:10.1.30]
	at org.springframework.web.filter.RequestContextFilter.doFilterInternal(RequestContextFilter.java:100) ~[spring-web-6.1.13.jar:6.1.13]
	at org.springframework.web.filter.OncePerRequestFilter.doFilter(OncePerRequestFilter.java:116) ~[spring-web-6.1.13.jar:6.1.13]
	at org.apache.catalina.core.ApplicationFilterChain.internalDoFilter(ApplicationFilterChain.java:164) ~[tomcat-embed-core-10.1.30.jar:10.1.30]
	at org.apache.catalina.core.ApplicationFilterChain.doFilter(ApplicationFilterChain.java:140) ~[tomcat-embed-core-10.1.30.jar:10.1.30]
	at org.springframework.web.filter.FormContentFilter.doFilterInternal(FormContentFilter.java:93) ~[spring-web-6.1.13.jar:6.1.13]
	at org.springframework.web.filter.OncePerRequestFilter.doFilter(OncePerRequestFilter.java:116) ~[spring-web-6.1.13.jar:6.1.13]
	at org.apache.catalina.core.ApplicationFilterChain.internalDoFilter(ApplicationFilterChain.java:164) ~[tomcat-embed-core-10.1.30.jar:10.1.30]
	at org.apache.catalina.core.ApplicationFilterChain.doFilter(ApplicationFilterChain.java:140) ~[tomcat-embed-core-10.1.30.jar:10.1.30]
	at org.springframework.web.filter.CharacterEncodingFilter.doFilterInternal(CharacterEncodingFilter.java:201) ~[spring-web-6.1.13.jar:6.1.13]
	at org.springframework.web.filter.OncePerRequestFilter.doFilter(OncePerRequestFilter.java:116) ~[spring-web-6.1.13.jar:6.1.13]
	at org.apache.catalina.core.ApplicationFilterChain.internalDoFilter(ApplicationFilterChain.java:164) ~[tomcat-embed-core-10.1.30.jar:10.1.30]
	at org.apache.catalina.core.ApplicationFilterChain.doFilter(ApplicationFilterChain.java:140) ~[tomcat-embed-core-10.1.30.jar:10.1.30]
	at org.apache.catalina.core.StandardWrapperValve.invoke(StandardWrapperValve.java:167) ~[tomcat-embed-core-10.1.30.jar:10.1.30]
	at org.apache.catalina.core.StandardContextValve.invoke(StandardContextValve.java:90) ~[tomcat-embed-core-10.1.30.jar:10.1.30]
	at org.apache.catalina.authenticator.AuthenticatorBase.invoke(AuthenticatorBase.java:483) ~[tomcat-embed-core-10.1.30.jar:10.1.30]
	at org.apache.catalina.core.StandardHostValve.invoke(StandardHostValve.java:115) ~[tomcat-embed-core-10.1.30.jar:10.1.30]
	at org.apache.catalina.valves.ErrorReportValve.invoke(ErrorReportValve.java:93) ~[tomcat-embed-core-10.1.30.jar:10.1.30]
	at org.apache.catalina.core.StandardEngineValve.invoke(StandardEngineValve.java:74) ~[tomcat-embed-core-10.1.30.jar:10.1.30]
	at org.apache.catalina.connector.CoyoteAdapter.service(CoyoteAdapter.java:344) ~[tomcat-embed-core-10.1.30.jar:10.1.30]
	at org.apache.coyote.http11.Http11Processor.service(Http11Processor.java:384) ~[tomcat-embed-core-10.1.30.jar:10.1.30]
	at org.apache.coyote.AbstractProcessorLight.process(AbstractProcessorLight.java:63) ~[tomcat-embed-core-10.1.30.jar:10.1.30]
	at org.apache.coyote.AbstractProtocol$ConnectionHandler.process(AbstractProtocol.java:905) ~[tomcat-embed-core-10.1.30.jar:10.1.30]
	at org.apache.tomcat.util.net.NioEndpoint$SocketProcessor.doRun(NioEndpoint.java:1741) ~[tomcat-embed-core-10.1.30.jar:10.1.30]
	at org.apache.tomcat.util.net.SocketProcessorBase.run(SocketProcessorBase.java:52) ~[tomcat-embed-core-10.1.30.jar:10.1.30]
	at org.apache.tomcat.util.threads.ThreadPoolExecutor.runWorker(ThreadPoolExecutor.java:1190) ~[tomcat-embed-core-10.1.30.jar:10.1.30]
	at org.apache.tomcat.util.threads.ThreadPoolExecutor$Worker.run(ThreadPoolExecutor.java:659) ~[tomcat-embed-core-10.1.30.jar:10.1.30]
	at org.apache.tomcat.util.threads.TaskThread$WrappingRunnable.run(TaskThread.java:63) ~[tomcat-embed-core-10.1.30.jar:10.1.30]
	at java.base/java.lang.Thread.run(Thread.java:1570) ~[na:na]

2025-03-09T17:09:22.335+08:00 ERROR 35124 --- [CommentAnalysis] [http-nio-8081-exec-5] o.a.c.c.C.[.[.[/].[dispatcherServlet]    : Servlet.service() for servlet [dispatcherServlet] in context with path [] threw exception [Request processing failed: java.lang.ClassCastException: class com.backend.commentanalysis.entity.dto.ProductInfoDTO cannot be cast to class com.backend.commentanalysis.entity.dto.ProductInfoDTO (com.backend.commentanalysis.entity.dto.ProductInfoDTO is in unnamed module of loader 'app'; com.backend.commentanalysis.entity.dto.ProductInfoDTO is in unnamed module of loader org.springframework.boot.devtools.restart.classloader.RestartClassLoader @5b2e7bc1)] with root cause

java.lang.ClassCastException: class com.backend.commentanalysis.entity.dto.ProductInfoDTO cannot be cast to class com.backend.commentanalysis.entity.dto.ProductInfoDTO (com.backend.commentanalysis.entity.dto.ProductInfoDTO is in unnamed module of loader 'app'; com.backend.commentanalysis.entity.dto.ProductInfoDTO is in unnamed module of loader org.springframework.boot.devtools.restart.classloader.RestartClassLoader @5b2e7bc1)
	at com.backend.commentanalysis.service.implement.ProductServiceImpl$$SpringCGLIB$$0.getProductInfoByPid(<generated>) ~[classes/:na]
	at com.backend.commentanalysis.controller.ProductController.getProductInfoByPid(ProductController.java:44) ~[classes/:na]
	at java.base/jdk.internal.reflect.DirectMethodHandleAccessor.invoke(DirectMethodHandleAccessor.java:103) ~[na:na]
	at java.base/java.lang.reflect.Method.invoke(Method.java:580) ~[na:na]
	at org.springframework.aop.support.AopUtils.invokeJoinpointUsingReflection(AopUtils.java:355) ~[spring-aop-6.1.13.jar:6.1.13]
	at org.springframework.aop.framework.ReflectiveMethodInvocation.invokeJoinpoint(ReflectiveMethodInvocation.java:196) ~[spring-aop-6.1.13.jar:6.1.13]
	at org.springframework.aop.framework.ReflectiveMethodInvocation.proceed(ReflectiveMethodInvocation.java:163) ~[spring-aop-6.1.13.jar:6.1.13]
	at org.springframework.aop.framework.CglibAopProxy$CglibMethodInvocation.proceed(CglibAopProxy.java:768) ~[spring-aop-6.1.13.jar:6.1.13]
	at org.springframework.validation.beanvalidation.MethodValidationInterceptor.invoke(MethodValidationInterceptor.java:174) ~[spring-context-6.1.13.jar:6.1.13]
	at org.springframework.aop.framework.ReflectiveMethodInvocation.proceed(ReflectiveMethodInvocation.java:184) ~[spring-aop-6.1.13.jar:6.1.13]
	at org.springframework.aop.framework.CglibAopProxy$CglibMethodInvocation.proceed(CglibAopProxy.java:768) ~[spring-aop-6.1.13.jar:6.1.13]
	at org.springframework.aop.framework.CglibAopProxy$DynamicAdvisedInterceptor.intercept(CglibAopProxy.java:720) ~[spring-aop-6.1.13.jar:6.1.13]
	at com.backend.commentanalysis.controller.ProductController$$SpringCGLIB$$0.getProductInfoByPid(<generated>) ~[classes/:na]
	at java.base/jdk.internal.reflect.DirectMethodHandleAccessor.invoke(DirectMethodHandleAccessor.java:103) ~[na:na]
	at java.base/java.lang.reflect.Method.invoke(Method.java:580) ~[na:na]
	at org.springframework.web.method.support.InvocableHandlerMethod.doInvoke(InvocableHandlerMethod.java:255) ~[spring-web-6.1.13.jar:6.1.13]
	at org.springframework.web.method.support.InvocableHandlerMethod.invokeForRequest(InvocableHandlerMethod.java:188) ~[spring-web-6.1.13.jar:6.1.13]
	at org.springframework.web.servlet.mvc.method.annotation.ServletInvocableHandlerMethod.invokeAndHandle(ServletInvocableHandlerMethod.java:118) ~[spring-webmvc-6.1.13.jar:6.1.13]
	at org.springframework.web.servlet.mvc.method.annotation.RequestMappingHandlerAdapter.invokeHandlerMethod(RequestMappingHandlerAdapter.java:926) ~[spring-webmvc-6.1.13.jar:6.1.13]
	at org.springframework.web.servlet.mvc.method.annotation.RequestMappingHandlerAdapter.handleInternal(RequestMappingHandlerAdapter.java:831) ~[spring-webmvc-6.1.13.jar:6.1.13]
	at org.springframework.web.servlet.mvc.method.AbstractHandlerMethodAdapter.handle(AbstractHandlerMethodAdapter.java:87) ~[spring-webmvc-6.1.13.jar:6.1.13]
	at org.springframework.web.servlet.DispatcherServlet.doDispatch(DispatcherServlet.java:1089) ~[spring-webmvc-6.1.13.jar:6.1.13]
	at org.springframework.web.servlet.DispatcherServlet.doService(DispatcherServlet.java:979) ~[spring-webmvc-6.1.13.jar:6.1.13]
	at org.springframework.web.servlet.FrameworkServlet.processRequest(FrameworkServlet.java:1014) ~[spring-webmvc-6.1.13.jar:6.1.13]
	at org.springframework.web.servlet.FrameworkServlet.doGet(FrameworkServlet.java:903) ~[spring-webmvc-6.1.13.jar:6.1.13]
	at jakarta.servlet.http.HttpServlet.service(HttpServlet.java:564) ~[tomcat-embed-core-10.1.30.jar:6.0]
	at org.springframework.web.servlet.FrameworkServlet.service(FrameworkServlet.java:885) ~[spring-webmvc-6.1.13.jar:6.1.13]
	at jakarta.servlet.http.HttpServlet.service(HttpServlet.java:658) ~[tomcat-embed-core-10.1.30.jar:6.0]
	at org.apache.catalina.core.ApplicationFilterChain.internalDoFilter(ApplicationFilterChain.java:195) ~[tomcat-embed-core-10.1.30.jar:10.1.30]
	at org.apache.catalina.core.ApplicationFilterChain.doFilter(ApplicationFilterChain.java:140) ~[tomcat-embed-core-10.1.30.jar:10.1.30]
	at org.apache.tomcat.websocket.server.WsFilter.doFilter(WsFilter.java:51) ~[tomcat-embed-websocket-10.1.30.jar:10.1.30]
	at org.apache.catalina.core.ApplicationFilterChain.internalDoFilter(ApplicationFilterChain.java:164) ~[tomcat-embed-core-10.1.30.jar:10.1.30]
	at org.apache.catalina.core.ApplicationFilterChain.doFilter(ApplicationFilterChain.java:140) ~[tomcat-embed-core-10.1.30.jar:10.1.30]
	at org.springframework.boot.devtools.remote.server.DispatcherFilter.doFilter(DispatcherFilter.java:72) ~[spring-boot-devtools-3.3.4.jar:3.3.4]
	at org.springframework.boot.devtools.remote.server.DispatcherFilter.doFilter(DispatcherFilter.java:60) ~[spring-boot-devtools-3.3.4.jar:3.3.4]
	at org.apache.catalina.core.ApplicationFilterChain.internalDoFilter(ApplicationFilterChain.java:164) ~[tomcat-embed-core-10.1.30.jar:10.1.30]
	at org.apache.catalina.core.ApplicationFilterChain.doFilter(ApplicationFilterChain.java:140) ~[tomcat-embed-core-10.1.30.jar:10.1.30]
	at org.springframework.web.filter.RequestContextFilter.doFilterInternal(RequestContextFilter.java:100) ~[spring-web-6.1.13.jar:6.1.13]
	at org.springframework.web.filter.OncePerRequestFilter.doFilter(OncePerRequestFilter.java:116) ~[spring-web-6.1.13.jar:6.1.13]
	at org.apache.catalina.core.ApplicationFilterChain.internalDoFilter(ApplicationFilterChain.java:164) ~[tomcat-embed-core-10.1.30.jar:10.1.30]
	at org.apache.catalina.core.ApplicationFilterChain.doFilter(ApplicationFilterChain.java:140) ~[tomcat-embed-core-10.1.30.jar:10.1.30]
	at org.springframework.web.filter.FormContentFilter.doFilterInternal(FormContentFilter.java:93) ~[spring-web-6.1.13.jar:6.1.13]
	at org.springframework.web.filter.OncePerRequestFilter.doFilter(OncePerRequestFilter.java:116) ~[spring-web-6.1.13.jar:6.1.13]
	at org.apache.catalina.core.ApplicationFilterChain.internalDoFilter(ApplicationFilterChain.java:164) ~[tomcat-embed-core-10.1.30.jar:10.1.30]
	at org.apache.catalina.core.ApplicationFilterChain.doFilter(ApplicationFilterChain.java:140) ~[tomcat-embed-core-10.1.30.jar:10.1.30]
	at org.springframework.web.filter.CharacterEncodingFilter.doFilterInternal(CharacterEncodingFilter.java:201) ~[spring-web-6.1.13.jar:6.1.13]
	at org.springframework.web.filter.OncePerRequestFilter.doFilter(OncePerRequestFilter.java:116) ~[spring-web-6.1.13.jar:6.1.13]
	at org.apache.catalina.core.ApplicationFilterChain.internalDoFilter(ApplicationFilterChain.java:164) ~[tomcat-embed-core-10.1.30.jar:10.1.30]
	at org.apache.catalina.core.ApplicationFilterChain.doFilter(ApplicationFilterChain.java:140) ~[tomcat-embed-core-10.1.30.jar:10.1.30]
	at org.apache.catalina.core.StandardWrapperValve.invoke(StandardWrapperValve.java:167) ~[tomcat-embed-core-10.1.30.jar:10.1.30]
	at org.apache.catalina.core.StandardContextValve.invoke(StandardContextValve.java:90) ~[tomcat-embed-core-10.1.30.jar:10.1.30]
	at org.apache.catalina.authenticator.AuthenticatorBase.invoke(AuthenticatorBase.java:483) ~[tomcat-embed-core-10.1.30.jar:10.1.30]
	at org.apache.catalina.core.StandardHostValve.invoke(StandardHostValve.java:115) ~[tomcat-embed-core-10.1.30.jar:10.1.30]
	at org.apache.catalina.valves.ErrorReportValve.invoke(ErrorReportValve.java:93) ~[tomcat-embed-core-10.1.30.jar:10.1.30]
	at org.apache.catalina.core.StandardEngineValve.invoke(StandardEngineValve.java:74) ~[tomcat-embed-core-10.1.30.jar:10.1.30]
	at org.apache.catalina.connector.CoyoteAdapter.service(CoyoteAdapter.java:344) ~[tomcat-embed-core-10.1.30.jar:10.1.30]
	at org.apache.coyote.http11.Http11Processor.service(Http11Processor.java:384) ~[tomcat-embed-core-10.1.30.jar:10.1.30]
	at org.apache.coyote.AbstractProcessorLight.process(AbstractProcessorLight.java:63) ~[tomcat-embed-core-10.1.30.jar:10.1.30]
	at org.apache.coyote.AbstractProtocol$ConnectionHandler.process(AbstractProtocol.java:905) ~[tomcat-embed-core-10.1.30.jar:10.1.30]
	at org.apache.tomcat.util.net.NioEndpoint$SocketProcessor.doRun(NioEndpoint.java:1741) ~[tomcat-embed-core-10.1.30.jar:10.1.30]
	at org.apache.tomcat.util.net.SocketProcessorBase.run(SocketProcessorBase.java:52) ~[tomcat-embed-core-10.1.30.jar:10.1.30]
	at org.apache.tomcat.util.threads.ThreadPoolExecutor.runWorker(ThreadPoolExecutor.java:1190) ~[tomcat-embed-core-10.1.30.jar:10.1.30]
	at org.apache.tomcat.util.threads.ThreadPoolExecutor$Worker.run(ThreadPoolExecutor.java:659) ~[tomcat-embed-core-10.1.30.jar:10.1.30]
	at org.apache.tomcat.util.threads.TaskThread$WrappingRunnable.run(TaskThread.java:63) ~[tomcat-embed-core-10.1.30.jar:10.1.30]
	at java.base/java.lang.Thread.run(Thread.java:1570) ~[na:na]

2025-03-09T17:13:06.156+08:00  INFO 35124 --- [CommentAnalysis] [SpringApplicationShutdownHook] o.neo4j.driver.internal.InternalDriver   : Closing driver instance 1308650324
2025-03-09T17:13:06.387+08:00  INFO 35124 --- [CommentAnalysis] [SpringApplicationShutdownHook] com.zaxxer.hikari.HikariDataSource       : HikariPool-1 - Shutdown initiated...
2025-03-09T17:13:06.406+08:00  INFO 35124 --- [CommentAnalysis] [SpringApplicationShutdownHook] com.zaxxer.hikari.HikariDataSource       : HikariPool-1 - Shutdown completed.
2025-03-09T17:13:11.761+08:00  INFO 38600 --- [CommentAnalysis] [restartedMain] c.b.c.CommentAnalysisApplication         : Starting CommentAnalysisApplication using Java 22.0.1 with PID 38600 (E:\Comment Analysis Git\User-fine-grained-sentiment-analysis-and-visualization-system\BackEnd\CommentAnalysis\target\classes started by thunder lee in E:\Comment Analysis Git\User-fine-grained-sentiment-analysis-and-visualization-system\BackEnd)
2025-03-09T17:13:11.763+08:00  INFO 38600 --- [CommentAnalysis] [restartedMain] c.b.c.CommentAnalysisApplication         : No active profile set, falling back to 1 default profile: "default"
2025-03-09T17:13:11.838+08:00  INFO 38600 --- [CommentAnalysis] [restartedMain] o.s.b.devtools.restart.ChangeableUrls    : The Class-Path manifest attribute in E:\apache-maven-3.9.8-bin\maven-repository\com\oracle\database\jdbc\ojdbc11\21.9.0.0\ojdbc11-21.9.0.0.jar referenced one or more files that do not exist: file:/E:/apache-maven-3.9.8-bin/maven-repository/com/oracle/database/jdbc/ojdbc11/21.9.0.0/oraclepki.jar
2025-03-09T17:13:11.839+08:00  INFO 38600 --- [CommentAnalysis] [restartedMain] .e.DevToolsPropertyDefaultsPostProcessor : Devtools property defaults active! Set 'spring.devtools.add-properties' to 'false' to disable
2025-03-09T17:13:11.839+08:00  INFO 38600 --- [CommentAnalysis] [restartedMain] .e.DevToolsPropertyDefaultsPostProcessor : For additional web related logging consider setting the 'logging.level.web' property to 'DEBUG'
2025-03-09T17:13:12.524+08:00  INFO 38600 --- [CommentAnalysis] [restartedMain] .s.d.r.c.RepositoryConfigurationDelegate : Multiple Spring Data modules found, entering strict repository configuration mode
2025-03-09T17:13:12.525+08:00  INFO 38600 --- [CommentAnalysis] [restartedMain] .s.d.r.c.RepositoryConfigurationDelegate : Bootstrapping Spring Data Neo4j repositories in DEFAULT mode.
2025-03-09T17:13:12.650+08:00  INFO 38600 --- [CommentAnalysis] [restartedMain] .s.d.r.c.RepositoryConfigurationDelegate : Finished Spring Data repository scanning in 120 ms. Found 1 Neo4j repository interface.
2025-03-09T17:13:12.922+08:00  INFO 38600 --- [CommentAnalysis] [restartedMain] .s.d.r.c.RepositoryConfigurationDelegate : Multiple Spring Data modules found, entering strict repository configuration mode
2025-03-09T17:13:12.923+08:00  INFO 38600 --- [CommentAnalysis] [restartedMain] .s.d.r.c.RepositoryConfigurationDelegate : Bootstrapping Spring Data Neo4j repositories in DEFAULT mode.
2025-03-09T17:13:12.955+08:00  INFO 38600 --- [CommentAnalysis] [restartedMain] .s.d.r.c.RepositoryConfigurationDelegate : Finished Spring Data repository scanning in 31 ms. Found 0 Neo4j repository interfaces.
2025-03-09T17:13:12.970+08:00  INFO 38600 --- [CommentAnalysis] [restartedMain] .s.d.r.c.RepositoryConfigurationDelegate : Multiple Spring Data modules found, entering strict repository configuration mode
2025-03-09T17:13:12.971+08:00  INFO 38600 --- [CommentAnalysis] [restartedMain] .s.d.r.c.RepositoryConfigurationDelegate : Bootstrapping Spring Data Redis repositories in DEFAULT mode.
2025-03-09T17:13:12.996+08:00  INFO 38600 --- [CommentAnalysis] [restartedMain] .RepositoryConfigurationExtensionSupport : Spring Data Redis - Could not safely identify store assignment for repository candidate interface com.backend.commentanalysis.repository.ProductRepository; If you want this repository to be a Redis repository, consider annotating your entities with one of these annotations: org.springframework.data.redis.core.RedisHash (preferred), or consider extending one of the following types with your repository: org.springframework.data.keyvalue.repository.KeyValueRepository
2025-03-09T17:13:12.997+08:00  INFO 38600 --- [CommentAnalysis] [restartedMain] .s.d.r.c.RepositoryConfigurationDelegate : Finished Spring Data repository scanning in 16 ms. Found 0 Redis repository interfaces.
2025-03-09T17:13:13.855+08:00  INFO 38600 --- [CommentAnalysis] [restartedMain] o.s.b.w.embedded.tomcat.TomcatWebServer  : Tomcat initialized with port 8081 (http)
2025-03-09T17:13:13.870+08:00  INFO 38600 --- [CommentAnalysis] [restartedMain] o.apache.catalina.core.StandardService   : Starting service [Tomcat]
2025-03-09T17:13:13.871+08:00  INFO 38600 --- [CommentAnalysis] [restartedMain] o.apache.catalina.core.StandardEngine    : Starting Servlet engine: [Apache Tomcat/10.1.30]
2025-03-09T17:13:13.925+08:00  INFO 38600 --- [CommentAnalysis] [restartedMain] o.a.c.c.C.[Tomcat].[localhost].[/]       : Initializing Spring embedded WebApplicationContext
2025-03-09T17:13:13.925+08:00  INFO 38600 --- [CommentAnalysis] [restartedMain] w.s.c.ServletWebServerApplicationContext : Root WebApplicationContext: initialization completed in 2085 ms
2025-03-09T17:13:13.945+08:00  WARN 38600 --- [CommentAnalysis] [restartedMain] .s.b.d.a.RemoteDevToolsAutoConfiguration : Listening for remote restart updates on /.~~spring-boot!~/restart
2025-03-09T17:13:14.572+08:00  INFO 38600 --- [CommentAnalysis] [restartedMain] o.neo4j.driver.internal.DriverFactory    : Direct driver instance 569305660 created for server address localhost:7687
2025-03-09T17:13:14.668+08:00  WARN 38600 --- [CommentAnalysis] [restartedMain] o.s.d.n.c.mapping.Neo4jPersistentEntity  : The entity com.backend.commentanalysis.entity.neo4j.OpinionNeo4j is using a Long value for storing internally generated Neo4j ids. The Neo4j internal Long Ids are deprecated, please consider using an external ID generator.
2025-03-09T17:13:14.707+08:00  INFO 38600 --- [CommentAnalysis] [restartedMain] o.s.b.d.a.OptionalLiveReloadServer       : LiveReload server is running on port 35729
2025-03-09T17:13:14.710+08:00  WARN 38600 --- [CommentAnalysis] [restartedMain] o.s.d.n.c.mapping.Neo4jPersistentEntity  : The entity com.backend.commentanalysis.entity.neo4j.AspectNeo4j is using a Long value for storing internally generated Neo4j ids. The Neo4j internal Long Ids are deprecated, please consider using an external ID generator.
2025-03-09T17:13:14.715+08:00  WARN 38600 --- [CommentAnalysis] [restartedMain] o.s.d.n.c.mapping.Neo4jPersistentEntity  : The entity com.backend.commentanalysis.entity.relation.HasAspect is using a Long value for storing internally generated Neo4j ids. The Neo4j internal Long Ids are deprecated, please consider using an external ID generator.
2025-03-09T17:13:14.716+08:00  WARN 38600 --- [CommentAnalysis] [restartedMain] o.s.d.n.c.mapping.Neo4jPersistentEntity  : The entity com.backend.commentanalysis.entity.relation.HasOpinion is using a Long value for storing internally generated Neo4j ids. The Neo4j internal Long Ids are deprecated, please consider using an external ID generator.
2025-03-09T17:13:15.520+08:00  INFO 38600 --- [CommentAnalysis] [restartedMain] o.s.b.w.embedded.tomcat.TomcatWebServer  : Tomcat started on port 8081 (http) with context path '/'
2025-03-09T17:13:15.527+08:00  INFO 38600 --- [CommentAnalysis] [restartedMain] c.b.c.CommentAnalysisApplication         : Started CommentAnalysisApplication in 4.285 seconds (process running for 5.116)
2025-03-09T17:13:58.287+08:00  INFO 38600 --- [CommentAnalysis] [http-nio-8081-exec-1] o.a.c.c.C.[Tomcat].[localhost].[/]       : Initializing Spring DispatcherServlet 'dispatcherServlet'
2025-03-09T17:13:58.288+08:00  INFO 38600 --- [CommentAnalysis] [http-nio-8081-exec-1] o.s.web.servlet.DispatcherServlet        : Initializing Servlet 'dispatcherServlet'
2025-03-09T17:13:58.290+08:00  INFO 38600 --- [CommentAnalysis] [http-nio-8081-exec-1] o.s.web.servlet.DispatcherServlet        : Completed initialization in 2 ms
2025-03-09T17:13:58.793+08:00  INFO 38600 --- [CommentAnalysis] [http-nio-8081-exec-1] com.zaxxer.hikari.HikariDataSource       : HikariPool-1 - Starting...
2025-03-09T17:13:59.163+08:00  INFO 38600 --- [CommentAnalysis] [http-nio-8081-exec-1] com.zaxxer.hikari.pool.HikariPool        : HikariPool-1 - Added connection com.mysql.cj.jdbc.ConnectionImpl@56cf1b0a
2025-03-09T17:13:59.165+08:00  INFO 38600 --- [CommentAnalysis] [http-nio-8081-exec-1] com.zaxxer.hikari.HikariDataSource       : HikariPool-1 - Start completed.
2025-03-09T17:13:59.319+08:00 ERROR 38600 --- [CommentAnalysis] [http-nio-8081-exec-1] o.a.c.c.C.[.[.[/].[dispatcherServlet]    : Servlet.service() for servlet [dispatcherServlet] in context with path [] threw exception [Request processing failed: java.lang.ClassCastException: class com.backend.commentanalysis.entity.dto.ProductInfoDTO cannot be cast to class com.backend.commentanalysis.entity.dto.ProductInfoDTO (com.backend.commentanalysis.entity.dto.ProductInfoDTO is in unnamed module of loader 'app'; com.backend.commentanalysis.entity.dto.ProductInfoDTO is in unnamed module of loader org.springframework.boot.devtools.restart.classloader.RestartClassLoader @7f6b7886)] with root cause

java.lang.ClassCastException: class com.backend.commentanalysis.entity.dto.ProductInfoDTO cannot be cast to class com.backend.commentanalysis.entity.dto.ProductInfoDTO (com.backend.commentanalysis.entity.dto.ProductInfoDTO is in unnamed module of loader 'app'; com.backend.commentanalysis.entity.dto.ProductInfoDTO is in unnamed module of loader org.springframework.boot.devtools.restart.classloader.RestartClassLoader @7f6b7886)
	at com.backend.commentanalysis.service.implement.ProductServiceImpl$$SpringCGLIB$$0.getProductInfoByPid(<generated>) ~[classes/:na]
	at com.backend.commentanalysis.controller.ProductController.getProductInfoByPid(ProductController.java:44) ~[classes/:na]
	at java.base/jdk.internal.reflect.DirectMethodHandleAccessor.invoke(DirectMethodHandleAccessor.java:103) ~[na:na]
	at java.base/java.lang.reflect.Method.invoke(Method.java:580) ~[na:na]
	at org.springframework.aop.support.AopUtils.invokeJoinpointUsingReflection(AopUtils.java:355) ~[spring-aop-6.1.13.jar:6.1.13]
	at org.springframework.aop.framework.ReflectiveMethodInvocation.invokeJoinpoint(ReflectiveMethodInvocation.java:196) ~[spring-aop-6.1.13.jar:6.1.13]
	at org.springframework.aop.framework.ReflectiveMethodInvocation.proceed(ReflectiveMethodInvocation.java:163) ~[spring-aop-6.1.13.jar:6.1.13]
	at org.springframework.aop.framework.CglibAopProxy$CglibMethodInvocation.proceed(CglibAopProxy.java:768) ~[spring-aop-6.1.13.jar:6.1.13]
	at org.springframework.validation.beanvalidation.MethodValidationInterceptor.invoke(MethodValidationInterceptor.java:174) ~[spring-context-6.1.13.jar:6.1.13]
	at org.springframework.aop.framework.ReflectiveMethodInvocation.proceed(ReflectiveMethodInvocation.java:184) ~[spring-aop-6.1.13.jar:6.1.13]
	at org.springframework.aop.framework.CglibAopProxy$CglibMethodInvocation.proceed(CglibAopProxy.java:768) ~[spring-aop-6.1.13.jar:6.1.13]
	at org.springframework.aop.framework.CglibAopProxy$DynamicAdvisedInterceptor.intercept(CglibAopProxy.java:720) ~[spring-aop-6.1.13.jar:6.1.13]
	at com.backend.commentanalysis.controller.ProductController$$SpringCGLIB$$0.getProductInfoByPid(<generated>) ~[classes/:na]
	at java.base/jdk.internal.reflect.DirectMethodHandleAccessor.invoke(DirectMethodHandleAccessor.java:103) ~[na:na]
	at java.base/java.lang.reflect.Method.invoke(Method.java:580) ~[na:na]
	at org.springframework.web.method.support.InvocableHandlerMethod.doInvoke(InvocableHandlerMethod.java:255) ~[spring-web-6.1.13.jar:6.1.13]
	at org.springframework.web.method.support.InvocableHandlerMethod.invokeForRequest(InvocableHandlerMethod.java:188) ~[spring-web-6.1.13.jar:6.1.13]
	at org.springframework.web.servlet.mvc.method.annotation.ServletInvocableHandlerMethod.invokeAndHandle(ServletInvocableHandlerMethod.java:118) ~[spring-webmvc-6.1.13.jar:6.1.13]
	at org.springframework.web.servlet.mvc.method.annotation.RequestMappingHandlerAdapter.invokeHandlerMethod(RequestMappingHandlerAdapter.java:926) ~[spring-webmvc-6.1.13.jar:6.1.13]
	at org.springframework.web.servlet.mvc.method.annotation.RequestMappingHandlerAdapter.handleInternal(RequestMappingHandlerAdapter.java:831) ~[spring-webmvc-6.1.13.jar:6.1.13]
	at org.springframework.web.servlet.mvc.method.AbstractHandlerMethodAdapter.handle(AbstractHandlerMethodAdapter.java:87) ~[spring-webmvc-6.1.13.jar:6.1.13]
	at org.springframework.web.servlet.DispatcherServlet.doDispatch(DispatcherServlet.java:1089) ~[spring-webmvc-6.1.13.jar:6.1.13]
	at org.springframework.web.servlet.DispatcherServlet.doService(DispatcherServlet.java:979) ~[spring-webmvc-6.1.13.jar:6.1.13]
	at org.springframework.web.servlet.FrameworkServlet.processRequest(FrameworkServlet.java:1014) ~[spring-webmvc-6.1.13.jar:6.1.13]
	at org.springframework.web.servlet.FrameworkServlet.doGet(FrameworkServlet.java:903) ~[spring-webmvc-6.1.13.jar:6.1.13]
	at jakarta.servlet.http.HttpServlet.service(HttpServlet.java:564) ~[tomcat-embed-core-10.1.30.jar:6.0]
	at org.springframework.web.servlet.FrameworkServlet.service(FrameworkServlet.java:885) ~[spring-webmvc-6.1.13.jar:6.1.13]
	at jakarta.servlet.http.HttpServlet.service(HttpServlet.java:658) ~[tomcat-embed-core-10.1.30.jar:6.0]
	at org.apache.catalina.core.ApplicationFilterChain.internalDoFilter(ApplicationFilterChain.java:195) ~[tomcat-embed-core-10.1.30.jar:10.1.30]
	at org.apache.catalina.core.ApplicationFilterChain.doFilter(ApplicationFilterChain.java:140) ~[tomcat-embed-core-10.1.30.jar:10.1.30]
	at org.apache.tomcat.websocket.server.WsFilter.doFilter(WsFilter.java:51) ~[tomcat-embed-websocket-10.1.30.jar:10.1.30]
	at org.apache.catalina.core.ApplicationFilterChain.internalDoFilter(ApplicationFilterChain.java:164) ~[tomcat-embed-core-10.1.30.jar:10.1.30]
	at org.apache.catalina.core.ApplicationFilterChain.doFilter(ApplicationFilterChain.java:140) ~[tomcat-embed-core-10.1.30.jar:10.1.30]
	at org.springframework.boot.devtools.remote.server.DispatcherFilter.doFilter(DispatcherFilter.java:72) ~[spring-boot-devtools-3.3.4.jar:3.3.4]
	at org.springframework.boot.devtools.remote.server.DispatcherFilter.doFilter(DispatcherFilter.java:60) ~[spring-boot-devtools-3.3.4.jar:3.3.4]
	at org.apache.catalina.core.ApplicationFilterChain.internalDoFilter(ApplicationFilterChain.java:164) ~[tomcat-embed-core-10.1.30.jar:10.1.30]
	at org.apache.catalina.core.ApplicationFilterChain.doFilter(ApplicationFilterChain.java:140) ~[tomcat-embed-core-10.1.30.jar:10.1.30]
	at org.springframework.web.filter.RequestContextFilter.doFilterInternal(RequestContextFilter.java:100) ~[spring-web-6.1.13.jar:6.1.13]
	at org.springframework.web.filter.OncePerRequestFilter.doFilter(OncePerRequestFilter.java:116) ~[spring-web-6.1.13.jar:6.1.13]
	at org.apache.catalina.core.ApplicationFilterChain.internalDoFilter(ApplicationFilterChain.java:164) ~[tomcat-embed-core-10.1.30.jar:10.1.30]
	at org.apache.catalina.core.ApplicationFilterChain.doFilter(ApplicationFilterChain.java:140) ~[tomcat-embed-core-10.1.30.jar:10.1.30]
	at org.springframework.web.filter.FormContentFilter.doFilterInternal(FormContentFilter.java:93) ~[spring-web-6.1.13.jar:6.1.13]
	at org.springframework.web.filter.OncePerRequestFilter.doFilter(OncePerRequestFilter.java:116) ~[spring-web-6.1.13.jar:6.1.13]
	at org.apache.catalina.core.ApplicationFilterChain.internalDoFilter(ApplicationFilterChain.java:164) ~[tomcat-embed-core-10.1.30.jar:10.1.30]
	at org.apache.catalina.core.ApplicationFilterChain.doFilter(ApplicationFilterChain.java:140) ~[tomcat-embed-core-10.1.30.jar:10.1.30]
	at org.springframework.web.filter.CharacterEncodingFilter.doFilterInternal(CharacterEncodingFilter.java:201) ~[spring-web-6.1.13.jar:6.1.13]
	at org.springframework.web.filter.OncePerRequestFilter.doFilter(OncePerRequestFilter.java:116) ~[spring-web-6.1.13.jar:6.1.13]
	at org.apache.catalina.core.ApplicationFilterChain.internalDoFilter(ApplicationFilterChain.java:164) ~[tomcat-embed-core-10.1.30.jar:10.1.30]
	at org.apache.catalina.core.ApplicationFilterChain.doFilter(ApplicationFilterChain.java:140) ~[tomcat-embed-core-10.1.30.jar:10.1.30]
	at org.apache.catalina.core.StandardWrapperValve.invoke(StandardWrapperValve.java:167) ~[tomcat-embed-core-10.1.30.jar:10.1.30]
	at org.apache.catalina.core.StandardContextValve.invoke(StandardContextValve.java:90) ~[tomcat-embed-core-10.1.30.jar:10.1.30]
	at org.apache.catalina.authenticator.AuthenticatorBase.invoke(AuthenticatorBase.java:483) ~[tomcat-embed-core-10.1.30.jar:10.1.30]
	at org.apache.catalina.core.StandardHostValve.invoke(StandardHostValve.java:115) ~[tomcat-embed-core-10.1.30.jar:10.1.30]
	at org.apache.catalina.valves.ErrorReportValve.invoke(ErrorReportValve.java:93) ~[tomcat-embed-core-10.1.30.jar:10.1.30]
	at org.apache.catalina.core.StandardEngineValve.invoke(StandardEngineValve.java:74) ~[tomcat-embed-core-10.1.30.jar:10.1.30]
	at org.apache.catalina.connector.CoyoteAdapter.service(CoyoteAdapter.java:344) ~[tomcat-embed-core-10.1.30.jar:10.1.30]
	at org.apache.coyote.http11.Http11Processor.service(Http11Processor.java:384) ~[tomcat-embed-core-10.1.30.jar:10.1.30]
	at org.apache.coyote.AbstractProcessorLight.process(AbstractProcessorLight.java:63) ~[tomcat-embed-core-10.1.30.jar:10.1.30]
	at org.apache.coyote.AbstractProtocol$ConnectionHandler.process(AbstractProtocol.java:905) ~[tomcat-embed-core-10.1.30.jar:10.1.30]
	at org.apache.tomcat.util.net.NioEndpoint$SocketProcessor.doRun(NioEndpoint.java:1741) ~[tomcat-embed-core-10.1.30.jar:10.1.30]
	at org.apache.tomcat.util.net.SocketProcessorBase.run(SocketProcessorBase.java:52) ~[tomcat-embed-core-10.1.30.jar:10.1.30]
	at org.apache.tomcat.util.threads.ThreadPoolExecutor.runWorker(ThreadPoolExecutor.java:1190) ~[tomcat-embed-core-10.1.30.jar:10.1.30]
	at org.apache.tomcat.util.threads.ThreadPoolExecutor$Worker.run(ThreadPoolExecutor.java:659) ~[tomcat-embed-core-10.1.30.jar:10.1.30]
	at org.apache.tomcat.util.threads.TaskThread$WrappingRunnable.run(TaskThread.java:63) ~[tomcat-embed-core-10.1.30.jar:10.1.30]
	at java.base/java.lang.Thread.run(Thread.java:1570) ~[na:na]

2025-03-09T17:18:55.913+08:00  INFO 38600 --- [CommentAnalysis] [SpringApplicationShutdownHook] o.neo4j.driver.internal.InternalDriver   : Closing driver instance 569305660
2025-03-09T17:18:56.144+08:00  INFO 38600 --- [CommentAnalysis] [SpringApplicationShutdownHook] com.zaxxer.hikari.HikariDataSource       : HikariPool-1 - Shutdown initiated...
2025-03-09T17:18:56.159+08:00  INFO 38600 --- [CommentAnalysis] [SpringApplicationShutdownHook] com.zaxxer.hikari.HikariDataSource       : HikariPool-1 - Shutdown completed.
2025-03-09T17:19:02.014+08:00  INFO 40252 --- [CommentAnalysis] [restartedMain] c.b.c.CommentAnalysisApplication         : Starting CommentAnalysisApplication using Java 22.0.1 with PID 40252 (E:\Comment Analysis Git\User-fine-grained-sentiment-analysis-and-visualization-system\BackEnd\CommentAnalysis\target\classes started by thunder lee in E:\Comment Analysis Git\User-fine-grained-sentiment-analysis-and-visualization-system\BackEnd)
2025-03-09T17:19:02.016+08:00  INFO 40252 --- [CommentAnalysis] [restartedMain] c.b.c.CommentAnalysisApplication         : No active profile set, falling back to 1 default profile: "default"
2025-03-09T17:19:02.097+08:00  INFO 40252 --- [CommentAnalysis] [restartedMain] o.s.b.devtools.restart.ChangeableUrls    : The Class-Path manifest attribute in E:\apache-maven-3.9.8-bin\maven-repository\com\oracle\database\jdbc\ojdbc11\21.9.0.0\ojdbc11-21.9.0.0.jar referenced one or more files that do not exist: file:/E:/apache-maven-3.9.8-bin/maven-repository/com/oracle/database/jdbc/ojdbc11/21.9.0.0/oraclepki.jar
2025-03-09T17:19:02.097+08:00  INFO 40252 --- [CommentAnalysis] [restartedMain] .e.DevToolsPropertyDefaultsPostProcessor : Devtools property defaults active! Set 'spring.devtools.add-properties' to 'false' to disable
2025-03-09T17:19:02.097+08:00  INFO 40252 --- [CommentAnalysis] [restartedMain] .e.DevToolsPropertyDefaultsPostProcessor : For additional web related logging consider setting the 'logging.level.web' property to 'DEBUG'
2025-03-09T17:19:02.776+08:00  INFO 40252 --- [CommentAnalysis] [restartedMain] .s.d.r.c.RepositoryConfigurationDelegate : Multiple Spring Data modules found, entering strict repository configuration mode
2025-03-09T17:19:02.779+08:00  INFO 40252 --- [CommentAnalysis] [restartedMain] .s.d.r.c.RepositoryConfigurationDelegate : Bootstrapping Spring Data Neo4j repositories in DEFAULT mode.
2025-03-09T17:19:02.888+08:00  INFO 40252 --- [CommentAnalysis] [restartedMain] .s.d.r.c.RepositoryConfigurationDelegate : Finished Spring Data repository scanning in 103 ms. Found 1 Neo4j repository interface.
2025-03-09T17:19:03.124+08:00  INFO 40252 --- [CommentAnalysis] [restartedMain] .s.d.r.c.RepositoryConfigurationDelegate : Multiple Spring Data modules found, entering strict repository configuration mode
2025-03-09T17:19:03.124+08:00  INFO 40252 --- [CommentAnalysis] [restartedMain] .s.d.r.c.RepositoryConfigurationDelegate : Bootstrapping Spring Data Neo4j repositories in DEFAULT mode.
2025-03-09T17:19:03.145+08:00  INFO 40252 --- [CommentAnalysis] [restartedMain] .s.d.r.c.RepositoryConfigurationDelegate : Finished Spring Data repository scanning in 20 ms. Found 0 Neo4j repository interfaces.
2025-03-09T17:19:03.156+08:00  INFO 40252 --- [CommentAnalysis] [restartedMain] .s.d.r.c.RepositoryConfigurationDelegate : Multiple Spring Data modules found, entering strict repository configuration mode
2025-03-09T17:19:03.157+08:00  INFO 40252 --- [CommentAnalysis] [restartedMain] .s.d.r.c.RepositoryConfigurationDelegate : Bootstrapping Spring Data Redis repositories in DEFAULT mode.
2025-03-09T17:19:03.175+08:00  INFO 40252 --- [CommentAnalysis] [restartedMain] .RepositoryConfigurationExtensionSupport : Spring Data Redis - Could not safely identify store assignment for repository candidate interface com.backend.commentanalysis.repository.ProductRepository; If you want this repository to be a Redis repository, consider annotating your entities with one of these annotations: org.springframework.data.redis.core.RedisHash (preferred), or consider extending one of the following types with your repository: org.springframework.data.keyvalue.repository.KeyValueRepository
2025-03-09T17:19:03.176+08:00  INFO 40252 --- [CommentAnalysis] [restartedMain] .s.d.r.c.RepositoryConfigurationDelegate : Finished Spring Data repository scanning in 12 ms. Found 0 Redis repository interfaces.
2025-03-09T17:19:03.997+08:00  INFO 40252 --- [CommentAnalysis] [restartedMain] o.s.b.w.embedded.tomcat.TomcatWebServer  : Tomcat initialized with port 8081 (http)
2025-03-09T17:19:04.013+08:00  INFO 40252 --- [CommentAnalysis] [restartedMain] o.apache.catalina.core.StandardService   : Starting service [Tomcat]
2025-03-09T17:19:04.014+08:00  INFO 40252 --- [CommentAnalysis] [restartedMain] o.apache.catalina.core.StandardEngine    : Starting Servlet engine: [Apache Tomcat/10.1.30]
2025-03-09T17:19:04.072+08:00  INFO 40252 --- [CommentAnalysis] [restartedMain] o.a.c.c.C.[Tomcat].[localhost].[/]       : Initializing Spring embedded WebApplicationContext
2025-03-09T17:19:04.073+08:00  INFO 40252 --- [CommentAnalysis] [restartedMain] w.s.c.ServletWebServerApplicationContext : Root WebApplicationContext: initialization completed in 1975 ms
2025-03-09T17:19:04.095+08:00  WARN 40252 --- [CommentAnalysis] [restartedMain] .s.b.d.a.RemoteDevToolsAutoConfiguration : Listening for remote restart updates on /.~~spring-boot!~/restart
2025-03-09T17:19:04.761+08:00  INFO 40252 --- [CommentAnalysis] [restartedMain] o.neo4j.driver.internal.DriverFactory    : Direct driver instance 205684126 created for server address localhost:7687
2025-03-09T17:19:04.854+08:00  WARN 40252 --- [CommentAnalysis] [restartedMain] o.s.d.n.c.mapping.Neo4jPersistentEntity  : The entity com.backend.commentanalysis.entity.neo4j.OpinionNeo4j is using a Long value for storing internally generated Neo4j ids. The Neo4j internal Long Ids are deprecated, please consider using an external ID generator.
2025-03-09T17:19:04.892+08:00  INFO 40252 --- [CommentAnalysis] [restartedMain] o.s.b.d.a.OptionalLiveReloadServer       : LiveReload server is running on port 35729
2025-03-09T17:19:04.898+08:00  WARN 40252 --- [CommentAnalysis] [restartedMain] o.s.d.n.c.mapping.Neo4jPersistentEntity  : The entity com.backend.commentanalysis.entity.neo4j.AspectNeo4j is using a Long value for storing internally generated Neo4j ids. The Neo4j internal Long Ids are deprecated, please consider using an external ID generator.
2025-03-09T17:19:04.903+08:00  WARN 40252 --- [CommentAnalysis] [restartedMain] o.s.d.n.c.mapping.Neo4jPersistentEntity  : The entity com.backend.commentanalysis.entity.relation.HasAspect is using a Long value for storing internally generated Neo4j ids. The Neo4j internal Long Ids are deprecated, please consider using an external ID generator.
2025-03-09T17:19:04.905+08:00  WARN 40252 --- [CommentAnalysis] [restartedMain] o.s.d.n.c.mapping.Neo4jPersistentEntity  : The entity com.backend.commentanalysis.entity.relation.HasOpinion is using a Long value for storing internally generated Neo4j ids. The Neo4j internal Long Ids are deprecated, please consider using an external ID generator.
2025-03-09T17:19:05.718+08:00  INFO 40252 --- [CommentAnalysis] [restartedMain] o.s.b.w.embedded.tomcat.TomcatWebServer  : Tomcat started on port 8081 (http) with context path '/'
2025-03-09T17:19:05.725+08:00  INFO 40252 --- [CommentAnalysis] [restartedMain] c.b.c.CommentAnalysisApplication         : Started CommentAnalysisApplication in 4.278 seconds (process running for 5.21)
2025-03-09T17:19:17.478+08:00  INFO 40252 --- [CommentAnalysis] [http-nio-8081-exec-1] o.a.c.c.C.[Tomcat].[localhost].[/]       : Initializing Spring DispatcherServlet 'dispatcherServlet'
2025-03-09T17:19:17.478+08:00  INFO 40252 --- [CommentAnalysis] [http-nio-8081-exec-1] o.s.web.servlet.DispatcherServlet        : Initializing Servlet 'dispatcherServlet'
2025-03-09T17:19:17.481+08:00  INFO 40252 --- [CommentAnalysis] [http-nio-8081-exec-1] o.s.web.servlet.DispatcherServlet        : Completed initialization in 2 ms
2025-03-09T17:19:17.906+08:00  INFO 40252 --- [CommentAnalysis] [http-nio-8081-exec-1] com.zaxxer.hikari.HikariDataSource       : HikariPool-1 - Starting...
2025-03-09T17:19:18.285+08:00  INFO 40252 --- [CommentAnalysis] [http-nio-8081-exec-1] com.zaxxer.hikari.pool.HikariPool        : HikariPool-1 - Added connection com.mysql.cj.jdbc.ConnectionImpl@db48236
2025-03-09T17:19:18.287+08:00  INFO 40252 --- [CommentAnalysis] [http-nio-8081-exec-1] com.zaxxer.hikari.HikariDataSource       : HikariPool-1 - Start completed.
2025-03-09T17:19:18.414+08:00 ERROR 40252 --- [CommentAnalysis] [http-nio-8081-exec-1] o.a.c.c.C.[.[.[/].[dispatcherServlet]    : Servlet.service() for servlet [dispatcherServlet] in context with path [] threw exception [Request processing failed: java.lang.ClassCastException: class com.backend.commentanalysis.entity.dto.ProductInfoDTO cannot be cast to class com.backend.commentanalysis.entity.dto.ProductInfoDTO (com.backend.commentanalysis.entity.dto.ProductInfoDTO is in unnamed module of loader 'app'; com.backend.commentanalysis.entity.dto.ProductInfoDTO is in unnamed module of loader org.springframework.boot.devtools.restart.classloader.RestartClassLoader @1b4b09b7)] with root cause

java.lang.ClassCastException: class com.backend.commentanalysis.entity.dto.ProductInfoDTO cannot be cast to class com.backend.commentanalysis.entity.dto.ProductInfoDTO (com.backend.commentanalysis.entity.dto.ProductInfoDTO is in unnamed module of loader 'app'; com.backend.commentanalysis.entity.dto.ProductInfoDTO is in unnamed module of loader org.springframework.boot.devtools.restart.classloader.RestartClassLoader @1b4b09b7)
	at com.backend.commentanalysis.service.implement.ProductServiceImpl$$SpringCGLIB$$0.getProductInfoByPid(<generated>) ~[classes/:na]
	at com.backend.commentanalysis.controller.ProductController.getProductInfoByPid(ProductController.java:44) ~[classes/:na]
	at java.base/jdk.internal.reflect.DirectMethodHandleAccessor.invoke(DirectMethodHandleAccessor.java:103) ~[na:na]
	at java.base/java.lang.reflect.Method.invoke(Method.java:580) ~[na:na]
	at org.springframework.aop.support.AopUtils.invokeJoinpointUsingReflection(AopUtils.java:355) ~[spring-aop-6.1.13.jar:6.1.13]
	at org.springframework.aop.framework.ReflectiveMethodInvocation.invokeJoinpoint(ReflectiveMethodInvocation.java:196) ~[spring-aop-6.1.13.jar:6.1.13]
	at org.springframework.aop.framework.ReflectiveMethodInvocation.proceed(ReflectiveMethodInvocation.java:163) ~[spring-aop-6.1.13.jar:6.1.13]
	at org.springframework.aop.framework.CglibAopProxy$CglibMethodInvocation.proceed(CglibAopProxy.java:768) ~[spring-aop-6.1.13.jar:6.1.13]
	at org.springframework.validation.beanvalidation.MethodValidationInterceptor.invoke(MethodValidationInterceptor.java:174) ~[spring-context-6.1.13.jar:6.1.13]
	at org.springframework.aop.framework.ReflectiveMethodInvocation.proceed(ReflectiveMethodInvocation.java:184) ~[spring-aop-6.1.13.jar:6.1.13]
	at org.springframework.aop.framework.CglibAopProxy$CglibMethodInvocation.proceed(CglibAopProxy.java:768) ~[spring-aop-6.1.13.jar:6.1.13]
	at org.springframework.aop.framework.CglibAopProxy$DynamicAdvisedInterceptor.intercept(CglibAopProxy.java:720) ~[spring-aop-6.1.13.jar:6.1.13]
	at com.backend.commentanalysis.controller.ProductController$$SpringCGLIB$$0.getProductInfoByPid(<generated>) ~[classes/:na]
	at java.base/jdk.internal.reflect.DirectMethodHandleAccessor.invoke(DirectMethodHandleAccessor.java:103) ~[na:na]
	at java.base/java.lang.reflect.Method.invoke(Method.java:580) ~[na:na]
	at org.springframework.web.method.support.InvocableHandlerMethod.doInvoke(InvocableHandlerMethod.java:255) ~[spring-web-6.1.13.jar:6.1.13]
	at org.springframework.web.method.support.InvocableHandlerMethod.invokeForRequest(InvocableHandlerMethod.java:188) ~[spring-web-6.1.13.jar:6.1.13]
	at org.springframework.web.servlet.mvc.method.annotation.ServletInvocableHandlerMethod.invokeAndHandle(ServletInvocableHandlerMethod.java:118) ~[spring-webmvc-6.1.13.jar:6.1.13]
	at org.springframework.web.servlet.mvc.method.annotation.RequestMappingHandlerAdapter.invokeHandlerMethod(RequestMappingHandlerAdapter.java:926) ~[spring-webmvc-6.1.13.jar:6.1.13]
	at org.springframework.web.servlet.mvc.method.annotation.RequestMappingHandlerAdapter.handleInternal(RequestMappingHandlerAdapter.java:831) ~[spring-webmvc-6.1.13.jar:6.1.13]
	at org.springframework.web.servlet.mvc.method.AbstractHandlerMethodAdapter.handle(AbstractHandlerMethodAdapter.java:87) ~[spring-webmvc-6.1.13.jar:6.1.13]
	at org.springframework.web.servlet.DispatcherServlet.doDispatch(DispatcherServlet.java:1089) ~[spring-webmvc-6.1.13.jar:6.1.13]
	at org.springframework.web.servlet.DispatcherServlet.doService(DispatcherServlet.java:979) ~[spring-webmvc-6.1.13.jar:6.1.13]
	at org.springframework.web.servlet.FrameworkServlet.processRequest(FrameworkServlet.java:1014) ~[spring-webmvc-6.1.13.jar:6.1.13]
	at org.springframework.web.servlet.FrameworkServlet.doGet(FrameworkServlet.java:903) ~[spring-webmvc-6.1.13.jar:6.1.13]
	at jakarta.servlet.http.HttpServlet.service(HttpServlet.java:564) ~[tomcat-embed-core-10.1.30.jar:6.0]
	at org.springframework.web.servlet.FrameworkServlet.service(FrameworkServlet.java:885) ~[spring-webmvc-6.1.13.jar:6.1.13]
	at jakarta.servlet.http.HttpServlet.service(HttpServlet.java:658) ~[tomcat-embed-core-10.1.30.jar:6.0]
	at org.apache.catalina.core.ApplicationFilterChain.internalDoFilter(ApplicationFilterChain.java:195) ~[tomcat-embed-core-10.1.30.jar:10.1.30]
	at org.apache.catalina.core.ApplicationFilterChain.doFilter(ApplicationFilterChain.java:140) ~[tomcat-embed-core-10.1.30.jar:10.1.30]
	at org.apache.tomcat.websocket.server.WsFilter.doFilter(WsFilter.java:51) ~[tomcat-embed-websocket-10.1.30.jar:10.1.30]
	at org.apache.catalina.core.ApplicationFilterChain.internalDoFilter(ApplicationFilterChain.java:164) ~[tomcat-embed-core-10.1.30.jar:10.1.30]
	at org.apache.catalina.core.ApplicationFilterChain.doFilter(ApplicationFilterChain.java:140) ~[tomcat-embed-core-10.1.30.jar:10.1.30]
	at org.springframework.boot.devtools.remote.server.DispatcherFilter.doFilter(DispatcherFilter.java:72) ~[spring-boot-devtools-3.3.4.jar:3.3.4]
	at org.springframework.boot.devtools.remote.server.DispatcherFilter.doFilter(DispatcherFilter.java:60) ~[spring-boot-devtools-3.3.4.jar:3.3.4]
	at org.apache.catalina.core.ApplicationFilterChain.internalDoFilter(ApplicationFilterChain.java:164) ~[tomcat-embed-core-10.1.30.jar:10.1.30]
	at org.apache.catalina.core.ApplicationFilterChain.doFilter(ApplicationFilterChain.java:140) ~[tomcat-embed-core-10.1.30.jar:10.1.30]
	at org.springframework.web.filter.RequestContextFilter.doFilterInternal(RequestContextFilter.java:100) ~[spring-web-6.1.13.jar:6.1.13]
	at org.springframework.web.filter.OncePerRequestFilter.doFilter(OncePerRequestFilter.java:116) ~[spring-web-6.1.13.jar:6.1.13]
	at org.apache.catalina.core.ApplicationFilterChain.internalDoFilter(ApplicationFilterChain.java:164) ~[tomcat-embed-core-10.1.30.jar:10.1.30]
	at org.apache.catalina.core.ApplicationFilterChain.doFilter(ApplicationFilterChain.java:140) ~[tomcat-embed-core-10.1.30.jar:10.1.30]
	at org.springframework.web.filter.FormContentFilter.doFilterInternal(FormContentFilter.java:93) ~[spring-web-6.1.13.jar:6.1.13]
	at org.springframework.web.filter.OncePerRequestFilter.doFilter(OncePerRequestFilter.java:116) ~[spring-web-6.1.13.jar:6.1.13]
	at org.apache.catalina.core.ApplicationFilterChain.internalDoFilter(ApplicationFilterChain.java:164) ~[tomcat-embed-core-10.1.30.jar:10.1.30]
	at org.apache.catalina.core.ApplicationFilterChain.doFilter(ApplicationFilterChain.java:140) ~[tomcat-embed-core-10.1.30.jar:10.1.30]
	at org.springframework.web.filter.CharacterEncodingFilter.doFilterInternal(CharacterEncodingFilter.java:201) ~[spring-web-6.1.13.jar:6.1.13]
	at org.springframework.web.filter.OncePerRequestFilter.doFilter(OncePerRequestFilter.java:116) ~[spring-web-6.1.13.jar:6.1.13]
	at org.apache.catalina.core.ApplicationFilterChain.internalDoFilter(ApplicationFilterChain.java:164) ~[tomcat-embed-core-10.1.30.jar:10.1.30]
	at org.apache.catalina.core.ApplicationFilterChain.doFilter(ApplicationFilterChain.java:140) ~[tomcat-embed-core-10.1.30.jar:10.1.30]
	at org.apache.catalina.core.StandardWrapperValve.invoke(StandardWrapperValve.java:167) ~[tomcat-embed-core-10.1.30.jar:10.1.30]
	at org.apache.catalina.core.StandardContextValve.invoke(StandardContextValve.java:90) ~[tomcat-embed-core-10.1.30.jar:10.1.30]
	at org.apache.catalina.authenticator.AuthenticatorBase.invoke(AuthenticatorBase.java:483) ~[tomcat-embed-core-10.1.30.jar:10.1.30]
	at org.apache.catalina.core.StandardHostValve.invoke(StandardHostValve.java:115) ~[tomcat-embed-core-10.1.30.jar:10.1.30]
	at org.apache.catalina.valves.ErrorReportValve.invoke(ErrorReportValve.java:93) ~[tomcat-embed-core-10.1.30.jar:10.1.30]
	at org.apache.catalina.core.StandardEngineValve.invoke(StandardEngineValve.java:74) ~[tomcat-embed-core-10.1.30.jar:10.1.30]
	at org.apache.catalina.connector.CoyoteAdapter.service(CoyoteAdapter.java:344) ~[tomcat-embed-core-10.1.30.jar:10.1.30]
	at org.apache.coyote.http11.Http11Processor.service(Http11Processor.java:384) ~[tomcat-embed-core-10.1.30.jar:10.1.30]
	at org.apache.coyote.AbstractProcessorLight.process(AbstractProcessorLight.java:63) ~[tomcat-embed-core-10.1.30.jar:10.1.30]
	at org.apache.coyote.AbstractProtocol$ConnectionHandler.process(AbstractProtocol.java:905) ~[tomcat-embed-core-10.1.30.jar:10.1.30]
	at org.apache.tomcat.util.net.NioEndpoint$SocketProcessor.doRun(NioEndpoint.java:1741) ~[tomcat-embed-core-10.1.30.jar:10.1.30]
	at org.apache.tomcat.util.net.SocketProcessorBase.run(SocketProcessorBase.java:52) ~[tomcat-embed-core-10.1.30.jar:10.1.30]
	at org.apache.tomcat.util.threads.ThreadPoolExecutor.runWorker(ThreadPoolExecutor.java:1190) ~[tomcat-embed-core-10.1.30.jar:10.1.30]
	at org.apache.tomcat.util.threads.ThreadPoolExecutor$Worker.run(ThreadPoolExecutor.java:659) ~[tomcat-embed-core-10.1.30.jar:10.1.30]
	at org.apache.tomcat.util.threads.TaskThread$WrappingRunnable.run(TaskThread.java:63) ~[tomcat-embed-core-10.1.30.jar:10.1.30]
	at java.base/java.lang.Thread.run(Thread.java:1570) ~[na:na]

2025-03-09T17:19:27.440+08:00 ERROR 40252 --- [CommentAnalysis] [http-nio-8081-exec-4] o.a.c.c.C.[.[.[/].[dispatcherServlet]    : Servlet.service() for servlet [dispatcherServlet] in context with path [] threw exception [Request processing failed: java.lang.ClassCastException: class com.backend.commentanalysis.entity.dto.ProductInfoDTO cannot be cast to class com.backend.commentanalysis.entity.dto.ProductInfoDTO (com.backend.commentanalysis.entity.dto.ProductInfoDTO is in unnamed module of loader 'app'; com.backend.commentanalysis.entity.dto.ProductInfoDTO is in unnamed module of loader org.springframework.boot.devtools.restart.classloader.RestartClassLoader @1b4b09b7)] with root cause

java.lang.ClassCastException: class com.backend.commentanalysis.entity.dto.ProductInfoDTO cannot be cast to class com.backend.commentanalysis.entity.dto.ProductInfoDTO (com.backend.commentanalysis.entity.dto.ProductInfoDTO is in unnamed module of loader 'app'; com.backend.commentanalysis.entity.dto.ProductInfoDTO is in unnamed module of loader org.springframework.boot.devtools.restart.classloader.RestartClassLoader @1b4b09b7)
	at com.backend.commentanalysis.service.implement.ProductServiceImpl$$SpringCGLIB$$0.getProductInfoByPid(<generated>) ~[classes/:na]
	at com.backend.commentanalysis.controller.ProductController.getProductInfoByPid(ProductController.java:44) ~[classes/:na]
	at java.base/jdk.internal.reflect.DirectMethodHandleAccessor.invoke(DirectMethodHandleAccessor.java:103) ~[na:na]
	at java.base/java.lang.reflect.Method.invoke(Method.java:580) ~[na:na]
	at org.springframework.aop.support.AopUtils.invokeJoinpointUsingReflection(AopUtils.java:355) ~[spring-aop-6.1.13.jar:6.1.13]
	at org.springframework.aop.framework.ReflectiveMethodInvocation.invokeJoinpoint(ReflectiveMethodInvocation.java:196) ~[spring-aop-6.1.13.jar:6.1.13]
	at org.springframework.aop.framework.ReflectiveMethodInvocation.proceed(ReflectiveMethodInvocation.java:163) ~[spring-aop-6.1.13.jar:6.1.13]
	at org.springframework.aop.framework.CglibAopProxy$CglibMethodInvocation.proceed(CglibAopProxy.java:768) ~[spring-aop-6.1.13.jar:6.1.13]
	at org.springframework.validation.beanvalidation.MethodValidationInterceptor.invoke(MethodValidationInterceptor.java:174) ~[spring-context-6.1.13.jar:6.1.13]
	at org.springframework.aop.framework.ReflectiveMethodInvocation.proceed(ReflectiveMethodInvocation.java:184) ~[spring-aop-6.1.13.jar:6.1.13]
	at org.springframework.aop.framework.CglibAopProxy$CglibMethodInvocation.proceed(CglibAopProxy.java:768) ~[spring-aop-6.1.13.jar:6.1.13]
	at org.springframework.aop.framework.CglibAopProxy$DynamicAdvisedInterceptor.intercept(CglibAopProxy.java:720) ~[spring-aop-6.1.13.jar:6.1.13]
	at com.backend.commentanalysis.controller.ProductController$$SpringCGLIB$$0.getProductInfoByPid(<generated>) ~[classes/:na]
	at java.base/jdk.internal.reflect.DirectMethodHandleAccessor.invoke(DirectMethodHandleAccessor.java:103) ~[na:na]
	at java.base/java.lang.reflect.Method.invoke(Method.java:580) ~[na:na]
	at org.springframework.web.method.support.InvocableHandlerMethod.doInvoke(InvocableHandlerMethod.java:255) ~[spring-web-6.1.13.jar:6.1.13]
	at org.springframework.web.method.support.InvocableHandlerMethod.invokeForRequest(InvocableHandlerMethod.java:188) ~[spring-web-6.1.13.jar:6.1.13]
	at org.springframework.web.servlet.mvc.method.annotation.ServletInvocableHandlerMethod.invokeAndHandle(ServletInvocableHandlerMethod.java:118) ~[spring-webmvc-6.1.13.jar:6.1.13]
	at org.springframework.web.servlet.mvc.method.annotation.RequestMappingHandlerAdapter.invokeHandlerMethod(RequestMappingHandlerAdapter.java:926) ~[spring-webmvc-6.1.13.jar:6.1.13]
	at org.springframework.web.servlet.mvc.method.annotation.RequestMappingHandlerAdapter.handleInternal(RequestMappingHandlerAdapter.java:831) ~[spring-webmvc-6.1.13.jar:6.1.13]
	at org.springframework.web.servlet.mvc.method.AbstractHandlerMethodAdapter.handle(AbstractHandlerMethodAdapter.java:87) ~[spring-webmvc-6.1.13.jar:6.1.13]
	at org.springframework.web.servlet.DispatcherServlet.doDispatch(DispatcherServlet.java:1089) ~[spring-webmvc-6.1.13.jar:6.1.13]
	at org.springframework.web.servlet.DispatcherServlet.doService(DispatcherServlet.java:979) ~[spring-webmvc-6.1.13.jar:6.1.13]
	at org.springframework.web.servlet.FrameworkServlet.processRequest(FrameworkServlet.java:1014) ~[spring-webmvc-6.1.13.jar:6.1.13]
	at org.springframework.web.servlet.FrameworkServlet.doGet(FrameworkServlet.java:903) ~[spring-webmvc-6.1.13.jar:6.1.13]
	at jakarta.servlet.http.HttpServlet.service(HttpServlet.java:564) ~[tomcat-embed-core-10.1.30.jar:6.0]
	at org.springframework.web.servlet.FrameworkServlet.service(FrameworkServlet.java:885) ~[spring-webmvc-6.1.13.jar:6.1.13]
	at jakarta.servlet.http.HttpServlet.service(HttpServlet.java:658) ~[tomcat-embed-core-10.1.30.jar:6.0]
	at org.apache.catalina.core.ApplicationFilterChain.internalDoFilter(ApplicationFilterChain.java:195) ~[tomcat-embed-core-10.1.30.jar:10.1.30]
	at org.apache.catalina.core.ApplicationFilterChain.doFilter(ApplicationFilterChain.java:140) ~[tomcat-embed-core-10.1.30.jar:10.1.30]
	at org.apache.tomcat.websocket.server.WsFilter.doFilter(WsFilter.java:51) ~[tomcat-embed-websocket-10.1.30.jar:10.1.30]
	at org.apache.catalina.core.ApplicationFilterChain.internalDoFilter(ApplicationFilterChain.java:164) ~[tomcat-embed-core-10.1.30.jar:10.1.30]
	at org.apache.catalina.core.ApplicationFilterChain.doFilter(ApplicationFilterChain.java:140) ~[tomcat-embed-core-10.1.30.jar:10.1.30]
	at org.springframework.boot.devtools.remote.server.DispatcherFilter.doFilter(DispatcherFilter.java:72) ~[spring-boot-devtools-3.3.4.jar:3.3.4]
	at org.springframework.boot.devtools.remote.server.DispatcherFilter.doFilter(DispatcherFilter.java:60) ~[spring-boot-devtools-3.3.4.jar:3.3.4]
	at org.apache.catalina.core.ApplicationFilterChain.internalDoFilter(ApplicationFilterChain.java:164) ~[tomcat-embed-core-10.1.30.jar:10.1.30]
	at org.apache.catalina.core.ApplicationFilterChain.doFilter(ApplicationFilterChain.java:140) ~[tomcat-embed-core-10.1.30.jar:10.1.30]
	at org.springframework.web.filter.RequestContextFilter.doFilterInternal(RequestContextFilter.java:100) ~[spring-web-6.1.13.jar:6.1.13]
	at org.springframework.web.filter.OncePerRequestFilter.doFilter(OncePerRequestFilter.java:116) ~[spring-web-6.1.13.jar:6.1.13]
	at org.apache.catalina.core.ApplicationFilterChain.internalDoFilter(ApplicationFilterChain.java:164) ~[tomcat-embed-core-10.1.30.jar:10.1.30]
	at org.apache.catalina.core.ApplicationFilterChain.doFilter(ApplicationFilterChain.java:140) ~[tomcat-embed-core-10.1.30.jar:10.1.30]
	at org.springframework.web.filter.FormContentFilter.doFilterInternal(FormContentFilter.java:93) ~[spring-web-6.1.13.jar:6.1.13]
	at org.springframework.web.filter.OncePerRequestFilter.doFilter(OncePerRequestFilter.java:116) ~[spring-web-6.1.13.jar:6.1.13]
	at org.apache.catalina.core.ApplicationFilterChain.internalDoFilter(ApplicationFilterChain.java:164) ~[tomcat-embed-core-10.1.30.jar:10.1.30]
	at org.apache.catalina.core.ApplicationFilterChain.doFilter(ApplicationFilterChain.java:140) ~[tomcat-embed-core-10.1.30.jar:10.1.30]
	at org.springframework.web.filter.CharacterEncodingFilter.doFilterInternal(CharacterEncodingFilter.java:201) ~[spring-web-6.1.13.jar:6.1.13]
	at org.springframework.web.filter.OncePerRequestFilter.doFilter(OncePerRequestFilter.java:116) ~[spring-web-6.1.13.jar:6.1.13]
	at org.apache.catalina.core.ApplicationFilterChain.internalDoFilter(ApplicationFilterChain.java:164) ~[tomcat-embed-core-10.1.30.jar:10.1.30]
	at org.apache.catalina.core.ApplicationFilterChain.doFilter(ApplicationFilterChain.java:140) ~[tomcat-embed-core-10.1.30.jar:10.1.30]
	at org.apache.catalina.core.StandardWrapperValve.invoke(StandardWrapperValve.java:167) ~[tomcat-embed-core-10.1.30.jar:10.1.30]
	at org.apache.catalina.core.StandardContextValve.invoke(StandardContextValve.java:90) ~[tomcat-embed-core-10.1.30.jar:10.1.30]
	at org.apache.catalina.authenticator.AuthenticatorBase.invoke(AuthenticatorBase.java:483) ~[tomcat-embed-core-10.1.30.jar:10.1.30]
	at org.apache.catalina.core.StandardHostValve.invoke(StandardHostValve.java:115) ~[tomcat-embed-core-10.1.30.jar:10.1.30]
	at org.apache.catalina.valves.ErrorReportValve.invoke(ErrorReportValve.java:93) ~[tomcat-embed-core-10.1.30.jar:10.1.30]
	at org.apache.catalina.core.StandardEngineValve.invoke(StandardEngineValve.java:74) ~[tomcat-embed-core-10.1.30.jar:10.1.30]
	at org.apache.catalina.connector.CoyoteAdapter.service(CoyoteAdapter.java:344) ~[tomcat-embed-core-10.1.30.jar:10.1.30]
	at org.apache.coyote.http11.Http11Processor.service(Http11Processor.java:384) ~[tomcat-embed-core-10.1.30.jar:10.1.30]
	at org.apache.coyote.AbstractProcessorLight.process(AbstractProcessorLight.java:63) ~[tomcat-embed-core-10.1.30.jar:10.1.30]
	at org.apache.coyote.AbstractProtocol$ConnectionHandler.process(AbstractProtocol.java:905) ~[tomcat-embed-core-10.1.30.jar:10.1.30]
	at org.apache.tomcat.util.net.NioEndpoint$SocketProcessor.doRun(NioEndpoint.java:1741) ~[tomcat-embed-core-10.1.30.jar:10.1.30]
	at org.apache.tomcat.util.net.SocketProcessorBase.run(SocketProcessorBase.java:52) ~[tomcat-embed-core-10.1.30.jar:10.1.30]
	at org.apache.tomcat.util.threads.ThreadPoolExecutor.runWorker(ThreadPoolExecutor.java:1190) ~[tomcat-embed-core-10.1.30.jar:10.1.30]
	at org.apache.tomcat.util.threads.ThreadPoolExecutor$Worker.run(ThreadPoolExecutor.java:659) ~[tomcat-embed-core-10.1.30.jar:10.1.30]
	at org.apache.tomcat.util.threads.TaskThread$WrappingRunnable.run(TaskThread.java:63) ~[tomcat-embed-core-10.1.30.jar:10.1.30]
	at java.base/java.lang.Thread.run(Thread.java:1570) ~[na:na]

2025-03-09T17:22:28.295+08:00  INFO 40252 --- [CommentAnalysis] [SpringApplicationShutdownHook] o.neo4j.driver.internal.InternalDriver   : Closing driver instance 205684126
2025-03-09T17:22:28.516+08:00  INFO 40252 --- [CommentAnalysis] [SpringApplicationShutdownHook] com.zaxxer.hikari.HikariDataSource       : HikariPool-1 - Shutdown initiated...
2025-03-09T17:22:28.523+08:00  INFO 40252 --- [CommentAnalysis] [SpringApplicationShutdownHook] com.zaxxer.hikari.HikariDataSource       : HikariPool-1 - Shutdown completed.
2025-03-09T17:22:39.357+08:00  INFO 19168 --- [CommentAnalysis] [restartedMain] c.b.c.CommentAnalysisApplication         : Starting CommentAnalysisApplication using Java 22.0.1 with PID 19168 (E:\Comment Analysis Git\User-fine-grained-sentiment-analysis-and-visualization-system\BackEnd\CommentAnalysis\target\classes started by thunder lee in E:\Comment Analysis Git\User-fine-grained-sentiment-analysis-and-visualization-system\BackEnd)
2025-03-09T17:22:39.361+08:00  INFO 19168 --- [CommentAnalysis] [restartedMain] c.b.c.CommentAnalysisApplication         : No active profile set, falling back to 1 default profile: "default"
2025-03-09T17:22:39.445+08:00  INFO 19168 --- [CommentAnalysis] [restartedMain] o.s.b.devtools.restart.ChangeableUrls    : The Class-Path manifest attribute in E:\apache-maven-3.9.8-bin\maven-repository\com\oracle\database\jdbc\ojdbc11\21.9.0.0\ojdbc11-21.9.0.0.jar referenced one or more files that do not exist: file:/E:/apache-maven-3.9.8-bin/maven-repository/com/oracle/database/jdbc/ojdbc11/21.9.0.0/oraclepki.jar
2025-03-09T17:22:39.445+08:00  INFO 19168 --- [CommentAnalysis] [restartedMain] .e.DevToolsPropertyDefaultsPostProcessor : Devtools property defaults active! Set 'spring.devtools.add-properties' to 'false' to disable
2025-03-09T17:22:39.445+08:00  INFO 19168 --- [CommentAnalysis] [restartedMain] .e.DevToolsPropertyDefaultsPostProcessor : For additional web related logging consider setting the 'logging.level.web' property to 'DEBUG'
2025-03-09T17:22:40.173+08:00  INFO 19168 --- [CommentAnalysis] [restartedMain] .s.d.r.c.RepositoryConfigurationDelegate : Multiple Spring Data modules found, entering strict repository configuration mode
2025-03-09T17:22:40.174+08:00  INFO 19168 --- [CommentAnalysis] [restartedMain] .s.d.r.c.RepositoryConfigurationDelegate : Bootstrapping Spring Data Neo4j repositories in DEFAULT mode.
2025-03-09T17:22:40.296+08:00  INFO 19168 --- [CommentAnalysis] [restartedMain] .s.d.r.c.RepositoryConfigurationDelegate : Finished Spring Data repository scanning in 116 ms. Found 1 Neo4j repository interface.
2025-03-09T17:22:40.561+08:00  INFO 19168 --- [CommentAnalysis] [restartedMain] .s.d.r.c.RepositoryConfigurationDelegate : Multiple Spring Data modules found, entering strict repository configuration mode
2025-03-09T17:22:40.561+08:00  INFO 19168 --- [CommentAnalysis] [restartedMain] .s.d.r.c.RepositoryConfigurationDelegate : Bootstrapping Spring Data Neo4j repositories in DEFAULT mode.
2025-03-09T17:22:40.586+08:00  INFO 19168 --- [CommentAnalysis] [restartedMain] .s.d.r.c.RepositoryConfigurationDelegate : Finished Spring Data repository scanning in 24 ms. Found 0 Neo4j repository interfaces.
2025-03-09T17:22:40.598+08:00  INFO 19168 --- [CommentAnalysis] [restartedMain] .s.d.r.c.RepositoryConfigurationDelegate : Multiple Spring Data modules found, entering strict repository configuration mode
2025-03-09T17:22:40.601+08:00  INFO 19168 --- [CommentAnalysis] [restartedMain] .s.d.r.c.RepositoryConfigurationDelegate : Bootstrapping Spring Data Redis repositories in DEFAULT mode.
2025-03-09T17:22:40.625+08:00  INFO 19168 --- [CommentAnalysis] [restartedMain] .RepositoryConfigurationExtensionSupport : Spring Data Redis - Could not safely identify store assignment for repository candidate interface com.backend.commentanalysis.repository.ProductRepository; If you want this repository to be a Redis repository, consider annotating your entities with one of these annotations: org.springframework.data.redis.core.RedisHash (preferred), or consider extending one of the following types with your repository: org.springframework.data.keyvalue.repository.KeyValueRepository
2025-03-09T17:22:40.626+08:00  INFO 19168 --- [CommentAnalysis] [restartedMain] .s.d.r.c.RepositoryConfigurationDelegate : Finished Spring Data repository scanning in 16 ms. Found 0 Redis repository interfaces.
2025-03-09T17:22:41.505+08:00  INFO 19168 --- [CommentAnalysis] [restartedMain] o.s.b.w.embedded.tomcat.TomcatWebServer  : Tomcat initialized with port 8081 (http)
2025-03-09T17:22:41.523+08:00  INFO 19168 --- [CommentAnalysis] [restartedMain] o.apache.catalina.core.StandardService   : Starting service [Tomcat]
2025-03-09T17:22:41.523+08:00  INFO 19168 --- [CommentAnalysis] [restartedMain] o.apache.catalina.core.StandardEngine    : Starting Servlet engine: [Apache Tomcat/10.1.30]
2025-03-09T17:22:41.586+08:00  INFO 19168 --- [CommentAnalysis] [restartedMain] o.a.c.c.C.[Tomcat].[localhost].[/]       : Initializing Spring embedded WebApplicationContext
2025-03-09T17:22:41.586+08:00  INFO 19168 --- [CommentAnalysis] [restartedMain] w.s.c.ServletWebServerApplicationContext : Root WebApplicationContext: initialization completed in 2140 ms
2025-03-09T17:22:41.610+08:00  WARN 19168 --- [CommentAnalysis] [restartedMain] .s.b.d.a.RemoteDevToolsAutoConfiguration : Listening for remote restart updates on /.~~spring-boot!~/restart
2025-03-09T17:22:42.311+08:00  INFO 19168 --- [CommentAnalysis] [restartedMain] o.neo4j.driver.internal.DriverFactory    : Direct driver instance 704604094 created for server address localhost:7687
2025-03-09T17:22:42.408+08:00  WARN 19168 --- [CommentAnalysis] [restartedMain] o.s.d.n.c.mapping.Neo4jPersistentEntity  : The entity com.backend.commentanalysis.entity.neo4j.OpinionNeo4j is using a Long value for storing internally generated Neo4j ids. The Neo4j internal Long Ids are deprecated, please consider using an external ID generator.
2025-03-09T17:22:42.453+08:00  INFO 19168 --- [CommentAnalysis] [restartedMain] o.s.b.d.a.OptionalLiveReloadServer       : LiveReload server is running on port 35729
2025-03-09T17:22:42.457+08:00  WARN 19168 --- [CommentAnalysis] [restartedMain] o.s.d.n.c.mapping.Neo4jPersistentEntity  : The entity com.backend.commentanalysis.entity.neo4j.AspectNeo4j is using a Long value for storing internally generated Neo4j ids. The Neo4j internal Long Ids are deprecated, please consider using an external ID generator.
2025-03-09T17:22:42.462+08:00  WARN 19168 --- [CommentAnalysis] [restartedMain] o.s.d.n.c.mapping.Neo4jPersistentEntity  : The entity com.backend.commentanalysis.entity.relation.HasAspect is using a Long value for storing internally generated Neo4j ids. The Neo4j internal Long Ids are deprecated, please consider using an external ID generator.
2025-03-09T17:22:42.464+08:00  WARN 19168 --- [CommentAnalysis] [restartedMain] o.s.d.n.c.mapping.Neo4jPersistentEntity  : The entity com.backend.commentanalysis.entity.relation.HasOpinion is using a Long value for storing internally generated Neo4j ids. The Neo4j internal Long Ids are deprecated, please consider using an external ID generator.
2025-03-09T17:22:43.334+08:00  INFO 19168 --- [CommentAnalysis] [restartedMain] o.s.b.w.embedded.tomcat.TomcatWebServer  : Tomcat started on port 8081 (http) with context path '/'
2025-03-09T17:22:43.342+08:00  INFO 19168 --- [CommentAnalysis] [restartedMain] c.b.c.CommentAnalysisApplication         : Started CommentAnalysisApplication in 4.62 seconds (process running for 5.645)
2025-03-09T17:22:56.567+08:00  INFO 19168 --- [CommentAnalysis] [http-nio-8081-exec-1] o.a.c.c.C.[Tomcat].[localhost].[/]       : Initializing Spring DispatcherServlet 'dispatcherServlet'
2025-03-09T17:22:56.567+08:00  INFO 19168 --- [CommentAnalysis] [http-nio-8081-exec-1] o.s.web.servlet.DispatcherServlet        : Initializing Servlet 'dispatcherServlet'
2025-03-09T17:22:56.568+08:00  INFO 19168 --- [CommentAnalysis] [http-nio-8081-exec-1] o.s.web.servlet.DispatcherServlet        : Completed initialization in 1 ms
2025-03-09T17:22:57.002+08:00  INFO 19168 --- [CommentAnalysis] [http-nio-8081-exec-1] com.zaxxer.hikari.HikariDataSource       : HikariPool-1 - Starting...
2025-03-09T17:22:57.328+08:00  INFO 19168 --- [CommentAnalysis] [http-nio-8081-exec-1] com.zaxxer.hikari.pool.HikariPool        : HikariPool-1 - Added connection com.mysql.cj.jdbc.ConnectionImpl@4cd9640a
2025-03-09T17:22:57.330+08:00  INFO 19168 --- [CommentAnalysis] [http-nio-8081-exec-1] com.zaxxer.hikari.HikariDataSource       : HikariPool-1 - Start completed.
2025-03-09T17:23:04.349+08:00 ERROR 19168 --- [CommentAnalysis] [http-nio-8081-exec-2] o.a.c.c.C.[.[.[/].[dispatcherServlet]    : Servlet.service() for servlet [dispatcherServlet] in context with path [] threw exception [Request processing failed: java.lang.ClassCastException: class com.backend.commentanalysis.entity.dto.ProductInfoDTO cannot be cast to class com.backend.commentanalysis.entity.dto.ProductInfoDTO (com.backend.commentanalysis.entity.dto.ProductInfoDTO is in unnamed module of loader 'app'; com.backend.commentanalysis.entity.dto.ProductInfoDTO is in unnamed module of loader org.springframework.boot.devtools.restart.classloader.RestartClassLoader @1b4b09b7)] with root cause

java.lang.ClassCastException: class com.backend.commentanalysis.entity.dto.ProductInfoDTO cannot be cast to class com.backend.commentanalysis.entity.dto.ProductInfoDTO (com.backend.commentanalysis.entity.dto.ProductInfoDTO is in unnamed module of loader 'app'; com.backend.commentanalysis.entity.dto.ProductInfoDTO is in unnamed module of loader org.springframework.boot.devtools.restart.classloader.RestartClassLoader @1b4b09b7)
	at com.backend.commentanalysis.service.implement.ProductServiceImpl$$SpringCGLIB$$0.getProductInfoByPid(<generated>) ~[classes/:na]
	at com.backend.commentanalysis.controller.ProductController.getProductInfoByPid(ProductController.java:44) ~[classes/:na]
	at java.base/jdk.internal.reflect.DirectMethodHandleAccessor.invoke(DirectMethodHandleAccessor.java:103) ~[na:na]
	at java.base/java.lang.reflect.Method.invoke(Method.java:580) ~[na:na]
	at org.springframework.aop.support.AopUtils.invokeJoinpointUsingReflection(AopUtils.java:355) ~[spring-aop-6.1.13.jar:6.1.13]
	at org.springframework.aop.framework.ReflectiveMethodInvocation.invokeJoinpoint(ReflectiveMethodInvocation.java:196) ~[spring-aop-6.1.13.jar:6.1.13]
	at org.springframework.aop.framework.ReflectiveMethodInvocation.proceed(ReflectiveMethodInvocation.java:163) ~[spring-aop-6.1.13.jar:6.1.13]
	at org.springframework.aop.framework.CglibAopProxy$CglibMethodInvocation.proceed(CglibAopProxy.java:768) ~[spring-aop-6.1.13.jar:6.1.13]
	at org.springframework.validation.beanvalidation.MethodValidationInterceptor.invoke(MethodValidationInterceptor.java:174) ~[spring-context-6.1.13.jar:6.1.13]
	at org.springframework.aop.framework.ReflectiveMethodInvocation.proceed(ReflectiveMethodInvocation.java:184) ~[spring-aop-6.1.13.jar:6.1.13]
	at org.springframework.aop.framework.CglibAopProxy$CglibMethodInvocation.proceed(CglibAopProxy.java:768) ~[spring-aop-6.1.13.jar:6.1.13]
	at org.springframework.aop.framework.CglibAopProxy$DynamicAdvisedInterceptor.intercept(CglibAopProxy.java:720) ~[spring-aop-6.1.13.jar:6.1.13]
	at com.backend.commentanalysis.controller.ProductController$$SpringCGLIB$$0.getProductInfoByPid(<generated>) ~[classes/:na]
	at java.base/jdk.internal.reflect.DirectMethodHandleAccessor.invoke(DirectMethodHandleAccessor.java:103) ~[na:na]
	at java.base/java.lang.reflect.Method.invoke(Method.java:580) ~[na:na]
	at org.springframework.web.method.support.InvocableHandlerMethod.doInvoke(InvocableHandlerMethod.java:255) ~[spring-web-6.1.13.jar:6.1.13]
	at org.springframework.web.method.support.InvocableHandlerMethod.invokeForRequest(InvocableHandlerMethod.java:188) ~[spring-web-6.1.13.jar:6.1.13]
	at org.springframework.web.servlet.mvc.method.annotation.ServletInvocableHandlerMethod.invokeAndHandle(ServletInvocableHandlerMethod.java:118) ~[spring-webmvc-6.1.13.jar:6.1.13]
	at org.springframework.web.servlet.mvc.method.annotation.RequestMappingHandlerAdapter.invokeHandlerMethod(RequestMappingHandlerAdapter.java:926) ~[spring-webmvc-6.1.13.jar:6.1.13]
	at org.springframework.web.servlet.mvc.method.annotation.RequestMappingHandlerAdapter.handleInternal(RequestMappingHandlerAdapter.java:831) ~[spring-webmvc-6.1.13.jar:6.1.13]
	at org.springframework.web.servlet.mvc.method.AbstractHandlerMethodAdapter.handle(AbstractHandlerMethodAdapter.java:87) ~[spring-webmvc-6.1.13.jar:6.1.13]
	at org.springframework.web.servlet.DispatcherServlet.doDispatch(DispatcherServlet.java:1089) ~[spring-webmvc-6.1.13.jar:6.1.13]
	at org.springframework.web.servlet.DispatcherServlet.doService(DispatcherServlet.java:979) ~[spring-webmvc-6.1.13.jar:6.1.13]
	at org.springframework.web.servlet.FrameworkServlet.processRequest(FrameworkServlet.java:1014) ~[spring-webmvc-6.1.13.jar:6.1.13]
	at org.springframework.web.servlet.FrameworkServlet.doGet(FrameworkServlet.java:903) ~[spring-webmvc-6.1.13.jar:6.1.13]
	at jakarta.servlet.http.HttpServlet.service(HttpServlet.java:564) ~[tomcat-embed-core-10.1.30.jar:6.0]
	at org.springframework.web.servlet.FrameworkServlet.service(FrameworkServlet.java:885) ~[spring-webmvc-6.1.13.jar:6.1.13]
	at jakarta.servlet.http.HttpServlet.service(HttpServlet.java:658) ~[tomcat-embed-core-10.1.30.jar:6.0]
	at org.apache.catalina.core.ApplicationFilterChain.internalDoFilter(ApplicationFilterChain.java:195) ~[tomcat-embed-core-10.1.30.jar:10.1.30]
	at org.apache.catalina.core.ApplicationFilterChain.doFilter(ApplicationFilterChain.java:140) ~[tomcat-embed-core-10.1.30.jar:10.1.30]
	at org.apache.tomcat.websocket.server.WsFilter.doFilter(WsFilter.java:51) ~[tomcat-embed-websocket-10.1.30.jar:10.1.30]
	at org.apache.catalina.core.ApplicationFilterChain.internalDoFilter(ApplicationFilterChain.java:164) ~[tomcat-embed-core-10.1.30.jar:10.1.30]
	at org.apache.catalina.core.ApplicationFilterChain.doFilter(ApplicationFilterChain.java:140) ~[tomcat-embed-core-10.1.30.jar:10.1.30]
	at org.springframework.boot.devtools.remote.server.DispatcherFilter.doFilter(DispatcherFilter.java:72) ~[spring-boot-devtools-3.3.4.jar:3.3.4]
	at org.springframework.boot.devtools.remote.server.DispatcherFilter.doFilter(DispatcherFilter.java:60) ~[spring-boot-devtools-3.3.4.jar:3.3.4]
	at org.apache.catalina.core.ApplicationFilterChain.internalDoFilter(ApplicationFilterChain.java:164) ~[tomcat-embed-core-10.1.30.jar:10.1.30]
	at org.apache.catalina.core.ApplicationFilterChain.doFilter(ApplicationFilterChain.java:140) ~[tomcat-embed-core-10.1.30.jar:10.1.30]
	at org.springframework.web.filter.RequestContextFilter.doFilterInternal(RequestContextFilter.java:100) ~[spring-web-6.1.13.jar:6.1.13]
	at org.springframework.web.filter.OncePerRequestFilter.doFilter(OncePerRequestFilter.java:116) ~[spring-web-6.1.13.jar:6.1.13]
	at org.apache.catalina.core.ApplicationFilterChain.internalDoFilter(ApplicationFilterChain.java:164) ~[tomcat-embed-core-10.1.30.jar:10.1.30]
	at org.apache.catalina.core.ApplicationFilterChain.doFilter(ApplicationFilterChain.java:140) ~[tomcat-embed-core-10.1.30.jar:10.1.30]
	at org.springframework.web.filter.FormContentFilter.doFilterInternal(FormContentFilter.java:93) ~[spring-web-6.1.13.jar:6.1.13]
	at org.springframework.web.filter.OncePerRequestFilter.doFilter(OncePerRequestFilter.java:116) ~[spring-web-6.1.13.jar:6.1.13]
	at org.apache.catalina.core.ApplicationFilterChain.internalDoFilter(ApplicationFilterChain.java:164) ~[tomcat-embed-core-10.1.30.jar:10.1.30]
	at org.apache.catalina.core.ApplicationFilterChain.doFilter(ApplicationFilterChain.java:140) ~[tomcat-embed-core-10.1.30.jar:10.1.30]
	at org.springframework.web.filter.CharacterEncodingFilter.doFilterInternal(CharacterEncodingFilter.java:201) ~[spring-web-6.1.13.jar:6.1.13]
	at org.springframework.web.filter.OncePerRequestFilter.doFilter(OncePerRequestFilter.java:116) ~[spring-web-6.1.13.jar:6.1.13]
	at org.apache.catalina.core.ApplicationFilterChain.internalDoFilter(ApplicationFilterChain.java:164) ~[tomcat-embed-core-10.1.30.jar:10.1.30]
	at org.apache.catalina.core.ApplicationFilterChain.doFilter(ApplicationFilterChain.java:140) ~[tomcat-embed-core-10.1.30.jar:10.1.30]
	at org.apache.catalina.core.StandardWrapperValve.invoke(StandardWrapperValve.java:167) ~[tomcat-embed-core-10.1.30.jar:10.1.30]
	at org.apache.catalina.core.StandardContextValve.invoke(StandardContextValve.java:90) ~[tomcat-embed-core-10.1.30.jar:10.1.30]
	at org.apache.catalina.authenticator.AuthenticatorBase.invoke(AuthenticatorBase.java:483) ~[tomcat-embed-core-10.1.30.jar:10.1.30]
	at org.apache.catalina.core.StandardHostValve.invoke(StandardHostValve.java:115) ~[tomcat-embed-core-10.1.30.jar:10.1.30]
	at org.apache.catalina.valves.ErrorReportValve.invoke(ErrorReportValve.java:93) ~[tomcat-embed-core-10.1.30.jar:10.1.30]
	at org.apache.catalina.core.StandardEngineValve.invoke(StandardEngineValve.java:74) ~[tomcat-embed-core-10.1.30.jar:10.1.30]
	at org.apache.catalina.connector.CoyoteAdapter.service(CoyoteAdapter.java:344) ~[tomcat-embed-core-10.1.30.jar:10.1.30]
	at org.apache.coyote.http11.Http11Processor.service(Http11Processor.java:384) ~[tomcat-embed-core-10.1.30.jar:10.1.30]
	at org.apache.coyote.AbstractProcessorLight.process(AbstractProcessorLight.java:63) ~[tomcat-embed-core-10.1.30.jar:10.1.30]
	at org.apache.coyote.AbstractProtocol$ConnectionHandler.process(AbstractProtocol.java:905) ~[tomcat-embed-core-10.1.30.jar:10.1.30]
	at org.apache.tomcat.util.net.NioEndpoint$SocketProcessor.doRun(NioEndpoint.java:1741) ~[tomcat-embed-core-10.1.30.jar:10.1.30]
	at org.apache.tomcat.util.net.SocketProcessorBase.run(SocketProcessorBase.java:52) ~[tomcat-embed-core-10.1.30.jar:10.1.30]
	at org.apache.tomcat.util.threads.ThreadPoolExecutor.runWorker(ThreadPoolExecutor.java:1190) ~[tomcat-embed-core-10.1.30.jar:10.1.30]
	at org.apache.tomcat.util.threads.ThreadPoolExecutor$Worker.run(ThreadPoolExecutor.java:659) ~[tomcat-embed-core-10.1.30.jar:10.1.30]
	at org.apache.tomcat.util.threads.TaskThread$WrappingRunnable.run(TaskThread.java:63) ~[tomcat-embed-core-10.1.30.jar:10.1.30]
	at java.base/java.lang.Thread.run(Thread.java:1570) ~[na:na]

2025-03-09T17:24:30.128+08:00  INFO 19168 --- [CommentAnalysis] [SpringApplicationShutdownHook] o.neo4j.driver.internal.InternalDriver   : Closing driver instance 704604094
2025-03-09T17:24:30.349+08:00  INFO 19168 --- [CommentAnalysis] [SpringApplicationShutdownHook] com.zaxxer.hikari.HikariDataSource       : HikariPool-1 - Shutdown initiated...
2025-03-09T17:24:30.358+08:00  INFO 19168 --- [CommentAnalysis] [SpringApplicationShutdownHook] com.zaxxer.hikari.HikariDataSource       : HikariPool-1 - Shutdown completed.
2025-03-09T17:24:35.897+08:00  INFO 3348 --- [CommentAnalysis] [restartedMain] c.b.c.CommentAnalysisApplication         : Starting CommentAnalysisApplication using Java 22.0.1 with PID 3348 (E:\Comment Analysis Git\User-fine-grained-sentiment-analysis-and-visualization-system\BackEnd\CommentAnalysis\target\classes started by thunder lee in E:\Comment Analysis Git\User-fine-grained-sentiment-analysis-and-visualization-system\BackEnd)
2025-03-09T17:24:35.898+08:00  INFO 3348 --- [CommentAnalysis] [restartedMain] c.b.c.CommentAnalysisApplication         : No active profile set, falling back to 1 default profile: "default"
2025-03-09T17:24:35.976+08:00  INFO 3348 --- [CommentAnalysis] [restartedMain] o.s.b.devtools.restart.ChangeableUrls    : The Class-Path manifest attribute in E:\apache-maven-3.9.8-bin\maven-repository\com\oracle\database\jdbc\ojdbc11\21.9.0.0\ojdbc11-21.9.0.0.jar referenced one or more files that do not exist: file:/E:/apache-maven-3.9.8-bin/maven-repository/com/oracle/database/jdbc/ojdbc11/21.9.0.0/oraclepki.jar
2025-03-09T17:24:35.976+08:00  INFO 3348 --- [CommentAnalysis] [restartedMain] .e.DevToolsPropertyDefaultsPostProcessor : Devtools property defaults active! Set 'spring.devtools.add-properties' to 'false' to disable
2025-03-09T17:24:35.976+08:00  INFO 3348 --- [CommentAnalysis] [restartedMain] .e.DevToolsPropertyDefaultsPostProcessor : For additional web related logging consider setting the 'logging.level.web' property to 'DEBUG'
2025-03-09T17:24:36.649+08:00  INFO 3348 --- [CommentAnalysis] [restartedMain] .s.d.r.c.RepositoryConfigurationDelegate : Multiple Spring Data modules found, entering strict repository configuration mode
2025-03-09T17:24:36.649+08:00  INFO 3348 --- [CommentAnalysis] [restartedMain] .s.d.r.c.RepositoryConfigurationDelegate : Bootstrapping Spring Data Neo4j repositories in DEFAULT mode.
2025-03-09T17:24:36.759+08:00  INFO 3348 --- [CommentAnalysis] [restartedMain] .s.d.r.c.RepositoryConfigurationDelegate : Finished Spring Data repository scanning in 104 ms. Found 1 Neo4j repository interface.
2025-03-09T17:24:36.995+08:00  INFO 3348 --- [CommentAnalysis] [restartedMain] .s.d.r.c.RepositoryConfigurationDelegate : Multiple Spring Data modules found, entering strict repository configuration mode
2025-03-09T17:24:36.995+08:00  INFO 3348 --- [CommentAnalysis] [restartedMain] .s.d.r.c.RepositoryConfigurationDelegate : Bootstrapping Spring Data Neo4j repositories in DEFAULT mode.
2025-03-09T17:24:37.018+08:00  INFO 3348 --- [CommentAnalysis] [restartedMain] .s.d.r.c.RepositoryConfigurationDelegate : Finished Spring Data repository scanning in 21 ms. Found 0 Neo4j repository interfaces.
2025-03-09T17:24:37.027+08:00  INFO 3348 --- [CommentAnalysis] [restartedMain] .s.d.r.c.RepositoryConfigurationDelegate : Multiple Spring Data modules found, entering strict repository configuration mode
2025-03-09T17:24:37.028+08:00  INFO 3348 --- [CommentAnalysis] [restartedMain] .s.d.r.c.RepositoryConfigurationDelegate : Bootstrapping Spring Data Redis repositories in DEFAULT mode.
2025-03-09T17:24:37.046+08:00  INFO 3348 --- [CommentAnalysis] [restartedMain] .RepositoryConfigurationExtensionSupport : Spring Data Redis - Could not safely identify store assignment for repository candidate interface com.backend.commentanalysis.repository.ProductRepository; If you want this repository to be a Redis repository, consider annotating your entities with one of these annotations: org.springframework.data.redis.core.RedisHash (preferred), or consider extending one of the following types with your repository: org.springframework.data.keyvalue.repository.KeyValueRepository
2025-03-09T17:24:37.047+08:00  INFO 3348 --- [CommentAnalysis] [restartedMain] .s.d.r.c.RepositoryConfigurationDelegate : Finished Spring Data repository scanning in 12 ms. Found 0 Redis repository interfaces.
2025-03-09T17:24:37.816+08:00  INFO 3348 --- [CommentAnalysis] [restartedMain] o.s.b.w.embedded.tomcat.TomcatWebServer  : Tomcat initialized with port 8081 (http)
2025-03-09T17:24:37.832+08:00  INFO 3348 --- [CommentAnalysis] [restartedMain] o.apache.catalina.core.StandardService   : Starting service [Tomcat]
2025-03-09T17:24:37.832+08:00  INFO 3348 --- [CommentAnalysis] [restartedMain] o.apache.catalina.core.StandardEngine    : Starting Servlet engine: [Apache Tomcat/10.1.30]
2025-03-09T17:24:37.883+08:00  INFO 3348 --- [CommentAnalysis] [restartedMain] o.a.c.c.C.[Tomcat].[localhost].[/]       : Initializing Spring embedded WebApplicationContext
2025-03-09T17:24:37.884+08:00  INFO 3348 --- [CommentAnalysis] [restartedMain] w.s.c.ServletWebServerApplicationContext : Root WebApplicationContext: initialization completed in 1907 ms
2025-03-09T17:24:37.905+08:00  WARN 3348 --- [CommentAnalysis] [restartedMain] .s.b.d.a.RemoteDevToolsAutoConfiguration : Listening for remote restart updates on /.~~spring-boot!~/restart
2025-03-09T17:24:38.530+08:00  INFO 3348 --- [CommentAnalysis] [restartedMain] o.neo4j.driver.internal.DriverFactory    : Direct driver instance 756426882 created for server address localhost:7687
2025-03-09T17:24:38.625+08:00  WARN 3348 --- [CommentAnalysis] [restartedMain] o.s.d.n.c.mapping.Neo4jPersistentEntity  : The entity com.backend.commentanalysis.entity.neo4j.OpinionNeo4j is using a Long value for storing internally generated Neo4j ids. The Neo4j internal Long Ids are deprecated, please consider using an external ID generator.
2025-03-09T17:24:38.669+08:00  INFO 3348 --- [CommentAnalysis] [restartedMain] o.s.b.d.a.OptionalLiveReloadServer       : LiveReload server is running on port 35729
2025-03-09T17:24:38.675+08:00  WARN 3348 --- [CommentAnalysis] [restartedMain] o.s.d.n.c.mapping.Neo4jPersistentEntity  : The entity com.backend.commentanalysis.entity.relation.HasOpinion is using a Long value for storing internally generated Neo4j ids. The Neo4j internal Long Ids are deprecated, please consider using an external ID generator.
2025-03-09T17:24:38.680+08:00  WARN 3348 --- [CommentAnalysis] [restartedMain] o.s.d.n.c.mapping.Neo4jPersistentEntity  : The entity com.backend.commentanalysis.entity.neo4j.AspectNeo4j is using a Long value for storing internally generated Neo4j ids. The Neo4j internal Long Ids are deprecated, please consider using an external ID generator.
2025-03-09T17:24:38.681+08:00  WARN 3348 --- [CommentAnalysis] [restartedMain] o.s.d.n.c.mapping.Neo4jPersistentEntity  : The entity com.backend.commentanalysis.entity.relation.HasAspect is using a Long value for storing internally generated Neo4j ids. The Neo4j internal Long Ids are deprecated, please consider using an external ID generator.
2025-03-09T17:24:39.545+08:00  INFO 3348 --- [CommentAnalysis] [restartedMain] o.s.b.w.embedded.tomcat.TomcatWebServer  : Tomcat started on port 8081 (http) with context path '/'
2025-03-09T17:24:39.552+08:00  INFO 3348 --- [CommentAnalysis] [restartedMain] c.b.c.CommentAnalysisApplication         : Started CommentAnalysisApplication in 4.196 seconds (process running for 5.089)
2025-03-09T17:24:44.220+08:00  INFO 3348 --- [CommentAnalysis] [http-nio-8081-exec-1] o.a.c.c.C.[Tomcat].[localhost].[/]       : Initializing Spring DispatcherServlet 'dispatcherServlet'
2025-03-09T17:24:44.221+08:00  INFO 3348 --- [CommentAnalysis] [http-nio-8081-exec-1] o.s.web.servlet.DispatcherServlet        : Initializing Servlet 'dispatcherServlet'
2025-03-09T17:24:44.223+08:00  INFO 3348 --- [CommentAnalysis] [http-nio-8081-exec-1] o.s.web.servlet.DispatcherServlet        : Completed initialization in 2 ms
2025-03-09T17:24:44.646+08:00  INFO 3348 --- [CommentAnalysis] [http-nio-8081-exec-1] com.zaxxer.hikari.HikariDataSource       : HikariPool-1 - Starting...
2025-03-09T17:24:44.969+08:00  INFO 3348 --- [CommentAnalysis] [http-nio-8081-exec-1] com.zaxxer.hikari.pool.HikariPool        : HikariPool-1 - Added connection com.mysql.cj.jdbc.ConnectionImpl@4fb9720c
2025-03-09T17:24:44.971+08:00  INFO 3348 --- [CommentAnalysis] [http-nio-8081-exec-1] com.zaxxer.hikari.HikariDataSource       : HikariPool-1 - Start completed.
2025-03-09T17:24:46.327+08:00 ERROR 3348 --- [CommentAnalysis] [http-nio-8081-exec-2] o.a.c.c.C.[.[.[/].[dispatcherServlet]    : Servlet.service() for servlet [dispatcherServlet] in context with path [] threw exception [Request processing failed: java.lang.ClassCastException: class com.backend.commentanalysis.entity.dto.ProductInfoDTO cannot be cast to class com.backend.commentanalysis.entity.dto.ProductInfoDTO (com.backend.commentanalysis.entity.dto.ProductInfoDTO is in unnamed module of loader 'app'; com.backend.commentanalysis.entity.dto.ProductInfoDTO is in unnamed module of loader org.springframework.boot.devtools.restart.classloader.RestartClassLoader @5b2e7bc1)] with root cause

java.lang.ClassCastException: class com.backend.commentanalysis.entity.dto.ProductInfoDTO cannot be cast to class com.backend.commentanalysis.entity.dto.ProductInfoDTO (com.backend.commentanalysis.entity.dto.ProductInfoDTO is in unnamed module of loader 'app'; com.backend.commentanalysis.entity.dto.ProductInfoDTO is in unnamed module of loader org.springframework.boot.devtools.restart.classloader.RestartClassLoader @5b2e7bc1)
	at com.backend.commentanalysis.service.implement.ProductServiceImpl$$SpringCGLIB$$0.getProductInfoByPid(<generated>) ~[classes/:na]
	at com.backend.commentanalysis.controller.ProductController.getProductInfoByPid(ProductController.java:44) ~[classes/:na]
	at java.base/jdk.internal.reflect.DirectMethodHandleAccessor.invoke(DirectMethodHandleAccessor.java:103) ~[na:na]
	at java.base/java.lang.reflect.Method.invoke(Method.java:580) ~[na:na]
	at org.springframework.aop.support.AopUtils.invokeJoinpointUsingReflection(AopUtils.java:355) ~[spring-aop-6.1.13.jar:6.1.13]
	at org.springframework.aop.framework.ReflectiveMethodInvocation.invokeJoinpoint(ReflectiveMethodInvocation.java:196) ~[spring-aop-6.1.13.jar:6.1.13]
	at org.springframework.aop.framework.ReflectiveMethodInvocation.proceed(ReflectiveMethodInvocation.java:163) ~[spring-aop-6.1.13.jar:6.1.13]
	at org.springframework.aop.framework.CglibAopProxy$CglibMethodInvocation.proceed(CglibAopProxy.java:768) ~[spring-aop-6.1.13.jar:6.1.13]
	at org.springframework.validation.beanvalidation.MethodValidationInterceptor.invoke(MethodValidationInterceptor.java:174) ~[spring-context-6.1.13.jar:6.1.13]
	at org.springframework.aop.framework.ReflectiveMethodInvocation.proceed(ReflectiveMethodInvocation.java:184) ~[spring-aop-6.1.13.jar:6.1.13]
	at org.springframework.aop.framework.CglibAopProxy$CglibMethodInvocation.proceed(CglibAopProxy.java:768) ~[spring-aop-6.1.13.jar:6.1.13]
	at org.springframework.aop.framework.CglibAopProxy$DynamicAdvisedInterceptor.intercept(CglibAopProxy.java:720) ~[spring-aop-6.1.13.jar:6.1.13]
	at com.backend.commentanalysis.controller.ProductController$$SpringCGLIB$$0.getProductInfoByPid(<generated>) ~[classes/:na]
	at java.base/jdk.internal.reflect.DirectMethodHandleAccessor.invoke(DirectMethodHandleAccessor.java:103) ~[na:na]
	at java.base/java.lang.reflect.Method.invoke(Method.java:580) ~[na:na]
	at org.springframework.web.method.support.InvocableHandlerMethod.doInvoke(InvocableHandlerMethod.java:255) ~[spring-web-6.1.13.jar:6.1.13]
	at org.springframework.web.method.support.InvocableHandlerMethod.invokeForRequest(InvocableHandlerMethod.java:188) ~[spring-web-6.1.13.jar:6.1.13]
	at org.springframework.web.servlet.mvc.method.annotation.ServletInvocableHandlerMethod.invokeAndHandle(ServletInvocableHandlerMethod.java:118) ~[spring-webmvc-6.1.13.jar:6.1.13]
	at org.springframework.web.servlet.mvc.method.annotation.RequestMappingHandlerAdapter.invokeHandlerMethod(RequestMappingHandlerAdapter.java:926) ~[spring-webmvc-6.1.13.jar:6.1.13]
	at org.springframework.web.servlet.mvc.method.annotation.RequestMappingHandlerAdapter.handleInternal(RequestMappingHandlerAdapter.java:831) ~[spring-webmvc-6.1.13.jar:6.1.13]
	at org.springframework.web.servlet.mvc.method.AbstractHandlerMethodAdapter.handle(AbstractHandlerMethodAdapter.java:87) ~[spring-webmvc-6.1.13.jar:6.1.13]
	at org.springframework.web.servlet.DispatcherServlet.doDispatch(DispatcherServlet.java:1089) ~[spring-webmvc-6.1.13.jar:6.1.13]
	at org.springframework.web.servlet.DispatcherServlet.doService(DispatcherServlet.java:979) ~[spring-webmvc-6.1.13.jar:6.1.13]
	at org.springframework.web.servlet.FrameworkServlet.processRequest(FrameworkServlet.java:1014) ~[spring-webmvc-6.1.13.jar:6.1.13]
	at org.springframework.web.servlet.FrameworkServlet.doGet(FrameworkServlet.java:903) ~[spring-webmvc-6.1.13.jar:6.1.13]
	at jakarta.servlet.http.HttpServlet.service(HttpServlet.java:564) ~[tomcat-embed-core-10.1.30.jar:6.0]
	at org.springframework.web.servlet.FrameworkServlet.service(FrameworkServlet.java:885) ~[spring-webmvc-6.1.13.jar:6.1.13]
	at jakarta.servlet.http.HttpServlet.service(HttpServlet.java:658) ~[tomcat-embed-core-10.1.30.jar:6.0]
	at org.apache.catalina.core.ApplicationFilterChain.internalDoFilter(ApplicationFilterChain.java:195) ~[tomcat-embed-core-10.1.30.jar:10.1.30]
	at org.apache.catalina.core.ApplicationFilterChain.doFilter(ApplicationFilterChain.java:140) ~[tomcat-embed-core-10.1.30.jar:10.1.30]
	at org.apache.tomcat.websocket.server.WsFilter.doFilter(WsFilter.java:51) ~[tomcat-embed-websocket-10.1.30.jar:10.1.30]
	at org.apache.catalina.core.ApplicationFilterChain.internalDoFilter(ApplicationFilterChain.java:164) ~[tomcat-embed-core-10.1.30.jar:10.1.30]
	at org.apache.catalina.core.ApplicationFilterChain.doFilter(ApplicationFilterChain.java:140) ~[tomcat-embed-core-10.1.30.jar:10.1.30]
	at org.springframework.boot.devtools.remote.server.DispatcherFilter.doFilter(DispatcherFilter.java:72) ~[spring-boot-devtools-3.3.4.jar:3.3.4]
	at org.springframework.boot.devtools.remote.server.DispatcherFilter.doFilter(DispatcherFilter.java:60) ~[spring-boot-devtools-3.3.4.jar:3.3.4]
	at org.apache.catalina.core.ApplicationFilterChain.internalDoFilter(ApplicationFilterChain.java:164) ~[tomcat-embed-core-10.1.30.jar:10.1.30]
	at org.apache.catalina.core.ApplicationFilterChain.doFilter(ApplicationFilterChain.java:140) ~[tomcat-embed-core-10.1.30.jar:10.1.30]
	at org.springframework.web.filter.RequestContextFilter.doFilterInternal(RequestContextFilter.java:100) ~[spring-web-6.1.13.jar:6.1.13]
	at org.springframework.web.filter.OncePerRequestFilter.doFilter(OncePerRequestFilter.java:116) ~[spring-web-6.1.13.jar:6.1.13]
	at org.apache.catalina.core.ApplicationFilterChain.internalDoFilter(ApplicationFilterChain.java:164) ~[tomcat-embed-core-10.1.30.jar:10.1.30]
	at org.apache.catalina.core.ApplicationFilterChain.doFilter(ApplicationFilterChain.java:140) ~[tomcat-embed-core-10.1.30.jar:10.1.30]
	at org.springframework.web.filter.FormContentFilter.doFilterInternal(FormContentFilter.java:93) ~[spring-web-6.1.13.jar:6.1.13]
	at org.springframework.web.filter.OncePerRequestFilter.doFilter(OncePerRequestFilter.java:116) ~[spring-web-6.1.13.jar:6.1.13]
	at org.apache.catalina.core.ApplicationFilterChain.internalDoFilter(ApplicationFilterChain.java:164) ~[tomcat-embed-core-10.1.30.jar:10.1.30]
	at org.apache.catalina.core.ApplicationFilterChain.doFilter(ApplicationFilterChain.java:140) ~[tomcat-embed-core-10.1.30.jar:10.1.30]
	at org.springframework.web.filter.CharacterEncodingFilter.doFilterInternal(CharacterEncodingFilter.java:201) ~[spring-web-6.1.13.jar:6.1.13]
	at org.springframework.web.filter.OncePerRequestFilter.doFilter(OncePerRequestFilter.java:116) ~[spring-web-6.1.13.jar:6.1.13]
	at org.apache.catalina.core.ApplicationFilterChain.internalDoFilter(ApplicationFilterChain.java:164) ~[tomcat-embed-core-10.1.30.jar:10.1.30]
	at org.apache.catalina.core.ApplicationFilterChain.doFilter(ApplicationFilterChain.java:140) ~[tomcat-embed-core-10.1.30.jar:10.1.30]
	at org.apache.catalina.core.StandardWrapperValve.invoke(StandardWrapperValve.java:167) ~[tomcat-embed-core-10.1.30.jar:10.1.30]
	at org.apache.catalina.core.StandardContextValve.invoke(StandardContextValve.java:90) ~[tomcat-embed-core-10.1.30.jar:10.1.30]
	at org.apache.catalina.authenticator.AuthenticatorBase.invoke(AuthenticatorBase.java:483) ~[tomcat-embed-core-10.1.30.jar:10.1.30]
	at org.apache.catalina.core.StandardHostValve.invoke(StandardHostValve.java:115) ~[tomcat-embed-core-10.1.30.jar:10.1.30]
	at org.apache.catalina.valves.ErrorReportValve.invoke(ErrorReportValve.java:93) ~[tomcat-embed-core-10.1.30.jar:10.1.30]
	at org.apache.catalina.core.StandardEngineValve.invoke(StandardEngineValve.java:74) ~[tomcat-embed-core-10.1.30.jar:10.1.30]
	at org.apache.catalina.connector.CoyoteAdapter.service(CoyoteAdapter.java:344) ~[tomcat-embed-core-10.1.30.jar:10.1.30]
	at org.apache.coyote.http11.Http11Processor.service(Http11Processor.java:384) ~[tomcat-embed-core-10.1.30.jar:10.1.30]
	at org.apache.coyote.AbstractProcessorLight.process(AbstractProcessorLight.java:63) ~[tomcat-embed-core-10.1.30.jar:10.1.30]
	at org.apache.coyote.AbstractProtocol$ConnectionHandler.process(AbstractProtocol.java:905) ~[tomcat-embed-core-10.1.30.jar:10.1.30]
	at org.apache.tomcat.util.net.NioEndpoint$SocketProcessor.doRun(NioEndpoint.java:1741) ~[tomcat-embed-core-10.1.30.jar:10.1.30]
	at org.apache.tomcat.util.net.SocketProcessorBase.run(SocketProcessorBase.java:52) ~[tomcat-embed-core-10.1.30.jar:10.1.30]
	at org.apache.tomcat.util.threads.ThreadPoolExecutor.runWorker(ThreadPoolExecutor.java:1190) ~[tomcat-embed-core-10.1.30.jar:10.1.30]
	at org.apache.tomcat.util.threads.ThreadPoolExecutor$Worker.run(ThreadPoolExecutor.java:659) ~[tomcat-embed-core-10.1.30.jar:10.1.30]
	at org.apache.tomcat.util.threads.TaskThread$WrappingRunnable.run(TaskThread.java:63) ~[tomcat-embed-core-10.1.30.jar:10.1.30]
	at java.base/java.lang.Thread.run(Thread.java:1570) ~[na:na]

2025-03-09T17:30:54.134+08:00  INFO 3348 --- [CommentAnalysis] [SpringApplicationShutdownHook] o.neo4j.driver.internal.InternalDriver   : Closing driver instance 756426882
2025-03-09T17:30:54.353+08:00  INFO 3348 --- [CommentAnalysis] [SpringApplicationShutdownHook] com.zaxxer.hikari.HikariDataSource       : HikariPool-1 - Shutdown initiated...
2025-03-09T17:30:54.360+08:00  INFO 3348 --- [CommentAnalysis] [SpringApplicationShutdownHook] com.zaxxer.hikari.HikariDataSource       : HikariPool-1 - Shutdown completed.
2025-03-09T17:31:00.801+08:00  INFO 556 --- [CommentAnalysis] [restartedMain] c.b.c.CommentAnalysisApplication         : Starting CommentAnalysisApplication using Java 22.0.1 with PID 556 (E:\Comment Analysis Git\User-fine-grained-sentiment-analysis-and-visualization-system\BackEnd\CommentAnalysis\target\classes started by thunder lee in E:\Comment Analysis Git\User-fine-grained-sentiment-analysis-and-visualization-system\BackEnd)
2025-03-09T17:31:00.803+08:00  INFO 556 --- [CommentAnalysis] [restartedMain] c.b.c.CommentAnalysisApplication         : No active profile set, falling back to 1 default profile: "default"
2025-03-09T17:31:00.880+08:00  INFO 556 --- [CommentAnalysis] [restartedMain] o.s.b.devtools.restart.ChangeableUrls    : The Class-Path manifest attribute in E:\apache-maven-3.9.8-bin\maven-repository\com\oracle\database\jdbc\ojdbc11\21.9.0.0\ojdbc11-21.9.0.0.jar referenced one or more files that do not exist: file:/E:/apache-maven-3.9.8-bin/maven-repository/com/oracle/database/jdbc/ojdbc11/21.9.0.0/oraclepki.jar
2025-03-09T17:31:00.880+08:00  INFO 556 --- [CommentAnalysis] [restartedMain] .e.DevToolsPropertyDefaultsPostProcessor : Devtools property defaults active! Set 'spring.devtools.add-properties' to 'false' to disable
2025-03-09T17:31:00.881+08:00  INFO 556 --- [CommentAnalysis] [restartedMain] .e.DevToolsPropertyDefaultsPostProcessor : For additional web related logging consider setting the 'logging.level.web' property to 'DEBUG'
2025-03-09T17:31:01.486+08:00  INFO 556 --- [CommentAnalysis] [restartedMain] .s.d.r.c.RepositoryConfigurationDelegate : Multiple Spring Data modules found, entering strict repository configuration mode
2025-03-09T17:31:01.487+08:00  INFO 556 --- [CommentAnalysis] [restartedMain] .s.d.r.c.RepositoryConfigurationDelegate : Bootstrapping Spring Data Neo4j repositories in DEFAULT mode.
2025-03-09T17:31:01.598+08:00  INFO 556 --- [CommentAnalysis] [restartedMain] .s.d.r.c.RepositoryConfigurationDelegate : Finished Spring Data repository scanning in 106 ms. Found 1 Neo4j repository interface.
2025-03-09T17:31:01.835+08:00  INFO 556 --- [CommentAnalysis] [restartedMain] .s.d.r.c.RepositoryConfigurationDelegate : Multiple Spring Data modules found, entering strict repository configuration mode
2025-03-09T17:31:01.835+08:00  INFO 556 --- [CommentAnalysis] [restartedMain] .s.d.r.c.RepositoryConfigurationDelegate : Bootstrapping Spring Data Neo4j repositories in DEFAULT mode.
2025-03-09T17:31:01.856+08:00  INFO 556 --- [CommentAnalysis] [restartedMain] .s.d.r.c.RepositoryConfigurationDelegate : Finished Spring Data repository scanning in 21 ms. Found 0 Neo4j repository interfaces.
2025-03-09T17:31:01.866+08:00  INFO 556 --- [CommentAnalysis] [restartedMain] .s.d.r.c.RepositoryConfigurationDelegate : Multiple Spring Data modules found, entering strict repository configuration mode
2025-03-09T17:31:01.867+08:00  INFO 556 --- [CommentAnalysis] [restartedMain] .s.d.r.c.RepositoryConfigurationDelegate : Bootstrapping Spring Data Redis repositories in DEFAULT mode.
2025-03-09T17:31:01.884+08:00  INFO 556 --- [CommentAnalysis] [restartedMain] .RepositoryConfigurationExtensionSupport : Spring Data Redis - Could not safely identify store assignment for repository candidate interface com.backend.commentanalysis.repository.ProductRepository; If you want this repository to be a Redis repository, consider annotating your entities with one of these annotations: org.springframework.data.redis.core.RedisHash (preferred), or consider extending one of the following types with your repository: org.springframework.data.keyvalue.repository.KeyValueRepository
2025-03-09T17:31:01.885+08:00  INFO 556 --- [CommentAnalysis] [restartedMain] .s.d.r.c.RepositoryConfigurationDelegate : Finished Spring Data repository scanning in 11 ms. Found 0 Redis repository interfaces.
2025-03-09T17:31:02.626+08:00  INFO 556 --- [CommentAnalysis] [restartedMain] o.s.b.w.embedded.tomcat.TomcatWebServer  : Tomcat initialized with port 8081 (http)
2025-03-09T17:31:02.641+08:00  INFO 556 --- [CommentAnalysis] [restartedMain] o.apache.catalina.core.StandardService   : Starting service [Tomcat]
2025-03-09T17:31:02.642+08:00  INFO 556 --- [CommentAnalysis] [restartedMain] o.apache.catalina.core.StandardEngine    : Starting Servlet engine: [Apache Tomcat/10.1.30]
2025-03-09T17:31:02.696+08:00  INFO 556 --- [CommentAnalysis] [restartedMain] o.a.c.c.C.[Tomcat].[localhost].[/]       : Initializing Spring embedded WebApplicationContext
2025-03-09T17:31:02.696+08:00  INFO 556 --- [CommentAnalysis] [restartedMain] w.s.c.ServletWebServerApplicationContext : Root WebApplicationContext: initialization completed in 1815 ms
2025-03-09T17:31:02.718+08:00  WARN 556 --- [CommentAnalysis] [restartedMain] .s.b.d.a.RemoteDevToolsAutoConfiguration : Listening for remote restart updates on /.~~spring-boot!~/restart
2025-03-09T17:31:03.381+08:00  INFO 556 --- [CommentAnalysis] [restartedMain] o.neo4j.driver.internal.DriverFactory    : Direct driver instance 349059625 created for server address localhost:7687
2025-03-09T17:31:03.468+08:00  WARN 556 --- [CommentAnalysis] [restartedMain] o.s.d.n.c.mapping.Neo4jPersistentEntity  : The entity com.backend.commentanalysis.entity.neo4j.OpinionNeo4j is using a Long value for storing internally generated Neo4j ids. The Neo4j internal Long Ids are deprecated, please consider using an external ID generator.
2025-03-09T17:31:03.510+08:00  INFO 556 --- [CommentAnalysis] [restartedMain] o.s.b.d.a.OptionalLiveReloadServer       : LiveReload server is running on port 35729
2025-03-09T17:31:03.516+08:00  WARN 556 --- [CommentAnalysis] [restartedMain] o.s.d.n.c.mapping.Neo4jPersistentEntity  : The entity com.backend.commentanalysis.entity.relation.HasOpinion is using a Long value for storing internally generated Neo4j ids. The Neo4j internal Long Ids are deprecated, please consider using an external ID generator.
2025-03-09T17:31:03.522+08:00  WARN 556 --- [CommentAnalysis] [restartedMain] o.s.d.n.c.mapping.Neo4jPersistentEntity  : The entity com.backend.commentanalysis.entity.neo4j.AspectNeo4j is using a Long value for storing internally generated Neo4j ids. The Neo4j internal Long Ids are deprecated, please consider using an external ID generator.
2025-03-09T17:31:03.522+08:00  WARN 556 --- [CommentAnalysis] [restartedMain] o.s.d.n.c.mapping.Neo4jPersistentEntity  : The entity com.backend.commentanalysis.entity.relation.HasAspect is using a Long value for storing internally generated Neo4j ids. The Neo4j internal Long Ids are deprecated, please consider using an external ID generator.
2025-03-09T17:31:04.511+08:00  INFO 556 --- [CommentAnalysis] [restartedMain] o.s.b.w.embedded.tomcat.TomcatWebServer  : Tomcat started on port 8081 (http) with context path '/'
2025-03-09T17:31:04.519+08:00  INFO 556 --- [CommentAnalysis] [restartedMain] c.b.c.CommentAnalysisApplication         : Started CommentAnalysisApplication in 4.257 seconds (process running for 5.087)
2025-03-09T17:31:08.538+08:00  INFO 556 --- [CommentAnalysis] [http-nio-8081-exec-1] o.a.c.c.C.[Tomcat].[localhost].[/]       : Initializing Spring DispatcherServlet 'dispatcherServlet'
2025-03-09T17:31:08.538+08:00  INFO 556 --- [CommentAnalysis] [http-nio-8081-exec-1] o.s.web.servlet.DispatcherServlet        : Initializing Servlet 'dispatcherServlet'
2025-03-09T17:31:08.539+08:00  INFO 556 --- [CommentAnalysis] [http-nio-8081-exec-1] o.s.web.servlet.DispatcherServlet        : Completed initialization in 1 ms
2025-03-09T17:31:09.580+08:00  INFO 556 --- [CommentAnalysis] [http-nio-8081-exec-2] o.springdoc.api.AbstractOpenApiResource  : Init duration for springdoc-openapi is: 351 ms
2025-03-09T17:31:22.410+08:00  WARN 556 --- [CommentAnalysis] [http-nio-8081-exec-1] .m.m.a.ExceptionHandlerExceptionResolver : Resolved [TokenException(code=401)]
2025-03-09T17:31:30.534+08:00  INFO 556 --- [CommentAnalysis] [http-nio-8081-exec-8] com.zaxxer.hikari.HikariDataSource       : HikariPool-1 - Starting...
2025-03-09T17:31:30.869+08:00  INFO 556 --- [CommentAnalysis] [http-nio-8081-exec-8] com.zaxxer.hikari.pool.HikariPool        : HikariPool-1 - Added connection com.mysql.cj.jdbc.ConnectionImpl@4f4da061
2025-03-09T17:31:30.870+08:00  INFO 556 --- [CommentAnalysis] [http-nio-8081-exec-8] com.zaxxer.hikari.HikariDataSource       : HikariPool-1 - Start completed.
2025-03-09T17:31:47.312+08:00 ERROR 556 --- [CommentAnalysis] [http-nio-8081-exec-6] o.a.c.c.C.[.[.[/].[dispatcherServlet]    : Servlet.service() for servlet [dispatcherServlet] in context with path [] threw exception [Request processing failed: org.springframework.data.redis.serializer.SerializationException: Cannot serialize] with root cause

java.lang.IllegalArgumentException: DefaultSerializer requires a Serializable payload but received an object of type [com.backend.commentanalysis.entity.dto.ProductInfoDTO]
	at org.springframework.core.serializer.DefaultSerializer.serialize(DefaultSerializer.java:43) ~[spring-core-6.1.13.jar:6.1.13]
	at org.springframework.core.serializer.Serializer.serializeToByteArray(Serializer.java:56) ~[spring-core-6.1.13.jar:6.1.13]
	at org.springframework.core.serializer.support.SerializingConverter.convert(SerializingConverter.java:60) ~[spring-core-6.1.13.jar:6.1.13]
	at org.springframework.core.serializer.support.SerializingConverter.convert(SerializingConverter.java:33) ~[spring-core-6.1.13.jar:6.1.13]
	at org.springframework.data.redis.serializer.JdkSerializationRedisSerializer.serialize(JdkSerializationRedisSerializer.java:95) ~[spring-data-redis-3.3.4.jar:3.3.4]
	at org.springframework.data.redis.serializer.DefaultRedisElementWriter.write(DefaultRedisElementWriter.java:42) ~[spring-data-redis-3.3.4.jar:3.3.4]
	at org.springframework.data.redis.serializer.RedisSerializationContext$SerializationPair.write(RedisSerializationContext.java:292) ~[spring-data-redis-3.3.4.jar:3.3.4]
	at org.springframework.data.redis.cache.RedisCache.serializeCacheValue(RedisCache.java:363) ~[spring-data-redis-3.3.4.jar:3.3.4]
	at org.springframework.data.redis.cache.RedisCache.put(RedisCache.java:224) ~[spring-data-redis-3.3.4.jar:3.3.4]
	at org.springframework.cache.interceptor.AbstractCacheInvoker.doPut(AbstractCacheInvoker.java:87) ~[spring-context-6.1.13.jar:6.1.13]
	at org.springframework.cache.interceptor.CacheAspectSupport$CachePutRequest.performCachePut(CacheAspectSupport.java:1037) ~[spring-context-6.1.13.jar:6.1.13]
	at org.springframework.cache.interceptor.CacheAspectSupport$CachePutRequest.apply(CacheAspectSupport.java:1022) ~[spring-context-6.1.13.jar:6.1.13]
	at org.springframework.cache.interceptor.CacheAspectSupport.evaluate(CacheAspectSupport.java:566) ~[spring-context-6.1.13.jar:6.1.13]
	at org.springframework.cache.interceptor.CacheAspectSupport.execute(CacheAspectSupport.java:433) ~[spring-context-6.1.13.jar:6.1.13]
	at org.springframework.cache.interceptor.CacheAspectSupport.execute(CacheAspectSupport.java:395) ~[spring-context-6.1.13.jar:6.1.13]
	at org.springframework.cache.interceptor.CacheInterceptor.invoke(CacheInterceptor.java:65) ~[spring-context-6.1.13.jar:6.1.13]
	at org.springframework.aop.framework.ReflectiveMethodInvocation.proceed(ReflectiveMethodInvocation.java:184) ~[spring-aop-6.1.13.jar:6.1.13]
	at org.springframework.aop.framework.CglibAopProxy$CglibMethodInvocation.proceed(CglibAopProxy.java:768) ~[spring-aop-6.1.13.jar:6.1.13]
	at org.springframework.aop.framework.CglibAopProxy$DynamicAdvisedInterceptor.intercept(CglibAopProxy.java:720) ~[spring-aop-6.1.13.jar:6.1.13]
	at com.backend.commentanalysis.service.implement.ProductServiceImpl$$SpringCGLIB$$0.getProductInfoByPid(<generated>) ~[classes/:na]
	at com.backend.commentanalysis.controller.ProductController.getProductInfoByPid(ProductController.java:44) ~[classes/:na]
	at java.base/jdk.internal.reflect.DirectMethodHandleAccessor.invoke(DirectMethodHandleAccessor.java:103) ~[na:na]
	at java.base/java.lang.reflect.Method.invoke(Method.java:580) ~[na:na]
	at org.springframework.aop.support.AopUtils.invokeJoinpointUsingReflection(AopUtils.java:355) ~[spring-aop-6.1.13.jar:6.1.13]
	at org.springframework.aop.framework.ReflectiveMethodInvocation.invokeJoinpoint(ReflectiveMethodInvocation.java:196) ~[spring-aop-6.1.13.jar:6.1.13]
	at org.springframework.aop.framework.ReflectiveMethodInvocation.proceed(ReflectiveMethodInvocation.java:163) ~[spring-aop-6.1.13.jar:6.1.13]
	at org.springframework.aop.framework.CglibAopProxy$CglibMethodInvocation.proceed(CglibAopProxy.java:768) ~[spring-aop-6.1.13.jar:6.1.13]
	at org.springframework.validation.beanvalidation.MethodValidationInterceptor.invoke(MethodValidationInterceptor.java:174) ~[spring-context-6.1.13.jar:6.1.13]
	at org.springframework.aop.framework.ReflectiveMethodInvocation.proceed(ReflectiveMethodInvocation.java:184) ~[spring-aop-6.1.13.jar:6.1.13]
	at org.springframework.aop.framework.CglibAopProxy$CglibMethodInvocation.proceed(CglibAopProxy.java:768) ~[spring-aop-6.1.13.jar:6.1.13]
	at org.springframework.aop.framework.CglibAopProxy$DynamicAdvisedInterceptor.intercept(CglibAopProxy.java:720) ~[spring-aop-6.1.13.jar:6.1.13]
	at com.backend.commentanalysis.controller.ProductController$$SpringCGLIB$$0.getProductInfoByPid(<generated>) ~[classes/:na]
	at java.base/jdk.internal.reflect.DirectMethodHandleAccessor.invoke(DirectMethodHandleAccessor.java:103) ~[na:na]
	at java.base/java.lang.reflect.Method.invoke(Method.java:580) ~[na:na]
	at org.springframework.web.method.support.InvocableHandlerMethod.doInvoke(InvocableHandlerMethod.java:255) ~[spring-web-6.1.13.jar:6.1.13]
	at org.springframework.web.method.support.InvocableHandlerMethod.invokeForRequest(InvocableHandlerMethod.java:188) ~[spring-web-6.1.13.jar:6.1.13]
	at org.springframework.web.servlet.mvc.method.annotation.ServletInvocableHandlerMethod.invokeAndHandle(ServletInvocableHandlerMethod.java:118) ~[spring-webmvc-6.1.13.jar:6.1.13]
	at org.springframework.web.servlet.mvc.method.annotation.RequestMappingHandlerAdapter.invokeHandlerMethod(RequestMappingHandlerAdapter.java:926) ~[spring-webmvc-6.1.13.jar:6.1.13]
	at org.springframework.web.servlet.mvc.method.annotation.RequestMappingHandlerAdapter.handleInternal(RequestMappingHandlerAdapter.java:831) ~[spring-webmvc-6.1.13.jar:6.1.13]
	at org.springframework.web.servlet.mvc.method.AbstractHandlerMethodAdapter.handle(AbstractHandlerMethodAdapter.java:87) ~[spring-webmvc-6.1.13.jar:6.1.13]
	at org.springframework.web.servlet.DispatcherServlet.doDispatch(DispatcherServlet.java:1089) ~[spring-webmvc-6.1.13.jar:6.1.13]
	at org.springframework.web.servlet.DispatcherServlet.doService(DispatcherServlet.java:979) ~[spring-webmvc-6.1.13.jar:6.1.13]
	at org.springframework.web.servlet.FrameworkServlet.processRequest(FrameworkServlet.java:1014) ~[spring-webmvc-6.1.13.jar:6.1.13]
	at org.springframework.web.servlet.FrameworkServlet.doGet(FrameworkServlet.java:903) ~[spring-webmvc-6.1.13.jar:6.1.13]
	at jakarta.servlet.http.HttpServlet.service(HttpServlet.java:564) ~[tomcat-embed-core-10.1.30.jar:6.0]
	at org.springframework.web.servlet.FrameworkServlet.service(FrameworkServlet.java:885) ~[spring-webmvc-6.1.13.jar:6.1.13]
	at jakarta.servlet.http.HttpServlet.service(HttpServlet.java:658) ~[tomcat-embed-core-10.1.30.jar:6.0]
	at org.apache.catalina.core.ApplicationFilterChain.internalDoFilter(ApplicationFilterChain.java:195) ~[tomcat-embed-core-10.1.30.jar:10.1.30]
	at org.apache.catalina.core.ApplicationFilterChain.doFilter(ApplicationFilterChain.java:140) ~[tomcat-embed-core-10.1.30.jar:10.1.30]
	at org.apache.tomcat.websocket.server.WsFilter.doFilter(WsFilter.java:51) ~[tomcat-embed-websocket-10.1.30.jar:10.1.30]
	at org.apache.catalina.core.ApplicationFilterChain.internalDoFilter(ApplicationFilterChain.java:164) ~[tomcat-embed-core-10.1.30.jar:10.1.30]
	at org.apache.catalina.core.ApplicationFilterChain.doFilter(ApplicationFilterChain.java:140) ~[tomcat-embed-core-10.1.30.jar:10.1.30]
	at org.springframework.boot.devtools.remote.server.DispatcherFilter.doFilter(DispatcherFilter.java:72) ~[spring-boot-devtools-3.3.4.jar:3.3.4]
	at org.springframework.boot.devtools.remote.server.DispatcherFilter.doFilter(DispatcherFilter.java:60) ~[spring-boot-devtools-3.3.4.jar:3.3.4]
	at org.apache.catalina.core.ApplicationFilterChain.internalDoFilter(ApplicationFilterChain.java:164) ~[tomcat-embed-core-10.1.30.jar:10.1.30]
	at org.apache.catalina.core.ApplicationFilterChain.doFilter(ApplicationFilterChain.java:140) ~[tomcat-embed-core-10.1.30.jar:10.1.30]
	at org.springframework.web.filter.RequestContextFilter.doFilterInternal(RequestContextFilter.java:100) ~[spring-web-6.1.13.jar:6.1.13]
	at org.springframework.web.filter.OncePerRequestFilter.doFilter(OncePerRequestFilter.java:116) ~[spring-web-6.1.13.jar:6.1.13]
	at org.apache.catalina.core.ApplicationFilterChain.internalDoFilter(ApplicationFilterChain.java:164) ~[tomcat-embed-core-10.1.30.jar:10.1.30]
	at org.apache.catalina.core.ApplicationFilterChain.doFilter(ApplicationFilterChain.java:140) ~[tomcat-embed-core-10.1.30.jar:10.1.30]
	at org.springframework.web.filter.FormContentFilter.doFilterInternal(FormContentFilter.java:93) ~[spring-web-6.1.13.jar:6.1.13]
	at org.springframework.web.filter.OncePerRequestFilter.doFilter(OncePerRequestFilter.java:116) ~[spring-web-6.1.13.jar:6.1.13]
	at org.apache.catalina.core.ApplicationFilterChain.internalDoFilter(ApplicationFilterChain.java:164) ~[tomcat-embed-core-10.1.30.jar:10.1.30]
	at org.apache.catalina.core.ApplicationFilterChain.doFilter(ApplicationFilterChain.java:140) ~[tomcat-embed-core-10.1.30.jar:10.1.30]
	at org.springframework.web.filter.CharacterEncodingFilter.doFilterInternal(CharacterEncodingFilter.java:201) ~[spring-web-6.1.13.jar:6.1.13]
	at org.springframework.web.filter.OncePerRequestFilter.doFilter(OncePerRequestFilter.java:116) ~[spring-web-6.1.13.jar:6.1.13]
	at org.apache.catalina.core.ApplicationFilterChain.internalDoFilter(ApplicationFilterChain.java:164) ~[tomcat-embed-core-10.1.30.jar:10.1.30]
	at org.apache.catalina.core.ApplicationFilterChain.doFilter(ApplicationFilterChain.java:140) ~[tomcat-embed-core-10.1.30.jar:10.1.30]
	at org.apache.catalina.core.StandardWrapperValve.invoke(StandardWrapperValve.java:167) ~[tomcat-embed-core-10.1.30.jar:10.1.30]
	at org.apache.catalina.core.StandardContextValve.invoke(StandardContextValve.java:90) ~[tomcat-embed-core-10.1.30.jar:10.1.30]
	at org.apache.catalina.authenticator.AuthenticatorBase.invoke(AuthenticatorBase.java:483) ~[tomcat-embed-core-10.1.30.jar:10.1.30]
	at org.apache.catalina.core.StandardHostValve.invoke(StandardHostValve.java:115) ~[tomcat-embed-core-10.1.30.jar:10.1.30]
	at org.apache.catalina.valves.ErrorReportValve.invoke(ErrorReportValve.java:93) ~[tomcat-embed-core-10.1.30.jar:10.1.30]
	at org.apache.catalina.core.StandardEngineValve.invoke(StandardEngineValve.java:74) ~[tomcat-embed-core-10.1.30.jar:10.1.30]
	at org.apache.catalina.connector.CoyoteAdapter.service(CoyoteAdapter.java:344) ~[tomcat-embed-core-10.1.30.jar:10.1.30]
	at org.apache.coyote.http11.Http11Processor.service(Http11Processor.java:384) ~[tomcat-embed-core-10.1.30.jar:10.1.30]
	at org.apache.coyote.AbstractProcessorLight.process(AbstractProcessorLight.java:63) ~[tomcat-embed-core-10.1.30.jar:10.1.30]
	at org.apache.coyote.AbstractProtocol$ConnectionHandler.process(AbstractProtocol.java:905) ~[tomcat-embed-core-10.1.30.jar:10.1.30]
	at org.apache.tomcat.util.net.NioEndpoint$SocketProcessor.doRun(NioEndpoint.java:1741) ~[tomcat-embed-core-10.1.30.jar:10.1.30]
	at org.apache.tomcat.util.net.SocketProcessorBase.run(SocketProcessorBase.java:52) ~[tomcat-embed-core-10.1.30.jar:10.1.30]
	at org.apache.tomcat.util.threads.ThreadPoolExecutor.runWorker(ThreadPoolExecutor.java:1190) ~[tomcat-embed-core-10.1.30.jar:10.1.30]
	at org.apache.tomcat.util.threads.ThreadPoolExecutor$Worker.run(ThreadPoolExecutor.java:659) ~[tomcat-embed-core-10.1.30.jar:10.1.30]
	at org.apache.tomcat.util.threads.TaskThread$WrappingRunnable.run(TaskThread.java:63) ~[tomcat-embed-core-10.1.30.jar:10.1.30]
	at java.base/java.lang.Thread.run(Thread.java:1570) ~[na:na]

2025-03-09T17:32:01.459+08:00  INFO 556 --- [CommentAnalysis] [SpringApplicationShutdownHook] o.neo4j.driver.internal.InternalDriver   : Closing driver instance 349059625
2025-03-09T17:32:01.688+08:00  INFO 556 --- [CommentAnalysis] [SpringApplicationShutdownHook] com.zaxxer.hikari.HikariDataSource       : HikariPool-1 - Shutdown initiated...
2025-03-09T17:32:01.699+08:00  INFO 556 --- [CommentAnalysis] [SpringApplicationShutdownHook] com.zaxxer.hikari.HikariDataSource       : HikariPool-1 - Shutdown completed.
2025-03-09T17:32:08.789+08:00  INFO 17236 --- [CommentAnalysis] [restartedMain] c.b.c.CommentAnalysisApplication         : Starting CommentAnalysisApplication using Java 22.0.1 with PID 17236 (E:\Comment Analysis Git\User-fine-grained-sentiment-analysis-and-visualization-system\BackEnd\CommentAnalysis\target\classes started by thunder lee in E:\Comment Analysis Git\User-fine-grained-sentiment-analysis-and-visualization-system\BackEnd)
2025-03-09T17:32:08.792+08:00  INFO 17236 --- [CommentAnalysis] [restartedMain] c.b.c.CommentAnalysisApplication         : No active profile set, falling back to 1 default profile: "default"
2025-03-09T17:32:08.901+08:00  INFO 17236 --- [CommentAnalysis] [restartedMain] o.s.b.devtools.restart.ChangeableUrls    : The Class-Path manifest attribute in E:\apache-maven-3.9.8-bin\maven-repository\com\oracle\database\jdbc\ojdbc11\21.9.0.0\ojdbc11-21.9.0.0.jar referenced one or more files that do not exist: file:/E:/apache-maven-3.9.8-bin/maven-repository/com/oracle/database/jdbc/ojdbc11/21.9.0.0/oraclepki.jar
2025-03-09T17:32:08.901+08:00  INFO 17236 --- [CommentAnalysis] [restartedMain] .e.DevToolsPropertyDefaultsPostProcessor : Devtools property defaults active! Set 'spring.devtools.add-properties' to 'false' to disable
2025-03-09T17:32:08.902+08:00  INFO 17236 --- [CommentAnalysis] [restartedMain] .e.DevToolsPropertyDefaultsPostProcessor : For additional web related logging consider setting the 'logging.level.web' property to 'DEBUG'
2025-03-09T17:32:09.763+08:00  INFO 17236 --- [CommentAnalysis] [restartedMain] .s.d.r.c.RepositoryConfigurationDelegate : Multiple Spring Data modules found, entering strict repository configuration mode
2025-03-09T17:32:09.764+08:00  INFO 17236 --- [CommentAnalysis] [restartedMain] .s.d.r.c.RepositoryConfigurationDelegate : Bootstrapping Spring Data Neo4j repositories in DEFAULT mode.
2025-03-09T17:32:09.901+08:00  INFO 17236 --- [CommentAnalysis] [restartedMain] .s.d.r.c.RepositoryConfigurationDelegate : Finished Spring Data repository scanning in 131 ms. Found 1 Neo4j repository interface.
2025-03-09T17:32:10.213+08:00  INFO 17236 --- [CommentAnalysis] [restartedMain] .s.d.r.c.RepositoryConfigurationDelegate : Multiple Spring Data modules found, entering strict repository configuration mode
2025-03-09T17:32:10.213+08:00  INFO 17236 --- [CommentAnalysis] [restartedMain] .s.d.r.c.RepositoryConfigurationDelegate : Bootstrapping Spring Data Neo4j repositories in DEFAULT mode.
2025-03-09T17:32:10.250+08:00  INFO 17236 --- [CommentAnalysis] [restartedMain] .s.d.r.c.RepositoryConfigurationDelegate : Finished Spring Data repository scanning in 35 ms. Found 0 Neo4j repository interfaces.
2025-03-09T17:32:10.269+08:00  INFO 17236 --- [CommentAnalysis] [restartedMain] .s.d.r.c.RepositoryConfigurationDelegate : Multiple Spring Data modules found, entering strict repository configuration mode
2025-03-09T17:32:10.270+08:00  INFO 17236 --- [CommentAnalysis] [restartedMain] .s.d.r.c.RepositoryConfigurationDelegate : Bootstrapping Spring Data Redis repositories in DEFAULT mode.
2025-03-09T17:32:10.307+08:00  INFO 17236 --- [CommentAnalysis] [restartedMain] .RepositoryConfigurationExtensionSupport : Spring Data Redis - Could not safely identify store assignment for repository candidate interface com.backend.commentanalysis.repository.ProductRepository; If you want this repository to be a Redis repository, consider annotating your entities with one of these annotations: org.springframework.data.redis.core.RedisHash (preferred), or consider extending one of the following types with your repository: org.springframework.data.keyvalue.repository.KeyValueRepository
2025-03-09T17:32:10.307+08:00  INFO 17236 --- [CommentAnalysis] [restartedMain] .s.d.r.c.RepositoryConfigurationDelegate : Finished Spring Data repository scanning in 26 ms. Found 0 Redis repository interfaces.
2025-03-09T17:32:11.392+08:00  INFO 17236 --- [CommentAnalysis] [restartedMain] o.s.b.w.embedded.tomcat.TomcatWebServer  : Tomcat initialized with port 8081 (http)
2025-03-09T17:32:11.413+08:00  INFO 17236 --- [CommentAnalysis] [restartedMain] o.apache.catalina.core.StandardService   : Starting service [Tomcat]
2025-03-09T17:32:11.414+08:00  INFO 17236 --- [CommentAnalysis] [restartedMain] o.apache.catalina.core.StandardEngine    : Starting Servlet engine: [Apache Tomcat/10.1.30]
2025-03-09T17:32:11.480+08:00  INFO 17236 --- [CommentAnalysis] [restartedMain] o.a.c.c.C.[Tomcat].[localhost].[/]       : Initializing Spring embedded WebApplicationContext
2025-03-09T17:32:11.480+08:00  INFO 17236 --- [CommentAnalysis] [restartedMain] w.s.c.ServletWebServerApplicationContext : Root WebApplicationContext: initialization completed in 2578 ms
2025-03-09T17:32:11.511+08:00  WARN 17236 --- [CommentAnalysis] [restartedMain] .s.b.d.a.RemoteDevToolsAutoConfiguration : Listening for remote restart updates on /.~~spring-boot!~/restart
2025-03-09T17:32:12.308+08:00  INFO 17236 --- [CommentAnalysis] [restartedMain] o.neo4j.driver.internal.DriverFactory    : Direct driver instance 1308650324 created for server address localhost:7687
2025-03-09T17:32:12.428+08:00  WARN 17236 --- [CommentAnalysis] [restartedMain] o.s.d.n.c.mapping.Neo4jPersistentEntity  : The entity com.backend.commentanalysis.entity.neo4j.OpinionNeo4j is using a Long value for storing internally generated Neo4j ids. The Neo4j internal Long Ids are deprecated, please consider using an external ID generator.
2025-03-09T17:32:12.480+08:00  INFO 17236 --- [CommentAnalysis] [restartedMain] o.s.b.d.a.OptionalLiveReloadServer       : LiveReload server is running on port 35729
2025-03-09T17:32:12.484+08:00  WARN 17236 --- [CommentAnalysis] [restartedMain] o.s.d.n.c.mapping.Neo4jPersistentEntity  : The entity com.backend.commentanalysis.entity.neo4j.AspectNeo4j is using a Long value for storing internally generated Neo4j ids. The Neo4j internal Long Ids are deprecated, please consider using an external ID generator.
2025-03-09T17:32:12.489+08:00  WARN 17236 --- [CommentAnalysis] [restartedMain] o.s.d.n.c.mapping.Neo4jPersistentEntity  : The entity com.backend.commentanalysis.entity.relation.HasOpinion is using a Long value for storing internally generated Neo4j ids. The Neo4j internal Long Ids are deprecated, please consider using an external ID generator.
2025-03-09T17:32:12.491+08:00  WARN 17236 --- [CommentAnalysis] [restartedMain] o.s.d.n.c.mapping.Neo4jPersistentEntity  : The entity com.backend.commentanalysis.entity.relation.HasAspect is using a Long value for storing internally generated Neo4j ids. The Neo4j internal Long Ids are deprecated, please consider using an external ID generator.
2025-03-09T17:32:13.511+08:00  INFO 17236 --- [CommentAnalysis] [restartedMain] o.s.b.w.embedded.tomcat.TomcatWebServer  : Tomcat started on port 8081 (http) with context path '/'
2025-03-09T17:32:13.521+08:00  INFO 17236 --- [CommentAnalysis] [restartedMain] c.b.c.CommentAnalysisApplication         : Started CommentAnalysisApplication in 5.447 seconds (process running for 6.533)
2025-03-09T17:32:27.215+08:00  INFO 17236 --- [CommentAnalysis] [http-nio-8081-exec-1] o.a.c.c.C.[Tomcat].[localhost].[/]       : Initializing Spring DispatcherServlet 'dispatcherServlet'
2025-03-09T17:32:27.215+08:00  INFO 17236 --- [CommentAnalysis] [http-nio-8081-exec-1] o.s.web.servlet.DispatcherServlet        : Initializing Servlet 'dispatcherServlet'
2025-03-09T17:32:27.217+08:00  INFO 17236 --- [CommentAnalysis] [http-nio-8081-exec-1] o.s.web.servlet.DispatcherServlet        : Completed initialization in 2 ms
2025-03-09T17:32:27.737+08:00  INFO 17236 --- [CommentAnalysis] [http-nio-8081-exec-1] com.zaxxer.hikari.HikariDataSource       : HikariPool-1 - Starting...
2025-03-09T17:32:28.025+08:00  INFO 17236 --- [CommentAnalysis] [http-nio-8081-exec-1] com.zaxxer.hikari.pool.HikariPool        : HikariPool-1 - Added connection com.mysql.cj.jdbc.ConnectionImpl@6e5715ab
2025-03-09T17:32:28.027+08:00  INFO 17236 --- [CommentAnalysis] [http-nio-8081-exec-1] com.zaxxer.hikari.HikariDataSource       : HikariPool-1 - Start completed.
2025-03-09T17:32:43.932+08:00 ERROR 17236 --- [CommentAnalysis] [http-nio-8081-exec-2] o.a.c.c.C.[.[.[/].[dispatcherServlet]    : Servlet.service() for servlet [dispatcherServlet] in context with path [] threw exception [Request processing failed: java.lang.ClassCastException: class com.backend.commentanalysis.entity.dto.ProductInfoDTO cannot be cast to class com.backend.commentanalysis.entity.dto.ProductInfoDTO (com.backend.commentanalysis.entity.dto.ProductInfoDTO is in unnamed module of loader 'app'; com.backend.commentanalysis.entity.dto.ProductInfoDTO is in unnamed module of loader org.springframework.boot.devtools.restart.classloader.RestartClassLoader @5b2e7bc1)] with root cause

java.lang.ClassCastException: class com.backend.commentanalysis.entity.dto.ProductInfoDTO cannot be cast to class com.backend.commentanalysis.entity.dto.ProductInfoDTO (com.backend.commentanalysis.entity.dto.ProductInfoDTO is in unnamed module of loader 'app'; com.backend.commentanalysis.entity.dto.ProductInfoDTO is in unnamed module of loader org.springframework.boot.devtools.restart.classloader.RestartClassLoader @5b2e7bc1)
	at com.backend.commentanalysis.service.implement.ProductServiceImpl$$SpringCGLIB$$0.getProductInfoByPid(<generated>) ~[classes/:na]
	at com.backend.commentanalysis.controller.ProductController.getProductInfoByPid(ProductController.java:44) ~[classes/:na]
	at java.base/jdk.internal.reflect.DirectMethodHandleAccessor.invoke(DirectMethodHandleAccessor.java:103) ~[na:na]
	at java.base/java.lang.reflect.Method.invoke(Method.java:580) ~[na:na]
	at org.springframework.aop.support.AopUtils.invokeJoinpointUsingReflection(AopUtils.java:355) ~[spring-aop-6.1.13.jar:6.1.13]
	at org.springframework.aop.framework.ReflectiveMethodInvocation.invokeJoinpoint(ReflectiveMethodInvocation.java:196) ~[spring-aop-6.1.13.jar:6.1.13]
	at org.springframework.aop.framework.ReflectiveMethodInvocation.proceed(ReflectiveMethodInvocation.java:163) ~[spring-aop-6.1.13.jar:6.1.13]
	at org.springframework.aop.framework.CglibAopProxy$CglibMethodInvocation.proceed(CglibAopProxy.java:768) ~[spring-aop-6.1.13.jar:6.1.13]
	at org.springframework.validation.beanvalidation.MethodValidationInterceptor.invoke(MethodValidationInterceptor.java:174) ~[spring-context-6.1.13.jar:6.1.13]
	at org.springframework.aop.framework.ReflectiveMethodInvocation.proceed(ReflectiveMethodInvocation.java:184) ~[spring-aop-6.1.13.jar:6.1.13]
	at org.springframework.aop.framework.CglibAopProxy$CglibMethodInvocation.proceed(CglibAopProxy.java:768) ~[spring-aop-6.1.13.jar:6.1.13]
	at org.springframework.aop.framework.CglibAopProxy$DynamicAdvisedInterceptor.intercept(CglibAopProxy.java:720) ~[spring-aop-6.1.13.jar:6.1.13]
	at com.backend.commentanalysis.controller.ProductController$$SpringCGLIB$$0.getProductInfoByPid(<generated>) ~[classes/:na]
	at java.base/jdk.internal.reflect.DirectMethodHandleAccessor.invoke(DirectMethodHandleAccessor.java:103) ~[na:na]
	at java.base/java.lang.reflect.Method.invoke(Method.java:580) ~[na:na]
	at org.springframework.web.method.support.InvocableHandlerMethod.doInvoke(InvocableHandlerMethod.java:255) ~[spring-web-6.1.13.jar:6.1.13]
	at org.springframework.web.method.support.InvocableHandlerMethod.invokeForRequest(InvocableHandlerMethod.java:188) ~[spring-web-6.1.13.jar:6.1.13]
	at org.springframework.web.servlet.mvc.method.annotation.ServletInvocableHandlerMethod.invokeAndHandle(ServletInvocableHandlerMethod.java:118) ~[spring-webmvc-6.1.13.jar:6.1.13]
	at org.springframework.web.servlet.mvc.method.annotation.RequestMappingHandlerAdapter.invokeHandlerMethod(RequestMappingHandlerAdapter.java:926) ~[spring-webmvc-6.1.13.jar:6.1.13]
	at org.springframework.web.servlet.mvc.method.annotation.RequestMappingHandlerAdapter.handleInternal(RequestMappingHandlerAdapter.java:831) ~[spring-webmvc-6.1.13.jar:6.1.13]
	at org.springframework.web.servlet.mvc.method.AbstractHandlerMethodAdapter.handle(AbstractHandlerMethodAdapter.java:87) ~[spring-webmvc-6.1.13.jar:6.1.13]
	at org.springframework.web.servlet.DispatcherServlet.doDispatch(DispatcherServlet.java:1089) ~[spring-webmvc-6.1.13.jar:6.1.13]
	at org.springframework.web.servlet.DispatcherServlet.doService(DispatcherServlet.java:979) ~[spring-webmvc-6.1.13.jar:6.1.13]
	at org.springframework.web.servlet.FrameworkServlet.processRequest(FrameworkServlet.java:1014) ~[spring-webmvc-6.1.13.jar:6.1.13]
	at org.springframework.web.servlet.FrameworkServlet.doGet(FrameworkServlet.java:903) ~[spring-webmvc-6.1.13.jar:6.1.13]
	at jakarta.servlet.http.HttpServlet.service(HttpServlet.java:564) ~[tomcat-embed-core-10.1.30.jar:6.0]
	at org.springframework.web.servlet.FrameworkServlet.service(FrameworkServlet.java:885) ~[spring-webmvc-6.1.13.jar:6.1.13]
	at jakarta.servlet.http.HttpServlet.service(HttpServlet.java:658) ~[tomcat-embed-core-10.1.30.jar:6.0]
	at org.apache.catalina.core.ApplicationFilterChain.internalDoFilter(ApplicationFilterChain.java:195) ~[tomcat-embed-core-10.1.30.jar:10.1.30]
	at org.apache.catalina.core.ApplicationFilterChain.doFilter(ApplicationFilterChain.java:140) ~[tomcat-embed-core-10.1.30.jar:10.1.30]
	at org.apache.tomcat.websocket.server.WsFilter.doFilter(WsFilter.java:51) ~[tomcat-embed-websocket-10.1.30.jar:10.1.30]
	at org.apache.catalina.core.ApplicationFilterChain.internalDoFilter(ApplicationFilterChain.java:164) ~[tomcat-embed-core-10.1.30.jar:10.1.30]
	at org.apache.catalina.core.ApplicationFilterChain.doFilter(ApplicationFilterChain.java:140) ~[tomcat-embed-core-10.1.30.jar:10.1.30]
	at org.springframework.boot.devtools.remote.server.DispatcherFilter.doFilter(DispatcherFilter.java:72) ~[spring-boot-devtools-3.3.4.jar:3.3.4]
	at org.springframework.boot.devtools.remote.server.DispatcherFilter.doFilter(DispatcherFilter.java:60) ~[spring-boot-devtools-3.3.4.jar:3.3.4]
	at org.apache.catalina.core.ApplicationFilterChain.internalDoFilter(ApplicationFilterChain.java:164) ~[tomcat-embed-core-10.1.30.jar:10.1.30]
	at org.apache.catalina.core.ApplicationFilterChain.doFilter(ApplicationFilterChain.java:140) ~[tomcat-embed-core-10.1.30.jar:10.1.30]
	at org.springframework.web.filter.RequestContextFilter.doFilterInternal(RequestContextFilter.java:100) ~[spring-web-6.1.13.jar:6.1.13]
	at org.springframework.web.filter.OncePerRequestFilter.doFilter(OncePerRequestFilter.java:116) ~[spring-web-6.1.13.jar:6.1.13]
	at org.apache.catalina.core.ApplicationFilterChain.internalDoFilter(ApplicationFilterChain.java:164) ~[tomcat-embed-core-10.1.30.jar:10.1.30]
	at org.apache.catalina.core.ApplicationFilterChain.doFilter(ApplicationFilterChain.java:140) ~[tomcat-embed-core-10.1.30.jar:10.1.30]
	at org.springframework.web.filter.FormContentFilter.doFilterInternal(FormContentFilter.java:93) ~[spring-web-6.1.13.jar:6.1.13]
	at org.springframework.web.filter.OncePerRequestFilter.doFilter(OncePerRequestFilter.java:116) ~[spring-web-6.1.13.jar:6.1.13]
	at org.apache.catalina.core.ApplicationFilterChain.internalDoFilter(ApplicationFilterChain.java:164) ~[tomcat-embed-core-10.1.30.jar:10.1.30]
	at org.apache.catalina.core.ApplicationFilterChain.doFilter(ApplicationFilterChain.java:140) ~[tomcat-embed-core-10.1.30.jar:10.1.30]
	at org.springframework.web.filter.CharacterEncodingFilter.doFilterInternal(CharacterEncodingFilter.java:201) ~[spring-web-6.1.13.jar:6.1.13]
	at org.springframework.web.filter.OncePerRequestFilter.doFilter(OncePerRequestFilter.java:116) ~[spring-web-6.1.13.jar:6.1.13]
	at org.apache.catalina.core.ApplicationFilterChain.internalDoFilter(ApplicationFilterChain.java:164) ~[tomcat-embed-core-10.1.30.jar:10.1.30]
	at org.apache.catalina.core.ApplicationFilterChain.doFilter(ApplicationFilterChain.java:140) ~[tomcat-embed-core-10.1.30.jar:10.1.30]
	at org.apache.catalina.core.StandardWrapperValve.invoke(StandardWrapperValve.java:167) ~[tomcat-embed-core-10.1.30.jar:10.1.30]
	at org.apache.catalina.core.StandardContextValve.invoke(StandardContextValve.java:90) ~[tomcat-embed-core-10.1.30.jar:10.1.30]
	at org.apache.catalina.authenticator.AuthenticatorBase.invoke(AuthenticatorBase.java:483) ~[tomcat-embed-core-10.1.30.jar:10.1.30]
	at org.apache.catalina.core.StandardHostValve.invoke(StandardHostValve.java:115) ~[tomcat-embed-core-10.1.30.jar:10.1.30]
	at org.apache.catalina.valves.ErrorReportValve.invoke(ErrorReportValve.java:93) ~[tomcat-embed-core-10.1.30.jar:10.1.30]
	at org.apache.catalina.core.StandardEngineValve.invoke(StandardEngineValve.java:74) ~[tomcat-embed-core-10.1.30.jar:10.1.30]
	at org.apache.catalina.connector.CoyoteAdapter.service(CoyoteAdapter.java:344) ~[tomcat-embed-core-10.1.30.jar:10.1.30]
	at org.apache.coyote.http11.Http11Processor.service(Http11Processor.java:384) ~[tomcat-embed-core-10.1.30.jar:10.1.30]
	at org.apache.coyote.AbstractProcessorLight.process(AbstractProcessorLight.java:63) ~[tomcat-embed-core-10.1.30.jar:10.1.30]
	at org.apache.coyote.AbstractProtocol$ConnectionHandler.process(AbstractProtocol.java:905) ~[tomcat-embed-core-10.1.30.jar:10.1.30]
	at org.apache.tomcat.util.net.NioEndpoint$SocketProcessor.doRun(NioEndpoint.java:1741) ~[tomcat-embed-core-10.1.30.jar:10.1.30]
	at org.apache.tomcat.util.net.SocketProcessorBase.run(SocketProcessorBase.java:52) ~[tomcat-embed-core-10.1.30.jar:10.1.30]
	at org.apache.tomcat.util.threads.ThreadPoolExecutor.runWorker(ThreadPoolExecutor.java:1190) ~[tomcat-embed-core-10.1.30.jar:10.1.30]
	at org.apache.tomcat.util.threads.ThreadPoolExecutor$Worker.run(ThreadPoolExecutor.java:659) ~[tomcat-embed-core-10.1.30.jar:10.1.30]
	at org.apache.tomcat.util.threads.TaskThread$WrappingRunnable.run(TaskThread.java:63) ~[tomcat-embed-core-10.1.30.jar:10.1.30]
	at java.base/java.lang.Thread.run(Thread.java:1570) ~[na:na]

2025-03-09T17:33:26.707+08:00  INFO 17236 --- [CommentAnalysis] [SpringApplicationShutdownHook] o.neo4j.driver.internal.InternalDriver   : Closing driver instance 1308650324
2025-03-09T17:33:26.932+08:00  INFO 17236 --- [CommentAnalysis] [SpringApplicationShutdownHook] com.zaxxer.hikari.HikariDataSource       : HikariPool-1 - Shutdown initiated...
2025-03-09T17:33:26.941+08:00  INFO 17236 --- [CommentAnalysis] [SpringApplicationShutdownHook] com.zaxxer.hikari.HikariDataSource       : HikariPool-1 - Shutdown completed.
2025-03-09T17:33:31.859+08:00  INFO 40216 --- [CommentAnalysis] [restartedMain] c.b.c.CommentAnalysisApplication         : Starting CommentAnalysisApplication using Java 22.0.1 with PID 40216 (E:\Comment Analysis Git\User-fine-grained-sentiment-analysis-and-visualization-system\BackEnd\CommentAnalysis\target\classes started by thunder lee in E:\Comment Analysis Git\User-fine-grained-sentiment-analysis-and-visualization-system\BackEnd)
2025-03-09T17:33:31.861+08:00  INFO 40216 --- [CommentAnalysis] [restartedMain] c.b.c.CommentAnalysisApplication         : No active profile set, falling back to 1 default profile: "default"
2025-03-09T17:33:31.935+08:00  INFO 40216 --- [CommentAnalysis] [restartedMain] o.s.b.devtools.restart.ChangeableUrls    : The Class-Path manifest attribute in E:\apache-maven-3.9.8-bin\maven-repository\com\oracle\database\jdbc\ojdbc11\21.9.0.0\ojdbc11-21.9.0.0.jar referenced one or more files that do not exist: file:/E:/apache-maven-3.9.8-bin/maven-repository/com/oracle/database/jdbc/ojdbc11/21.9.0.0/oraclepki.jar
2025-03-09T17:33:31.936+08:00  INFO 40216 --- [CommentAnalysis] [restartedMain] .e.DevToolsPropertyDefaultsPostProcessor : Devtools property defaults active! Set 'spring.devtools.add-properties' to 'false' to disable
2025-03-09T17:33:31.936+08:00  INFO 40216 --- [CommentAnalysis] [restartedMain] .e.DevToolsPropertyDefaultsPostProcessor : For additional web related logging consider setting the 'logging.level.web' property to 'DEBUG'
2025-03-09T17:33:32.546+08:00  INFO 40216 --- [CommentAnalysis] [restartedMain] .s.d.r.c.RepositoryConfigurationDelegate : Multiple Spring Data modules found, entering strict repository configuration mode
2025-03-09T17:33:32.548+08:00  INFO 40216 --- [CommentAnalysis] [restartedMain] .s.d.r.c.RepositoryConfigurationDelegate : Bootstrapping Spring Data Neo4j repositories in DEFAULT mode.
2025-03-09T17:33:32.646+08:00  INFO 40216 --- [CommentAnalysis] [restartedMain] .s.d.r.c.RepositoryConfigurationDelegate : Finished Spring Data repository scanning in 95 ms. Found 1 Neo4j repository interface.
2025-03-09T17:33:32.873+08:00  INFO 40216 --- [CommentAnalysis] [restartedMain] .s.d.r.c.RepositoryConfigurationDelegate : Multiple Spring Data modules found, entering strict repository configuration mode
2025-03-09T17:33:32.873+08:00  INFO 40216 --- [CommentAnalysis] [restartedMain] .s.d.r.c.RepositoryConfigurationDelegate : Bootstrapping Spring Data Neo4j repositories in DEFAULT mode.
2025-03-09T17:33:32.894+08:00  INFO 40216 --- [CommentAnalysis] [restartedMain] .s.d.r.c.RepositoryConfigurationDelegate : Finished Spring Data repository scanning in 20 ms. Found 0 Neo4j repository interfaces.
2025-03-09T17:33:32.904+08:00  INFO 40216 --- [CommentAnalysis] [restartedMain] .s.d.r.c.RepositoryConfigurationDelegate : Multiple Spring Data modules found, entering strict repository configuration mode
2025-03-09T17:33:32.906+08:00  INFO 40216 --- [CommentAnalysis] [restartedMain] .s.d.r.c.RepositoryConfigurationDelegate : Bootstrapping Spring Data Redis repositories in DEFAULT mode.
2025-03-09T17:33:32.923+08:00  INFO 40216 --- [CommentAnalysis] [restartedMain] .RepositoryConfigurationExtensionSupport : Spring Data Redis - Could not safely identify store assignment for repository candidate interface com.backend.commentanalysis.repository.ProductRepository; If you want this repository to be a Redis repository, consider annotating your entities with one of these annotations: org.springframework.data.redis.core.RedisHash (preferred), or consider extending one of the following types with your repository: org.springframework.data.keyvalue.repository.KeyValueRepository
2025-03-09T17:33:32.924+08:00  INFO 40216 --- [CommentAnalysis] [restartedMain] .s.d.r.c.RepositoryConfigurationDelegate : Finished Spring Data repository scanning in 11 ms. Found 0 Redis repository interfaces.
2025-03-09T17:33:33.643+08:00  INFO 40216 --- [CommentAnalysis] [restartedMain] o.s.b.w.embedded.tomcat.TomcatWebServer  : Tomcat initialized with port 8081 (http)
2025-03-09T17:33:33.659+08:00  INFO 40216 --- [CommentAnalysis] [restartedMain] o.apache.catalina.core.StandardService   : Starting service [Tomcat]
2025-03-09T17:33:33.660+08:00  INFO 40216 --- [CommentAnalysis] [restartedMain] o.apache.catalina.core.StandardEngine    : Starting Servlet engine: [Apache Tomcat/10.1.30]
2025-03-09T17:33:33.713+08:00  INFO 40216 --- [CommentAnalysis] [restartedMain] o.a.c.c.C.[Tomcat].[localhost].[/]       : Initializing Spring embedded WebApplicationContext
2025-03-09T17:33:33.713+08:00  INFO 40216 --- [CommentAnalysis] [restartedMain] w.s.c.ServletWebServerApplicationContext : Root WebApplicationContext: initialization completed in 1776 ms
2025-03-09T17:33:33.734+08:00  WARN 40216 --- [CommentAnalysis] [restartedMain] .s.b.d.a.RemoteDevToolsAutoConfiguration : Listening for remote restart updates on /.~~spring-boot!~/restart
2025-03-09T17:33:34.378+08:00  INFO 40216 --- [CommentAnalysis] [restartedMain] o.neo4j.driver.internal.DriverFactory    : Direct driver instance 1323351015 created for server address localhost:7687
2025-03-09T17:33:34.465+08:00  WARN 40216 --- [CommentAnalysis] [restartedMain] o.s.d.n.c.mapping.Neo4jPersistentEntity  : The entity com.backend.commentanalysis.entity.neo4j.OpinionNeo4j is using a Long value for storing internally generated Neo4j ids. The Neo4j internal Long Ids are deprecated, please consider using an external ID generator.
2025-03-09T17:33:34.508+08:00  INFO 40216 --- [CommentAnalysis] [restartedMain] o.s.b.d.a.OptionalLiveReloadServer       : LiveReload server is running on port 35729
2025-03-09T17:33:34.511+08:00  WARN 40216 --- [CommentAnalysis] [restartedMain] o.s.d.n.c.mapping.Neo4jPersistentEntity  : The entity com.backend.commentanalysis.entity.relation.HasOpinion is using a Long value for storing internally generated Neo4j ids. The Neo4j internal Long Ids are deprecated, please consider using an external ID generator.
2025-03-09T17:33:34.515+08:00  WARN 40216 --- [CommentAnalysis] [restartedMain] o.s.d.n.c.mapping.Neo4jPersistentEntity  : The entity com.backend.commentanalysis.entity.neo4j.AspectNeo4j is using a Long value for storing internally generated Neo4j ids. The Neo4j internal Long Ids are deprecated, please consider using an external ID generator.
2025-03-09T17:33:34.519+08:00  WARN 40216 --- [CommentAnalysis] [restartedMain] o.s.d.n.c.mapping.Neo4jPersistentEntity  : The entity com.backend.commentanalysis.entity.relation.HasAspect is using a Long value for storing internally generated Neo4j ids. The Neo4j internal Long Ids are deprecated, please consider using an external ID generator.
2025-03-09T17:33:35.275+08:00  INFO 40216 --- [CommentAnalysis] [restartedMain] o.s.b.w.embedded.tomcat.TomcatWebServer  : Tomcat started on port 8081 (http) with context path '/'
2025-03-09T17:33:35.281+08:00  INFO 40216 --- [CommentAnalysis] [restartedMain] c.b.c.CommentAnalysisApplication         : Started CommentAnalysisApplication in 3.921 seconds (process running for 4.74)
2025-03-09T17:33:39.023+08:00  INFO 40216 --- [CommentAnalysis] [http-nio-8081-exec-1] o.a.c.c.C.[Tomcat].[localhost].[/]       : Initializing Spring DispatcherServlet 'dispatcherServlet'
2025-03-09T17:33:39.023+08:00  INFO 40216 --- [CommentAnalysis] [http-nio-8081-exec-1] o.s.web.servlet.DispatcherServlet        : Initializing Servlet 'dispatcherServlet'
2025-03-09T17:33:39.024+08:00  INFO 40216 --- [CommentAnalysis] [http-nio-8081-exec-1] o.s.web.servlet.DispatcherServlet        : Completed initialization in 1 ms
2025-03-09T17:33:39.489+08:00  INFO 40216 --- [CommentAnalysis] [http-nio-8081-exec-1] com.zaxxer.hikari.HikariDataSource       : HikariPool-1 - Starting...
2025-03-09T17:33:39.810+08:00  INFO 40216 --- [CommentAnalysis] [http-nio-8081-exec-1] com.zaxxer.hikari.pool.HikariPool        : HikariPool-1 - Added connection com.mysql.cj.jdbc.ConnectionImpl@4a6e55d2
2025-03-09T17:33:39.812+08:00  INFO 40216 --- [CommentAnalysis] [http-nio-8081-exec-1] com.zaxxer.hikari.HikariDataSource       : HikariPool-1 - Start completed.
2025-03-09T17:38:03.951+08:00  INFO 40216 --- [CommentAnalysis] [SpringApplicationShutdownHook] o.neo4j.driver.internal.InternalDriver   : Closing driver instance 1323351015
2025-03-09T17:38:04.178+08:00  INFO 40216 --- [CommentAnalysis] [SpringApplicationShutdownHook] com.zaxxer.hikari.HikariDataSource       : HikariPool-1 - Shutdown initiated...
2025-03-09T17:38:04.192+08:00  INFO 40216 --- [CommentAnalysis] [SpringApplicationShutdownHook] com.zaxxer.hikari.HikariDataSource       : HikariPool-1 - Shutdown completed.
2025-03-09T17:38:10.094+08:00  INFO 18804 --- [CommentAnalysis] [restartedMain] c.b.c.CommentAnalysisApplication         : Starting CommentAnalysisApplication using Java 22.0.1 with PID 18804 (E:\Comment Analysis Git\User-fine-grained-sentiment-analysis-and-visualization-system\BackEnd\CommentAnalysis\target\classes started by thunder lee in E:\Comment Analysis Git\User-fine-grained-sentiment-analysis-and-visualization-system\BackEnd)
2025-03-09T17:38:10.097+08:00  INFO 18804 --- [CommentAnalysis] [restartedMain] c.b.c.CommentAnalysisApplication         : No active profile set, falling back to 1 default profile: "default"
2025-03-09T17:38:10.170+08:00  INFO 18804 --- [CommentAnalysis] [restartedMain] o.s.b.devtools.restart.ChangeableUrls    : The Class-Path manifest attribute in E:\apache-maven-3.9.8-bin\maven-repository\com\oracle\database\jdbc\ojdbc11\21.9.0.0\ojdbc11-21.9.0.0.jar referenced one or more files that do not exist: file:/E:/apache-maven-3.9.8-bin/maven-repository/com/oracle/database/jdbc/ojdbc11/21.9.0.0/oraclepki.jar
2025-03-09T17:38:10.171+08:00  INFO 18804 --- [CommentAnalysis] [restartedMain] .e.DevToolsPropertyDefaultsPostProcessor : Devtools property defaults active! Set 'spring.devtools.add-properties' to 'false' to disable
2025-03-09T17:38:10.171+08:00  INFO 18804 --- [CommentAnalysis] [restartedMain] .e.DevToolsPropertyDefaultsPostProcessor : For additional web related logging consider setting the 'logging.level.web' property to 'DEBUG'
2025-03-09T17:38:10.790+08:00  INFO 18804 --- [CommentAnalysis] [restartedMain] .s.d.r.c.RepositoryConfigurationDelegate : Multiple Spring Data modules found, entering strict repository configuration mode
2025-03-09T17:38:10.791+08:00  INFO 18804 --- [CommentAnalysis] [restartedMain] .s.d.r.c.RepositoryConfigurationDelegate : Bootstrapping Spring Data Neo4j repositories in DEFAULT mode.
2025-03-09T17:38:10.903+08:00  INFO 18804 --- [CommentAnalysis] [restartedMain] .s.d.r.c.RepositoryConfigurationDelegate : Finished Spring Data repository scanning in 107 ms. Found 1 Neo4j repository interface.
2025-03-09T17:38:11.144+08:00  INFO 18804 --- [CommentAnalysis] [restartedMain] .s.d.r.c.RepositoryConfigurationDelegate : Multiple Spring Data modules found, entering strict repository configuration mode
2025-03-09T17:38:11.145+08:00  INFO 18804 --- [CommentAnalysis] [restartedMain] .s.d.r.c.RepositoryConfigurationDelegate : Bootstrapping Spring Data Neo4j repositories in DEFAULT mode.
2025-03-09T17:38:11.167+08:00  INFO 18804 --- [CommentAnalysis] [restartedMain] .s.d.r.c.RepositoryConfigurationDelegate : Finished Spring Data repository scanning in 21 ms. Found 0 Neo4j repository interfaces.
2025-03-09T17:38:11.178+08:00  INFO 18804 --- [CommentAnalysis] [restartedMain] .s.d.r.c.RepositoryConfigurationDelegate : Multiple Spring Data modules found, entering strict repository configuration mode
2025-03-09T17:38:11.180+08:00  INFO 18804 --- [CommentAnalysis] [restartedMain] .s.d.r.c.RepositoryConfigurationDelegate : Bootstrapping Spring Data Redis repositories in DEFAULT mode.
2025-03-09T17:38:11.198+08:00  INFO 18804 --- [CommentAnalysis] [restartedMain] .RepositoryConfigurationExtensionSupport : Spring Data Redis - Could not safely identify store assignment for repository candidate interface com.backend.commentanalysis.repository.ProductRepository; If you want this repository to be a Redis repository, consider annotating your entities with one of these annotations: org.springframework.data.redis.core.RedisHash (preferred), or consider extending one of the following types with your repository: org.springframework.data.keyvalue.repository.KeyValueRepository
2025-03-09T17:38:11.198+08:00  INFO 18804 --- [CommentAnalysis] [restartedMain] .s.d.r.c.RepositoryConfigurationDelegate : Finished Spring Data repository scanning in 11 ms. Found 0 Redis repository interfaces.
2025-03-09T17:38:11.961+08:00  INFO 18804 --- [CommentAnalysis] [restartedMain] o.s.b.w.embedded.tomcat.TomcatWebServer  : Tomcat initialized with port 8081 (http)
2025-03-09T17:38:11.976+08:00  INFO 18804 --- [CommentAnalysis] [restartedMain] o.apache.catalina.core.StandardService   : Starting service [Tomcat]
2025-03-09T17:38:11.977+08:00  INFO 18804 --- [CommentAnalysis] [restartedMain] o.apache.catalina.core.StandardEngine    : Starting Servlet engine: [Apache Tomcat/10.1.30]
2025-03-09T17:38:12.025+08:00  INFO 18804 --- [CommentAnalysis] [restartedMain] o.a.c.c.C.[Tomcat].[localhost].[/]       : Initializing Spring embedded WebApplicationContext
2025-03-09T17:38:12.025+08:00  INFO 18804 --- [CommentAnalysis] [restartedMain] w.s.c.ServletWebServerApplicationContext : Root WebApplicationContext: initialization completed in 1854 ms
2025-03-09T17:38:12.044+08:00  WARN 18804 --- [CommentAnalysis] [restartedMain] .s.b.d.a.RemoteDevToolsAutoConfiguration : Listening for remote restart updates on /.~~spring-boot!~/restart
2025-03-09T17:38:12.795+08:00  INFO 18804 --- [CommentAnalysis] [restartedMain] o.neo4j.driver.internal.DriverFactory    : Direct driver instance 1924861970 created for server address localhost:7687
2025-03-09T17:38:12.931+08:00  WARN 18804 --- [CommentAnalysis] [restartedMain] o.s.d.n.c.mapping.Neo4jPersistentEntity  : The entity com.backend.commentanalysis.entity.neo4j.OpinionNeo4j is using a Long value for storing internally generated Neo4j ids. The Neo4j internal Long Ids are deprecated, please consider using an external ID generator.
2025-03-09T17:38:13.003+08:00  INFO 18804 --- [CommentAnalysis] [restartedMain] o.s.b.d.a.OptionalLiveReloadServer       : LiveReload server is running on port 35729
2025-03-09T17:38:13.008+08:00  WARN 18804 --- [CommentAnalysis] [restartedMain] o.s.d.n.c.mapping.Neo4jPersistentEntity  : The entity com.backend.commentanalysis.entity.neo4j.AspectNeo4j is using a Long value for storing internally generated Neo4j ids. The Neo4j internal Long Ids are deprecated, please consider using an external ID generator.
2025-03-09T17:38:13.009+08:00  WARN 18804 --- [CommentAnalysis] [restartedMain] o.s.d.n.c.mapping.Neo4jPersistentEntity  : The entity com.backend.commentanalysis.entity.relation.HasAspect is using a Long value for storing internally generated Neo4j ids. The Neo4j internal Long Ids are deprecated, please consider using an external ID generator.
2025-03-09T17:38:13.015+08:00  WARN 18804 --- [CommentAnalysis] [restartedMain] o.s.d.n.c.mapping.Neo4jPersistentEntity  : The entity com.backend.commentanalysis.entity.relation.HasOpinion is using a Long value for storing internally generated Neo4j ids. The Neo4j internal Long Ids are deprecated, please consider using an external ID generator.
2025-03-09T17:38:13.969+08:00  INFO 18804 --- [CommentAnalysis] [restartedMain] o.s.b.w.embedded.tomcat.TomcatWebServer  : Tomcat started on port 8081 (http) with context path '/'
2025-03-09T17:38:13.978+08:00  INFO 18804 --- [CommentAnalysis] [restartedMain] c.b.c.CommentAnalysisApplication         : Started CommentAnalysisApplication in 4.41 seconds (process running for 5.255)
2025-03-09T17:38:15.656+08:00  INFO 18804 --- [CommentAnalysis] [http-nio-8081-exec-1] o.a.c.c.C.[Tomcat].[localhost].[/]       : Initializing Spring DispatcherServlet 'dispatcherServlet'
2025-03-09T17:38:15.656+08:00  INFO 18804 --- [CommentAnalysis] [http-nio-8081-exec-1] o.s.web.servlet.DispatcherServlet        : Initializing Servlet 'dispatcherServlet'
2025-03-09T17:38:15.659+08:00  INFO 18804 --- [CommentAnalysis] [http-nio-8081-exec-1] o.s.web.servlet.DispatcherServlet        : Completed initialization in 3 ms
2025-03-09T17:38:16.108+08:00  INFO 18804 --- [CommentAnalysis] [http-nio-8081-exec-1] com.zaxxer.hikari.HikariDataSource       : HikariPool-1 - Starting...
2025-03-09T17:38:16.445+08:00  INFO 18804 --- [CommentAnalysis] [http-nio-8081-exec-1] com.zaxxer.hikari.pool.HikariPool        : HikariPool-1 - Added connection com.mysql.cj.jdbc.ConnectionImpl@53abf617
2025-03-09T17:38:16.446+08:00  INFO 18804 --- [CommentAnalysis] [http-nio-8081-exec-1] com.zaxxer.hikari.HikariDataSource       : HikariPool-1 - Start completed.
2025-03-09T17:38:23.656+08:00 ERROR 18804 --- [CommentAnalysis] [http-nio-8081-exec-4] o.a.c.c.C.[.[.[/].[dispatcherServlet]    : Servlet.service() for servlet [dispatcherServlet] in context with path [] threw exception [Request processing failed: java.lang.ClassCastException: class com.backend.commentanalysis.entity.dto.ProductInfoDTO cannot be cast to class com.backend.commentanalysis.entity.dto.ProductInfoDTO (com.backend.commentanalysis.entity.dto.ProductInfoDTO is in unnamed module of loader 'app'; com.backend.commentanalysis.entity.dto.ProductInfoDTO is in unnamed module of loader org.springframework.boot.devtools.restart.classloader.RestartClassLoader @98dad)] with root cause

java.lang.ClassCastException: class com.backend.commentanalysis.entity.dto.ProductInfoDTO cannot be cast to class com.backend.commentanalysis.entity.dto.ProductInfoDTO (com.backend.commentanalysis.entity.dto.ProductInfoDTO is in unnamed module of loader 'app'; com.backend.commentanalysis.entity.dto.ProductInfoDTO is in unnamed module of loader org.springframework.boot.devtools.restart.classloader.RestartClassLoader @98dad)
	at com.backend.commentanalysis.service.implement.ProductServiceImpl$$SpringCGLIB$$0.getProductInfoByPid(<generated>) ~[classes/:na]
	at com.backend.commentanalysis.controller.ProductController.getProductInfoByPid(ProductController.java:44) ~[classes/:na]
	at java.base/jdk.internal.reflect.DirectMethodHandleAccessor.invoke(DirectMethodHandleAccessor.java:103) ~[na:na]
	at java.base/java.lang.reflect.Method.invoke(Method.java:580) ~[na:na]
	at org.springframework.aop.support.AopUtils.invokeJoinpointUsingReflection(AopUtils.java:355) ~[spring-aop-6.1.13.jar:6.1.13]
	at org.springframework.aop.framework.ReflectiveMethodInvocation.invokeJoinpoint(ReflectiveMethodInvocation.java:196) ~[spring-aop-6.1.13.jar:6.1.13]
	at org.springframework.aop.framework.ReflectiveMethodInvocation.proceed(ReflectiveMethodInvocation.java:163) ~[spring-aop-6.1.13.jar:6.1.13]
	at org.springframework.aop.framework.CglibAopProxy$CglibMethodInvocation.proceed(CglibAopProxy.java:768) ~[spring-aop-6.1.13.jar:6.1.13]
	at org.springframework.validation.beanvalidation.MethodValidationInterceptor.invoke(MethodValidationInterceptor.java:174) ~[spring-context-6.1.13.jar:6.1.13]
	at org.springframework.aop.framework.ReflectiveMethodInvocation.proceed(ReflectiveMethodInvocation.java:184) ~[spring-aop-6.1.13.jar:6.1.13]
	at org.springframework.aop.framework.CglibAopProxy$CglibMethodInvocation.proceed(CglibAopProxy.java:768) ~[spring-aop-6.1.13.jar:6.1.13]
	at org.springframework.aop.framework.CglibAopProxy$DynamicAdvisedInterceptor.intercept(CglibAopProxy.java:720) ~[spring-aop-6.1.13.jar:6.1.13]
	at com.backend.commentanalysis.controller.ProductController$$SpringCGLIB$$0.getProductInfoByPid(<generated>) ~[classes/:na]
	at java.base/jdk.internal.reflect.DirectMethodHandleAccessor.invoke(DirectMethodHandleAccessor.java:103) ~[na:na]
	at java.base/java.lang.reflect.Method.invoke(Method.java:580) ~[na:na]
	at org.springframework.web.method.support.InvocableHandlerMethod.doInvoke(InvocableHandlerMethod.java:255) ~[spring-web-6.1.13.jar:6.1.13]
	at org.springframework.web.method.support.InvocableHandlerMethod.invokeForRequest(InvocableHandlerMethod.java:188) ~[spring-web-6.1.13.jar:6.1.13]
	at org.springframework.web.servlet.mvc.method.annotation.ServletInvocableHandlerMethod.invokeAndHandle(ServletInvocableHandlerMethod.java:118) ~[spring-webmvc-6.1.13.jar:6.1.13]
	at org.springframework.web.servlet.mvc.method.annotation.RequestMappingHandlerAdapter.invokeHandlerMethod(RequestMappingHandlerAdapter.java:926) ~[spring-webmvc-6.1.13.jar:6.1.13]
	at org.springframework.web.servlet.mvc.method.annotation.RequestMappingHandlerAdapter.handleInternal(RequestMappingHandlerAdapter.java:831) ~[spring-webmvc-6.1.13.jar:6.1.13]
	at org.springframework.web.servlet.mvc.method.AbstractHandlerMethodAdapter.handle(AbstractHandlerMethodAdapter.java:87) ~[spring-webmvc-6.1.13.jar:6.1.13]
	at org.springframework.web.servlet.DispatcherServlet.doDispatch(DispatcherServlet.java:1089) ~[spring-webmvc-6.1.13.jar:6.1.13]
	at org.springframework.web.servlet.DispatcherServlet.doService(DispatcherServlet.java:979) ~[spring-webmvc-6.1.13.jar:6.1.13]
	at org.springframework.web.servlet.FrameworkServlet.processRequest(FrameworkServlet.java:1014) ~[spring-webmvc-6.1.13.jar:6.1.13]
	at org.springframework.web.servlet.FrameworkServlet.doGet(FrameworkServlet.java:903) ~[spring-webmvc-6.1.13.jar:6.1.13]
	at jakarta.servlet.http.HttpServlet.service(HttpServlet.java:564) ~[tomcat-embed-core-10.1.30.jar:6.0]
	at org.springframework.web.servlet.FrameworkServlet.service(FrameworkServlet.java:885) ~[spring-webmvc-6.1.13.jar:6.1.13]
	at jakarta.servlet.http.HttpServlet.service(HttpServlet.java:658) ~[tomcat-embed-core-10.1.30.jar:6.0]
	at org.apache.catalina.core.ApplicationFilterChain.internalDoFilter(ApplicationFilterChain.java:195) ~[tomcat-embed-core-10.1.30.jar:10.1.30]
	at org.apache.catalina.core.ApplicationFilterChain.doFilter(ApplicationFilterChain.java:140) ~[tomcat-embed-core-10.1.30.jar:10.1.30]
	at org.apache.tomcat.websocket.server.WsFilter.doFilter(WsFilter.java:51) ~[tomcat-embed-websocket-10.1.30.jar:10.1.30]
	at org.apache.catalina.core.ApplicationFilterChain.internalDoFilter(ApplicationFilterChain.java:164) ~[tomcat-embed-core-10.1.30.jar:10.1.30]
	at org.apache.catalina.core.ApplicationFilterChain.doFilter(ApplicationFilterChain.java:140) ~[tomcat-embed-core-10.1.30.jar:10.1.30]
	at org.springframework.boot.devtools.remote.server.DispatcherFilter.doFilter(DispatcherFilter.java:72) ~[spring-boot-devtools-3.3.4.jar:3.3.4]
	at org.springframework.boot.devtools.remote.server.DispatcherFilter.doFilter(DispatcherFilter.java:60) ~[spring-boot-devtools-3.3.4.jar:3.3.4]
	at org.apache.catalina.core.ApplicationFilterChain.internalDoFilter(ApplicationFilterChain.java:164) ~[tomcat-embed-core-10.1.30.jar:10.1.30]
	at org.apache.catalina.core.ApplicationFilterChain.doFilter(ApplicationFilterChain.java:140) ~[tomcat-embed-core-10.1.30.jar:10.1.30]
	at org.springframework.web.filter.RequestContextFilter.doFilterInternal(RequestContextFilter.java:100) ~[spring-web-6.1.13.jar:6.1.13]
	at org.springframework.web.filter.OncePerRequestFilter.doFilter(OncePerRequestFilter.java:116) ~[spring-web-6.1.13.jar:6.1.13]
	at org.apache.catalina.core.ApplicationFilterChain.internalDoFilter(ApplicationFilterChain.java:164) ~[tomcat-embed-core-10.1.30.jar:10.1.30]
	at org.apache.catalina.core.ApplicationFilterChain.doFilter(ApplicationFilterChain.java:140) ~[tomcat-embed-core-10.1.30.jar:10.1.30]
	at org.springframework.web.filter.FormContentFilter.doFilterInternal(FormContentFilter.java:93) ~[spring-web-6.1.13.jar:6.1.13]
	at org.springframework.web.filter.OncePerRequestFilter.doFilter(OncePerRequestFilter.java:116) ~[spring-web-6.1.13.jar:6.1.13]
	at org.apache.catalina.core.ApplicationFilterChain.internalDoFilter(ApplicationFilterChain.java:164) ~[tomcat-embed-core-10.1.30.jar:10.1.30]
	at org.apache.catalina.core.ApplicationFilterChain.doFilter(ApplicationFilterChain.java:140) ~[tomcat-embed-core-10.1.30.jar:10.1.30]
	at org.springframework.web.filter.CharacterEncodingFilter.doFilterInternal(CharacterEncodingFilter.java:201) ~[spring-web-6.1.13.jar:6.1.13]
	at org.springframework.web.filter.OncePerRequestFilter.doFilter(OncePerRequestFilter.java:116) ~[spring-web-6.1.13.jar:6.1.13]
	at org.apache.catalina.core.ApplicationFilterChain.internalDoFilter(ApplicationFilterChain.java:164) ~[tomcat-embed-core-10.1.30.jar:10.1.30]
	at org.apache.catalina.core.ApplicationFilterChain.doFilter(ApplicationFilterChain.java:140) ~[tomcat-embed-core-10.1.30.jar:10.1.30]
	at org.apache.catalina.core.StandardWrapperValve.invoke(StandardWrapperValve.java:167) ~[tomcat-embed-core-10.1.30.jar:10.1.30]
	at org.apache.catalina.core.StandardContextValve.invoke(StandardContextValve.java:90) ~[tomcat-embed-core-10.1.30.jar:10.1.30]
	at org.apache.catalina.authenticator.AuthenticatorBase.invoke(AuthenticatorBase.java:483) ~[tomcat-embed-core-10.1.30.jar:10.1.30]
	at org.apache.catalina.core.StandardHostValve.invoke(StandardHostValve.java:115) ~[tomcat-embed-core-10.1.30.jar:10.1.30]
	at org.apache.catalina.valves.ErrorReportValve.invoke(ErrorReportValve.java:93) ~[tomcat-embed-core-10.1.30.jar:10.1.30]
	at org.apache.catalina.core.StandardEngineValve.invoke(StandardEngineValve.java:74) ~[tomcat-embed-core-10.1.30.jar:10.1.30]
	at org.apache.catalina.connector.CoyoteAdapter.service(CoyoteAdapter.java:344) ~[tomcat-embed-core-10.1.30.jar:10.1.30]
	at org.apache.coyote.http11.Http11Processor.service(Http11Processor.java:384) ~[tomcat-embed-core-10.1.30.jar:10.1.30]
	at org.apache.coyote.AbstractProcessorLight.process(AbstractProcessorLight.java:63) ~[tomcat-embed-core-10.1.30.jar:10.1.30]
	at org.apache.coyote.AbstractProtocol$ConnectionHandler.process(AbstractProtocol.java:905) ~[tomcat-embed-core-10.1.30.jar:10.1.30]
	at org.apache.tomcat.util.net.NioEndpoint$SocketProcessor.doRun(NioEndpoint.java:1741) ~[tomcat-embed-core-10.1.30.jar:10.1.30]
	at org.apache.tomcat.util.net.SocketProcessorBase.run(SocketProcessorBase.java:52) ~[tomcat-embed-core-10.1.30.jar:10.1.30]
	at org.apache.tomcat.util.threads.ThreadPoolExecutor.runWorker(ThreadPoolExecutor.java:1190) ~[tomcat-embed-core-10.1.30.jar:10.1.30]
	at org.apache.tomcat.util.threads.ThreadPoolExecutor$Worker.run(ThreadPoolExecutor.java:659) ~[tomcat-embed-core-10.1.30.jar:10.1.30]
	at org.apache.tomcat.util.threads.TaskThread$WrappingRunnable.run(TaskThread.java:63) ~[tomcat-embed-core-10.1.30.jar:10.1.30]
	at java.base/java.lang.Thread.run(Thread.java:1570) ~[na:na]

2025-03-09T17:38:38.484+08:00  INFO 18804 --- [CommentAnalysis] [SpringApplicationShutdownHook] o.neo4j.driver.internal.InternalDriver   : Closing driver instance 1924861970
2025-03-09T17:38:38.713+08:00  INFO 18804 --- [CommentAnalysis] [SpringApplicationShutdownHook] com.zaxxer.hikari.HikariDataSource       : HikariPool-1 - Shutdown initiated...
2025-03-09T17:38:38.721+08:00  INFO 18804 --- [CommentAnalysis] [SpringApplicationShutdownHook] com.zaxxer.hikari.HikariDataSource       : HikariPool-1 - Shutdown completed.
2025-03-09T17:38:44.212+08:00  INFO 16120 --- [CommentAnalysis] [restartedMain] c.b.c.CommentAnalysisApplication         : Starting CommentAnalysisApplication using Java 22.0.1 with PID 16120 (E:\Comment Analysis Git\User-fine-grained-sentiment-analysis-and-visualization-system\BackEnd\CommentAnalysis\target\classes started by thunder lee in E:\Comment Analysis Git\User-fine-grained-sentiment-analysis-and-visualization-system\BackEnd)
2025-03-09T17:38:44.215+08:00  INFO 16120 --- [CommentAnalysis] [restartedMain] c.b.c.CommentAnalysisApplication         : No active profile set, falling back to 1 default profile: "default"
2025-03-09T17:38:44.292+08:00  INFO 16120 --- [CommentAnalysis] [restartedMain] o.s.b.devtools.restart.ChangeableUrls    : The Class-Path manifest attribute in E:\apache-maven-3.9.8-bin\maven-repository\com\oracle\database\jdbc\ojdbc11\21.9.0.0\ojdbc11-21.9.0.0.jar referenced one or more files that do not exist: file:/E:/apache-maven-3.9.8-bin/maven-repository/com/oracle/database/jdbc/ojdbc11/21.9.0.0/oraclepki.jar
2025-03-09T17:38:44.293+08:00  INFO 16120 --- [CommentAnalysis] [restartedMain] .e.DevToolsPropertyDefaultsPostProcessor : Devtools property defaults active! Set 'spring.devtools.add-properties' to 'false' to disable
2025-03-09T17:38:44.293+08:00  INFO 16120 --- [CommentAnalysis] [restartedMain] .e.DevToolsPropertyDefaultsPostProcessor : For additional web related logging consider setting the 'logging.level.web' property to 'DEBUG'
2025-03-09T17:38:45.058+08:00  INFO 16120 --- [CommentAnalysis] [restartedMain] .s.d.r.c.RepositoryConfigurationDelegate : Multiple Spring Data modules found, entering strict repository configuration mode
2025-03-09T17:38:45.059+08:00  INFO 16120 --- [CommentAnalysis] [restartedMain] .s.d.r.c.RepositoryConfigurationDelegate : Bootstrapping Spring Data Neo4j repositories in DEFAULT mode.
2025-03-09T17:38:45.165+08:00  INFO 16120 --- [CommentAnalysis] [restartedMain] .s.d.r.c.RepositoryConfigurationDelegate : Finished Spring Data repository scanning in 101 ms. Found 1 Neo4j repository interface.
2025-03-09T17:38:45.412+08:00  INFO 16120 --- [CommentAnalysis] [restartedMain] .s.d.r.c.RepositoryConfigurationDelegate : Multiple Spring Data modules found, entering strict repository configuration mode
2025-03-09T17:38:45.413+08:00  INFO 16120 --- [CommentAnalysis] [restartedMain] .s.d.r.c.RepositoryConfigurationDelegate : Bootstrapping Spring Data Neo4j repositories in DEFAULT mode.
2025-03-09T17:38:45.434+08:00  INFO 16120 --- [CommentAnalysis] [restartedMain] .s.d.r.c.RepositoryConfigurationDelegate : Finished Spring Data repository scanning in 21 ms. Found 0 Neo4j repository interfaces.
2025-03-09T17:38:45.445+08:00  INFO 16120 --- [CommentAnalysis] [restartedMain] .s.d.r.c.RepositoryConfigurationDelegate : Multiple Spring Data modules found, entering strict repository configuration mode
2025-03-09T17:38:45.447+08:00  INFO 16120 --- [CommentAnalysis] [restartedMain] .s.d.r.c.RepositoryConfigurationDelegate : Bootstrapping Spring Data Redis repositories in DEFAULT mode.
2025-03-09T17:38:45.464+08:00  INFO 16120 --- [CommentAnalysis] [restartedMain] .RepositoryConfigurationExtensionSupport : Spring Data Redis - Could not safely identify store assignment for repository candidate interface com.backend.commentanalysis.repository.ProductRepository; If you want this repository to be a Redis repository, consider annotating your entities with one of these annotations: org.springframework.data.redis.core.RedisHash (preferred), or consider extending one of the following types with your repository: org.springframework.data.keyvalue.repository.KeyValueRepository
2025-03-09T17:38:45.464+08:00  INFO 16120 --- [CommentAnalysis] [restartedMain] .s.d.r.c.RepositoryConfigurationDelegate : Finished Spring Data repository scanning in 10 ms. Found 0 Redis repository interfaces.
2025-03-09T17:38:46.223+08:00  INFO 16120 --- [CommentAnalysis] [restartedMain] o.s.b.w.embedded.tomcat.TomcatWebServer  : Tomcat initialized with port 8081 (http)
2025-03-09T17:38:46.242+08:00  INFO 16120 --- [CommentAnalysis] [restartedMain] o.apache.catalina.core.StandardService   : Starting service [Tomcat]
2025-03-09T17:38:46.242+08:00  INFO 16120 --- [CommentAnalysis] [restartedMain] o.apache.catalina.core.StandardEngine    : Starting Servlet engine: [Apache Tomcat/10.1.30]
2025-03-09T17:38:46.295+08:00  INFO 16120 --- [CommentAnalysis] [restartedMain] o.a.c.c.C.[Tomcat].[localhost].[/]       : Initializing Spring embedded WebApplicationContext
2025-03-09T17:38:46.295+08:00  INFO 16120 --- [CommentAnalysis] [restartedMain] w.s.c.ServletWebServerApplicationContext : Root WebApplicationContext: initialization completed in 2002 ms
2025-03-09T17:38:46.314+08:00  WARN 16120 --- [CommentAnalysis] [restartedMain] .s.b.d.a.RemoteDevToolsAutoConfiguration : Listening for remote restart updates on /.~~spring-boot!~/restart
2025-03-09T17:38:46.962+08:00  INFO 16120 --- [CommentAnalysis] [restartedMain] o.neo4j.driver.internal.DriverFactory    : Direct driver instance 2011899036 created for server address localhost:7687
2025-03-09T17:38:47.053+08:00  WARN 16120 --- [CommentAnalysis] [restartedMain] o.s.d.n.c.mapping.Neo4jPersistentEntity  : The entity com.backend.commentanalysis.entity.neo4j.OpinionNeo4j is using a Long value for storing internally generated Neo4j ids. The Neo4j internal Long Ids are deprecated, please consider using an external ID generator.
2025-03-09T17:38:47.094+08:00  INFO 16120 --- [CommentAnalysis] [restartedMain] o.s.b.d.a.OptionalLiveReloadServer       : LiveReload server is running on port 35729
2025-03-09T17:38:47.103+08:00  WARN 16120 --- [CommentAnalysis] [restartedMain] o.s.d.n.c.mapping.Neo4jPersistentEntity  : The entity com.backend.commentanalysis.entity.neo4j.AspectNeo4j is using a Long value for storing internally generated Neo4j ids. The Neo4j internal Long Ids are deprecated, please consider using an external ID generator.
2025-03-09T17:38:47.114+08:00  WARN 16120 --- [CommentAnalysis] [restartedMain] o.s.d.n.c.mapping.Neo4jPersistentEntity  : The entity com.backend.commentanalysis.entity.relation.HasAspect is using a Long value for storing internally generated Neo4j ids. The Neo4j internal Long Ids are deprecated, please consider using an external ID generator.
2025-03-09T17:38:47.117+08:00  WARN 16120 --- [CommentAnalysis] [restartedMain] o.s.d.n.c.mapping.Neo4jPersistentEntity  : The entity com.backend.commentanalysis.entity.relation.HasOpinion is using a Long value for storing internally generated Neo4j ids. The Neo4j internal Long Ids are deprecated, please consider using an external ID generator.
2025-03-09T17:38:47.932+08:00  INFO 16120 --- [CommentAnalysis] [restartedMain] o.s.b.w.embedded.tomcat.TomcatWebServer  : Tomcat started on port 8081 (http) with context path '/'
2025-03-09T17:38:47.939+08:00  INFO 16120 --- [CommentAnalysis] [restartedMain] c.b.c.CommentAnalysisApplication         : Started CommentAnalysisApplication in 4.252 seconds (process running for 5.12)
2025-03-09T17:38:49.942+08:00  INFO 16120 --- [CommentAnalysis] [http-nio-8081-exec-1] o.a.c.c.C.[Tomcat].[localhost].[/]       : Initializing Spring DispatcherServlet 'dispatcherServlet'
2025-03-09T17:38:49.943+08:00  INFO 16120 --- [CommentAnalysis] [http-nio-8081-exec-1] o.s.web.servlet.DispatcherServlet        : Initializing Servlet 'dispatcherServlet'
2025-03-09T17:38:49.944+08:00  INFO 16120 --- [CommentAnalysis] [http-nio-8081-exec-1] o.s.web.servlet.DispatcherServlet        : Completed initialization in 1 ms
2025-03-09T17:38:50.483+08:00  INFO 16120 --- [CommentAnalysis] [http-nio-8081-exec-1] com.zaxxer.hikari.HikariDataSource       : HikariPool-1 - Starting...
2025-03-09T17:38:50.792+08:00  INFO 16120 --- [CommentAnalysis] [http-nio-8081-exec-1] com.zaxxer.hikari.pool.HikariPool        : HikariPool-1 - Added connection com.mysql.cj.jdbc.ConnectionImpl@47cd72d9
2025-03-09T17:38:50.794+08:00  INFO 16120 --- [CommentAnalysis] [http-nio-8081-exec-1] com.zaxxer.hikari.HikariDataSource       : HikariPool-1 - Start completed.
2025-03-09T17:38:52.862+08:00 ERROR 16120 --- [CommentAnalysis] [http-nio-8081-exec-2] o.a.c.c.C.[.[.[/].[dispatcherServlet]    : Servlet.service() for servlet [dispatcherServlet] in context with path [] threw exception [Request processing failed: java.lang.ClassCastException: class com.backend.commentanalysis.entity.dto.ProductInfoDTO cannot be cast to class com.backend.commentanalysis.entity.dto.ProductInfoDTO (com.backend.commentanalysis.entity.dto.ProductInfoDTO is in unnamed module of loader 'app'; com.backend.commentanalysis.entity.dto.ProductInfoDTO is in unnamed module of loader org.springframework.boot.devtools.restart.classloader.RestartClassLoader @5b2e7bc1)] with root cause

java.lang.ClassCastException: class com.backend.commentanalysis.entity.dto.ProductInfoDTO cannot be cast to class com.backend.commentanalysis.entity.dto.ProductInfoDTO (com.backend.commentanalysis.entity.dto.ProductInfoDTO is in unnamed module of loader 'app'; com.backend.commentanalysis.entity.dto.ProductInfoDTO is in unnamed module of loader org.springframework.boot.devtools.restart.classloader.RestartClassLoader @5b2e7bc1)
	at com.backend.commentanalysis.service.implement.ProductServiceImpl$$SpringCGLIB$$0.getProductInfoByPid(<generated>) ~[classes/:na]
	at com.backend.commentanalysis.controller.ProductController.getProductInfoByPid(ProductController.java:44) ~[classes/:na]
	at java.base/jdk.internal.reflect.DirectMethodHandleAccessor.invoke(DirectMethodHandleAccessor.java:103) ~[na:na]
	at java.base/java.lang.reflect.Method.invoke(Method.java:580) ~[na:na]
	at org.springframework.aop.support.AopUtils.invokeJoinpointUsingReflection(AopUtils.java:355) ~[spring-aop-6.1.13.jar:6.1.13]
	at org.springframework.aop.framework.ReflectiveMethodInvocation.invokeJoinpoint(ReflectiveMethodInvocation.java:196) ~[spring-aop-6.1.13.jar:6.1.13]
	at org.springframework.aop.framework.ReflectiveMethodInvocation.proceed(ReflectiveMethodInvocation.java:163) ~[spring-aop-6.1.13.jar:6.1.13]
	at org.springframework.aop.framework.CglibAopProxy$CglibMethodInvocation.proceed(CglibAopProxy.java:768) ~[spring-aop-6.1.13.jar:6.1.13]
	at org.springframework.validation.beanvalidation.MethodValidationInterceptor.invoke(MethodValidationInterceptor.java:174) ~[spring-context-6.1.13.jar:6.1.13]
	at org.springframework.aop.framework.ReflectiveMethodInvocation.proceed(ReflectiveMethodInvocation.java:184) ~[spring-aop-6.1.13.jar:6.1.13]
	at org.springframework.aop.framework.CglibAopProxy$CglibMethodInvocation.proceed(CglibAopProxy.java:768) ~[spring-aop-6.1.13.jar:6.1.13]
	at org.springframework.aop.framework.CglibAopProxy$DynamicAdvisedInterceptor.intercept(CglibAopProxy.java:720) ~[spring-aop-6.1.13.jar:6.1.13]
	at com.backend.commentanalysis.controller.ProductController$$SpringCGLIB$$0.getProductInfoByPid(<generated>) ~[classes/:na]
	at java.base/jdk.internal.reflect.DirectMethodHandleAccessor.invoke(DirectMethodHandleAccessor.java:103) ~[na:na]
	at java.base/java.lang.reflect.Method.invoke(Method.java:580) ~[na:na]
	at org.springframework.web.method.support.InvocableHandlerMethod.doInvoke(InvocableHandlerMethod.java:255) ~[spring-web-6.1.13.jar:6.1.13]
	at org.springframework.web.method.support.InvocableHandlerMethod.invokeForRequest(InvocableHandlerMethod.java:188) ~[spring-web-6.1.13.jar:6.1.13]
	at org.springframework.web.servlet.mvc.method.annotation.ServletInvocableHandlerMethod.invokeAndHandle(ServletInvocableHandlerMethod.java:118) ~[spring-webmvc-6.1.13.jar:6.1.13]
	at org.springframework.web.servlet.mvc.method.annotation.RequestMappingHandlerAdapter.invokeHandlerMethod(RequestMappingHandlerAdapter.java:926) ~[spring-webmvc-6.1.13.jar:6.1.13]
	at org.springframework.web.servlet.mvc.method.annotation.RequestMappingHandlerAdapter.handleInternal(RequestMappingHandlerAdapter.java:831) ~[spring-webmvc-6.1.13.jar:6.1.13]
	at org.springframework.web.servlet.mvc.method.AbstractHandlerMethodAdapter.handle(AbstractHandlerMethodAdapter.java:87) ~[spring-webmvc-6.1.13.jar:6.1.13]
	at org.springframework.web.servlet.DispatcherServlet.doDispatch(DispatcherServlet.java:1089) ~[spring-webmvc-6.1.13.jar:6.1.13]
	at org.springframework.web.servlet.DispatcherServlet.doService(DispatcherServlet.java:979) ~[spring-webmvc-6.1.13.jar:6.1.13]
	at org.springframework.web.servlet.FrameworkServlet.processRequest(FrameworkServlet.java:1014) ~[spring-webmvc-6.1.13.jar:6.1.13]
	at org.springframework.web.servlet.FrameworkServlet.doGet(FrameworkServlet.java:903) ~[spring-webmvc-6.1.13.jar:6.1.13]
	at jakarta.servlet.http.HttpServlet.service(HttpServlet.java:564) ~[tomcat-embed-core-10.1.30.jar:6.0]
	at org.springframework.web.servlet.FrameworkServlet.service(FrameworkServlet.java:885) ~[spring-webmvc-6.1.13.jar:6.1.13]
	at jakarta.servlet.http.HttpServlet.service(HttpServlet.java:658) ~[tomcat-embed-core-10.1.30.jar:6.0]
	at org.apache.catalina.core.ApplicationFilterChain.internalDoFilter(ApplicationFilterChain.java:195) ~[tomcat-embed-core-10.1.30.jar:10.1.30]
	at org.apache.catalina.core.ApplicationFilterChain.doFilter(ApplicationFilterChain.java:140) ~[tomcat-embed-core-10.1.30.jar:10.1.30]
	at org.apache.tomcat.websocket.server.WsFilter.doFilter(WsFilter.java:51) ~[tomcat-embed-websocket-10.1.30.jar:10.1.30]
	at org.apache.catalina.core.ApplicationFilterChain.internalDoFilter(ApplicationFilterChain.java:164) ~[tomcat-embed-core-10.1.30.jar:10.1.30]
	at org.apache.catalina.core.ApplicationFilterChain.doFilter(ApplicationFilterChain.java:140) ~[tomcat-embed-core-10.1.30.jar:10.1.30]
	at org.springframework.boot.devtools.remote.server.DispatcherFilter.doFilter(DispatcherFilter.java:72) ~[spring-boot-devtools-3.3.4.jar:3.3.4]
	at org.springframework.boot.devtools.remote.server.DispatcherFilter.doFilter(DispatcherFilter.java:60) ~[spring-boot-devtools-3.3.4.jar:3.3.4]
	at org.apache.catalina.core.ApplicationFilterChain.internalDoFilter(ApplicationFilterChain.java:164) ~[tomcat-embed-core-10.1.30.jar:10.1.30]
	at org.apache.catalina.core.ApplicationFilterChain.doFilter(ApplicationFilterChain.java:140) ~[tomcat-embed-core-10.1.30.jar:10.1.30]
	at org.springframework.web.filter.RequestContextFilter.doFilterInternal(RequestContextFilter.java:100) ~[spring-web-6.1.13.jar:6.1.13]
	at org.springframework.web.filter.OncePerRequestFilter.doFilter(OncePerRequestFilter.java:116) ~[spring-web-6.1.13.jar:6.1.13]
	at org.apache.catalina.core.ApplicationFilterChain.internalDoFilter(ApplicationFilterChain.java:164) ~[tomcat-embed-core-10.1.30.jar:10.1.30]
	at org.apache.catalina.core.ApplicationFilterChain.doFilter(ApplicationFilterChain.java:140) ~[tomcat-embed-core-10.1.30.jar:10.1.30]
	at org.springframework.web.filter.FormContentFilter.doFilterInternal(FormContentFilter.java:93) ~[spring-web-6.1.13.jar:6.1.13]
	at org.springframework.web.filter.OncePerRequestFilter.doFilter(OncePerRequestFilter.java:116) ~[spring-web-6.1.13.jar:6.1.13]
	at org.apache.catalina.core.ApplicationFilterChain.internalDoFilter(ApplicationFilterChain.java:164) ~[tomcat-embed-core-10.1.30.jar:10.1.30]
	at org.apache.catalina.core.ApplicationFilterChain.doFilter(ApplicationFilterChain.java:140) ~[tomcat-embed-core-10.1.30.jar:10.1.30]
	at org.springframework.web.filter.CharacterEncodingFilter.doFilterInternal(CharacterEncodingFilter.java:201) ~[spring-web-6.1.13.jar:6.1.13]
	at org.springframework.web.filter.OncePerRequestFilter.doFilter(OncePerRequestFilter.java:116) ~[spring-web-6.1.13.jar:6.1.13]
	at org.apache.catalina.core.ApplicationFilterChain.internalDoFilter(ApplicationFilterChain.java:164) ~[tomcat-embed-core-10.1.30.jar:10.1.30]
	at org.apache.catalina.core.ApplicationFilterChain.doFilter(ApplicationFilterChain.java:140) ~[tomcat-embed-core-10.1.30.jar:10.1.30]
	at org.apache.catalina.core.StandardWrapperValve.invoke(StandardWrapperValve.java:167) ~[tomcat-embed-core-10.1.30.jar:10.1.30]
	at org.apache.catalina.core.StandardContextValve.invoke(StandardContextValve.java:90) ~[tomcat-embed-core-10.1.30.jar:10.1.30]
	at org.apache.catalina.authenticator.AuthenticatorBase.invoke(AuthenticatorBase.java:483) ~[tomcat-embed-core-10.1.30.jar:10.1.30]
	at org.apache.catalina.core.StandardHostValve.invoke(StandardHostValve.java:115) ~[tomcat-embed-core-10.1.30.jar:10.1.30]
	at org.apache.catalina.valves.ErrorReportValve.invoke(ErrorReportValve.java:93) ~[tomcat-embed-core-10.1.30.jar:10.1.30]
	at org.apache.catalina.core.StandardEngineValve.invoke(StandardEngineValve.java:74) ~[tomcat-embed-core-10.1.30.jar:10.1.30]
	at org.apache.catalina.connector.CoyoteAdapter.service(CoyoteAdapter.java:344) ~[tomcat-embed-core-10.1.30.jar:10.1.30]
	at org.apache.coyote.http11.Http11Processor.service(Http11Processor.java:384) ~[tomcat-embed-core-10.1.30.jar:10.1.30]
	at org.apache.coyote.AbstractProcessorLight.process(AbstractProcessorLight.java:63) ~[tomcat-embed-core-10.1.30.jar:10.1.30]
	at org.apache.coyote.AbstractProtocol$ConnectionHandler.process(AbstractProtocol.java:905) ~[tomcat-embed-core-10.1.30.jar:10.1.30]
	at org.apache.tomcat.util.net.NioEndpoint$SocketProcessor.doRun(NioEndpoint.java:1741) ~[tomcat-embed-core-10.1.30.jar:10.1.30]
	at org.apache.tomcat.util.net.SocketProcessorBase.run(SocketProcessorBase.java:52) ~[tomcat-embed-core-10.1.30.jar:10.1.30]
	at org.apache.tomcat.util.threads.ThreadPoolExecutor.runWorker(ThreadPoolExecutor.java:1190) ~[tomcat-embed-core-10.1.30.jar:10.1.30]
	at org.apache.tomcat.util.threads.ThreadPoolExecutor$Worker.run(ThreadPoolExecutor.java:659) ~[tomcat-embed-core-10.1.30.jar:10.1.30]
	at org.apache.tomcat.util.threads.TaskThread$WrappingRunnable.run(TaskThread.java:63) ~[tomcat-embed-core-10.1.30.jar:10.1.30]
	at java.base/java.lang.Thread.run(Thread.java:1570) ~[na:na]

2025-03-09T17:40:03.132+08:00  INFO 16120 --- [CommentAnalysis] [SpringApplicationShutdownHook] o.neo4j.driver.internal.InternalDriver   : Closing driver instance 2011899036
2025-03-09T17:40:03.363+08:00  INFO 16120 --- [CommentAnalysis] [SpringApplicationShutdownHook] com.zaxxer.hikari.HikariDataSource       : HikariPool-1 - Shutdown initiated...
2025-03-09T17:40:03.370+08:00  INFO 16120 --- [CommentAnalysis] [SpringApplicationShutdownHook] com.zaxxer.hikari.HikariDataSource       : HikariPool-1 - Shutdown completed.
2025-03-09T17:40:10.310+08:00  INFO 5356 --- [CommentAnalysis] [restartedMain] c.b.c.CommentAnalysisApplication         : Starting CommentAnalysisApplication using Java 22.0.1 with PID 5356 (E:\Comment Analysis Git\User-fine-grained-sentiment-analysis-and-visualization-system\BackEnd\CommentAnalysis\target\classes started by thunder lee in E:\Comment Analysis Git\User-fine-grained-sentiment-analysis-and-visualization-system\BackEnd)
2025-03-09T17:40:10.312+08:00  INFO 5356 --- [CommentAnalysis] [restartedMain] c.b.c.CommentAnalysisApplication         : No active profile set, falling back to 1 default profile: "default"
2025-03-09T17:40:10.390+08:00  INFO 5356 --- [CommentAnalysis] [restartedMain] o.s.b.devtools.restart.ChangeableUrls    : The Class-Path manifest attribute in E:\apache-maven-3.9.8-bin\maven-repository\com\oracle\database\jdbc\ojdbc11\21.9.0.0\ojdbc11-21.9.0.0.jar referenced one or more files that do not exist: file:/E:/apache-maven-3.9.8-bin/maven-repository/com/oracle/database/jdbc/ojdbc11/21.9.0.0/oraclepki.jar
2025-03-09T17:40:10.390+08:00  INFO 5356 --- [CommentAnalysis] [restartedMain] .e.DevToolsPropertyDefaultsPostProcessor : Devtools property defaults active! Set 'spring.devtools.add-properties' to 'false' to disable
2025-03-09T17:40:10.390+08:00  INFO 5356 --- [CommentAnalysis] [restartedMain] .e.DevToolsPropertyDefaultsPostProcessor : For additional web related logging consider setting the 'logging.level.web' property to 'DEBUG'
2025-03-09T17:40:11.025+08:00  INFO 5356 --- [CommentAnalysis] [restartedMain] .s.d.r.c.RepositoryConfigurationDelegate : Multiple Spring Data modules found, entering strict repository configuration mode
2025-03-09T17:40:11.027+08:00  INFO 5356 --- [CommentAnalysis] [restartedMain] .s.d.r.c.RepositoryConfigurationDelegate : Bootstrapping Spring Data Neo4j repositories in DEFAULT mode.
2025-03-09T17:40:11.131+08:00  INFO 5356 --- [CommentAnalysis] [restartedMain] .s.d.r.c.RepositoryConfigurationDelegate : Finished Spring Data repository scanning in 97 ms. Found 1 Neo4j repository interface.
2025-03-09T17:40:11.354+08:00  INFO 5356 --- [CommentAnalysis] [restartedMain] .s.d.r.c.RepositoryConfigurationDelegate : Multiple Spring Data modules found, entering strict repository configuration mode
2025-03-09T17:40:11.355+08:00  INFO 5356 --- [CommentAnalysis] [restartedMain] .s.d.r.c.RepositoryConfigurationDelegate : Bootstrapping Spring Data Neo4j repositories in DEFAULT mode.
2025-03-09T17:40:11.375+08:00  INFO 5356 --- [CommentAnalysis] [restartedMain] .s.d.r.c.RepositoryConfigurationDelegate : Finished Spring Data repository scanning in 19 ms. Found 0 Neo4j repository interfaces.
2025-03-09T17:40:11.385+08:00  INFO 5356 --- [CommentAnalysis] [restartedMain] .s.d.r.c.RepositoryConfigurationDelegate : Multiple Spring Data modules found, entering strict repository configuration mode
2025-03-09T17:40:11.386+08:00  INFO 5356 --- [CommentAnalysis] [restartedMain] .s.d.r.c.RepositoryConfigurationDelegate : Bootstrapping Spring Data Redis repositories in DEFAULT mode.
2025-03-09T17:40:11.403+08:00  INFO 5356 --- [CommentAnalysis] [restartedMain] .RepositoryConfigurationExtensionSupport : Spring Data Redis - Could not safely identify store assignment for repository candidate interface com.backend.commentanalysis.repository.ProductRepository; If you want this repository to be a Redis repository, consider annotating your entities with one of these annotations: org.springframework.data.redis.core.RedisHash (preferred), or consider extending one of the following types with your repository: org.springframework.data.keyvalue.repository.KeyValueRepository
2025-03-09T17:40:11.403+08:00  INFO 5356 --- [CommentAnalysis] [restartedMain] .s.d.r.c.RepositoryConfigurationDelegate : Finished Spring Data repository scanning in 11 ms. Found 0 Redis repository interfaces.
2025-03-09T17:40:12.338+08:00  INFO 5356 --- [CommentAnalysis] [restartedMain] o.s.b.w.embedded.tomcat.TomcatWebServer  : Tomcat initialized with port 8081 (http)
2025-03-09T17:40:12.354+08:00  INFO 5356 --- [CommentAnalysis] [restartedMain] o.apache.catalina.core.StandardService   : Starting service [Tomcat]
2025-03-09T17:40:12.354+08:00  INFO 5356 --- [CommentAnalysis] [restartedMain] o.apache.catalina.core.StandardEngine    : Starting Servlet engine: [Apache Tomcat/10.1.30]
2025-03-09T17:40:12.414+08:00  INFO 5356 --- [CommentAnalysis] [restartedMain] o.a.c.c.C.[Tomcat].[localhost].[/]       : Initializing Spring embedded WebApplicationContext
2025-03-09T17:40:12.415+08:00  INFO 5356 --- [CommentAnalysis] [restartedMain] w.s.c.ServletWebServerApplicationContext : Root WebApplicationContext: initialization completed in 2024 ms
2025-03-09T17:40:12.435+08:00  WARN 5356 --- [CommentAnalysis] [restartedMain] .s.b.d.a.RemoteDevToolsAutoConfiguration : Listening for remote restart updates on /.~~spring-boot!~/restart
2025-03-09T17:40:13.115+08:00  INFO 5356 --- [CommentAnalysis] [restartedMain] o.neo4j.driver.internal.DriverFactory    : Direct driver instance 2029056578 created for server address localhost:7687
2025-03-09T17:40:13.225+08:00  WARN 5356 --- [CommentAnalysis] [restartedMain] o.s.d.n.c.mapping.Neo4jPersistentEntity  : The entity com.backend.commentanalysis.entity.neo4j.OpinionNeo4j is using a Long value for storing internally generated Neo4j ids. The Neo4j internal Long Ids are deprecated, please consider using an external ID generator.
2025-03-09T17:40:13.268+08:00  INFO 5356 --- [CommentAnalysis] [restartedMain] o.s.b.d.a.OptionalLiveReloadServer       : LiveReload server is running on port 35729
2025-03-09T17:40:13.271+08:00  WARN 5356 --- [CommentAnalysis] [restartedMain] o.s.d.n.c.mapping.Neo4jPersistentEntity  : The entity com.backend.commentanalysis.entity.relation.HasOpinion is using a Long value for storing internally generated Neo4j ids. The Neo4j internal Long Ids are deprecated, please consider using an external ID generator.
2025-03-09T17:40:13.277+08:00  WARN 5356 --- [CommentAnalysis] [restartedMain] o.s.d.n.c.mapping.Neo4jPersistentEntity  : The entity com.backend.commentanalysis.entity.neo4j.AspectNeo4j is using a Long value for storing internally generated Neo4j ids. The Neo4j internal Long Ids are deprecated, please consider using an external ID generator.
2025-03-09T17:40:13.278+08:00  WARN 5356 --- [CommentAnalysis] [restartedMain] o.s.d.n.c.mapping.Neo4jPersistentEntity  : The entity com.backend.commentanalysis.entity.relation.HasAspect is using a Long value for storing internally generated Neo4j ids. The Neo4j internal Long Ids are deprecated, please consider using an external ID generator.
2025-03-09T17:40:14.157+08:00  INFO 5356 --- [CommentAnalysis] [restartedMain] o.s.b.w.embedded.tomcat.TomcatWebServer  : Tomcat started on port 8081 (http) with context path '/'
2025-03-09T17:40:14.166+08:00  INFO 5356 --- [CommentAnalysis] [restartedMain] c.b.c.CommentAnalysisApplication         : Started CommentAnalysisApplication in 4.425 seconds (process running for 5.31)
2025-03-09T17:40:15.474+08:00  INFO 5356 --- [CommentAnalysis] [http-nio-8081-exec-1] o.a.c.c.C.[Tomcat].[localhost].[/]       : Initializing Spring DispatcherServlet 'dispatcherServlet'
2025-03-09T17:40:15.475+08:00  INFO 5356 --- [CommentAnalysis] [http-nio-8081-exec-1] o.s.web.servlet.DispatcherServlet        : Initializing Servlet 'dispatcherServlet'
2025-03-09T17:40:15.477+08:00  INFO 5356 --- [CommentAnalysis] [http-nio-8081-exec-1] o.s.web.servlet.DispatcherServlet        : Completed initialization in 2 ms
2025-03-09T17:40:15.954+08:00  INFO 5356 --- [CommentAnalysis] [http-nio-8081-exec-1] com.zaxxer.hikari.HikariDataSource       : HikariPool-1 - Starting...
2025-03-09T17:40:16.323+08:00  INFO 5356 --- [CommentAnalysis] [http-nio-8081-exec-1] com.zaxxer.hikari.pool.HikariPool        : HikariPool-1 - Added connection com.mysql.cj.jdbc.ConnectionImpl@51e7c368
2025-03-09T17:40:16.324+08:00  INFO 5356 --- [CommentAnalysis] [http-nio-8081-exec-1] com.zaxxer.hikari.HikariDataSource       : HikariPool-1 - Start completed.
2025-03-09T17:40:16.475+08:00 ERROR 5356 --- [CommentAnalysis] [http-nio-8081-exec-1] o.a.c.c.C.[.[.[/].[dispatcherServlet]    : Servlet.service() for servlet [dispatcherServlet] in context with path [] threw exception [Request processing failed: org.springframework.data.redis.serializer.SerializationException: Cannot serialize] with root cause

java.lang.IllegalArgumentException: DefaultSerializer requires a Serializable payload but received an object of type [com.backend.commentanalysis.entity.dto.ProductInfoDTO]
	at org.springframework.core.serializer.DefaultSerializer.serialize(DefaultSerializer.java:43) ~[spring-core-6.1.13.jar:6.1.13]
	at org.springframework.core.serializer.Serializer.serializeToByteArray(Serializer.java:56) ~[spring-core-6.1.13.jar:6.1.13]
	at org.springframework.core.serializer.support.SerializingConverter.convert(SerializingConverter.java:60) ~[spring-core-6.1.13.jar:6.1.13]
	at org.springframework.core.serializer.support.SerializingConverter.convert(SerializingConverter.java:33) ~[spring-core-6.1.13.jar:6.1.13]
	at org.springframework.data.redis.serializer.JdkSerializationRedisSerializer.serialize(JdkSerializationRedisSerializer.java:95) ~[spring-data-redis-3.3.4.jar:3.3.4]
	at org.springframework.data.redis.serializer.DefaultRedisElementWriter.write(DefaultRedisElementWriter.java:42) ~[spring-data-redis-3.3.4.jar:3.3.4]
	at org.springframework.data.redis.serializer.RedisSerializationContext$SerializationPair.write(RedisSerializationContext.java:292) ~[spring-data-redis-3.3.4.jar:3.3.4]
	at org.springframework.data.redis.cache.RedisCache.serializeCacheValue(RedisCache.java:363) ~[spring-data-redis-3.3.4.jar:3.3.4]
	at org.springframework.data.redis.cache.RedisCache.put(RedisCache.java:224) ~[spring-data-redis-3.3.4.jar:3.3.4]
	at org.springframework.cache.interceptor.AbstractCacheInvoker.doPut(AbstractCacheInvoker.java:87) ~[spring-context-6.1.13.jar:6.1.13]
	at org.springframework.cache.interceptor.CacheAspectSupport$CachePutRequest.performCachePut(CacheAspectSupport.java:1037) ~[spring-context-6.1.13.jar:6.1.13]
	at org.springframework.cache.interceptor.CacheAspectSupport$CachePutRequest.apply(CacheAspectSupport.java:1022) ~[spring-context-6.1.13.jar:6.1.13]
	at org.springframework.cache.interceptor.CacheAspectSupport.evaluate(CacheAspectSupport.java:566) ~[spring-context-6.1.13.jar:6.1.13]
	at org.springframework.cache.interceptor.CacheAspectSupport.execute(CacheAspectSupport.java:433) ~[spring-context-6.1.13.jar:6.1.13]
	at org.springframework.cache.interceptor.CacheAspectSupport.execute(CacheAspectSupport.java:395) ~[spring-context-6.1.13.jar:6.1.13]
	at org.springframework.cache.interceptor.CacheInterceptor.invoke(CacheInterceptor.java:65) ~[spring-context-6.1.13.jar:6.1.13]
	at org.springframework.aop.framework.ReflectiveMethodInvocation.proceed(ReflectiveMethodInvocation.java:184) ~[spring-aop-6.1.13.jar:6.1.13]
	at org.springframework.aop.framework.CglibAopProxy$CglibMethodInvocation.proceed(CglibAopProxy.java:768) ~[spring-aop-6.1.13.jar:6.1.13]
	at org.springframework.aop.framework.CglibAopProxy$DynamicAdvisedInterceptor.intercept(CglibAopProxy.java:720) ~[spring-aop-6.1.13.jar:6.1.13]
	at com.backend.commentanalysis.service.implement.ProductServiceImpl$$SpringCGLIB$$0.getProductInfoByPid(<generated>) ~[classes/:na]
	at com.backend.commentanalysis.controller.ProductController.getProductInfoByPid(ProductController.java:44) ~[classes/:na]
	at java.base/jdk.internal.reflect.DirectMethodHandleAccessor.invoke(DirectMethodHandleAccessor.java:103) ~[na:na]
	at java.base/java.lang.reflect.Method.invoke(Method.java:580) ~[na:na]
	at org.springframework.aop.support.AopUtils.invokeJoinpointUsingReflection(AopUtils.java:355) ~[spring-aop-6.1.13.jar:6.1.13]
	at org.springframework.aop.framework.ReflectiveMethodInvocation.invokeJoinpoint(ReflectiveMethodInvocation.java:196) ~[spring-aop-6.1.13.jar:6.1.13]
	at org.springframework.aop.framework.ReflectiveMethodInvocation.proceed(ReflectiveMethodInvocation.java:163) ~[spring-aop-6.1.13.jar:6.1.13]
	at org.springframework.aop.framework.CglibAopProxy$CglibMethodInvocation.proceed(CglibAopProxy.java:768) ~[spring-aop-6.1.13.jar:6.1.13]
	at org.springframework.validation.beanvalidation.MethodValidationInterceptor.invoke(MethodValidationInterceptor.java:174) ~[spring-context-6.1.13.jar:6.1.13]
	at org.springframework.aop.framework.ReflectiveMethodInvocation.proceed(ReflectiveMethodInvocation.java:184) ~[spring-aop-6.1.13.jar:6.1.13]
	at org.springframework.aop.framework.CglibAopProxy$CglibMethodInvocation.proceed(CglibAopProxy.java:768) ~[spring-aop-6.1.13.jar:6.1.13]
	at org.springframework.aop.framework.CglibAopProxy$DynamicAdvisedInterceptor.intercept(CglibAopProxy.java:720) ~[spring-aop-6.1.13.jar:6.1.13]
	at com.backend.commentanalysis.controller.ProductController$$SpringCGLIB$$0.getProductInfoByPid(<generated>) ~[classes/:na]
	at java.base/jdk.internal.reflect.DirectMethodHandleAccessor.invoke(DirectMethodHandleAccessor.java:103) ~[na:na]
	at java.base/java.lang.reflect.Method.invoke(Method.java:580) ~[na:na]
	at org.springframework.web.method.support.InvocableHandlerMethod.doInvoke(InvocableHandlerMethod.java:255) ~[spring-web-6.1.13.jar:6.1.13]
	at org.springframework.web.method.support.InvocableHandlerMethod.invokeForRequest(InvocableHandlerMethod.java:188) ~[spring-web-6.1.13.jar:6.1.13]
	at org.springframework.web.servlet.mvc.method.annotation.ServletInvocableHandlerMethod.invokeAndHandle(ServletInvocableHandlerMethod.java:118) ~[spring-webmvc-6.1.13.jar:6.1.13]
	at org.springframework.web.servlet.mvc.method.annotation.RequestMappingHandlerAdapter.invokeHandlerMethod(RequestMappingHandlerAdapter.java:926) ~[spring-webmvc-6.1.13.jar:6.1.13]
	at org.springframework.web.servlet.mvc.method.annotation.RequestMappingHandlerAdapter.handleInternal(RequestMappingHandlerAdapter.java:831) ~[spring-webmvc-6.1.13.jar:6.1.13]
	at org.springframework.web.servlet.mvc.method.AbstractHandlerMethodAdapter.handle(AbstractHandlerMethodAdapter.java:87) ~[spring-webmvc-6.1.13.jar:6.1.13]
	at org.springframework.web.servlet.DispatcherServlet.doDispatch(DispatcherServlet.java:1089) ~[spring-webmvc-6.1.13.jar:6.1.13]
	at org.springframework.web.servlet.DispatcherServlet.doService(DispatcherServlet.java:979) ~[spring-webmvc-6.1.13.jar:6.1.13]
	at org.springframework.web.servlet.FrameworkServlet.processRequest(FrameworkServlet.java:1014) ~[spring-webmvc-6.1.13.jar:6.1.13]
	at org.springframework.web.servlet.FrameworkServlet.doGet(FrameworkServlet.java:903) ~[spring-webmvc-6.1.13.jar:6.1.13]
	at jakarta.servlet.http.HttpServlet.service(HttpServlet.java:564) ~[tomcat-embed-core-10.1.30.jar:6.0]
	at org.springframework.web.servlet.FrameworkServlet.service(FrameworkServlet.java:885) ~[spring-webmvc-6.1.13.jar:6.1.13]
	at jakarta.servlet.http.HttpServlet.service(HttpServlet.java:658) ~[tomcat-embed-core-10.1.30.jar:6.0]
	at org.apache.catalina.core.ApplicationFilterChain.internalDoFilter(ApplicationFilterChain.java:195) ~[tomcat-embed-core-10.1.30.jar:10.1.30]
	at org.apache.catalina.core.ApplicationFilterChain.doFilter(ApplicationFilterChain.java:140) ~[tomcat-embed-core-10.1.30.jar:10.1.30]
	at org.apache.tomcat.websocket.server.WsFilter.doFilter(WsFilter.java:51) ~[tomcat-embed-websocket-10.1.30.jar:10.1.30]
	at org.apache.catalina.core.ApplicationFilterChain.internalDoFilter(ApplicationFilterChain.java:164) ~[tomcat-embed-core-10.1.30.jar:10.1.30]
	at org.apache.catalina.core.ApplicationFilterChain.doFilter(ApplicationFilterChain.java:140) ~[tomcat-embed-core-10.1.30.jar:10.1.30]
	at org.springframework.boot.devtools.remote.server.DispatcherFilter.doFilter(DispatcherFilter.java:72) ~[spring-boot-devtools-3.3.4.jar:3.3.4]
	at org.springframework.boot.devtools.remote.server.DispatcherFilter.doFilter(DispatcherFilter.java:60) ~[spring-boot-devtools-3.3.4.jar:3.3.4]
	at org.apache.catalina.core.ApplicationFilterChain.internalDoFilter(ApplicationFilterChain.java:164) ~[tomcat-embed-core-10.1.30.jar:10.1.30]
	at org.apache.catalina.core.ApplicationFilterChain.doFilter(ApplicationFilterChain.java:140) ~[tomcat-embed-core-10.1.30.jar:10.1.30]
	at org.springframework.web.filter.RequestContextFilter.doFilterInternal(RequestContextFilter.java:100) ~[spring-web-6.1.13.jar:6.1.13]
	at org.springframework.web.filter.OncePerRequestFilter.doFilter(OncePerRequestFilter.java:116) ~[spring-web-6.1.13.jar:6.1.13]
	at org.apache.catalina.core.ApplicationFilterChain.internalDoFilter(ApplicationFilterChain.java:164) ~[tomcat-embed-core-10.1.30.jar:10.1.30]
	at org.apache.catalina.core.ApplicationFilterChain.doFilter(ApplicationFilterChain.java:140) ~[tomcat-embed-core-10.1.30.jar:10.1.30]
	at org.springframework.web.filter.FormContentFilter.doFilterInternal(FormContentFilter.java:93) ~[spring-web-6.1.13.jar:6.1.13]
	at org.springframework.web.filter.OncePerRequestFilter.doFilter(OncePerRequestFilter.java:116) ~[spring-web-6.1.13.jar:6.1.13]
	at org.apache.catalina.core.ApplicationFilterChain.internalDoFilter(ApplicationFilterChain.java:164) ~[tomcat-embed-core-10.1.30.jar:10.1.30]
	at org.apache.catalina.core.ApplicationFilterChain.doFilter(ApplicationFilterChain.java:140) ~[tomcat-embed-core-10.1.30.jar:10.1.30]
	at org.springframework.web.filter.CharacterEncodingFilter.doFilterInternal(CharacterEncodingFilter.java:201) ~[spring-web-6.1.13.jar:6.1.13]
	at org.springframework.web.filter.OncePerRequestFilter.doFilter(OncePerRequestFilter.java:116) ~[spring-web-6.1.13.jar:6.1.13]
	at org.apache.catalina.core.ApplicationFilterChain.internalDoFilter(ApplicationFilterChain.java:164) ~[tomcat-embed-core-10.1.30.jar:10.1.30]
	at org.apache.catalina.core.ApplicationFilterChain.doFilter(ApplicationFilterChain.java:140) ~[tomcat-embed-core-10.1.30.jar:10.1.30]
	at org.apache.catalina.core.StandardWrapperValve.invoke(StandardWrapperValve.java:167) ~[tomcat-embed-core-10.1.30.jar:10.1.30]
	at org.apache.catalina.core.StandardContextValve.invoke(StandardContextValve.java:90) ~[tomcat-embed-core-10.1.30.jar:10.1.30]
	at org.apache.catalina.authenticator.AuthenticatorBase.invoke(AuthenticatorBase.java:483) ~[tomcat-embed-core-10.1.30.jar:10.1.30]
	at org.apache.catalina.core.StandardHostValve.invoke(StandardHostValve.java:115) ~[tomcat-embed-core-10.1.30.jar:10.1.30]
	at org.apache.catalina.valves.ErrorReportValve.invoke(ErrorReportValve.java:93) ~[tomcat-embed-core-10.1.30.jar:10.1.30]
	at org.apache.catalina.core.StandardEngineValve.invoke(StandardEngineValve.java:74) ~[tomcat-embed-core-10.1.30.jar:10.1.30]
	at org.apache.catalina.connector.CoyoteAdapter.service(CoyoteAdapter.java:344) ~[tomcat-embed-core-10.1.30.jar:10.1.30]
	at org.apache.coyote.http11.Http11Processor.service(Http11Processor.java:384) ~[tomcat-embed-core-10.1.30.jar:10.1.30]
	at org.apache.coyote.AbstractProcessorLight.process(AbstractProcessorLight.java:63) ~[tomcat-embed-core-10.1.30.jar:10.1.30]
	at org.apache.coyote.AbstractProtocol$ConnectionHandler.process(AbstractProtocol.java:905) ~[tomcat-embed-core-10.1.30.jar:10.1.30]
	at org.apache.tomcat.util.net.NioEndpoint$SocketProcessor.doRun(NioEndpoint.java:1741) ~[tomcat-embed-core-10.1.30.jar:10.1.30]
	at org.apache.tomcat.util.net.SocketProcessorBase.run(SocketProcessorBase.java:52) ~[tomcat-embed-core-10.1.30.jar:10.1.30]
	at org.apache.tomcat.util.threads.ThreadPoolExecutor.runWorker(ThreadPoolExecutor.java:1190) ~[tomcat-embed-core-10.1.30.jar:10.1.30]
	at org.apache.tomcat.util.threads.ThreadPoolExecutor$Worker.run(ThreadPoolExecutor.java:659) ~[tomcat-embed-core-10.1.30.jar:10.1.30]
	at org.apache.tomcat.util.threads.TaskThread$WrappingRunnable.run(TaskThread.java:63) ~[tomcat-embed-core-10.1.30.jar:10.1.30]
	at java.base/java.lang.Thread.run(Thread.java:1570) ~[na:na]

2025-03-09T17:42:52.419+08:00  INFO 5356 --- [CommentAnalysis] [SpringApplicationShutdownHook] o.neo4j.driver.internal.InternalDriver   : Closing driver instance 2029056578
2025-03-09T17:42:52.638+08:00  INFO 5356 --- [CommentAnalysis] [SpringApplicationShutdownHook] com.zaxxer.hikari.HikariDataSource       : HikariPool-1 - Shutdown initiated...
2025-03-09T17:42:52.644+08:00  INFO 5356 --- [CommentAnalysis] [SpringApplicationShutdownHook] com.zaxxer.hikari.HikariDataSource       : HikariPool-1 - Shutdown completed.
2025-03-09T17:42:58.310+08:00  INFO 20376 --- [CommentAnalysis] [restartedMain] c.b.c.CommentAnalysisApplication         : Starting CommentAnalysisApplication using Java 22.0.1 with PID 20376 (E:\Comment Analysis Git\User-fine-grained-sentiment-analysis-and-visualization-system\BackEnd\CommentAnalysis\target\classes started by thunder lee in E:\Comment Analysis Git\User-fine-grained-sentiment-analysis-and-visualization-system\BackEnd)
2025-03-09T17:42:58.312+08:00  INFO 20376 --- [CommentAnalysis] [restartedMain] c.b.c.CommentAnalysisApplication         : No active profile set, falling back to 1 default profile: "default"
2025-03-09T17:42:58.404+08:00  INFO 20376 --- [CommentAnalysis] [restartedMain] o.s.b.devtools.restart.ChangeableUrls    : The Class-Path manifest attribute in E:\apache-maven-3.9.8-bin\maven-repository\com\oracle\database\jdbc\ojdbc11\21.9.0.0\ojdbc11-21.9.0.0.jar referenced one or more files that do not exist: file:/E:/apache-maven-3.9.8-bin/maven-repository/com/oracle/database/jdbc/ojdbc11/21.9.0.0/oraclepki.jar
2025-03-09T17:42:58.404+08:00  INFO 20376 --- [CommentAnalysis] [restartedMain] .e.DevToolsPropertyDefaultsPostProcessor : Devtools property defaults active! Set 'spring.devtools.add-properties' to 'false' to disable
2025-03-09T17:42:58.405+08:00  INFO 20376 --- [CommentAnalysis] [restartedMain] .e.DevToolsPropertyDefaultsPostProcessor : For additional web related logging consider setting the 'logging.level.web' property to 'DEBUG'
2025-03-09T17:42:59.073+08:00  INFO 20376 --- [CommentAnalysis] [restartedMain] .s.d.r.c.RepositoryConfigurationDelegate : Multiple Spring Data modules found, entering strict repository configuration mode
2025-03-09T17:42:59.073+08:00  INFO 20376 --- [CommentAnalysis] [restartedMain] .s.d.r.c.RepositoryConfigurationDelegate : Bootstrapping Spring Data Neo4j repositories in DEFAULT mode.
2025-03-09T17:42:59.173+08:00  INFO 20376 --- [CommentAnalysis] [restartedMain] .s.d.r.c.RepositoryConfigurationDelegate : Finished Spring Data repository scanning in 96 ms. Found 1 Neo4j repository interface.
2025-03-09T17:42:59.395+08:00  INFO 20376 --- [CommentAnalysis] [restartedMain] .s.d.r.c.RepositoryConfigurationDelegate : Multiple Spring Data modules found, entering strict repository configuration mode
2025-03-09T17:42:59.395+08:00  INFO 20376 --- [CommentAnalysis] [restartedMain] .s.d.r.c.RepositoryConfigurationDelegate : Bootstrapping Spring Data Neo4j repositories in DEFAULT mode.
2025-03-09T17:42:59.417+08:00  INFO 20376 --- [CommentAnalysis] [restartedMain] .s.d.r.c.RepositoryConfigurationDelegate : Finished Spring Data repository scanning in 21 ms. Found 0 Neo4j repository interfaces.
2025-03-09T17:42:59.427+08:00  INFO 20376 --- [CommentAnalysis] [restartedMain] .s.d.r.c.RepositoryConfigurationDelegate : Multiple Spring Data modules found, entering strict repository configuration mode
2025-03-09T17:42:59.428+08:00  INFO 20376 --- [CommentAnalysis] [restartedMain] .s.d.r.c.RepositoryConfigurationDelegate : Bootstrapping Spring Data Redis repositories in DEFAULT mode.
2025-03-09T17:42:59.447+08:00  INFO 20376 --- [CommentAnalysis] [restartedMain] .RepositoryConfigurationExtensionSupport : Spring Data Redis - Could not safely identify store assignment for repository candidate interface com.backend.commentanalysis.repository.ProductRepository; If you want this repository to be a Redis repository, consider annotating your entities with one of these annotations: org.springframework.data.redis.core.RedisHash (preferred), or consider extending one of the following types with your repository: org.springframework.data.keyvalue.repository.KeyValueRepository
2025-03-09T17:42:59.448+08:00  INFO 20376 --- [CommentAnalysis] [restartedMain] .s.d.r.c.RepositoryConfigurationDelegate : Finished Spring Data repository scanning in 12 ms. Found 0 Redis repository interfaces.
2025-03-09T17:43:00.228+08:00  INFO 20376 --- [CommentAnalysis] [restartedMain] o.s.b.w.embedded.tomcat.TomcatWebServer  : Tomcat initialized with port 8081 (http)
2025-03-09T17:43:00.241+08:00  INFO 20376 --- [CommentAnalysis] [restartedMain] o.apache.catalina.core.StandardService   : Starting service [Tomcat]
2025-03-09T17:43:00.242+08:00  INFO 20376 --- [CommentAnalysis] [restartedMain] o.apache.catalina.core.StandardEngine    : Starting Servlet engine: [Apache Tomcat/10.1.30]
2025-03-09T17:43:00.297+08:00  INFO 20376 --- [CommentAnalysis] [restartedMain] o.a.c.c.C.[Tomcat].[localhost].[/]       : Initializing Spring embedded WebApplicationContext
2025-03-09T17:43:00.298+08:00  INFO 20376 --- [CommentAnalysis] [restartedMain] w.s.c.ServletWebServerApplicationContext : Root WebApplicationContext: initialization completed in 1893 ms
2025-03-09T17:43:00.316+08:00  WARN 20376 --- [CommentAnalysis] [restartedMain] .s.b.d.a.RemoteDevToolsAutoConfiguration : Listening for remote restart updates on /.~~spring-boot!~/restart
2025-03-09T17:43:00.924+08:00  INFO 20376 --- [CommentAnalysis] [restartedMain] o.neo4j.driver.internal.DriverFactory    : Direct driver instance 2086662479 created for server address localhost:7687
2025-03-09T17:43:01.013+08:00  WARN 20376 --- [CommentAnalysis] [restartedMain] o.s.d.n.c.mapping.Neo4jPersistentEntity  : The entity com.backend.commentanalysis.entity.neo4j.OpinionNeo4j is using a Long value for storing internally generated Neo4j ids. The Neo4j internal Long Ids are deprecated, please consider using an external ID generator.
2025-03-09T17:43:01.050+08:00  INFO 20376 --- [CommentAnalysis] [restartedMain] o.s.b.d.a.OptionalLiveReloadServer       : LiveReload server is running on port 35729
2025-03-09T17:43:01.059+08:00  WARN 20376 --- [CommentAnalysis] [restartedMain] o.s.d.n.c.mapping.Neo4jPersistentEntity  : The entity com.backend.commentanalysis.entity.neo4j.AspectNeo4j is using a Long value for storing internally generated Neo4j ids. The Neo4j internal Long Ids are deprecated, please consider using an external ID generator.
2025-03-09T17:43:01.059+08:00  WARN 20376 --- [CommentAnalysis] [restartedMain] o.s.d.n.c.mapping.Neo4jPersistentEntity  : The entity com.backend.commentanalysis.entity.relation.HasAspect is using a Long value for storing internally generated Neo4j ids. The Neo4j internal Long Ids are deprecated, please consider using an external ID generator.
2025-03-09T17:43:01.064+08:00  WARN 20376 --- [CommentAnalysis] [restartedMain] o.s.d.n.c.mapping.Neo4jPersistentEntity  : The entity com.backend.commentanalysis.entity.relation.HasOpinion is using a Long value for storing internally generated Neo4j ids. The Neo4j internal Long Ids are deprecated, please consider using an external ID generator.
2025-03-09T17:43:01.872+08:00  INFO 20376 --- [CommentAnalysis] [restartedMain] o.s.b.w.embedded.tomcat.TomcatWebServer  : Tomcat started on port 8081 (http) with context path '/'
2025-03-09T17:43:01.880+08:00  INFO 20376 --- [CommentAnalysis] [restartedMain] c.b.c.CommentAnalysisApplication         : Started CommentAnalysisApplication in 4.108 seconds (process running for 4.991)
2025-03-09T17:43:08.378+08:00  INFO 20376 --- [CommentAnalysis] [http-nio-8081-exec-2] o.a.c.c.C.[Tomcat].[localhost].[/]       : Initializing Spring DispatcherServlet 'dispatcherServlet'
2025-03-09T17:43:08.379+08:00  INFO 20376 --- [CommentAnalysis] [http-nio-8081-exec-2] o.s.web.servlet.DispatcherServlet        : Initializing Servlet 'dispatcherServlet'
2025-03-09T17:43:08.380+08:00  INFO 20376 --- [CommentAnalysis] [http-nio-8081-exec-2] o.s.web.servlet.DispatcherServlet        : Completed initialization in 1 ms
2025-03-09T17:43:08.792+08:00  INFO 20376 --- [CommentAnalysis] [http-nio-8081-exec-2] com.zaxxer.hikari.HikariDataSource       : HikariPool-1 - Starting...
2025-03-09T17:43:09.126+08:00  INFO 20376 --- [CommentAnalysis] [http-nio-8081-exec-2] com.zaxxer.hikari.pool.HikariPool        : HikariPool-1 - Added connection com.mysql.cj.jdbc.ConnectionImpl@20dc427c
2025-03-09T17:43:09.128+08:00  INFO 20376 --- [CommentAnalysis] [http-nio-8081-exec-2] com.zaxxer.hikari.HikariDataSource       : HikariPool-1 - Start completed.
2025-03-09T17:43:10.565+08:00 ERROR 20376 --- [CommentAnalysis] [http-nio-8081-exec-3] o.a.c.c.C.[.[.[/].[dispatcherServlet]    : Servlet.service() for servlet [dispatcherServlet] in context with path [] threw exception [Request processing failed: java.lang.ClassCastException: class com.backend.commentanalysis.entity.dto.ProductInfoDTO cannot be cast to class com.backend.commentanalysis.entity.dto.ProductInfoDTO (com.backend.commentanalysis.entity.dto.ProductInfoDTO is in unnamed module of loader 'app'; com.backend.commentanalysis.entity.dto.ProductInfoDTO is in unnamed module of loader org.springframework.boot.devtools.restart.classloader.RestartClassLoader @5b2e7bc1)] with root cause

java.lang.ClassCastException: class com.backend.commentanalysis.entity.dto.ProductInfoDTO cannot be cast to class com.backend.commentanalysis.entity.dto.ProductInfoDTO (com.backend.commentanalysis.entity.dto.ProductInfoDTO is in unnamed module of loader 'app'; com.backend.commentanalysis.entity.dto.ProductInfoDTO is in unnamed module of loader org.springframework.boot.devtools.restart.classloader.RestartClassLoader @5b2e7bc1)
	at com.backend.commentanalysis.service.implement.ProductServiceImpl$$SpringCGLIB$$0.getProductInfoByPid(<generated>) ~[classes/:na]
	at com.backend.commentanalysis.controller.ProductController.getProductInfoByPid(ProductController.java:44) ~[classes/:na]
	at java.base/jdk.internal.reflect.DirectMethodHandleAccessor.invoke(DirectMethodHandleAccessor.java:103) ~[na:na]
	at java.base/java.lang.reflect.Method.invoke(Method.java:580) ~[na:na]
	at org.springframework.aop.support.AopUtils.invokeJoinpointUsingReflection(AopUtils.java:355) ~[spring-aop-6.1.13.jar:6.1.13]
	at org.springframework.aop.framework.ReflectiveMethodInvocation.invokeJoinpoint(ReflectiveMethodInvocation.java:196) ~[spring-aop-6.1.13.jar:6.1.13]
	at org.springframework.aop.framework.ReflectiveMethodInvocation.proceed(ReflectiveMethodInvocation.java:163) ~[spring-aop-6.1.13.jar:6.1.13]
	at org.springframework.aop.framework.CglibAopProxy$CglibMethodInvocation.proceed(CglibAopProxy.java:768) ~[spring-aop-6.1.13.jar:6.1.13]
	at org.springframework.validation.beanvalidation.MethodValidationInterceptor.invoke(MethodValidationInterceptor.java:174) ~[spring-context-6.1.13.jar:6.1.13]
	at org.springframework.aop.framework.ReflectiveMethodInvocation.proceed(ReflectiveMethodInvocation.java:184) ~[spring-aop-6.1.13.jar:6.1.13]
	at org.springframework.aop.framework.CglibAopProxy$CglibMethodInvocation.proceed(CglibAopProxy.java:768) ~[spring-aop-6.1.13.jar:6.1.13]
	at org.springframework.aop.framework.CglibAopProxy$DynamicAdvisedInterceptor.intercept(CglibAopProxy.java:720) ~[spring-aop-6.1.13.jar:6.1.13]
	at com.backend.commentanalysis.controller.ProductController$$SpringCGLIB$$0.getProductInfoByPid(<generated>) ~[classes/:na]
	at java.base/jdk.internal.reflect.DirectMethodHandleAccessor.invoke(DirectMethodHandleAccessor.java:103) ~[na:na]
	at java.base/java.lang.reflect.Method.invoke(Method.java:580) ~[na:na]
	at org.springframework.web.method.support.InvocableHandlerMethod.doInvoke(InvocableHandlerMethod.java:255) ~[spring-web-6.1.13.jar:6.1.13]
	at org.springframework.web.method.support.InvocableHandlerMethod.invokeForRequest(InvocableHandlerMethod.java:188) ~[spring-web-6.1.13.jar:6.1.13]
	at org.springframework.web.servlet.mvc.method.annotation.ServletInvocableHandlerMethod.invokeAndHandle(ServletInvocableHandlerMethod.java:118) ~[spring-webmvc-6.1.13.jar:6.1.13]
	at org.springframework.web.servlet.mvc.method.annotation.RequestMappingHandlerAdapter.invokeHandlerMethod(RequestMappingHandlerAdapter.java:926) ~[spring-webmvc-6.1.13.jar:6.1.13]
	at org.springframework.web.servlet.mvc.method.annotation.RequestMappingHandlerAdapter.handleInternal(RequestMappingHandlerAdapter.java:831) ~[spring-webmvc-6.1.13.jar:6.1.13]
	at org.springframework.web.servlet.mvc.method.AbstractHandlerMethodAdapter.handle(AbstractHandlerMethodAdapter.java:87) ~[spring-webmvc-6.1.13.jar:6.1.13]
	at org.springframework.web.servlet.DispatcherServlet.doDispatch(DispatcherServlet.java:1089) ~[spring-webmvc-6.1.13.jar:6.1.13]
	at org.springframework.web.servlet.DispatcherServlet.doService(DispatcherServlet.java:979) ~[spring-webmvc-6.1.13.jar:6.1.13]
	at org.springframework.web.servlet.FrameworkServlet.processRequest(FrameworkServlet.java:1014) ~[spring-webmvc-6.1.13.jar:6.1.13]
	at org.springframework.web.servlet.FrameworkServlet.doGet(FrameworkServlet.java:903) ~[spring-webmvc-6.1.13.jar:6.1.13]
	at jakarta.servlet.http.HttpServlet.service(HttpServlet.java:564) ~[tomcat-embed-core-10.1.30.jar:6.0]
	at org.springframework.web.servlet.FrameworkServlet.service(FrameworkServlet.java:885) ~[spring-webmvc-6.1.13.jar:6.1.13]
	at jakarta.servlet.http.HttpServlet.service(HttpServlet.java:658) ~[tomcat-embed-core-10.1.30.jar:6.0]
	at org.apache.catalina.core.ApplicationFilterChain.internalDoFilter(ApplicationFilterChain.java:195) ~[tomcat-embed-core-10.1.30.jar:10.1.30]
	at org.apache.catalina.core.ApplicationFilterChain.doFilter(ApplicationFilterChain.java:140) ~[tomcat-embed-core-10.1.30.jar:10.1.30]
	at org.apache.tomcat.websocket.server.WsFilter.doFilter(WsFilter.java:51) ~[tomcat-embed-websocket-10.1.30.jar:10.1.30]
	at org.apache.catalina.core.ApplicationFilterChain.internalDoFilter(ApplicationFilterChain.java:164) ~[tomcat-embed-core-10.1.30.jar:10.1.30]
	at org.apache.catalina.core.ApplicationFilterChain.doFilter(ApplicationFilterChain.java:140) ~[tomcat-embed-core-10.1.30.jar:10.1.30]
	at org.springframework.boot.devtools.remote.server.DispatcherFilter.doFilter(DispatcherFilter.java:72) ~[spring-boot-devtools-3.3.4.jar:3.3.4]
	at org.springframework.boot.devtools.remote.server.DispatcherFilter.doFilter(DispatcherFilter.java:60) ~[spring-boot-devtools-3.3.4.jar:3.3.4]
	at org.apache.catalina.core.ApplicationFilterChain.internalDoFilter(ApplicationFilterChain.java:164) ~[tomcat-embed-core-10.1.30.jar:10.1.30]
	at org.apache.catalina.core.ApplicationFilterChain.doFilter(ApplicationFilterChain.java:140) ~[tomcat-embed-core-10.1.30.jar:10.1.30]
	at org.springframework.web.filter.RequestContextFilter.doFilterInternal(RequestContextFilter.java:100) ~[spring-web-6.1.13.jar:6.1.13]
	at org.springframework.web.filter.OncePerRequestFilter.doFilter(OncePerRequestFilter.java:116) ~[spring-web-6.1.13.jar:6.1.13]
	at org.apache.catalina.core.ApplicationFilterChain.internalDoFilter(ApplicationFilterChain.java:164) ~[tomcat-embed-core-10.1.30.jar:10.1.30]
	at org.apache.catalina.core.ApplicationFilterChain.doFilter(ApplicationFilterChain.java:140) ~[tomcat-embed-core-10.1.30.jar:10.1.30]
	at org.springframework.web.filter.FormContentFilter.doFilterInternal(FormContentFilter.java:93) ~[spring-web-6.1.13.jar:6.1.13]
	at org.springframework.web.filter.OncePerRequestFilter.doFilter(OncePerRequestFilter.java:116) ~[spring-web-6.1.13.jar:6.1.13]
	at org.apache.catalina.core.ApplicationFilterChain.internalDoFilter(ApplicationFilterChain.java:164) ~[tomcat-embed-core-10.1.30.jar:10.1.30]
	at org.apache.catalina.core.ApplicationFilterChain.doFilter(ApplicationFilterChain.java:140) ~[tomcat-embed-core-10.1.30.jar:10.1.30]
	at org.springframework.web.filter.CharacterEncodingFilter.doFilterInternal(CharacterEncodingFilter.java:201) ~[spring-web-6.1.13.jar:6.1.13]
	at org.springframework.web.filter.OncePerRequestFilter.doFilter(OncePerRequestFilter.java:116) ~[spring-web-6.1.13.jar:6.1.13]
	at org.apache.catalina.core.ApplicationFilterChain.internalDoFilter(ApplicationFilterChain.java:164) ~[tomcat-embed-core-10.1.30.jar:10.1.30]
	at org.apache.catalina.core.ApplicationFilterChain.doFilter(ApplicationFilterChain.java:140) ~[tomcat-embed-core-10.1.30.jar:10.1.30]
	at org.apache.catalina.core.StandardWrapperValve.invoke(StandardWrapperValve.java:167) ~[tomcat-embed-core-10.1.30.jar:10.1.30]
	at org.apache.catalina.core.StandardContextValve.invoke(StandardContextValve.java:90) ~[tomcat-embed-core-10.1.30.jar:10.1.30]
	at org.apache.catalina.authenticator.AuthenticatorBase.invoke(AuthenticatorBase.java:483) ~[tomcat-embed-core-10.1.30.jar:10.1.30]
	at org.apache.catalina.core.StandardHostValve.invoke(StandardHostValve.java:115) ~[tomcat-embed-core-10.1.30.jar:10.1.30]
	at org.apache.catalina.valves.ErrorReportValve.invoke(ErrorReportValve.java:93) ~[tomcat-embed-core-10.1.30.jar:10.1.30]
	at org.apache.catalina.core.StandardEngineValve.invoke(StandardEngineValve.java:74) ~[tomcat-embed-core-10.1.30.jar:10.1.30]
	at org.apache.catalina.connector.CoyoteAdapter.service(CoyoteAdapter.java:344) ~[tomcat-embed-core-10.1.30.jar:10.1.30]
	at org.apache.coyote.http11.Http11Processor.service(Http11Processor.java:384) ~[tomcat-embed-core-10.1.30.jar:10.1.30]
	at org.apache.coyote.AbstractProcessorLight.process(AbstractProcessorLight.java:63) ~[tomcat-embed-core-10.1.30.jar:10.1.30]
	at org.apache.coyote.AbstractProtocol$ConnectionHandler.process(AbstractProtocol.java:905) ~[tomcat-embed-core-10.1.30.jar:10.1.30]
	at org.apache.tomcat.util.net.NioEndpoint$SocketProcessor.doRun(NioEndpoint.java:1741) ~[tomcat-embed-core-10.1.30.jar:10.1.30]
	at org.apache.tomcat.util.net.SocketProcessorBase.run(SocketProcessorBase.java:52) ~[tomcat-embed-core-10.1.30.jar:10.1.30]
	at org.apache.tomcat.util.threads.ThreadPoolExecutor.runWorker(ThreadPoolExecutor.java:1190) ~[tomcat-embed-core-10.1.30.jar:10.1.30]
	at org.apache.tomcat.util.threads.ThreadPoolExecutor$Worker.run(ThreadPoolExecutor.java:659) ~[tomcat-embed-core-10.1.30.jar:10.1.30]
	at org.apache.tomcat.util.threads.TaskThread$WrappingRunnable.run(TaskThread.java:63) ~[tomcat-embed-core-10.1.30.jar:10.1.30]
	at java.base/java.lang.Thread.run(Thread.java:1570) ~[na:na]

2025-03-09T17:43:24.997+08:00  WARN 20376 --- [CommentAnalysis] [http-nio-8081-exec-6] .m.m.a.ExceptionHandlerExceptionResolver : Resolved [TokenException(code=401)]
2025-03-09T17:44:31.518+08:00  INFO 20376 --- [CommentAnalysis] [SpringApplicationShutdownHook] o.neo4j.driver.internal.InternalDriver   : Closing driver instance 2086662479
2025-03-09T17:44:31.740+08:00  INFO 20376 --- [CommentAnalysis] [SpringApplicationShutdownHook] com.zaxxer.hikari.HikariDataSource       : HikariPool-1 - Shutdown initiated...
2025-03-09T17:44:31.749+08:00  INFO 20376 --- [CommentAnalysis] [SpringApplicationShutdownHook] com.zaxxer.hikari.HikariDataSource       : HikariPool-1 - Shutdown completed.
2025-03-09T17:44:41.351+08:00  INFO 9332 --- [CommentAnalysis] [restartedMain] c.b.c.CommentAnalysisApplication         : Starting CommentAnalysisApplication using Java 22.0.1 with PID 9332 (E:\Comment Analysis Git\User-fine-grained-sentiment-analysis-and-visualization-system\BackEnd\CommentAnalysis\target\classes started by thunder lee in E:\Comment Analysis Git\User-fine-grained-sentiment-analysis-and-visualization-system\BackEnd)
2025-03-09T17:44:41.354+08:00  INFO 9332 --- [CommentAnalysis] [restartedMain] c.b.c.CommentAnalysisApplication         : No active profile set, falling back to 1 default profile: "default"
2025-03-09T17:44:41.469+08:00  INFO 9332 --- [CommentAnalysis] [restartedMain] o.s.b.devtools.restart.ChangeableUrls    : The Class-Path manifest attribute in E:\apache-maven-3.9.8-bin\maven-repository\com\oracle\database\jdbc\ojdbc11\21.9.0.0\ojdbc11-21.9.0.0.jar referenced one or more files that do not exist: file:/E:/apache-maven-3.9.8-bin/maven-repository/com/oracle/database/jdbc/ojdbc11/21.9.0.0/oraclepki.jar
2025-03-09T17:44:41.469+08:00  INFO 9332 --- [CommentAnalysis] [restartedMain] .e.DevToolsPropertyDefaultsPostProcessor : Devtools property defaults active! Set 'spring.devtools.add-properties' to 'false' to disable
2025-03-09T17:44:41.469+08:00  INFO 9332 --- [CommentAnalysis] [restartedMain] .e.DevToolsPropertyDefaultsPostProcessor : For additional web related logging consider setting the 'logging.level.web' property to 'DEBUG'
2025-03-09T17:44:42.384+08:00  INFO 9332 --- [CommentAnalysis] [restartedMain] .s.d.r.c.RepositoryConfigurationDelegate : Multiple Spring Data modules found, entering strict repository configuration mode
2025-03-09T17:44:42.385+08:00  INFO 9332 --- [CommentAnalysis] [restartedMain] .s.d.r.c.RepositoryConfigurationDelegate : Bootstrapping Spring Data Neo4j repositories in DEFAULT mode.
2025-03-09T17:44:42.538+08:00  INFO 9332 --- [CommentAnalysis] [restartedMain] .s.d.r.c.RepositoryConfigurationDelegate : Finished Spring Data repository scanning in 146 ms. Found 1 Neo4j repository interface.
2025-03-09T17:44:42.888+08:00  INFO 9332 --- [CommentAnalysis] [restartedMain] .s.d.r.c.RepositoryConfigurationDelegate : Multiple Spring Data modules found, entering strict repository configuration mode
2025-03-09T17:44:42.889+08:00  INFO 9332 --- [CommentAnalysis] [restartedMain] .s.d.r.c.RepositoryConfigurationDelegate : Bootstrapping Spring Data Neo4j repositories in DEFAULT mode.
2025-03-09T17:44:42.917+08:00  INFO 9332 --- [CommentAnalysis] [restartedMain] .s.d.r.c.RepositoryConfigurationDelegate : Finished Spring Data repository scanning in 26 ms. Found 0 Neo4j repository interfaces.
2025-03-09T17:44:42.930+08:00  INFO 9332 --- [CommentAnalysis] [restartedMain] .s.d.r.c.RepositoryConfigurationDelegate : Multiple Spring Data modules found, entering strict repository configuration mode
2025-03-09T17:44:42.932+08:00  INFO 9332 --- [CommentAnalysis] [restartedMain] .s.d.r.c.RepositoryConfigurationDelegate : Bootstrapping Spring Data Redis repositories in DEFAULT mode.
2025-03-09T17:44:42.955+08:00  INFO 9332 --- [CommentAnalysis] [restartedMain] .RepositoryConfigurationExtensionSupport : Spring Data Redis - Could not safely identify store assignment for repository candidate interface com.backend.commentanalysis.repository.ProductRepository; If you want this repository to be a Redis repository, consider annotating your entities with one of these annotations: org.springframework.data.redis.core.RedisHash (preferred), or consider extending one of the following types with your repository: org.springframework.data.keyvalue.repository.KeyValueRepository
2025-03-09T17:44:42.956+08:00  INFO 9332 --- [CommentAnalysis] [restartedMain] .s.d.r.c.RepositoryConfigurationDelegate : Finished Spring Data repository scanning in 15 ms. Found 0 Redis repository interfaces.
2025-03-09T17:44:43.950+08:00  INFO 9332 --- [CommentAnalysis] [restartedMain] o.s.b.w.embedded.tomcat.TomcatWebServer  : Tomcat initialized with port 8081 (http)
2025-03-09T17:44:43.970+08:00  INFO 9332 --- [CommentAnalysis] [restartedMain] o.apache.catalina.core.StandardService   : Starting service [Tomcat]
2025-03-09T17:44:43.970+08:00  INFO 9332 --- [CommentAnalysis] [restartedMain] o.apache.catalina.core.StandardEngine    : Starting Servlet engine: [Apache Tomcat/10.1.30]
2025-03-09T17:44:44.047+08:00  INFO 9332 --- [CommentAnalysis] [restartedMain] o.a.c.c.C.[Tomcat].[localhost].[/]       : Initializing Spring embedded WebApplicationContext
2025-03-09T17:44:44.048+08:00  INFO 9332 --- [CommentAnalysis] [restartedMain] w.s.c.ServletWebServerApplicationContext : Root WebApplicationContext: initialization completed in 2578 ms
2025-03-09T17:44:44.077+08:00  WARN 9332 --- [CommentAnalysis] [restartedMain] .s.b.d.a.RemoteDevToolsAutoConfiguration : Listening for remote restart updates on /.~~spring-boot!~/restart
2025-03-09T17:44:44.652+08:00  WARN 9332 --- [CommentAnalysis] [restartedMain] ConfigServletWebServerApplicationContext : Exception encountered during context initialization - cancelling refresh attempt: org.springframework.beans.factory.UnsatisfiedDependencyException: Error creating bean with name 'webConfig': Unsatisfied dependency expressed through field 'myJwtInterceptor': Error creating bean with name 'JWTInterceptor': Unsatisfied dependency expressed through field 'userService': Error creating bean with name 'userServiceImpl': Unsatisfied dependency expressed through field 'userMapper': Error creating bean with name 'userMapper' defined in file [E:\Comment Analysis Git\User-fine-grained-sentiment-analysis-and-visualization-system\BackEnd\CommentAnalysis\target\classes\com\backend\commentanalysis\mapper\UserMapper.class]: Unsatisfied dependency expressed through bean property 'sqlSessionFactory': Error creating bean with name 'sqlSessionFactory' defined in class path resource [org/mybatis/spring/boot/autoconfigure/MybatisAutoConfiguration.class]: Failed to instantiate [org.apache.ibatis.session.SqlSessionFactory]: Factory method 'sqlSessionFactory' threw exception with message: The alias 'ProductInfoDTO' is already mapped to the value 'com.backend.commentanalysis.entity.dto.ProductInfoDTO'.
2025-03-09T17:44:44.670+08:00  INFO 9332 --- [CommentAnalysis] [restartedMain] o.apache.catalina.core.StandardService   : Stopping service [Tomcat]
2025-03-09T17:44:44.742+08:00  INFO 9332 --- [CommentAnalysis] [restartedMain] .s.b.a.l.ConditionEvaluationReportLogger : 

Error starting ApplicationContext. To display the condition evaluation report re-run your application with 'debug' enabled.
2025-03-09T17:44:44.775+08:00 ERROR 9332 --- [CommentAnalysis] [restartedMain] o.s.boot.SpringApplication               : Application run failed

org.springframework.beans.factory.UnsatisfiedDependencyException: Error creating bean with name 'webConfig': Unsatisfied dependency expressed through field 'myJwtInterceptor': Error creating bean with name 'JWTInterceptor': Unsatisfied dependency expressed through field 'userService': Error creating bean with name 'userServiceImpl': Unsatisfied dependency expressed through field 'userMapper': Error creating bean with name 'userMapper' defined in file [E:\Comment Analysis Git\User-fine-grained-sentiment-analysis-and-visualization-system\BackEnd\CommentAnalysis\target\classes\com\backend\commentanalysis\mapper\UserMapper.class]: Unsatisfied dependency expressed through bean property 'sqlSessionFactory': Error creating bean with name 'sqlSessionFactory' defined in class path resource [org/mybatis/spring/boot/autoconfigure/MybatisAutoConfiguration.class]: Failed to instantiate [org.apache.ibatis.session.SqlSessionFactory]: Factory method 'sqlSessionFactory' threw exception with message: The alias 'ProductInfoDTO' is already mapped to the value 'com.backend.commentanalysis.entity.dto.ProductInfoDTO'.
	at org.springframework.beans.factory.annotation.AutowiredAnnotationBeanPostProcessor$AutowiredFieldElement.resolveFieldValue(AutowiredAnnotationBeanPostProcessor.java:788) ~[spring-beans-6.1.13.jar:6.1.13]
	at org.springframework.beans.factory.annotation.AutowiredAnnotationBeanPostProcessor$AutowiredFieldElement.inject(AutowiredAnnotationBeanPostProcessor.java:768) ~[spring-beans-6.1.13.jar:6.1.13]
	at org.springframework.beans.factory.annotation.InjectionMetadata.inject(InjectionMetadata.java:145) ~[spring-beans-6.1.13.jar:6.1.13]
	at org.springframework.beans.factory.annotation.AutowiredAnnotationBeanPostProcessor.postProcessProperties(AutowiredAnnotationBeanPostProcessor.java:509) ~[spring-beans-6.1.13.jar:6.1.13]
	at org.springframework.beans.factory.support.AbstractAutowireCapableBeanFactory.populateBean(AbstractAutowireCapableBeanFactory.java:1439) ~[spring-beans-6.1.13.jar:6.1.13]
	at org.springframework.beans.factory.support.AbstractAutowireCapableBeanFactory.doCreateBean(AbstractAutowireCapableBeanFactory.java:599) ~[spring-beans-6.1.13.jar:6.1.13]
	at org.springframework.beans.factory.support.AbstractAutowireCapableBeanFactory.createBean(AbstractAutowireCapableBeanFactory.java:522) ~[spring-beans-6.1.13.jar:6.1.13]
	at org.springframework.beans.factory.support.AbstractBeanFactory.lambda$doGetBean$0(AbstractBeanFactory.java:337) ~[spring-beans-6.1.13.jar:6.1.13]
	at org.springframework.beans.factory.support.DefaultSingletonBeanRegistry.getSingleton(DefaultSingletonBeanRegistry.java:234) ~[spring-beans-6.1.13.jar:6.1.13]
	at org.springframework.beans.factory.support.AbstractBeanFactory.doGetBean(AbstractBeanFactory.java:335) ~[spring-beans-6.1.13.jar:6.1.13]
	at org.springframework.beans.factory.support.AbstractBeanFactory.getBean(AbstractBeanFactory.java:200) ~[spring-beans-6.1.13.jar:6.1.13]
	at org.springframework.beans.factory.support.DefaultListableBeanFactory.preInstantiateSingletons(DefaultListableBeanFactory.java:975) ~[spring-beans-6.1.13.jar:6.1.13]
	at org.springframework.context.support.AbstractApplicationContext.finishBeanFactoryInitialization(AbstractApplicationContext.java:971) ~[spring-context-6.1.13.jar:6.1.13]
	at org.springframework.context.support.AbstractApplicationContext.refresh(AbstractApplicationContext.java:625) ~[spring-context-6.1.13.jar:6.1.13]
	at org.springframework.boot.web.servlet.context.ServletWebServerApplicationContext.refresh(ServletWebServerApplicationContext.java:146) ~[spring-boot-3.3.4.jar:3.3.4]
	at org.springframework.boot.SpringApplication.refresh(SpringApplication.java:754) ~[spring-boot-3.3.4.jar:3.3.4]
	at org.springframework.boot.SpringApplication.refreshContext(SpringApplication.java:456) ~[spring-boot-3.3.4.jar:3.3.4]
	at org.springframework.boot.SpringApplication.run(SpringApplication.java:335) ~[spring-boot-3.3.4.jar:3.3.4]
	at org.springframework.boot.SpringApplication.run(SpringApplication.java:1363) ~[spring-boot-3.3.4.jar:3.3.4]
	at org.springframework.boot.SpringApplication.run(SpringApplication.java:1352) ~[spring-boot-3.3.4.jar:3.3.4]
	at com.backend.commentanalysis.CommentAnalysisApplication.main(CommentAnalysisApplication.java:16) ~[classes/:na]
	at java.base/jdk.internal.reflect.DirectMethodHandleAccessor.invoke(DirectMethodHandleAccessor.java:103) ~[na:na]
	at java.base/java.lang.reflect.Method.invoke(Method.java:580) ~[na:na]
	at org.springframework.boot.devtools.restart.RestartLauncher.run(RestartLauncher.java:50) ~[spring-boot-devtools-3.3.4.jar:3.3.4]
Caused by: org.springframework.beans.factory.UnsatisfiedDependencyException: Error creating bean with name 'JWTInterceptor': Unsatisfied dependency expressed through field 'userService': Error creating bean with name 'userServiceImpl': Unsatisfied dependency expressed through field 'userMapper': Error creating bean with name 'userMapper' defined in file [E:\Comment Analysis Git\User-fine-grained-sentiment-analysis-and-visualization-system\BackEnd\CommentAnalysis\target\classes\com\backend\commentanalysis\mapper\UserMapper.class]: Unsatisfied dependency expressed through bean property 'sqlSessionFactory': Error creating bean with name 'sqlSessionFactory' defined in class path resource [org/mybatis/spring/boot/autoconfigure/MybatisAutoConfiguration.class]: Failed to instantiate [org.apache.ibatis.session.SqlSessionFactory]: Factory method 'sqlSessionFactory' threw exception with message: The alias 'ProductInfoDTO' is already mapped to the value 'com.backend.commentanalysis.entity.dto.ProductInfoDTO'.
	at org.springframework.beans.factory.annotation.AutowiredAnnotationBeanPostProcessor$AutowiredFieldElement.resolveFieldValue(AutowiredAnnotationBeanPostProcessor.java:788) ~[spring-beans-6.1.13.jar:6.1.13]
	at org.springframework.beans.factory.annotation.AutowiredAnnotationBeanPostProcessor$AutowiredFieldElement.inject(AutowiredAnnotationBeanPostProcessor.java:768) ~[spring-beans-6.1.13.jar:6.1.13]
	at org.springframework.beans.factory.annotation.InjectionMetadata.inject(InjectionMetadata.java:145) ~[spring-beans-6.1.13.jar:6.1.13]
	at org.springframework.beans.factory.annotation.AutowiredAnnotationBeanPostProcessor.postProcessProperties(AutowiredAnnotationBeanPostProcessor.java:509) ~[spring-beans-6.1.13.jar:6.1.13]
	at org.springframework.beans.factory.support.AbstractAutowireCapableBeanFactory.populateBean(AbstractAutowireCapableBeanFactory.java:1439) ~[spring-beans-6.1.13.jar:6.1.13]
	at org.springframework.beans.factory.support.AbstractAutowireCapableBeanFactory.doCreateBean(AbstractAutowireCapableBeanFactory.java:599) ~[spring-beans-6.1.13.jar:6.1.13]
	at org.springframework.beans.factory.support.AbstractAutowireCapableBeanFactory.createBean(AbstractAutowireCapableBeanFactory.java:522) ~[spring-beans-6.1.13.jar:6.1.13]
	at org.springframework.beans.factory.support.AbstractBeanFactory.lambda$doGetBean$0(AbstractBeanFactory.java:337) ~[spring-beans-6.1.13.jar:6.1.13]
	at org.springframework.beans.factory.support.DefaultSingletonBeanRegistry.getSingleton(DefaultSingletonBeanRegistry.java:234) ~[spring-beans-6.1.13.jar:6.1.13]
	at org.springframework.beans.factory.support.AbstractBeanFactory.doGetBean(AbstractBeanFactory.java:335) ~[spring-beans-6.1.13.jar:6.1.13]
	at org.springframework.beans.factory.support.AbstractBeanFactory.getBean(AbstractBeanFactory.java:200) ~[spring-beans-6.1.13.jar:6.1.13]
	at org.springframework.beans.factory.config.DependencyDescriptor.resolveCandidate(DependencyDescriptor.java:254) ~[spring-beans-6.1.13.jar:6.1.13]
	at org.springframework.beans.factory.support.DefaultListableBeanFactory.doResolveDependency(DefaultListableBeanFactory.java:1443) ~[spring-beans-6.1.13.jar:6.1.13]
	at org.springframework.beans.factory.support.DefaultListableBeanFactory.resolveDependency(DefaultListableBeanFactory.java:1353) ~[spring-beans-6.1.13.jar:6.1.13]
	at org.springframework.beans.factory.annotation.AutowiredAnnotationBeanPostProcessor$AutowiredFieldElement.resolveFieldValue(AutowiredAnnotationBeanPostProcessor.java:785) ~[spring-beans-6.1.13.jar:6.1.13]
	... 23 common frames omitted
Caused by: org.springframework.beans.factory.UnsatisfiedDependencyException: Error creating bean with name 'userServiceImpl': Unsatisfied dependency expressed through field 'userMapper': Error creating bean with name 'userMapper' defined in file [E:\Comment Analysis Git\User-fine-grained-sentiment-analysis-and-visualization-system\BackEnd\CommentAnalysis\target\classes\com\backend\commentanalysis\mapper\UserMapper.class]: Unsatisfied dependency expressed through bean property 'sqlSessionFactory': Error creating bean with name 'sqlSessionFactory' defined in class path resource [org/mybatis/spring/boot/autoconfigure/MybatisAutoConfiguration.class]: Failed to instantiate [org.apache.ibatis.session.SqlSessionFactory]: Factory method 'sqlSessionFactory' threw exception with message: The alias 'ProductInfoDTO' is already mapped to the value 'com.backend.commentanalysis.entity.dto.ProductInfoDTO'.
	at org.springframework.beans.factory.annotation.AutowiredAnnotationBeanPostProcessor$AutowiredFieldElement.resolveFieldValue(AutowiredAnnotationBeanPostProcessor.java:788) ~[spring-beans-6.1.13.jar:6.1.13]
	at org.springframework.beans.factory.annotation.AutowiredAnnotationBeanPostProcessor$AutowiredFieldElement.inject(AutowiredAnnotationBeanPostProcessor.java:768) ~[spring-beans-6.1.13.jar:6.1.13]
	at org.springframework.beans.factory.annotation.InjectionMetadata.inject(InjectionMetadata.java:145) ~[spring-beans-6.1.13.jar:6.1.13]
	at org.springframework.beans.factory.annotation.AutowiredAnnotationBeanPostProcessor.postProcessProperties(AutowiredAnnotationBeanPostProcessor.java:509) ~[spring-beans-6.1.13.jar:6.1.13]
	at org.springframework.beans.factory.support.AbstractAutowireCapableBeanFactory.populateBean(AbstractAutowireCapableBeanFactory.java:1439) ~[spring-beans-6.1.13.jar:6.1.13]
	at org.springframework.beans.factory.support.AbstractAutowireCapableBeanFactory.doCreateBean(AbstractAutowireCapableBeanFactory.java:599) ~[spring-beans-6.1.13.jar:6.1.13]
	at org.springframework.beans.factory.support.AbstractAutowireCapableBeanFactory.createBean(AbstractAutowireCapableBeanFactory.java:522) ~[spring-beans-6.1.13.jar:6.1.13]
	at org.springframework.beans.factory.support.AbstractBeanFactory.lambda$doGetBean$0(AbstractBeanFactory.java:337) ~[spring-beans-6.1.13.jar:6.1.13]
	at org.springframework.beans.factory.support.DefaultSingletonBeanRegistry.getSingleton(DefaultSingletonBeanRegistry.java:234) ~[spring-beans-6.1.13.jar:6.1.13]
	at org.springframework.beans.factory.support.AbstractBeanFactory.doGetBean(AbstractBeanFactory.java:335) ~[spring-beans-6.1.13.jar:6.1.13]
	at org.springframework.beans.factory.support.AbstractBeanFactory.getBean(AbstractBeanFactory.java:200) ~[spring-beans-6.1.13.jar:6.1.13]
	at org.springframework.beans.factory.config.DependencyDescriptor.resolveCandidate(DependencyDescriptor.java:254) ~[spring-beans-6.1.13.jar:6.1.13]
	at org.springframework.beans.factory.support.DefaultListableBeanFactory.doResolveDependency(DefaultListableBeanFactory.java:1443) ~[spring-beans-6.1.13.jar:6.1.13]
	at org.springframework.beans.factory.support.DefaultListableBeanFactory.resolveDependency(DefaultListableBeanFactory.java:1353) ~[spring-beans-6.1.13.jar:6.1.13]
	at org.springframework.beans.factory.annotation.AutowiredAnnotationBeanPostProcessor$AutowiredFieldElement.resolveFieldValue(AutowiredAnnotationBeanPostProcessor.java:785) ~[spring-beans-6.1.13.jar:6.1.13]
	... 37 common frames omitted
Caused by: org.springframework.beans.factory.UnsatisfiedDependencyException: Error creating bean with name 'userMapper' defined in file [E:\Comment Analysis Git\User-fine-grained-sentiment-analysis-and-visualization-system\BackEnd\CommentAnalysis\target\classes\com\backend\commentanalysis\mapper\UserMapper.class]: Unsatisfied dependency expressed through bean property 'sqlSessionFactory': Error creating bean with name 'sqlSessionFactory' defined in class path resource [org/mybatis/spring/boot/autoconfigure/MybatisAutoConfiguration.class]: Failed to instantiate [org.apache.ibatis.session.SqlSessionFactory]: Factory method 'sqlSessionFactory' threw exception with message: The alias 'ProductInfoDTO' is already mapped to the value 'com.backend.commentanalysis.entity.dto.ProductInfoDTO'.
	at org.springframework.beans.factory.support.AbstractAutowireCapableBeanFactory.autowireByType(AbstractAutowireCapableBeanFactory.java:1536) ~[spring-beans-6.1.13.jar:6.1.13]
	at org.springframework.beans.factory.support.AbstractAutowireCapableBeanFactory.populateBean(AbstractAutowireCapableBeanFactory.java:1430) ~[spring-beans-6.1.13.jar:6.1.13]
	at org.springframework.beans.factory.support.AbstractAutowireCapableBeanFactory.doCreateBean(AbstractAutowireCapableBeanFactory.java:599) ~[spring-beans-6.1.13.jar:6.1.13]
	at org.springframework.beans.factory.support.AbstractAutowireCapableBeanFactory.createBean(AbstractAutowireCapableBeanFactory.java:522) ~[spring-beans-6.1.13.jar:6.1.13]
	at org.springframework.beans.factory.support.AbstractBeanFactory.lambda$doGetBean$0(AbstractBeanFactory.java:337) ~[spring-beans-6.1.13.jar:6.1.13]
	at org.springframework.beans.factory.support.DefaultSingletonBeanRegistry.getSingleton(DefaultSingletonBeanRegistry.java:234) ~[spring-beans-6.1.13.jar:6.1.13]
	at org.springframework.beans.factory.support.AbstractBeanFactory.doGetBean(AbstractBeanFactory.java:335) ~[spring-beans-6.1.13.jar:6.1.13]
	at org.springframework.beans.factory.support.AbstractBeanFactory.getBean(AbstractBeanFactory.java:200) ~[spring-beans-6.1.13.jar:6.1.13]
	at org.springframework.beans.factory.config.DependencyDescriptor.resolveCandidate(DependencyDescriptor.java:254) ~[spring-beans-6.1.13.jar:6.1.13]
	at org.springframework.beans.factory.support.DefaultListableBeanFactory.doResolveDependency(DefaultListableBeanFactory.java:1443) ~[spring-beans-6.1.13.jar:6.1.13]
	at org.springframework.beans.factory.support.DefaultListableBeanFactory.resolveDependency(DefaultListableBeanFactory.java:1353) ~[spring-beans-6.1.13.jar:6.1.13]
	at org.springframework.beans.factory.annotation.AutowiredAnnotationBeanPostProcessor$AutowiredFieldElement.resolveFieldValue(AutowiredAnnotationBeanPostProcessor.java:785) ~[spring-beans-6.1.13.jar:6.1.13]
	... 51 common frames omitted
Caused by: org.springframework.beans.factory.BeanCreationException: Error creating bean with name 'sqlSessionFactory' defined in class path resource [org/mybatis/spring/boot/autoconfigure/MybatisAutoConfiguration.class]: Failed to instantiate [org.apache.ibatis.session.SqlSessionFactory]: Factory method 'sqlSessionFactory' threw exception with message: The alias 'ProductInfoDTO' is already mapped to the value 'com.backend.commentanalysis.entity.dto.ProductInfoDTO'.
	at org.springframework.beans.factory.support.ConstructorResolver.instantiate(ConstructorResolver.java:648) ~[spring-beans-6.1.13.jar:6.1.13]
	at org.springframework.beans.factory.support.ConstructorResolver.instantiateUsingFactoryMethod(ConstructorResolver.java:636) ~[spring-beans-6.1.13.jar:6.1.13]
	at org.springframework.beans.factory.support.AbstractAutowireCapableBeanFactory.instantiateUsingFactoryMethod(AbstractAutowireCapableBeanFactory.java:1355) ~[spring-beans-6.1.13.jar:6.1.13]
	at org.springframework.beans.factory.support.AbstractAutowireCapableBeanFactory.createBeanInstance(AbstractAutowireCapableBeanFactory.java:1185) ~[spring-beans-6.1.13.jar:6.1.13]
	at org.springframework.beans.factory.support.AbstractAutowireCapableBeanFactory.doCreateBean(AbstractAutowireCapableBeanFactory.java:562) ~[spring-beans-6.1.13.jar:6.1.13]
	at org.springframework.beans.factory.support.AbstractAutowireCapableBeanFactory.createBean(AbstractAutowireCapableBeanFactory.java:522) ~[spring-beans-6.1.13.jar:6.1.13]
	at org.springframework.beans.factory.support.AbstractBeanFactory.lambda$doGetBean$0(AbstractBeanFactory.java:337) ~[spring-beans-6.1.13.jar:6.1.13]
	at org.springframework.beans.factory.support.DefaultSingletonBeanRegistry.getSingleton(DefaultSingletonBeanRegistry.java:234) ~[spring-beans-6.1.13.jar:6.1.13]
	at org.springframework.beans.factory.support.AbstractBeanFactory.doGetBean(AbstractBeanFactory.java:335) ~[spring-beans-6.1.13.jar:6.1.13]
	at org.springframework.beans.factory.support.AbstractBeanFactory.getBean(AbstractBeanFactory.java:200) ~[spring-beans-6.1.13.jar:6.1.13]
	at org.springframework.beans.factory.config.DependencyDescriptor.resolveCandidate(DependencyDescriptor.java:254) ~[spring-beans-6.1.13.jar:6.1.13]
	at org.springframework.beans.factory.support.DefaultListableBeanFactory.doResolveDependency(DefaultListableBeanFactory.java:1443) ~[spring-beans-6.1.13.jar:6.1.13]
	at org.springframework.beans.factory.support.DefaultListableBeanFactory.resolveDependency(DefaultListableBeanFactory.java:1353) ~[spring-beans-6.1.13.jar:6.1.13]
	at org.springframework.beans.factory.support.AbstractAutowireCapableBeanFactory.autowireByType(AbstractAutowireCapableBeanFactory.java:1521) ~[spring-beans-6.1.13.jar:6.1.13]
	... 62 common frames omitted
Caused by: org.springframework.beans.BeanInstantiationException: Failed to instantiate [org.apache.ibatis.session.SqlSessionFactory]: Factory method 'sqlSessionFactory' threw exception with message: The alias 'ProductInfoDTO' is already mapped to the value 'com.backend.commentanalysis.entity.dto.ProductInfoDTO'.
	at org.springframework.beans.factory.support.SimpleInstantiationStrategy.instantiate(SimpleInstantiationStrategy.java:178) ~[spring-beans-6.1.13.jar:6.1.13]
	at org.springframework.beans.factory.support.ConstructorResolver.instantiate(ConstructorResolver.java:644) ~[spring-beans-6.1.13.jar:6.1.13]
	... 75 common frames omitted
Caused by: org.apache.ibatis.type.TypeException: The alias 'ProductInfoDTO' is already mapped to the value 'com.backend.commentanalysis.entity.dto.ProductInfoDTO'.
	at org.apache.ibatis.type.TypeAliasRegistry.registerAlias(TypeAliasRegistry.java:166) ~[mybatis-3.5.14.jar:3.5.14]
	at org.apache.ibatis.type.TypeAliasRegistry.registerAlias(TypeAliasRegistry.java:155) ~[mybatis-3.5.14.jar:3.5.14]
	at java.base/java.util.stream.ForEachOps$ForEachOp$OfRef.accept(ForEachOps.java:184) ~[na:na]
	at java.base/java.util.stream.ReferencePipeline$2$1.accept(ReferencePipeline.java:194) ~[na:na]
	at java.base/java.util.stream.ReferencePipeline$2$1.accept(ReferencePipeline.java:194) ~[na:na]
	at java.base/java.util.stream.ReferencePipeline$2$1.accept(ReferencePipeline.java:194) ~[na:na]
	at java.base/java.util.HashMap$KeySpliterator.forEachRemaining(HashMap.java:1715) ~[na:na]
	at java.base/java.util.stream.AbstractPipeline.copyInto(AbstractPipeline.java:556) ~[na:na]
	at java.base/java.util.stream.AbstractPipeline.wrapAndCopyInto(AbstractPipeline.java:546) ~[na:na]
	at java.base/java.util.stream.ForEachOps$ForEachOp.evaluateSequential(ForEachOps.java:151) ~[na:na]
	at java.base/java.util.stream.ForEachOps$ForEachOp$OfRef.evaluateSequential(ForEachOps.java:174) ~[na:na]
	at java.base/java.util.stream.AbstractPipeline.evaluate(AbstractPipeline.java:265) ~[na:na]
	at java.base/java.util.stream.ReferencePipeline.forEach(ReferencePipeline.java:611) ~[na:na]
	at org.mybatis.spring.SqlSessionFactoryBean.buildSqlSessionFactory(SqlSessionFactoryBean.java:621) ~[mybatis-spring-3.0.3.jar:3.0.3]
	at org.mybatis.spring.SqlSessionFactoryBean.afterPropertiesSet(SqlSessionFactoryBean.java:577) ~[mybatis-spring-3.0.3.jar:3.0.3]
	at org.mybatis.spring.SqlSessionFactoryBean.getObject(SqlSessionFactoryBean.java:720) ~[mybatis-spring-3.0.3.jar:3.0.3]
	at org.mybatis.spring.boot.autoconfigure.MybatisAutoConfiguration.sqlSessionFactory(MybatisAutoConfiguration.java:189) ~[mybatis-spring-boot-autoconfigure-3.0.3.jar:3.0.3]
	at java.base/jdk.internal.reflect.DirectMethodHandleAccessor.invoke(DirectMethodHandleAccessor.java:103) ~[na:na]
	at java.base/java.lang.reflect.Method.invoke(Method.java:580) ~[na:na]
	at org.springframework.beans.factory.support.SimpleInstantiationStrategy.instantiate(SimpleInstantiationStrategy.java:146) ~[spring-beans-6.1.13.jar:6.1.13]
	... 76 common frames omitted

2025-03-09T17:46:01.911+08:00  INFO 21592 --- [CommentAnalysis] [restartedMain] c.b.c.CommentAnalysisApplication         : Starting CommentAnalysisApplication using Java 22.0.1 with PID 21592 (E:\Comment Analysis Git\User-fine-grained-sentiment-analysis-and-visualization-system\BackEnd\CommentAnalysis\target\classes started by thunder lee in E:\Comment Analysis Git\User-fine-grained-sentiment-analysis-and-visualization-system\BackEnd)
2025-03-09T17:46:01.913+08:00  INFO 21592 --- [CommentAnalysis] [restartedMain] c.b.c.CommentAnalysisApplication         : No active profile set, falling back to 1 default profile: "default"
2025-03-09T17:46:01.993+08:00  INFO 21592 --- [CommentAnalysis] [restartedMain] o.s.b.devtools.restart.ChangeableUrls    : The Class-Path manifest attribute in E:\apache-maven-3.9.8-bin\maven-repository\com\oracle\database\jdbc\ojdbc11\21.9.0.0\ojdbc11-21.9.0.0.jar referenced one or more files that do not exist: file:/E:/apache-maven-3.9.8-bin/maven-repository/com/oracle/database/jdbc/ojdbc11/21.9.0.0/oraclepki.jar
2025-03-09T17:46:01.993+08:00  INFO 21592 --- [CommentAnalysis] [restartedMain] .e.DevToolsPropertyDefaultsPostProcessor : Devtools property defaults active! Set 'spring.devtools.add-properties' to 'false' to disable
2025-03-09T17:46:01.993+08:00  INFO 21592 --- [CommentAnalysis] [restartedMain] .e.DevToolsPropertyDefaultsPostProcessor : For additional web related logging consider setting the 'logging.level.web' property to 'DEBUG'
2025-03-09T17:46:02.687+08:00  INFO 21592 --- [CommentAnalysis] [restartedMain] .s.d.r.c.RepositoryConfigurationDelegate : Multiple Spring Data modules found, entering strict repository configuration mode
2025-03-09T17:46:02.688+08:00  INFO 21592 --- [CommentAnalysis] [restartedMain] .s.d.r.c.RepositoryConfigurationDelegate : Bootstrapping Spring Data Neo4j repositories in DEFAULT mode.
2025-03-09T17:46:02.797+08:00  INFO 21592 --- [CommentAnalysis] [restartedMain] .s.d.r.c.RepositoryConfigurationDelegate : Finished Spring Data repository scanning in 105 ms. Found 1 Neo4j repository interface.
2025-03-09T17:46:03.038+08:00  INFO 21592 --- [CommentAnalysis] [restartedMain] .s.d.r.c.RepositoryConfigurationDelegate : Multiple Spring Data modules found, entering strict repository configuration mode
2025-03-09T17:46:03.040+08:00  INFO 21592 --- [CommentAnalysis] [restartedMain] .s.d.r.c.RepositoryConfigurationDelegate : Bootstrapping Spring Data Neo4j repositories in DEFAULT mode.
2025-03-09T17:46:03.061+08:00  INFO 21592 --- [CommentAnalysis] [restartedMain] .s.d.r.c.RepositoryConfigurationDelegate : Finished Spring Data repository scanning in 21 ms. Found 0 Neo4j repository interfaces.
2025-03-09T17:46:03.072+08:00  INFO 21592 --- [CommentAnalysis] [restartedMain] .s.d.r.c.RepositoryConfigurationDelegate : Multiple Spring Data modules found, entering strict repository configuration mode
2025-03-09T17:46:03.073+08:00  INFO 21592 --- [CommentAnalysis] [restartedMain] .s.d.r.c.RepositoryConfigurationDelegate : Bootstrapping Spring Data Redis repositories in DEFAULT mode.
2025-03-09T17:46:03.093+08:00  INFO 21592 --- [CommentAnalysis] [restartedMain] .RepositoryConfigurationExtensionSupport : Spring Data Redis - Could not safely identify store assignment for repository candidate interface com.backend.commentanalysis.repository.ProductRepository; If you want this repository to be a Redis repository, consider annotating your entities with one of these annotations: org.springframework.data.redis.core.RedisHash (preferred), or consider extending one of the following types with your repository: org.springframework.data.keyvalue.repository.KeyValueRepository
2025-03-09T17:46:03.093+08:00  INFO 21592 --- [CommentAnalysis] [restartedMain] .s.d.r.c.RepositoryConfigurationDelegate : Finished Spring Data repository scanning in 12 ms. Found 0 Redis repository interfaces.
2025-03-09T17:46:03.857+08:00  INFO 21592 --- [CommentAnalysis] [restartedMain] o.s.b.w.embedded.tomcat.TomcatWebServer  : Tomcat initialized with port 8081 (http)
2025-03-09T17:46:03.872+08:00  INFO 21592 --- [CommentAnalysis] [restartedMain] o.apache.catalina.core.StandardService   : Starting service [Tomcat]
2025-03-09T17:46:03.873+08:00  INFO 21592 --- [CommentAnalysis] [restartedMain] o.apache.catalina.core.StandardEngine    : Starting Servlet engine: [Apache Tomcat/10.1.30]
2025-03-09T17:46:03.936+08:00  INFO 21592 --- [CommentAnalysis] [restartedMain] o.a.c.c.C.[Tomcat].[localhost].[/]       : Initializing Spring embedded WebApplicationContext
2025-03-09T17:46:03.936+08:00  INFO 21592 --- [CommentAnalysis] [restartedMain] w.s.c.ServletWebServerApplicationContext : Root WebApplicationContext: initialization completed in 1943 ms
2025-03-09T17:46:03.959+08:00  WARN 21592 --- [CommentAnalysis] [restartedMain] .s.b.d.a.RemoteDevToolsAutoConfiguration : Listening for remote restart updates on /.~~spring-boot!~/restart
2025-03-09T17:46:04.638+08:00  INFO 21592 --- [CommentAnalysis] [restartedMain] o.neo4j.driver.internal.DriverFactory    : Direct driver instance 467650861 created for server address localhost:7687
2025-03-09T17:46:04.737+08:00  WARN 21592 --- [CommentAnalysis] [restartedMain] o.s.d.n.c.mapping.Neo4jPersistentEntity  : The entity com.backend.commentanalysis.entity.neo4j.OpinionNeo4j is using a Long value for storing internally generated Neo4j ids. The Neo4j internal Long Ids are deprecated, please consider using an external ID generator.
2025-03-09T17:46:04.778+08:00  INFO 21592 --- [CommentAnalysis] [restartedMain] o.s.b.d.a.OptionalLiveReloadServer       : LiveReload server is running on port 35729
2025-03-09T17:46:04.781+08:00  WARN 21592 --- [CommentAnalysis] [restartedMain] o.s.d.n.c.mapping.Neo4jPersistentEntity  : The entity com.backend.commentanalysis.entity.neo4j.AspectNeo4j is using a Long value for storing internally generated Neo4j ids. The Neo4j internal Long Ids are deprecated, please consider using an external ID generator.
2025-03-09T17:46:04.786+08:00  WARN 21592 --- [CommentAnalysis] [restartedMain] o.s.d.n.c.mapping.Neo4jPersistentEntity  : The entity com.backend.commentanalysis.entity.relation.HasOpinion is using a Long value for storing internally generated Neo4j ids. The Neo4j internal Long Ids are deprecated, please consider using an external ID generator.
2025-03-09T17:46:04.788+08:00  WARN 21592 --- [CommentAnalysis] [restartedMain] o.s.d.n.c.mapping.Neo4jPersistentEntity  : The entity com.backend.commentanalysis.entity.relation.HasAspect is using a Long value for storing internally generated Neo4j ids. The Neo4j internal Long Ids are deprecated, please consider using an external ID generator.
2025-03-09T17:46:05.631+08:00  INFO 21592 --- [CommentAnalysis] [restartedMain] o.s.b.w.embedded.tomcat.TomcatWebServer  : Tomcat started on port 8081 (http) with context path '/'
2025-03-09T17:46:05.639+08:00  INFO 21592 --- [CommentAnalysis] [restartedMain] c.b.c.CommentAnalysisApplication         : Started CommentAnalysisApplication in 4.264 seconds (process running for 5.132)
2025-03-09T17:46:19.588+08:00  INFO 21592 --- [CommentAnalysis] [http-nio-8081-exec-1] o.a.c.c.C.[Tomcat].[localhost].[/]       : Initializing Spring DispatcherServlet 'dispatcherServlet'
2025-03-09T17:46:19.588+08:00  INFO 21592 --- [CommentAnalysis] [http-nio-8081-exec-1] o.s.web.servlet.DispatcherServlet        : Initializing Servlet 'dispatcherServlet'
2025-03-09T17:46:19.590+08:00  INFO 21592 --- [CommentAnalysis] [http-nio-8081-exec-1] o.s.web.servlet.DispatcherServlet        : Completed initialization in 2 ms
2025-03-09T17:46:20.044+08:00  INFO 21592 --- [CommentAnalysis] [http-nio-8081-exec-1] com.zaxxer.hikari.HikariDataSource       : HikariPool-1 - Starting...
2025-03-09T17:46:20.353+08:00  INFO 21592 --- [CommentAnalysis] [http-nio-8081-exec-1] com.zaxxer.hikari.pool.HikariPool        : HikariPool-1 - Added connection com.mysql.cj.jdbc.ConnectionImpl@34fef8a9
2025-03-09T17:46:20.355+08:00  INFO 21592 --- [CommentAnalysis] [http-nio-8081-exec-1] com.zaxxer.hikari.HikariDataSource       : HikariPool-1 - Start completed.
2025-03-09T17:46:22.319+08:00 ERROR 21592 --- [CommentAnalysis] [http-nio-8081-exec-3] o.a.c.c.C.[.[.[/].[dispatcherServlet]    : Servlet.service() for servlet [dispatcherServlet] in context with path [] threw exception [Request processing failed: java.lang.ClassCastException: class com.backend.commentanalysis.entity.dto.ProductInfoDTO cannot be cast to class com.backend.commentanalysis.entity.dto.ProductInfoDTO (com.backend.commentanalysis.entity.dto.ProductInfoDTO is in unnamed module of loader 'app'; com.backend.commentanalysis.entity.dto.ProductInfoDTO is in unnamed module of loader org.springframework.boot.devtools.restart.classloader.RestartClassLoader @98dad)] with root cause

java.lang.ClassCastException: class com.backend.commentanalysis.entity.dto.ProductInfoDTO cannot be cast to class com.backend.commentanalysis.entity.dto.ProductInfoDTO (com.backend.commentanalysis.entity.dto.ProductInfoDTO is in unnamed module of loader 'app'; com.backend.commentanalysis.entity.dto.ProductInfoDTO is in unnamed module of loader org.springframework.boot.devtools.restart.classloader.RestartClassLoader @98dad)
	at com.backend.commentanalysis.service.implement.ProductServiceImpl$$SpringCGLIB$$0.getProductInfoByPid(<generated>) ~[classes/:na]
	at com.backend.commentanalysis.controller.ProductController.getProductInfoByPid(ProductController.java:45) ~[classes/:na]
	at java.base/jdk.internal.reflect.DirectMethodHandleAccessor.invoke(DirectMethodHandleAccessor.java:103) ~[na:na]
	at java.base/java.lang.reflect.Method.invoke(Method.java:580) ~[na:na]
	at org.springframework.aop.support.AopUtils.invokeJoinpointUsingReflection(AopUtils.java:355) ~[spring-aop-6.1.13.jar:6.1.13]
	at org.springframework.aop.framework.ReflectiveMethodInvocation.invokeJoinpoint(ReflectiveMethodInvocation.java:196) ~[spring-aop-6.1.13.jar:6.1.13]
	at org.springframework.aop.framework.ReflectiveMethodInvocation.proceed(ReflectiveMethodInvocation.java:163) ~[spring-aop-6.1.13.jar:6.1.13]
	at org.springframework.aop.framework.CglibAopProxy$CglibMethodInvocation.proceed(CglibAopProxy.java:768) ~[spring-aop-6.1.13.jar:6.1.13]
	at org.springframework.validation.beanvalidation.MethodValidationInterceptor.invoke(MethodValidationInterceptor.java:174) ~[spring-context-6.1.13.jar:6.1.13]
	at org.springframework.aop.framework.ReflectiveMethodInvocation.proceed(ReflectiveMethodInvocation.java:184) ~[spring-aop-6.1.13.jar:6.1.13]
	at org.springframework.aop.framework.CglibAopProxy$CglibMethodInvocation.proceed(CglibAopProxy.java:768) ~[spring-aop-6.1.13.jar:6.1.13]
	at org.springframework.aop.framework.CglibAopProxy$DynamicAdvisedInterceptor.intercept(CglibAopProxy.java:720) ~[spring-aop-6.1.13.jar:6.1.13]
	at com.backend.commentanalysis.controller.ProductController$$SpringCGLIB$$0.getProductInfoByPid(<generated>) ~[classes/:na]
	at java.base/jdk.internal.reflect.DirectMethodHandleAccessor.invoke(DirectMethodHandleAccessor.java:103) ~[na:na]
	at java.base/java.lang.reflect.Method.invoke(Method.java:580) ~[na:na]
	at org.springframework.web.method.support.InvocableHandlerMethod.doInvoke(InvocableHandlerMethod.java:255) ~[spring-web-6.1.13.jar:6.1.13]
	at org.springframework.web.method.support.InvocableHandlerMethod.invokeForRequest(InvocableHandlerMethod.java:188) ~[spring-web-6.1.13.jar:6.1.13]
	at org.springframework.web.servlet.mvc.method.annotation.ServletInvocableHandlerMethod.invokeAndHandle(ServletInvocableHandlerMethod.java:118) ~[spring-webmvc-6.1.13.jar:6.1.13]
	at org.springframework.web.servlet.mvc.method.annotation.RequestMappingHandlerAdapter.invokeHandlerMethod(RequestMappingHandlerAdapter.java:926) ~[spring-webmvc-6.1.13.jar:6.1.13]
	at org.springframework.web.servlet.mvc.method.annotation.RequestMappingHandlerAdapter.handleInternal(RequestMappingHandlerAdapter.java:831) ~[spring-webmvc-6.1.13.jar:6.1.13]
	at org.springframework.web.servlet.mvc.method.AbstractHandlerMethodAdapter.handle(AbstractHandlerMethodAdapter.java:87) ~[spring-webmvc-6.1.13.jar:6.1.13]
	at org.springframework.web.servlet.DispatcherServlet.doDispatch(DispatcherServlet.java:1089) ~[spring-webmvc-6.1.13.jar:6.1.13]
	at org.springframework.web.servlet.DispatcherServlet.doService(DispatcherServlet.java:979) ~[spring-webmvc-6.1.13.jar:6.1.13]
	at org.springframework.web.servlet.FrameworkServlet.processRequest(FrameworkServlet.java:1014) ~[spring-webmvc-6.1.13.jar:6.1.13]
	at org.springframework.web.servlet.FrameworkServlet.doGet(FrameworkServlet.java:903) ~[spring-webmvc-6.1.13.jar:6.1.13]
	at jakarta.servlet.http.HttpServlet.service(HttpServlet.java:564) ~[tomcat-embed-core-10.1.30.jar:6.0]
	at org.springframework.web.servlet.FrameworkServlet.service(FrameworkServlet.java:885) ~[spring-webmvc-6.1.13.jar:6.1.13]
	at jakarta.servlet.http.HttpServlet.service(HttpServlet.java:658) ~[tomcat-embed-core-10.1.30.jar:6.0]
	at org.apache.catalina.core.ApplicationFilterChain.internalDoFilter(ApplicationFilterChain.java:195) ~[tomcat-embed-core-10.1.30.jar:10.1.30]
	at org.apache.catalina.core.ApplicationFilterChain.doFilter(ApplicationFilterChain.java:140) ~[tomcat-embed-core-10.1.30.jar:10.1.30]
	at org.apache.tomcat.websocket.server.WsFilter.doFilter(WsFilter.java:51) ~[tomcat-embed-websocket-10.1.30.jar:10.1.30]
	at org.apache.catalina.core.ApplicationFilterChain.internalDoFilter(ApplicationFilterChain.java:164) ~[tomcat-embed-core-10.1.30.jar:10.1.30]
	at org.apache.catalina.core.ApplicationFilterChain.doFilter(ApplicationFilterChain.java:140) ~[tomcat-embed-core-10.1.30.jar:10.1.30]
	at org.springframework.boot.devtools.remote.server.DispatcherFilter.doFilter(DispatcherFilter.java:72) ~[spring-boot-devtools-3.3.4.jar:3.3.4]
	at org.springframework.boot.devtools.remote.server.DispatcherFilter.doFilter(DispatcherFilter.java:60) ~[spring-boot-devtools-3.3.4.jar:3.3.4]
	at org.apache.catalina.core.ApplicationFilterChain.internalDoFilter(ApplicationFilterChain.java:164) ~[tomcat-embed-core-10.1.30.jar:10.1.30]
	at org.apache.catalina.core.ApplicationFilterChain.doFilter(ApplicationFilterChain.java:140) ~[tomcat-embed-core-10.1.30.jar:10.1.30]
	at org.springframework.web.filter.RequestContextFilter.doFilterInternal(RequestContextFilter.java:100) ~[spring-web-6.1.13.jar:6.1.13]
	at org.springframework.web.filter.OncePerRequestFilter.doFilter(OncePerRequestFilter.java:116) ~[spring-web-6.1.13.jar:6.1.13]
	at org.apache.catalina.core.ApplicationFilterChain.internalDoFilter(ApplicationFilterChain.java:164) ~[tomcat-embed-core-10.1.30.jar:10.1.30]
	at org.apache.catalina.core.ApplicationFilterChain.doFilter(ApplicationFilterChain.java:140) ~[tomcat-embed-core-10.1.30.jar:10.1.30]
	at org.springframework.web.filter.FormContentFilter.doFilterInternal(FormContentFilter.java:93) ~[spring-web-6.1.13.jar:6.1.13]
	at org.springframework.web.filter.OncePerRequestFilter.doFilter(OncePerRequestFilter.java:116) ~[spring-web-6.1.13.jar:6.1.13]
	at org.apache.catalina.core.ApplicationFilterChain.internalDoFilter(ApplicationFilterChain.java:164) ~[tomcat-embed-core-10.1.30.jar:10.1.30]
	at org.apache.catalina.core.ApplicationFilterChain.doFilter(ApplicationFilterChain.java:140) ~[tomcat-embed-core-10.1.30.jar:10.1.30]
	at org.springframework.web.filter.CharacterEncodingFilter.doFilterInternal(CharacterEncodingFilter.java:201) ~[spring-web-6.1.13.jar:6.1.13]
	at org.springframework.web.filter.OncePerRequestFilter.doFilter(OncePerRequestFilter.java:116) ~[spring-web-6.1.13.jar:6.1.13]
	at org.apache.catalina.core.ApplicationFilterChain.internalDoFilter(ApplicationFilterChain.java:164) ~[tomcat-embed-core-10.1.30.jar:10.1.30]
	at org.apache.catalina.core.ApplicationFilterChain.doFilter(ApplicationFilterChain.java:140) ~[tomcat-embed-core-10.1.30.jar:10.1.30]
	at org.apache.catalina.core.StandardWrapperValve.invoke(StandardWrapperValve.java:167) ~[tomcat-embed-core-10.1.30.jar:10.1.30]
	at org.apache.catalina.core.StandardContextValve.invoke(StandardContextValve.java:90) ~[tomcat-embed-core-10.1.30.jar:10.1.30]
	at org.apache.catalina.authenticator.AuthenticatorBase.invoke(AuthenticatorBase.java:483) ~[tomcat-embed-core-10.1.30.jar:10.1.30]
	at org.apache.catalina.core.StandardHostValve.invoke(StandardHostValve.java:115) ~[tomcat-embed-core-10.1.30.jar:10.1.30]
	at org.apache.catalina.valves.ErrorReportValve.invoke(ErrorReportValve.java:93) ~[tomcat-embed-core-10.1.30.jar:10.1.30]
	at org.apache.catalina.core.StandardEngineValve.invoke(StandardEngineValve.java:74) ~[tomcat-embed-core-10.1.30.jar:10.1.30]
	at org.apache.catalina.connector.CoyoteAdapter.service(CoyoteAdapter.java:344) ~[tomcat-embed-core-10.1.30.jar:10.1.30]
	at org.apache.coyote.http11.Http11Processor.service(Http11Processor.java:384) ~[tomcat-embed-core-10.1.30.jar:10.1.30]
	at org.apache.coyote.AbstractProcessorLight.process(AbstractProcessorLight.java:63) ~[tomcat-embed-core-10.1.30.jar:10.1.30]
	at org.apache.coyote.AbstractProtocol$ConnectionHandler.process(AbstractProtocol.java:905) ~[tomcat-embed-core-10.1.30.jar:10.1.30]
	at org.apache.tomcat.util.net.NioEndpoint$SocketProcessor.doRun(NioEndpoint.java:1741) ~[tomcat-embed-core-10.1.30.jar:10.1.30]
	at org.apache.tomcat.util.net.SocketProcessorBase.run(SocketProcessorBase.java:52) ~[tomcat-embed-core-10.1.30.jar:10.1.30]
	at org.apache.tomcat.util.threads.ThreadPoolExecutor.runWorker(ThreadPoolExecutor.java:1190) ~[tomcat-embed-core-10.1.30.jar:10.1.30]
	at org.apache.tomcat.util.threads.ThreadPoolExecutor$Worker.run(ThreadPoolExecutor.java:659) ~[tomcat-embed-core-10.1.30.jar:10.1.30]
	at org.apache.tomcat.util.threads.TaskThread$WrappingRunnable.run(TaskThread.java:63) ~[tomcat-embed-core-10.1.30.jar:10.1.30]
	at java.base/java.lang.Thread.run(Thread.java:1570) ~[na:na]

2025-03-09T17:47:09.229+08:00  INFO 21592 --- [CommentAnalysis] [SpringApplicationShutdownHook] o.neo4j.driver.internal.InternalDriver   : Closing driver instance 467650861
2025-03-09T17:47:09.455+08:00  INFO 21592 --- [CommentAnalysis] [SpringApplicationShutdownHook] com.zaxxer.hikari.HikariDataSource       : HikariPool-1 - Shutdown initiated...
2025-03-09T17:47:09.462+08:00  INFO 21592 --- [CommentAnalysis] [SpringApplicationShutdownHook] com.zaxxer.hikari.HikariDataSource       : HikariPool-1 - Shutdown completed.
2025-03-09T17:47:15.056+08:00  INFO 40164 --- [CommentAnalysis] [restartedMain] c.b.c.CommentAnalysisApplication         : Starting CommentAnalysisApplication using Java 22.0.1 with PID 40164 (E:\Comment Analysis Git\User-fine-grained-sentiment-analysis-and-visualization-system\BackEnd\CommentAnalysis\target\classes started by thunder lee in E:\Comment Analysis Git\User-fine-grained-sentiment-analysis-and-visualization-system\BackEnd)
2025-03-09T17:47:15.058+08:00  INFO 40164 --- [CommentAnalysis] [restartedMain] c.b.c.CommentAnalysisApplication         : No active profile set, falling back to 1 default profile: "default"
2025-03-09T17:47:15.138+08:00  INFO 40164 --- [CommentAnalysis] [restartedMain] o.s.b.devtools.restart.ChangeableUrls    : The Class-Path manifest attribute in E:\apache-maven-3.9.8-bin\maven-repository\com\oracle\database\jdbc\ojdbc11\21.9.0.0\ojdbc11-21.9.0.0.jar referenced one or more files that do not exist: file:/E:/apache-maven-3.9.8-bin/maven-repository/com/oracle/database/jdbc/ojdbc11/21.9.0.0/oraclepki.jar
2025-03-09T17:47:15.139+08:00  INFO 40164 --- [CommentAnalysis] [restartedMain] .e.DevToolsPropertyDefaultsPostProcessor : Devtools property defaults active! Set 'spring.devtools.add-properties' to 'false' to disable
2025-03-09T17:47:15.139+08:00  INFO 40164 --- [CommentAnalysis] [restartedMain] .e.DevToolsPropertyDefaultsPostProcessor : For additional web related logging consider setting the 'logging.level.web' property to 'DEBUG'
2025-03-09T17:47:15.925+08:00  INFO 40164 --- [CommentAnalysis] [restartedMain] .s.d.r.c.RepositoryConfigurationDelegate : Multiple Spring Data modules found, entering strict repository configuration mode
2025-03-09T17:47:15.926+08:00  INFO 40164 --- [CommentAnalysis] [restartedMain] .s.d.r.c.RepositoryConfigurationDelegate : Bootstrapping Spring Data Neo4j repositories in DEFAULT mode.
2025-03-09T17:47:16.033+08:00  INFO 40164 --- [CommentAnalysis] [restartedMain] .s.d.r.c.RepositoryConfigurationDelegate : Finished Spring Data repository scanning in 103 ms. Found 1 Neo4j repository interface.
2025-03-09T17:47:16.293+08:00  INFO 40164 --- [CommentAnalysis] [restartedMain] .s.d.r.c.RepositoryConfigurationDelegate : Multiple Spring Data modules found, entering strict repository configuration mode
2025-03-09T17:47:16.293+08:00  INFO 40164 --- [CommentAnalysis] [restartedMain] .s.d.r.c.RepositoryConfigurationDelegate : Bootstrapping Spring Data Neo4j repositories in DEFAULT mode.
2025-03-09T17:47:16.318+08:00  INFO 40164 --- [CommentAnalysis] [restartedMain] .s.d.r.c.RepositoryConfigurationDelegate : Finished Spring Data repository scanning in 23 ms. Found 0 Neo4j repository interfaces.
2025-03-09T17:47:16.328+08:00  INFO 40164 --- [CommentAnalysis] [restartedMain] .s.d.r.c.RepositoryConfigurationDelegate : Multiple Spring Data modules found, entering strict repository configuration mode
2025-03-09T17:47:16.330+08:00  INFO 40164 --- [CommentAnalysis] [restartedMain] .s.d.r.c.RepositoryConfigurationDelegate : Bootstrapping Spring Data Redis repositories in DEFAULT mode.
2025-03-09T17:47:16.348+08:00  INFO 40164 --- [CommentAnalysis] [restartedMain] .RepositoryConfigurationExtensionSupport : Spring Data Redis - Could not safely identify store assignment for repository candidate interface com.backend.commentanalysis.repository.ProductRepository; If you want this repository to be a Redis repository, consider annotating your entities with one of these annotations: org.springframework.data.redis.core.RedisHash (preferred), or consider extending one of the following types with your repository: org.springframework.data.keyvalue.repository.KeyValueRepository
2025-03-09T17:47:16.349+08:00  INFO 40164 --- [CommentAnalysis] [restartedMain] .s.d.r.c.RepositoryConfigurationDelegate : Finished Spring Data repository scanning in 11 ms. Found 0 Redis repository interfaces.
2025-03-09T17:47:17.140+08:00  INFO 40164 --- [CommentAnalysis] [restartedMain] o.s.b.w.embedded.tomcat.TomcatWebServer  : Tomcat initialized with port 8081 (http)
2025-03-09T17:47:17.160+08:00  INFO 40164 --- [CommentAnalysis] [restartedMain] o.apache.catalina.core.StandardService   : Starting service [Tomcat]
2025-03-09T17:47:17.160+08:00  INFO 40164 --- [CommentAnalysis] [restartedMain] o.apache.catalina.core.StandardEngine    : Starting Servlet engine: [Apache Tomcat/10.1.30]
2025-03-09T17:47:17.225+08:00  INFO 40164 --- [CommentAnalysis] [restartedMain] o.a.c.c.C.[Tomcat].[localhost].[/]       : Initializing Spring embedded WebApplicationContext
2025-03-09T17:47:17.225+08:00  INFO 40164 --- [CommentAnalysis] [restartedMain] w.s.c.ServletWebServerApplicationContext : Root WebApplicationContext: initialization completed in 2085 ms
2025-03-09T17:47:17.248+08:00  WARN 40164 --- [CommentAnalysis] [restartedMain] .s.b.d.a.RemoteDevToolsAutoConfiguration : Listening for remote restart updates on /.~~spring-boot!~/restart
2025-03-09T17:47:17.955+08:00  INFO 40164 --- [CommentAnalysis] [restartedMain] o.neo4j.driver.internal.DriverFactory    : Direct driver instance 1797994674 created for server address localhost:7687
2025-03-09T17:47:18.057+08:00  WARN 40164 --- [CommentAnalysis] [restartedMain] o.s.d.n.c.mapping.Neo4jPersistentEntity  : The entity com.backend.commentanalysis.entity.neo4j.OpinionNeo4j is using a Long value for storing internally generated Neo4j ids. The Neo4j internal Long Ids are deprecated, please consider using an external ID generator.
2025-03-09T17:47:18.101+08:00  INFO 40164 --- [CommentAnalysis] [restartedMain] o.s.b.d.a.OptionalLiveReloadServer       : LiveReload server is running on port 35729
2025-03-09T17:47:18.104+08:00  WARN 40164 --- [CommentAnalysis] [restartedMain] o.s.d.n.c.mapping.Neo4jPersistentEntity  : The entity com.backend.commentanalysis.entity.neo4j.AspectNeo4j is using a Long value for storing internally generated Neo4j ids. The Neo4j internal Long Ids are deprecated, please consider using an external ID generator.
2025-03-09T17:47:18.105+08:00  WARN 40164 --- [CommentAnalysis] [restartedMain] o.s.d.n.c.mapping.Neo4jPersistentEntity  : The entity com.backend.commentanalysis.entity.relation.HasAspect is using a Long value for storing internally generated Neo4j ids. The Neo4j internal Long Ids are deprecated, please consider using an external ID generator.
2025-03-09T17:47:18.109+08:00  WARN 40164 --- [CommentAnalysis] [restartedMain] o.s.d.n.c.mapping.Neo4jPersistentEntity  : The entity com.backend.commentanalysis.entity.relation.HasOpinion is using a Long value for storing internally generated Neo4j ids. The Neo4j internal Long Ids are deprecated, please consider using an external ID generator.
2025-03-09T17:47:18.928+08:00  INFO 40164 --- [CommentAnalysis] [restartedMain] o.s.b.w.embedded.tomcat.TomcatWebServer  : Tomcat started on port 8081 (http) with context path '/'
2025-03-09T17:47:18.936+08:00  INFO 40164 --- [CommentAnalysis] [restartedMain] c.b.c.CommentAnalysisApplication         : Started CommentAnalysisApplication in 4.459 seconds (process running for 5.339)
2025-03-09T17:47:21.247+08:00  INFO 40164 --- [CommentAnalysis] [http-nio-8081-exec-1] o.a.c.c.C.[Tomcat].[localhost].[/]       : Initializing Spring DispatcherServlet 'dispatcherServlet'
2025-03-09T17:47:21.247+08:00  INFO 40164 --- [CommentAnalysis] [http-nio-8081-exec-1] o.s.web.servlet.DispatcherServlet        : Initializing Servlet 'dispatcherServlet'
2025-03-09T17:47:21.249+08:00  INFO 40164 --- [CommentAnalysis] [http-nio-8081-exec-1] o.s.web.servlet.DispatcherServlet        : Completed initialization in 2 ms
2025-03-09T17:47:21.718+08:00  INFO 40164 --- [CommentAnalysis] [http-nio-8081-exec-1] com.zaxxer.hikari.HikariDataSource       : HikariPool-1 - Starting...
2025-03-09T17:47:22.030+08:00  INFO 40164 --- [CommentAnalysis] [http-nio-8081-exec-1] com.zaxxer.hikari.pool.HikariPool        : HikariPool-1 - Added connection com.mysql.cj.jdbc.ConnectionImpl@6e3a7f31
2025-03-09T17:47:22.031+08:00  INFO 40164 --- [CommentAnalysis] [http-nio-8081-exec-1] com.zaxxer.hikari.HikariDataSource       : HikariPool-1 - Start completed.
2025-03-09T17:47:23.636+08:00 ERROR 40164 --- [CommentAnalysis] [http-nio-8081-exec-2] o.a.c.c.C.[.[.[/].[dispatcherServlet]    : Servlet.service() for servlet [dispatcherServlet] in context with path [] threw exception [Request processing failed: java.lang.ClassCastException: class com.backend.commentanalysis.entity.dto.ProductInfoDTO cannot be cast to class com.backend.commentanalysis.entity.dto.ProductInfoDTO (com.backend.commentanalysis.entity.dto.ProductInfoDTO is in unnamed module of loader 'app'; com.backend.commentanalysis.entity.dto.ProductInfoDTO is in unnamed module of loader org.springframework.boot.devtools.restart.classloader.RestartClassLoader @1b4b09b7)] with root cause

java.lang.ClassCastException: class com.backend.commentanalysis.entity.dto.ProductInfoDTO cannot be cast to class com.backend.commentanalysis.entity.dto.ProductInfoDTO (com.backend.commentanalysis.entity.dto.ProductInfoDTO is in unnamed module of loader 'app'; com.backend.commentanalysis.entity.dto.ProductInfoDTO is in unnamed module of loader org.springframework.boot.devtools.restart.classloader.RestartClassLoader @1b4b09b7)
	at com.backend.commentanalysis.service.implement.ProductServiceImpl$$SpringCGLIB$$0.getProductInfoByPid(<generated>) ~[classes/:na]
	at com.backend.commentanalysis.controller.ProductController.getProductInfoByPid(ProductController.java:45) ~[classes/:na]
	at java.base/jdk.internal.reflect.DirectMethodHandleAccessor.invoke(DirectMethodHandleAccessor.java:103) ~[na:na]
	at java.base/java.lang.reflect.Method.invoke(Method.java:580) ~[na:na]
	at org.springframework.aop.support.AopUtils.invokeJoinpointUsingReflection(AopUtils.java:355) ~[spring-aop-6.1.13.jar:6.1.13]
	at org.springframework.aop.framework.ReflectiveMethodInvocation.invokeJoinpoint(ReflectiveMethodInvocation.java:196) ~[spring-aop-6.1.13.jar:6.1.13]
	at org.springframework.aop.framework.ReflectiveMethodInvocation.proceed(ReflectiveMethodInvocation.java:163) ~[spring-aop-6.1.13.jar:6.1.13]
	at org.springframework.aop.framework.CglibAopProxy$CglibMethodInvocation.proceed(CglibAopProxy.java:768) ~[spring-aop-6.1.13.jar:6.1.13]
	at org.springframework.validation.beanvalidation.MethodValidationInterceptor.invoke(MethodValidationInterceptor.java:174) ~[spring-context-6.1.13.jar:6.1.13]
	at org.springframework.aop.framework.ReflectiveMethodInvocation.proceed(ReflectiveMethodInvocation.java:184) ~[spring-aop-6.1.13.jar:6.1.13]
	at org.springframework.aop.framework.CglibAopProxy$CglibMethodInvocation.proceed(CglibAopProxy.java:768) ~[spring-aop-6.1.13.jar:6.1.13]
	at org.springframework.aop.framework.CglibAopProxy$DynamicAdvisedInterceptor.intercept(CglibAopProxy.java:720) ~[spring-aop-6.1.13.jar:6.1.13]
	at com.backend.commentanalysis.controller.ProductController$$SpringCGLIB$$0.getProductInfoByPid(<generated>) ~[classes/:na]
	at java.base/jdk.internal.reflect.DirectMethodHandleAccessor.invoke(DirectMethodHandleAccessor.java:103) ~[na:na]
	at java.base/java.lang.reflect.Method.invoke(Method.java:580) ~[na:na]
	at org.springframework.web.method.support.InvocableHandlerMethod.doInvoke(InvocableHandlerMethod.java:255) ~[spring-web-6.1.13.jar:6.1.13]
	at org.springframework.web.method.support.InvocableHandlerMethod.invokeForRequest(InvocableHandlerMethod.java:188) ~[spring-web-6.1.13.jar:6.1.13]
	at org.springframework.web.servlet.mvc.method.annotation.ServletInvocableHandlerMethod.invokeAndHandle(ServletInvocableHandlerMethod.java:118) ~[spring-webmvc-6.1.13.jar:6.1.13]
	at org.springframework.web.servlet.mvc.method.annotation.RequestMappingHandlerAdapter.invokeHandlerMethod(RequestMappingHandlerAdapter.java:926) ~[spring-webmvc-6.1.13.jar:6.1.13]
	at org.springframework.web.servlet.mvc.method.annotation.RequestMappingHandlerAdapter.handleInternal(RequestMappingHandlerAdapter.java:831) ~[spring-webmvc-6.1.13.jar:6.1.13]
	at org.springframework.web.servlet.mvc.method.AbstractHandlerMethodAdapter.handle(AbstractHandlerMethodAdapter.java:87) ~[spring-webmvc-6.1.13.jar:6.1.13]
	at org.springframework.web.servlet.DispatcherServlet.doDispatch(DispatcherServlet.java:1089) ~[spring-webmvc-6.1.13.jar:6.1.13]
	at org.springframework.web.servlet.DispatcherServlet.doService(DispatcherServlet.java:979) ~[spring-webmvc-6.1.13.jar:6.1.13]
	at org.springframework.web.servlet.FrameworkServlet.processRequest(FrameworkServlet.java:1014) ~[spring-webmvc-6.1.13.jar:6.1.13]
	at org.springframework.web.servlet.FrameworkServlet.doGet(FrameworkServlet.java:903) ~[spring-webmvc-6.1.13.jar:6.1.13]
	at jakarta.servlet.http.HttpServlet.service(HttpServlet.java:564) ~[tomcat-embed-core-10.1.30.jar:6.0]
	at org.springframework.web.servlet.FrameworkServlet.service(FrameworkServlet.java:885) ~[spring-webmvc-6.1.13.jar:6.1.13]
	at jakarta.servlet.http.HttpServlet.service(HttpServlet.java:658) ~[tomcat-embed-core-10.1.30.jar:6.0]
	at org.apache.catalina.core.ApplicationFilterChain.internalDoFilter(ApplicationFilterChain.java:195) ~[tomcat-embed-core-10.1.30.jar:10.1.30]
	at org.apache.catalina.core.ApplicationFilterChain.doFilter(ApplicationFilterChain.java:140) ~[tomcat-embed-core-10.1.30.jar:10.1.30]
	at org.apache.tomcat.websocket.server.WsFilter.doFilter(WsFilter.java:51) ~[tomcat-embed-websocket-10.1.30.jar:10.1.30]
	at org.apache.catalina.core.ApplicationFilterChain.internalDoFilter(ApplicationFilterChain.java:164) ~[tomcat-embed-core-10.1.30.jar:10.1.30]
	at org.apache.catalina.core.ApplicationFilterChain.doFilter(ApplicationFilterChain.java:140) ~[tomcat-embed-core-10.1.30.jar:10.1.30]
	at org.springframework.boot.devtools.remote.server.DispatcherFilter.doFilter(DispatcherFilter.java:72) ~[spring-boot-devtools-3.3.4.jar:3.3.4]
	at org.springframework.boot.devtools.remote.server.DispatcherFilter.doFilter(DispatcherFilter.java:60) ~[spring-boot-devtools-3.3.4.jar:3.3.4]
	at org.apache.catalina.core.ApplicationFilterChain.internalDoFilter(ApplicationFilterChain.java:164) ~[tomcat-embed-core-10.1.30.jar:10.1.30]
	at org.apache.catalina.core.ApplicationFilterChain.doFilter(ApplicationFilterChain.java:140) ~[tomcat-embed-core-10.1.30.jar:10.1.30]
	at org.springframework.web.filter.RequestContextFilter.doFilterInternal(RequestContextFilter.java:100) ~[spring-web-6.1.13.jar:6.1.13]
	at org.springframework.web.filter.OncePerRequestFilter.doFilter(OncePerRequestFilter.java:116) ~[spring-web-6.1.13.jar:6.1.13]
	at org.apache.catalina.core.ApplicationFilterChain.internalDoFilter(ApplicationFilterChain.java:164) ~[tomcat-embed-core-10.1.30.jar:10.1.30]
	at org.apache.catalina.core.ApplicationFilterChain.doFilter(ApplicationFilterChain.java:140) ~[tomcat-embed-core-10.1.30.jar:10.1.30]
	at org.springframework.web.filter.FormContentFilter.doFilterInternal(FormContentFilter.java:93) ~[spring-web-6.1.13.jar:6.1.13]
	at org.springframework.web.filter.OncePerRequestFilter.doFilter(OncePerRequestFilter.java:116) ~[spring-web-6.1.13.jar:6.1.13]
	at org.apache.catalina.core.ApplicationFilterChain.internalDoFilter(ApplicationFilterChain.java:164) ~[tomcat-embed-core-10.1.30.jar:10.1.30]
	at org.apache.catalina.core.ApplicationFilterChain.doFilter(ApplicationFilterChain.java:140) ~[tomcat-embed-core-10.1.30.jar:10.1.30]
	at org.springframework.web.filter.CharacterEncodingFilter.doFilterInternal(CharacterEncodingFilter.java:201) ~[spring-web-6.1.13.jar:6.1.13]
	at org.springframework.web.filter.OncePerRequestFilter.doFilter(OncePerRequestFilter.java:116) ~[spring-web-6.1.13.jar:6.1.13]
	at org.apache.catalina.core.ApplicationFilterChain.internalDoFilter(ApplicationFilterChain.java:164) ~[tomcat-embed-core-10.1.30.jar:10.1.30]
	at org.apache.catalina.core.ApplicationFilterChain.doFilter(ApplicationFilterChain.java:140) ~[tomcat-embed-core-10.1.30.jar:10.1.30]
	at org.apache.catalina.core.StandardWrapperValve.invoke(StandardWrapperValve.java:167) ~[tomcat-embed-core-10.1.30.jar:10.1.30]
	at org.apache.catalina.core.StandardContextValve.invoke(StandardContextValve.java:90) ~[tomcat-embed-core-10.1.30.jar:10.1.30]
	at org.apache.catalina.authenticator.AuthenticatorBase.invoke(AuthenticatorBase.java:483) ~[tomcat-embed-core-10.1.30.jar:10.1.30]
	at org.apache.catalina.core.StandardHostValve.invoke(StandardHostValve.java:115) ~[tomcat-embed-core-10.1.30.jar:10.1.30]
	at org.apache.catalina.valves.ErrorReportValve.invoke(ErrorReportValve.java:93) ~[tomcat-embed-core-10.1.30.jar:10.1.30]
	at org.apache.catalina.core.StandardEngineValve.invoke(StandardEngineValve.java:74) ~[tomcat-embed-core-10.1.30.jar:10.1.30]
	at org.apache.catalina.connector.CoyoteAdapter.service(CoyoteAdapter.java:344) ~[tomcat-embed-core-10.1.30.jar:10.1.30]
	at org.apache.coyote.http11.Http11Processor.service(Http11Processor.java:384) ~[tomcat-embed-core-10.1.30.jar:10.1.30]
	at org.apache.coyote.AbstractProcessorLight.process(AbstractProcessorLight.java:63) ~[tomcat-embed-core-10.1.30.jar:10.1.30]
	at org.apache.coyote.AbstractProtocol$ConnectionHandler.process(AbstractProtocol.java:905) ~[tomcat-embed-core-10.1.30.jar:10.1.30]
	at org.apache.tomcat.util.net.NioEndpoint$SocketProcessor.doRun(NioEndpoint.java:1741) ~[tomcat-embed-core-10.1.30.jar:10.1.30]
	at org.apache.tomcat.util.net.SocketProcessorBase.run(SocketProcessorBase.java:52) ~[tomcat-embed-core-10.1.30.jar:10.1.30]
	at org.apache.tomcat.util.threads.ThreadPoolExecutor.runWorker(ThreadPoolExecutor.java:1190) ~[tomcat-embed-core-10.1.30.jar:10.1.30]
	at org.apache.tomcat.util.threads.ThreadPoolExecutor$Worker.run(ThreadPoolExecutor.java:659) ~[tomcat-embed-core-10.1.30.jar:10.1.30]
	at org.apache.tomcat.util.threads.TaskThread$WrappingRunnable.run(TaskThread.java:63) ~[tomcat-embed-core-10.1.30.jar:10.1.30]
	at java.base/java.lang.Thread.run(Thread.java:1570) ~[na:na]

2025-03-09T17:50:51.376+08:00  INFO 40164 --- [CommentAnalysis] [SpringApplicationShutdownHook] o.neo4j.driver.internal.InternalDriver   : Closing driver instance 1797994674
2025-03-09T17:50:51.603+08:00  INFO 40164 --- [CommentAnalysis] [SpringApplicationShutdownHook] com.zaxxer.hikari.HikariDataSource       : HikariPool-1 - Shutdown initiated...
2025-03-09T17:50:51.622+08:00  INFO 40164 --- [CommentAnalysis] [SpringApplicationShutdownHook] com.zaxxer.hikari.HikariDataSource       : HikariPool-1 - Shutdown completed.
2025-03-09T17:50:58.814+08:00  INFO 3408 --- [CommentAnalysis] [restartedMain] c.b.c.CommentAnalysisApplication         : Starting CommentAnalysisApplication using Java 22.0.1 with PID 3408 (E:\Comment Analysis Git\User-fine-grained-sentiment-analysis-and-visualization-system\BackEnd\CommentAnalysis\target\classes started by thunder lee in E:\Comment Analysis Git\User-fine-grained-sentiment-analysis-and-visualization-system\BackEnd)
2025-03-09T17:50:58.817+08:00  INFO 3408 --- [CommentAnalysis] [restartedMain] c.b.c.CommentAnalysisApplication         : No active profile set, falling back to 1 default profile: "default"
2025-03-09T17:50:58.924+08:00  INFO 3408 --- [CommentAnalysis] [restartedMain] o.s.b.devtools.restart.ChangeableUrls    : The Class-Path manifest attribute in E:\apache-maven-3.9.8-bin\maven-repository\com\oracle\database\jdbc\ojdbc11\21.9.0.0\ojdbc11-21.9.0.0.jar referenced one or more files that do not exist: file:/E:/apache-maven-3.9.8-bin/maven-repository/com/oracle/database/jdbc/ojdbc11/21.9.0.0/oraclepki.jar
2025-03-09T17:50:58.924+08:00  INFO 3408 --- [CommentAnalysis] [restartedMain] .e.DevToolsPropertyDefaultsPostProcessor : Devtools property defaults active! Set 'spring.devtools.add-properties' to 'false' to disable
2025-03-09T17:50:58.924+08:00  INFO 3408 --- [CommentAnalysis] [restartedMain] .e.DevToolsPropertyDefaultsPostProcessor : For additional web related logging consider setting the 'logging.level.web' property to 'DEBUG'
2025-03-09T17:50:59.788+08:00  INFO 3408 --- [CommentAnalysis] [restartedMain] .s.d.r.c.RepositoryConfigurationDelegate : Multiple Spring Data modules found, entering strict repository configuration mode
2025-03-09T17:50:59.789+08:00  INFO 3408 --- [CommentAnalysis] [restartedMain] .s.d.r.c.RepositoryConfigurationDelegate : Bootstrapping Spring Data Neo4j repositories in DEFAULT mode.
2025-03-09T17:50:59.936+08:00  INFO 3408 --- [CommentAnalysis] [restartedMain] .s.d.r.c.RepositoryConfigurationDelegate : Finished Spring Data repository scanning in 142 ms. Found 1 Neo4j repository interface.
2025-03-09T17:51:00.311+08:00  INFO 3408 --- [CommentAnalysis] [restartedMain] .s.d.r.c.RepositoryConfigurationDelegate : Multiple Spring Data modules found, entering strict repository configuration mode
2025-03-09T17:51:00.311+08:00  INFO 3408 --- [CommentAnalysis] [restartedMain] .s.d.r.c.RepositoryConfigurationDelegate : Bootstrapping Spring Data Neo4j repositories in DEFAULT mode.
2025-03-09T17:51:00.349+08:00  INFO 3408 --- [CommentAnalysis] [restartedMain] .s.d.r.c.RepositoryConfigurationDelegate : Finished Spring Data repository scanning in 37 ms. Found 0 Neo4j repository interfaces.
2025-03-09T17:51:00.365+08:00  INFO 3408 --- [CommentAnalysis] [restartedMain] .s.d.r.c.RepositoryConfigurationDelegate : Multiple Spring Data modules found, entering strict repository configuration mode
2025-03-09T17:51:00.367+08:00  INFO 3408 --- [CommentAnalysis] [restartedMain] .s.d.r.c.RepositoryConfigurationDelegate : Bootstrapping Spring Data Redis repositories in DEFAULT mode.
2025-03-09T17:51:00.398+08:00  INFO 3408 --- [CommentAnalysis] [restartedMain] .RepositoryConfigurationExtensionSupport : Spring Data Redis - Could not safely identify store assignment for repository candidate interface com.backend.commentanalysis.repository.ProductRepository; If you want this repository to be a Redis repository, consider annotating your entities with one of these annotations: org.springframework.data.redis.core.RedisHash (preferred), or consider extending one of the following types with your repository: org.springframework.data.keyvalue.repository.KeyValueRepository
2025-03-09T17:51:00.398+08:00  INFO 3408 --- [CommentAnalysis] [restartedMain] .s.d.r.c.RepositoryConfigurationDelegate : Finished Spring Data repository scanning in 20 ms. Found 0 Redis repository interfaces.
2025-03-09T17:51:01.521+08:00  INFO 3408 --- [CommentAnalysis] [restartedMain] o.s.b.w.embedded.tomcat.TomcatWebServer  : Tomcat initialized with port 8081 (http)
2025-03-09T17:51:01.543+08:00  INFO 3408 --- [CommentAnalysis] [restartedMain] o.apache.catalina.core.StandardService   : Starting service [Tomcat]
2025-03-09T17:51:01.544+08:00  INFO 3408 --- [CommentAnalysis] [restartedMain] o.apache.catalina.core.StandardEngine    : Starting Servlet engine: [Apache Tomcat/10.1.30]
2025-03-09T17:51:01.618+08:00  INFO 3408 --- [CommentAnalysis] [restartedMain] o.a.c.c.C.[Tomcat].[localhost].[/]       : Initializing Spring embedded WebApplicationContext
2025-03-09T17:51:01.619+08:00  INFO 3408 --- [CommentAnalysis] [restartedMain] w.s.c.ServletWebServerApplicationContext : Root WebApplicationContext: initialization completed in 2694 ms
2025-03-09T17:51:01.647+08:00  WARN 3408 --- [CommentAnalysis] [restartedMain] .s.b.d.a.RemoteDevToolsAutoConfiguration : Listening for remote restart updates on /.~~spring-boot!~/restart
2025-03-09T17:51:02.691+08:00  INFO 3408 --- [CommentAnalysis] [restartedMain] o.neo4j.driver.internal.DriverFactory    : Direct driver instance 354770260 created for server address localhost:7687
2025-03-09T17:51:02.813+08:00  WARN 3408 --- [CommentAnalysis] [restartedMain] o.s.d.n.c.mapping.Neo4jPersistentEntity  : The entity com.backend.commentanalysis.entity.neo4j.OpinionNeo4j is using a Long value for storing internally generated Neo4j ids. The Neo4j internal Long Ids are deprecated, please consider using an external ID generator.
2025-03-09T17:51:02.865+08:00  INFO 3408 --- [CommentAnalysis] [restartedMain] o.s.b.d.a.OptionalLiveReloadServer       : LiveReload server is running on port 35729
2025-03-09T17:51:02.870+08:00  WARN 3408 --- [CommentAnalysis] [restartedMain] o.s.d.n.c.mapping.Neo4jPersistentEntity  : The entity com.backend.commentanalysis.entity.neo4j.AspectNeo4j is using a Long value for storing internally generated Neo4j ids. The Neo4j internal Long Ids are deprecated, please consider using an external ID generator.
2025-03-09T17:51:02.873+08:00  WARN 3408 --- [CommentAnalysis] [restartedMain] o.s.d.n.c.mapping.Neo4jPersistentEntity  : The entity com.backend.commentanalysis.entity.relation.HasOpinion is using a Long value for storing internally generated Neo4j ids. The Neo4j internal Long Ids are deprecated, please consider using an external ID generator.
2025-03-09T17:51:02.876+08:00  WARN 3408 --- [CommentAnalysis] [restartedMain] o.s.d.n.c.mapping.Neo4jPersistentEntity  : The entity com.backend.commentanalysis.entity.relation.HasAspect is using a Long value for storing internally generated Neo4j ids. The Neo4j internal Long Ids are deprecated, please consider using an external ID generator.
2025-03-09T17:51:03.946+08:00  INFO 3408 --- [CommentAnalysis] [restartedMain] o.s.b.w.embedded.tomcat.TomcatWebServer  : Tomcat started on port 8081 (http) with context path '/'
2025-03-09T17:51:03.954+08:00  INFO 3408 --- [CommentAnalysis] [restartedMain] c.b.c.CommentAnalysisApplication         : Started CommentAnalysisApplication in 5.856 seconds (process running for 7.014)
2025-03-09T17:51:07.337+08:00  INFO 3408 --- [CommentAnalysis] [http-nio-8081-exec-1] o.a.c.c.C.[Tomcat].[localhost].[/]       : Initializing Spring DispatcherServlet 'dispatcherServlet'
2025-03-09T17:51:07.338+08:00  INFO 3408 --- [CommentAnalysis] [http-nio-8081-exec-1] o.s.web.servlet.DispatcherServlet        : Initializing Servlet 'dispatcherServlet'
2025-03-09T17:51:07.339+08:00  INFO 3408 --- [CommentAnalysis] [http-nio-8081-exec-1] o.s.web.servlet.DispatcherServlet        : Completed initialization in 1 ms
2025-03-09T17:51:07.830+08:00  INFO 3408 --- [CommentAnalysis] [http-nio-8081-exec-1] com.zaxxer.hikari.HikariDataSource       : HikariPool-1 - Starting...
2025-03-09T17:51:08.193+08:00  INFO 3408 --- [CommentAnalysis] [http-nio-8081-exec-1] com.zaxxer.hikari.pool.HikariPool        : HikariPool-1 - Added connection com.mysql.cj.jdbc.ConnectionImpl@19218c4
2025-03-09T17:51:08.196+08:00  INFO 3408 --- [CommentAnalysis] [http-nio-8081-exec-1] com.zaxxer.hikari.HikariDataSource       : HikariPool-1 - Start completed.
2025-03-09T17:51:09.587+08:00 ERROR 3408 --- [CommentAnalysis] [http-nio-8081-exec-2] o.a.c.c.C.[.[.[/].[dispatcherServlet]    : Servlet.service() for servlet [dispatcherServlet] in context with path [] threw exception [Request processing failed: java.lang.ClassCastException: class com.backend.commentanalysis.entity.dto.ProductInfoDTO cannot be cast to class com.backend.commentanalysis.entity.dto.ProductInfoDTO (com.backend.commentanalysis.entity.dto.ProductInfoDTO is in unnamed module of loader 'app'; com.backend.commentanalysis.entity.dto.ProductInfoDTO is in unnamed module of loader org.springframework.boot.devtools.restart.classloader.RestartClassLoader @5d878177)] with root cause

java.lang.ClassCastException: class com.backend.commentanalysis.entity.dto.ProductInfoDTO cannot be cast to class com.backend.commentanalysis.entity.dto.ProductInfoDTO (com.backend.commentanalysis.entity.dto.ProductInfoDTO is in unnamed module of loader 'app'; com.backend.commentanalysis.entity.dto.ProductInfoDTO is in unnamed module of loader org.springframework.boot.devtools.restart.classloader.RestartClassLoader @5d878177)
	at com.backend.commentanalysis.service.implement.ProductServiceImpl$$SpringCGLIB$$0.getProductInfoByPid(<generated>) ~[classes/:na]
	at com.backend.commentanalysis.controller.ProductController.getProductInfoByPid(ProductController.java:45) ~[classes/:na]
	at java.base/jdk.internal.reflect.DirectMethodHandleAccessor.invoke(DirectMethodHandleAccessor.java:103) ~[na:na]
	at java.base/java.lang.reflect.Method.invoke(Method.java:580) ~[na:na]
	at org.springframework.aop.support.AopUtils.invokeJoinpointUsingReflection(AopUtils.java:355) ~[spring-aop-6.1.13.jar:6.1.13]
	at org.springframework.aop.framework.ReflectiveMethodInvocation.invokeJoinpoint(ReflectiveMethodInvocation.java:196) ~[spring-aop-6.1.13.jar:6.1.13]
	at org.springframework.aop.framework.ReflectiveMethodInvocation.proceed(ReflectiveMethodInvocation.java:163) ~[spring-aop-6.1.13.jar:6.1.13]
	at org.springframework.aop.framework.CglibAopProxy$CglibMethodInvocation.proceed(CglibAopProxy.java:768) ~[spring-aop-6.1.13.jar:6.1.13]
	at org.springframework.validation.beanvalidation.MethodValidationInterceptor.invoke(MethodValidationInterceptor.java:174) ~[spring-context-6.1.13.jar:6.1.13]
	at org.springframework.aop.framework.ReflectiveMethodInvocation.proceed(ReflectiveMethodInvocation.java:184) ~[spring-aop-6.1.13.jar:6.1.13]
	at org.springframework.aop.framework.CglibAopProxy$CglibMethodInvocation.proceed(CglibAopProxy.java:768) ~[spring-aop-6.1.13.jar:6.1.13]
	at org.springframework.aop.framework.CglibAopProxy$DynamicAdvisedInterceptor.intercept(CglibAopProxy.java:720) ~[spring-aop-6.1.13.jar:6.1.13]
	at com.backend.commentanalysis.controller.ProductController$$SpringCGLIB$$0.getProductInfoByPid(<generated>) ~[classes/:na]
	at java.base/jdk.internal.reflect.DirectMethodHandleAccessor.invoke(DirectMethodHandleAccessor.java:103) ~[na:na]
	at java.base/java.lang.reflect.Method.invoke(Method.java:580) ~[na:na]
	at org.springframework.web.method.support.InvocableHandlerMethod.doInvoke(InvocableHandlerMethod.java:255) ~[spring-web-6.1.13.jar:6.1.13]
	at org.springframework.web.method.support.InvocableHandlerMethod.invokeForRequest(InvocableHandlerMethod.java:188) ~[spring-web-6.1.13.jar:6.1.13]
	at org.springframework.web.servlet.mvc.method.annotation.ServletInvocableHandlerMethod.invokeAndHandle(ServletInvocableHandlerMethod.java:118) ~[spring-webmvc-6.1.13.jar:6.1.13]
	at org.springframework.web.servlet.mvc.method.annotation.RequestMappingHandlerAdapter.invokeHandlerMethod(RequestMappingHandlerAdapter.java:926) ~[spring-webmvc-6.1.13.jar:6.1.13]
	at org.springframework.web.servlet.mvc.method.annotation.RequestMappingHandlerAdapter.handleInternal(RequestMappingHandlerAdapter.java:831) ~[spring-webmvc-6.1.13.jar:6.1.13]
	at org.springframework.web.servlet.mvc.method.AbstractHandlerMethodAdapter.handle(AbstractHandlerMethodAdapter.java:87) ~[spring-webmvc-6.1.13.jar:6.1.13]
	at org.springframework.web.servlet.DispatcherServlet.doDispatch(DispatcherServlet.java:1089) ~[spring-webmvc-6.1.13.jar:6.1.13]
	at org.springframework.web.servlet.DispatcherServlet.doService(DispatcherServlet.java:979) ~[spring-webmvc-6.1.13.jar:6.1.13]
	at org.springframework.web.servlet.FrameworkServlet.processRequest(FrameworkServlet.java:1014) ~[spring-webmvc-6.1.13.jar:6.1.13]
	at org.springframework.web.servlet.FrameworkServlet.doGet(FrameworkServlet.java:903) ~[spring-webmvc-6.1.13.jar:6.1.13]
	at jakarta.servlet.http.HttpServlet.service(HttpServlet.java:564) ~[tomcat-embed-core-10.1.30.jar:6.0]
	at org.springframework.web.servlet.FrameworkServlet.service(FrameworkServlet.java:885) ~[spring-webmvc-6.1.13.jar:6.1.13]
	at jakarta.servlet.http.HttpServlet.service(HttpServlet.java:658) ~[tomcat-embed-core-10.1.30.jar:6.0]
	at org.apache.catalina.core.ApplicationFilterChain.internalDoFilter(ApplicationFilterChain.java:195) ~[tomcat-embed-core-10.1.30.jar:10.1.30]
	at org.apache.catalina.core.ApplicationFilterChain.doFilter(ApplicationFilterChain.java:140) ~[tomcat-embed-core-10.1.30.jar:10.1.30]
	at org.apache.tomcat.websocket.server.WsFilter.doFilter(WsFilter.java:51) ~[tomcat-embed-websocket-10.1.30.jar:10.1.30]
	at org.apache.catalina.core.ApplicationFilterChain.internalDoFilter(ApplicationFilterChain.java:164) ~[tomcat-embed-core-10.1.30.jar:10.1.30]
	at org.apache.catalina.core.ApplicationFilterChain.doFilter(ApplicationFilterChain.java:140) ~[tomcat-embed-core-10.1.30.jar:10.1.30]
	at org.springframework.boot.devtools.remote.server.DispatcherFilter.doFilter(DispatcherFilter.java:72) ~[spring-boot-devtools-3.3.4.jar:3.3.4]
	at org.springframework.boot.devtools.remote.server.DispatcherFilter.doFilter(DispatcherFilter.java:60) ~[spring-boot-devtools-3.3.4.jar:3.3.4]
	at org.apache.catalina.core.ApplicationFilterChain.internalDoFilter(ApplicationFilterChain.java:164) ~[tomcat-embed-core-10.1.30.jar:10.1.30]
	at org.apache.catalina.core.ApplicationFilterChain.doFilter(ApplicationFilterChain.java:140) ~[tomcat-embed-core-10.1.30.jar:10.1.30]
	at org.springframework.web.filter.RequestContextFilter.doFilterInternal(RequestContextFilter.java:100) ~[spring-web-6.1.13.jar:6.1.13]
	at org.springframework.web.filter.OncePerRequestFilter.doFilter(OncePerRequestFilter.java:116) ~[spring-web-6.1.13.jar:6.1.13]
	at org.apache.catalina.core.ApplicationFilterChain.internalDoFilter(ApplicationFilterChain.java:164) ~[tomcat-embed-core-10.1.30.jar:10.1.30]
	at org.apache.catalina.core.ApplicationFilterChain.doFilter(ApplicationFilterChain.java:140) ~[tomcat-embed-core-10.1.30.jar:10.1.30]
	at org.springframework.web.filter.FormContentFilter.doFilterInternal(FormContentFilter.java:93) ~[spring-web-6.1.13.jar:6.1.13]
	at org.springframework.web.filter.OncePerRequestFilter.doFilter(OncePerRequestFilter.java:116) ~[spring-web-6.1.13.jar:6.1.13]
	at org.apache.catalina.core.ApplicationFilterChain.internalDoFilter(ApplicationFilterChain.java:164) ~[tomcat-embed-core-10.1.30.jar:10.1.30]
	at org.apache.catalina.core.ApplicationFilterChain.doFilter(ApplicationFilterChain.java:140) ~[tomcat-embed-core-10.1.30.jar:10.1.30]
	at org.springframework.web.filter.CharacterEncodingFilter.doFilterInternal(CharacterEncodingFilter.java:201) ~[spring-web-6.1.13.jar:6.1.13]
	at org.springframework.web.filter.OncePerRequestFilter.doFilter(OncePerRequestFilter.java:116) ~[spring-web-6.1.13.jar:6.1.13]
	at org.apache.catalina.core.ApplicationFilterChain.internalDoFilter(ApplicationFilterChain.java:164) ~[tomcat-embed-core-10.1.30.jar:10.1.30]
	at org.apache.catalina.core.ApplicationFilterChain.doFilter(ApplicationFilterChain.java:140) ~[tomcat-embed-core-10.1.30.jar:10.1.30]
	at org.apache.catalina.core.StandardWrapperValve.invoke(StandardWrapperValve.java:167) ~[tomcat-embed-core-10.1.30.jar:10.1.30]
	at org.apache.catalina.core.StandardContextValve.invoke(StandardContextValve.java:90) ~[tomcat-embed-core-10.1.30.jar:10.1.30]
	at org.apache.catalina.authenticator.AuthenticatorBase.invoke(AuthenticatorBase.java:483) ~[tomcat-embed-core-10.1.30.jar:10.1.30]
	at org.apache.catalina.core.StandardHostValve.invoke(StandardHostValve.java:115) ~[tomcat-embed-core-10.1.30.jar:10.1.30]
	at org.apache.catalina.valves.ErrorReportValve.invoke(ErrorReportValve.java:93) ~[tomcat-embed-core-10.1.30.jar:10.1.30]
	at org.apache.catalina.core.StandardEngineValve.invoke(StandardEngineValve.java:74) ~[tomcat-embed-core-10.1.30.jar:10.1.30]
	at org.apache.catalina.connector.CoyoteAdapter.service(CoyoteAdapter.java:344) ~[tomcat-embed-core-10.1.30.jar:10.1.30]
	at org.apache.coyote.http11.Http11Processor.service(Http11Processor.java:384) ~[tomcat-embed-core-10.1.30.jar:10.1.30]
	at org.apache.coyote.AbstractProcessorLight.process(AbstractProcessorLight.java:63) ~[tomcat-embed-core-10.1.30.jar:10.1.30]
	at org.apache.coyote.AbstractProtocol$ConnectionHandler.process(AbstractProtocol.java:905) ~[tomcat-embed-core-10.1.30.jar:10.1.30]
	at org.apache.tomcat.util.net.NioEndpoint$SocketProcessor.doRun(NioEndpoint.java:1741) ~[tomcat-embed-core-10.1.30.jar:10.1.30]
	at org.apache.tomcat.util.net.SocketProcessorBase.run(SocketProcessorBase.java:52) ~[tomcat-embed-core-10.1.30.jar:10.1.30]
	at org.apache.tomcat.util.threads.ThreadPoolExecutor.runWorker(ThreadPoolExecutor.java:1190) ~[tomcat-embed-core-10.1.30.jar:10.1.30]
	at org.apache.tomcat.util.threads.ThreadPoolExecutor$Worker.run(ThreadPoolExecutor.java:659) ~[tomcat-embed-core-10.1.30.jar:10.1.30]
	at org.apache.tomcat.util.threads.TaskThread$WrappingRunnable.run(TaskThread.java:63) ~[tomcat-embed-core-10.1.30.jar:10.1.30]
	at java.base/java.lang.Thread.run(Thread.java:1570) ~[na:na]

2025-03-09T17:51:39.526+08:00  INFO 3408 --- [CommentAnalysis] [SpringApplicationShutdownHook] o.neo4j.driver.internal.InternalDriver   : Closing driver instance 354770260
2025-03-09T17:51:39.745+08:00  INFO 3408 --- [CommentAnalysis] [SpringApplicationShutdownHook] com.zaxxer.hikari.HikariDataSource       : HikariPool-1 - Shutdown initiated...
2025-03-09T17:51:39.756+08:00  INFO 3408 --- [CommentAnalysis] [SpringApplicationShutdownHook] com.zaxxer.hikari.HikariDataSource       : HikariPool-1 - Shutdown completed.
2025-03-09T17:51:46.400+08:00  INFO 9284 --- [CommentAnalysis] [restartedMain] c.b.c.CommentAnalysisApplication         : Starting CommentAnalysisApplication using Java 22.0.1 with PID 9284 (E:\Comment Analysis Git\User-fine-grained-sentiment-analysis-and-visualization-system\BackEnd\CommentAnalysis\target\classes started by thunder lee in E:\Comment Analysis Git\User-fine-grained-sentiment-analysis-and-visualization-system\BackEnd)
2025-03-09T17:51:46.404+08:00  INFO 9284 --- [CommentAnalysis] [restartedMain] c.b.c.CommentAnalysisApplication         : No active profile set, falling back to 1 default profile: "default"
2025-03-09T17:51:46.494+08:00  INFO 9284 --- [CommentAnalysis] [restartedMain] o.s.b.devtools.restart.ChangeableUrls    : The Class-Path manifest attribute in E:\apache-maven-3.9.8-bin\maven-repository\com\oracle\database\jdbc\ojdbc11\21.9.0.0\ojdbc11-21.9.0.0.jar referenced one or more files that do not exist: file:/E:/apache-maven-3.9.8-bin/maven-repository/com/oracle/database/jdbc/ojdbc11/21.9.0.0/oraclepki.jar
2025-03-09T17:51:46.494+08:00  INFO 9284 --- [CommentAnalysis] [restartedMain] .e.DevToolsPropertyDefaultsPostProcessor : Devtools property defaults active! Set 'spring.devtools.add-properties' to 'false' to disable
2025-03-09T17:51:46.494+08:00  INFO 9284 --- [CommentAnalysis] [restartedMain] .e.DevToolsPropertyDefaultsPostProcessor : For additional web related logging consider setting the 'logging.level.web' property to 'DEBUG'
2025-03-09T17:51:47.580+08:00  INFO 9284 --- [CommentAnalysis] [restartedMain] .s.d.r.c.RepositoryConfigurationDelegate : Multiple Spring Data modules found, entering strict repository configuration mode
2025-03-09T17:51:47.581+08:00  INFO 9284 --- [CommentAnalysis] [restartedMain] .s.d.r.c.RepositoryConfigurationDelegate : Bootstrapping Spring Data Neo4j repositories in DEFAULT mode.
2025-03-09T17:51:47.713+08:00  INFO 9284 --- [CommentAnalysis] [restartedMain] .s.d.r.c.RepositoryConfigurationDelegate : Finished Spring Data repository scanning in 125 ms. Found 1 Neo4j repository interface.
2025-03-09T17:51:48.037+08:00  INFO 9284 --- [CommentAnalysis] [restartedMain] .s.d.r.c.RepositoryConfigurationDelegate : Multiple Spring Data modules found, entering strict repository configuration mode
2025-03-09T17:51:48.038+08:00  INFO 9284 --- [CommentAnalysis] [restartedMain] .s.d.r.c.RepositoryConfigurationDelegate : Bootstrapping Spring Data Neo4j repositories in DEFAULT mode.
2025-03-09T17:51:48.064+08:00  INFO 9284 --- [CommentAnalysis] [restartedMain] .s.d.r.c.RepositoryConfigurationDelegate : Finished Spring Data repository scanning in 25 ms. Found 0 Neo4j repository interfaces.
2025-03-09T17:51:48.077+08:00  INFO 9284 --- [CommentAnalysis] [restartedMain] .s.d.r.c.RepositoryConfigurationDelegate : Multiple Spring Data modules found, entering strict repository configuration mode
2025-03-09T17:51:48.078+08:00  INFO 9284 --- [CommentAnalysis] [restartedMain] .s.d.r.c.RepositoryConfigurationDelegate : Bootstrapping Spring Data Redis repositories in DEFAULT mode.
2025-03-09T17:51:48.102+08:00  INFO 9284 --- [CommentAnalysis] [restartedMain] .RepositoryConfigurationExtensionSupport : Spring Data Redis - Could not safely identify store assignment for repository candidate interface com.backend.commentanalysis.repository.ProductRepository; If you want this repository to be a Redis repository, consider annotating your entities with one of these annotations: org.springframework.data.redis.core.RedisHash (preferred), or consider extending one of the following types with your repository: org.springframework.data.keyvalue.repository.KeyValueRepository
2025-03-09T17:51:48.102+08:00  INFO 9284 --- [CommentAnalysis] [restartedMain] .s.d.r.c.RepositoryConfigurationDelegate : Finished Spring Data repository scanning in 15 ms. Found 0 Redis repository interfaces.
2025-03-09T17:51:49.202+08:00  INFO 9284 --- [CommentAnalysis] [restartedMain] o.s.b.w.embedded.tomcat.TomcatWebServer  : Tomcat initialized with port 8081 (http)
2025-03-09T17:51:49.223+08:00  INFO 9284 --- [CommentAnalysis] [restartedMain] o.apache.catalina.core.StandardService   : Starting service [Tomcat]
2025-03-09T17:51:49.223+08:00  INFO 9284 --- [CommentAnalysis] [restartedMain] o.apache.catalina.core.StandardEngine    : Starting Servlet engine: [Apache Tomcat/10.1.30]
2025-03-09T17:51:49.299+08:00  INFO 9284 --- [CommentAnalysis] [restartedMain] o.a.c.c.C.[Tomcat].[localhost].[/]       : Initializing Spring embedded WebApplicationContext
2025-03-09T17:51:49.300+08:00  INFO 9284 --- [CommentAnalysis] [restartedMain] w.s.c.ServletWebServerApplicationContext : Root WebApplicationContext: initialization completed in 2804 ms
2025-03-09T17:51:49.334+08:00  WARN 9284 --- [CommentAnalysis] [restartedMain] .s.b.d.a.RemoteDevToolsAutoConfiguration : Listening for remote restart updates on /.~~spring-boot!~/restart
2025-03-09T17:51:50.390+08:00  INFO 9284 --- [CommentAnalysis] [restartedMain] o.neo4j.driver.internal.DriverFactory    : Direct driver instance 1655073008 created for server address localhost:7687
2025-03-09T17:51:50.504+08:00  WARN 9284 --- [CommentAnalysis] [restartedMain] o.s.d.n.c.mapping.Neo4jPersistentEntity  : The entity com.backend.commentanalysis.entity.neo4j.OpinionNeo4j is using a Long value for storing internally generated Neo4j ids. The Neo4j internal Long Ids are deprecated, please consider using an external ID generator.
2025-03-09T17:51:50.555+08:00  INFO 9284 --- [CommentAnalysis] [restartedMain] o.s.b.d.a.OptionalLiveReloadServer       : LiveReload server is running on port 35729
2025-03-09T17:51:50.558+08:00  WARN 9284 --- [CommentAnalysis] [restartedMain] o.s.d.n.c.mapping.Neo4jPersistentEntity  : The entity com.backend.commentanalysis.entity.neo4j.AspectNeo4j is using a Long value for storing internally generated Neo4j ids. The Neo4j internal Long Ids are deprecated, please consider using an external ID generator.
2025-03-09T17:51:50.559+08:00  WARN 9284 --- [CommentAnalysis] [restartedMain] o.s.d.n.c.mapping.Neo4jPersistentEntity  : The entity com.backend.commentanalysis.entity.relation.HasAspect is using a Long value for storing internally generated Neo4j ids. The Neo4j internal Long Ids are deprecated, please consider using an external ID generator.
2025-03-09T17:51:50.561+08:00  WARN 9284 --- [CommentAnalysis] [restartedMain] o.s.d.n.c.mapping.Neo4jPersistentEntity  : The entity com.backend.commentanalysis.entity.relation.HasOpinion is using a Long value for storing internally generated Neo4j ids. The Neo4j internal Long Ids are deprecated, please consider using an external ID generator.
2025-03-09T17:51:51.579+08:00  INFO 9284 --- [CommentAnalysis] [restartedMain] o.s.b.w.embedded.tomcat.TomcatWebServer  : Tomcat started on port 8081 (http) with context path '/'
2025-03-09T17:51:51.590+08:00  INFO 9284 --- [CommentAnalysis] [restartedMain] c.b.c.CommentAnalysisApplication         : Started CommentAnalysisApplication in 5.843 seconds (process running for 7.093)
2025-03-09T17:52:15.169+08:00  INFO 9284 --- [CommentAnalysis] [http-nio-8081-exec-1] o.a.c.c.C.[Tomcat].[localhost].[/]       : Initializing Spring DispatcherServlet 'dispatcherServlet'
2025-03-09T17:52:15.169+08:00  INFO 9284 --- [CommentAnalysis] [http-nio-8081-exec-1] o.s.web.servlet.DispatcherServlet        : Initializing Servlet 'dispatcherServlet'
2025-03-09T17:52:15.172+08:00  INFO 9284 --- [CommentAnalysis] [http-nio-8081-exec-1] o.s.web.servlet.DispatcherServlet        : Completed initialization in 3 ms
2025-03-09T17:52:15.768+08:00  INFO 9284 --- [CommentAnalysis] [http-nio-8081-exec-1] com.zaxxer.hikari.HikariDataSource       : HikariPool-1 - Starting...
2025-03-09T17:52:16.195+08:00  INFO 9284 --- [CommentAnalysis] [http-nio-8081-exec-1] com.zaxxer.hikari.pool.HikariPool        : HikariPool-1 - Added connection com.mysql.cj.jdbc.ConnectionImpl@4147a7f
2025-03-09T17:52:16.197+08:00  INFO 9284 --- [CommentAnalysis] [http-nio-8081-exec-1] com.zaxxer.hikari.HikariDataSource       : HikariPool-1 - Start completed.
2025-03-09T17:52:17.626+08:00 ERROR 9284 --- [CommentAnalysis] [http-nio-8081-exec-2] o.a.c.c.C.[.[.[/].[dispatcherServlet]    : Servlet.service() for servlet [dispatcherServlet] in context with path [] threw exception [Request processing failed: java.lang.ClassCastException: class com.backend.commentanalysis.entity.dto.ProductInfoDTO cannot be cast to class com.backend.commentanalysis.entity.dto.ProductInfoDTO (com.backend.commentanalysis.entity.dto.ProductInfoDTO is in unnamed module of loader 'app'; com.backend.commentanalysis.entity.dto.ProductInfoDTO is in unnamed module of loader org.springframework.boot.devtools.restart.classloader.RestartClassLoader @3dc70c5d)] with root cause

java.lang.ClassCastException: class com.backend.commentanalysis.entity.dto.ProductInfoDTO cannot be cast to class com.backend.commentanalysis.entity.dto.ProductInfoDTO (com.backend.commentanalysis.entity.dto.ProductInfoDTO is in unnamed module of loader 'app'; com.backend.commentanalysis.entity.dto.ProductInfoDTO is in unnamed module of loader org.springframework.boot.devtools.restart.classloader.RestartClassLoader @3dc70c5d)
	at com.backend.commentanalysis.service.implement.ProductServiceImpl$$SpringCGLIB$$0.getProductInfoByPid(<generated>) ~[classes/:na]
	at com.backend.commentanalysis.controller.ProductController.getProductInfoByPid(ProductController.java:45) ~[classes/:na]
	at java.base/jdk.internal.reflect.DirectMethodHandleAccessor.invoke(DirectMethodHandleAccessor.java:103) ~[na:na]
	at java.base/java.lang.reflect.Method.invoke(Method.java:580) ~[na:na]
	at org.springframework.aop.support.AopUtils.invokeJoinpointUsingReflection(AopUtils.java:355) ~[spring-aop-6.1.13.jar:6.1.13]
	at org.springframework.aop.framework.ReflectiveMethodInvocation.invokeJoinpoint(ReflectiveMethodInvocation.java:196) ~[spring-aop-6.1.13.jar:6.1.13]
	at org.springframework.aop.framework.ReflectiveMethodInvocation.proceed(ReflectiveMethodInvocation.java:163) ~[spring-aop-6.1.13.jar:6.1.13]
	at org.springframework.aop.framework.CglibAopProxy$CglibMethodInvocation.proceed(CglibAopProxy.java:768) ~[spring-aop-6.1.13.jar:6.1.13]
	at org.springframework.validation.beanvalidation.MethodValidationInterceptor.invoke(MethodValidationInterceptor.java:174) ~[spring-context-6.1.13.jar:6.1.13]
	at org.springframework.aop.framework.ReflectiveMethodInvocation.proceed(ReflectiveMethodInvocation.java:184) ~[spring-aop-6.1.13.jar:6.1.13]
	at org.springframework.aop.framework.CglibAopProxy$CglibMethodInvocation.proceed(CglibAopProxy.java:768) ~[spring-aop-6.1.13.jar:6.1.13]
	at org.springframework.aop.framework.CglibAopProxy$DynamicAdvisedInterceptor.intercept(CglibAopProxy.java:720) ~[spring-aop-6.1.13.jar:6.1.13]
	at com.backend.commentanalysis.controller.ProductController$$SpringCGLIB$$0.getProductInfoByPid(<generated>) ~[classes/:na]
	at java.base/jdk.internal.reflect.DirectMethodHandleAccessor.invoke(DirectMethodHandleAccessor.java:103) ~[na:na]
	at java.base/java.lang.reflect.Method.invoke(Method.java:580) ~[na:na]
	at org.springframework.web.method.support.InvocableHandlerMethod.doInvoke(InvocableHandlerMethod.java:255) ~[spring-web-6.1.13.jar:6.1.13]
	at org.springframework.web.method.support.InvocableHandlerMethod.invokeForRequest(InvocableHandlerMethod.java:188) ~[spring-web-6.1.13.jar:6.1.13]
	at org.springframework.web.servlet.mvc.method.annotation.ServletInvocableHandlerMethod.invokeAndHandle(ServletInvocableHandlerMethod.java:118) ~[spring-webmvc-6.1.13.jar:6.1.13]
	at org.springframework.web.servlet.mvc.method.annotation.RequestMappingHandlerAdapter.invokeHandlerMethod(RequestMappingHandlerAdapter.java:926) ~[spring-webmvc-6.1.13.jar:6.1.13]
	at org.springframework.web.servlet.mvc.method.annotation.RequestMappingHandlerAdapter.handleInternal(RequestMappingHandlerAdapter.java:831) ~[spring-webmvc-6.1.13.jar:6.1.13]
	at org.springframework.web.servlet.mvc.method.AbstractHandlerMethodAdapter.handle(AbstractHandlerMethodAdapter.java:87) ~[spring-webmvc-6.1.13.jar:6.1.13]
	at org.springframework.web.servlet.DispatcherServlet.doDispatch(DispatcherServlet.java:1089) ~[spring-webmvc-6.1.13.jar:6.1.13]
	at org.springframework.web.servlet.DispatcherServlet.doService(DispatcherServlet.java:979) ~[spring-webmvc-6.1.13.jar:6.1.13]
	at org.springframework.web.servlet.FrameworkServlet.processRequest(FrameworkServlet.java:1014) ~[spring-webmvc-6.1.13.jar:6.1.13]
	at org.springframework.web.servlet.FrameworkServlet.doGet(FrameworkServlet.java:903) ~[spring-webmvc-6.1.13.jar:6.1.13]
	at jakarta.servlet.http.HttpServlet.service(HttpServlet.java:564) ~[tomcat-embed-core-10.1.30.jar:6.0]
	at org.springframework.web.servlet.FrameworkServlet.service(FrameworkServlet.java:885) ~[spring-webmvc-6.1.13.jar:6.1.13]
	at jakarta.servlet.http.HttpServlet.service(HttpServlet.java:658) ~[tomcat-embed-core-10.1.30.jar:6.0]
	at org.apache.catalina.core.ApplicationFilterChain.internalDoFilter(ApplicationFilterChain.java:195) ~[tomcat-embed-core-10.1.30.jar:10.1.30]
	at org.apache.catalina.core.ApplicationFilterChain.doFilter(ApplicationFilterChain.java:140) ~[tomcat-embed-core-10.1.30.jar:10.1.30]
	at org.apache.tomcat.websocket.server.WsFilter.doFilter(WsFilter.java:51) ~[tomcat-embed-websocket-10.1.30.jar:10.1.30]
	at org.apache.catalina.core.ApplicationFilterChain.internalDoFilter(ApplicationFilterChain.java:164) ~[tomcat-embed-core-10.1.30.jar:10.1.30]
	at org.apache.catalina.core.ApplicationFilterChain.doFilter(ApplicationFilterChain.java:140) ~[tomcat-embed-core-10.1.30.jar:10.1.30]
	at org.springframework.boot.devtools.remote.server.DispatcherFilter.doFilter(DispatcherFilter.java:72) ~[spring-boot-devtools-3.3.4.jar:3.3.4]
	at org.springframework.boot.devtools.remote.server.DispatcherFilter.doFilter(DispatcherFilter.java:60) ~[spring-boot-devtools-3.3.4.jar:3.3.4]
	at org.apache.catalina.core.ApplicationFilterChain.internalDoFilter(ApplicationFilterChain.java:164) ~[tomcat-embed-core-10.1.30.jar:10.1.30]
	at org.apache.catalina.core.ApplicationFilterChain.doFilter(ApplicationFilterChain.java:140) ~[tomcat-embed-core-10.1.30.jar:10.1.30]
	at org.springframework.web.filter.RequestContextFilter.doFilterInternal(RequestContextFilter.java:100) ~[spring-web-6.1.13.jar:6.1.13]
	at org.springframework.web.filter.OncePerRequestFilter.doFilter(OncePerRequestFilter.java:116) ~[spring-web-6.1.13.jar:6.1.13]
	at org.apache.catalina.core.ApplicationFilterChain.internalDoFilter(ApplicationFilterChain.java:164) ~[tomcat-embed-core-10.1.30.jar:10.1.30]
	at org.apache.catalina.core.ApplicationFilterChain.doFilter(ApplicationFilterChain.java:140) ~[tomcat-embed-core-10.1.30.jar:10.1.30]
	at org.springframework.web.filter.FormContentFilter.doFilterInternal(FormContentFilter.java:93) ~[spring-web-6.1.13.jar:6.1.13]
	at org.springframework.web.filter.OncePerRequestFilter.doFilter(OncePerRequestFilter.java:116) ~[spring-web-6.1.13.jar:6.1.13]
	at org.apache.catalina.core.ApplicationFilterChain.internalDoFilter(ApplicationFilterChain.java:164) ~[tomcat-embed-core-10.1.30.jar:10.1.30]
	at org.apache.catalina.core.ApplicationFilterChain.doFilter(ApplicationFilterChain.java:140) ~[tomcat-embed-core-10.1.30.jar:10.1.30]
	at org.springframework.web.filter.CharacterEncodingFilter.doFilterInternal(CharacterEncodingFilter.java:201) ~[spring-web-6.1.13.jar:6.1.13]
	at org.springframework.web.filter.OncePerRequestFilter.doFilter(OncePerRequestFilter.java:116) ~[spring-web-6.1.13.jar:6.1.13]
	at org.apache.catalina.core.ApplicationFilterChain.internalDoFilter(ApplicationFilterChain.java:164) ~[tomcat-embed-core-10.1.30.jar:10.1.30]
	at org.apache.catalina.core.ApplicationFilterChain.doFilter(ApplicationFilterChain.java:140) ~[tomcat-embed-core-10.1.30.jar:10.1.30]
	at org.apache.catalina.core.StandardWrapperValve.invoke(StandardWrapperValve.java:167) ~[tomcat-embed-core-10.1.30.jar:10.1.30]
	at org.apache.catalina.core.StandardContextValve.invoke(StandardContextValve.java:90) ~[tomcat-embed-core-10.1.30.jar:10.1.30]
	at org.apache.catalina.authenticator.AuthenticatorBase.invoke(AuthenticatorBase.java:483) ~[tomcat-embed-core-10.1.30.jar:10.1.30]
	at org.apache.catalina.core.StandardHostValve.invoke(StandardHostValve.java:115) ~[tomcat-embed-core-10.1.30.jar:10.1.30]
	at org.apache.catalina.valves.ErrorReportValve.invoke(ErrorReportValve.java:93) ~[tomcat-embed-core-10.1.30.jar:10.1.30]
	at org.apache.catalina.core.StandardEngineValve.invoke(StandardEngineValve.java:74) ~[tomcat-embed-core-10.1.30.jar:10.1.30]
	at org.apache.catalina.connector.CoyoteAdapter.service(CoyoteAdapter.java:344) ~[tomcat-embed-core-10.1.30.jar:10.1.30]
	at org.apache.coyote.http11.Http11Processor.service(Http11Processor.java:384) ~[tomcat-embed-core-10.1.30.jar:10.1.30]
	at org.apache.coyote.AbstractProcessorLight.process(AbstractProcessorLight.java:63) ~[tomcat-embed-core-10.1.30.jar:10.1.30]
	at org.apache.coyote.AbstractProtocol$ConnectionHandler.process(AbstractProtocol.java:905) ~[tomcat-embed-core-10.1.30.jar:10.1.30]
	at org.apache.tomcat.util.net.NioEndpoint$SocketProcessor.doRun(NioEndpoint.java:1741) ~[tomcat-embed-core-10.1.30.jar:10.1.30]
	at org.apache.tomcat.util.net.SocketProcessorBase.run(SocketProcessorBase.java:52) ~[tomcat-embed-core-10.1.30.jar:10.1.30]
	at org.apache.tomcat.util.threads.ThreadPoolExecutor.runWorker(ThreadPoolExecutor.java:1190) ~[tomcat-embed-core-10.1.30.jar:10.1.30]
	at org.apache.tomcat.util.threads.ThreadPoolExecutor$Worker.run(ThreadPoolExecutor.java:659) ~[tomcat-embed-core-10.1.30.jar:10.1.30]
	at org.apache.tomcat.util.threads.TaskThread$WrappingRunnable.run(TaskThread.java:63) ~[tomcat-embed-core-10.1.30.jar:10.1.30]
	at java.base/java.lang.Thread.run(Thread.java:1570) ~[na:na]

2025-03-09T17:59:08.793+08:00  INFO 9284 --- [CommentAnalysis] [SpringApplicationShutdownHook] o.neo4j.driver.internal.InternalDriver   : Closing driver instance 1655073008
2025-03-09T17:59:09.020+08:00  INFO 9284 --- [CommentAnalysis] [SpringApplicationShutdownHook] com.zaxxer.hikari.HikariDataSource       : HikariPool-1 - Shutdown initiated...
2025-03-09T17:59:09.032+08:00  INFO 9284 --- [CommentAnalysis] [SpringApplicationShutdownHook] com.zaxxer.hikari.HikariDataSource       : HikariPool-1 - Shutdown completed.
2025-03-09T17:59:14.794+08:00  INFO 12084 --- [CommentAnalysis] [restartedMain] c.b.c.CommentAnalysisApplication         : Starting CommentAnalysisApplication using Java 22.0.1 with PID 12084 (E:\Comment Analysis Git\User-fine-grained-sentiment-analysis-and-visualization-system\BackEnd\CommentAnalysis\target\classes started by thunder lee in E:\Comment Analysis Git\User-fine-grained-sentiment-analysis-and-visualization-system\BackEnd)
2025-03-09T17:59:14.796+08:00  INFO 12084 --- [CommentAnalysis] [restartedMain] c.b.c.CommentAnalysisApplication         : No active profile set, falling back to 1 default profile: "default"
2025-03-09T17:59:14.874+08:00  INFO 12084 --- [CommentAnalysis] [restartedMain] o.s.b.devtools.restart.ChangeableUrls    : The Class-Path manifest attribute in E:\apache-maven-3.9.8-bin\maven-repository\com\oracle\database\jdbc\ojdbc11\21.9.0.0\ojdbc11-21.9.0.0.jar referenced one or more files that do not exist: file:/E:/apache-maven-3.9.8-bin/maven-repository/com/oracle/database/jdbc/ojdbc11/21.9.0.0/oraclepki.jar
2025-03-09T17:59:14.874+08:00  INFO 12084 --- [CommentAnalysis] [restartedMain] .e.DevToolsPropertyDefaultsPostProcessor : Devtools property defaults active! Set 'spring.devtools.add-properties' to 'false' to disable
2025-03-09T17:59:14.874+08:00  INFO 12084 --- [CommentAnalysis] [restartedMain] .e.DevToolsPropertyDefaultsPostProcessor : For additional web related logging consider setting the 'logging.level.web' property to 'DEBUG'
2025-03-09T17:59:15.554+08:00  INFO 12084 --- [CommentAnalysis] [restartedMain] .s.d.r.c.RepositoryConfigurationDelegate : Multiple Spring Data modules found, entering strict repository configuration mode
2025-03-09T17:59:15.554+08:00  INFO 12084 --- [CommentAnalysis] [restartedMain] .s.d.r.c.RepositoryConfigurationDelegate : Bootstrapping Spring Data Neo4j repositories in DEFAULT mode.
2025-03-09T17:59:15.671+08:00  INFO 12084 --- [CommentAnalysis] [restartedMain] .s.d.r.c.RepositoryConfigurationDelegate : Finished Spring Data repository scanning in 113 ms. Found 1 Neo4j repository interface.
2025-03-09T17:59:15.963+08:00  INFO 12084 --- [CommentAnalysis] [restartedMain] .s.d.r.c.RepositoryConfigurationDelegate : Multiple Spring Data modules found, entering strict repository configuration mode
2025-03-09T17:59:15.964+08:00  INFO 12084 --- [CommentAnalysis] [restartedMain] .s.d.r.c.RepositoryConfigurationDelegate : Bootstrapping Spring Data Neo4j repositories in DEFAULT mode.
2025-03-09T17:59:15.987+08:00  INFO 12084 --- [CommentAnalysis] [restartedMain] .s.d.r.c.RepositoryConfigurationDelegate : Finished Spring Data repository scanning in 23 ms. Found 0 Neo4j repository interfaces.
2025-03-09T17:59:15.999+08:00  INFO 12084 --- [CommentAnalysis] [restartedMain] .s.d.r.c.RepositoryConfigurationDelegate : Multiple Spring Data modules found, entering strict repository configuration mode
2025-03-09T17:59:16.000+08:00  INFO 12084 --- [CommentAnalysis] [restartedMain] .s.d.r.c.RepositoryConfigurationDelegate : Bootstrapping Spring Data Redis repositories in DEFAULT mode.
2025-03-09T17:59:16.020+08:00  INFO 12084 --- [CommentAnalysis] [restartedMain] .RepositoryConfigurationExtensionSupport : Spring Data Redis - Could not safely identify store assignment for repository candidate interface com.backend.commentanalysis.repository.ProductRepository; If you want this repository to be a Redis repository, consider annotating your entities with one of these annotations: org.springframework.data.redis.core.RedisHash (preferred), or consider extending one of the following types with your repository: org.springframework.data.keyvalue.repository.KeyValueRepository
2025-03-09T17:59:16.020+08:00  INFO 12084 --- [CommentAnalysis] [restartedMain] .s.d.r.c.RepositoryConfigurationDelegate : Finished Spring Data repository scanning in 12 ms. Found 0 Redis repository interfaces.
2025-03-09T17:59:16.717+08:00  INFO 12084 --- [CommentAnalysis] [restartedMain] o.s.b.w.embedded.tomcat.TomcatWebServer  : Tomcat initialized with port 8081 (http)
2025-03-09T17:59:16.732+08:00  INFO 12084 --- [CommentAnalysis] [restartedMain] o.apache.catalina.core.StandardService   : Starting service [Tomcat]
2025-03-09T17:59:16.732+08:00  INFO 12084 --- [CommentAnalysis] [restartedMain] o.apache.catalina.core.StandardEngine    : Starting Servlet engine: [Apache Tomcat/10.1.30]
2025-03-09T17:59:16.787+08:00  INFO 12084 --- [CommentAnalysis] [restartedMain] o.a.c.c.C.[Tomcat].[localhost].[/]       : Initializing Spring embedded WebApplicationContext
2025-03-09T17:59:16.788+08:00  INFO 12084 --- [CommentAnalysis] [restartedMain] w.s.c.ServletWebServerApplicationContext : Root WebApplicationContext: initialization completed in 1912 ms
2025-03-09T17:59:16.810+08:00  WARN 12084 --- [CommentAnalysis] [restartedMain] .s.b.d.a.RemoteDevToolsAutoConfiguration : Listening for remote restart updates on /.~~spring-boot!~/restart
2025-03-09T17:59:17.481+08:00  INFO 12084 --- [CommentAnalysis] [restartedMain] o.neo4j.driver.internal.DriverFactory    : Direct driver instance 837731671 created for server address localhost:7687
2025-03-09T17:59:17.604+08:00  WARN 12084 --- [CommentAnalysis] [restartedMain] o.s.d.n.c.mapping.Neo4jPersistentEntity  : The entity com.backend.commentanalysis.entity.neo4j.OpinionNeo4j is using a Long value for storing internally generated Neo4j ids. The Neo4j internal Long Ids are deprecated, please consider using an external ID generator.
2025-03-09T17:59:17.669+08:00  INFO 12084 --- [CommentAnalysis] [restartedMain] o.s.b.d.a.OptionalLiveReloadServer       : LiveReload server is running on port 35729
2025-03-09T17:59:17.675+08:00  WARN 12084 --- [CommentAnalysis] [restartedMain] o.s.d.n.c.mapping.Neo4jPersistentEntity  : The entity com.backend.commentanalysis.entity.relation.HasOpinion is using a Long value for storing internally generated Neo4j ids. The Neo4j internal Long Ids are deprecated, please consider using an external ID generator.
2025-03-09T17:59:17.685+08:00  WARN 12084 --- [CommentAnalysis] [restartedMain] o.s.d.n.c.mapping.Neo4jPersistentEntity  : The entity com.backend.commentanalysis.entity.neo4j.AspectNeo4j is using a Long value for storing internally generated Neo4j ids. The Neo4j internal Long Ids are deprecated, please consider using an external ID generator.
2025-03-09T17:59:17.690+08:00  WARN 12084 --- [CommentAnalysis] [restartedMain] o.s.d.n.c.mapping.Neo4jPersistentEntity  : The entity com.backend.commentanalysis.entity.relation.HasAspect is using a Long value for storing internally generated Neo4j ids. The Neo4j internal Long Ids are deprecated, please consider using an external ID generator.
2025-03-09T17:59:18.568+08:00  INFO 12084 --- [CommentAnalysis] [restartedMain] o.s.b.w.embedded.tomcat.TomcatWebServer  : Tomcat started on port 8081 (http) with context path '/'
2025-03-09T17:59:18.575+08:00  INFO 12084 --- [CommentAnalysis] [restartedMain] c.b.c.CommentAnalysisApplication         : Started CommentAnalysisApplication in 4.324 seconds (process running for 5.138)
2025-03-09T17:59:23.026+08:00  INFO 12084 --- [CommentAnalysis] [http-nio-8081-exec-1] o.a.c.c.C.[Tomcat].[localhost].[/]       : Initializing Spring DispatcherServlet 'dispatcherServlet'
2025-03-09T17:59:23.027+08:00  INFO 12084 --- [CommentAnalysis] [http-nio-8081-exec-1] o.s.web.servlet.DispatcherServlet        : Initializing Servlet 'dispatcherServlet'
2025-03-09T17:59:23.028+08:00  INFO 12084 --- [CommentAnalysis] [http-nio-8081-exec-1] o.s.web.servlet.DispatcherServlet        : Completed initialization in 1 ms
2025-03-09T17:59:23.429+08:00  INFO 12084 --- [CommentAnalysis] [http-nio-8081-exec-1] com.zaxxer.hikari.HikariDataSource       : HikariPool-1 - Starting...
2025-03-09T17:59:23.741+08:00  INFO 12084 --- [CommentAnalysis] [http-nio-8081-exec-1] com.zaxxer.hikari.pool.HikariPool        : HikariPool-1 - Added connection com.mysql.cj.jdbc.ConnectionImpl@14c6e345
2025-03-09T17:59:23.742+08:00  INFO 12084 --- [CommentAnalysis] [http-nio-8081-exec-1] com.zaxxer.hikari.HikariDataSource       : HikariPool-1 - Start completed.
2025-03-09T17:59:24.959+08:00 ERROR 12084 --- [CommentAnalysis] [http-nio-8081-exec-2] o.a.c.c.C.[.[.[/].[dispatcherServlet]    : Servlet.service() for servlet [dispatcherServlet] in context with path [] threw exception [Request processing failed: java.lang.ClassCastException: class com.backend.commentanalysis.entity.dto.ProductInfoDTO cannot be cast to class com.backend.commentanalysis.entity.dto.ProductInfoDTO (com.backend.commentanalysis.entity.dto.ProductInfoDTO is in unnamed module of loader 'app'; com.backend.commentanalysis.entity.dto.ProductInfoDTO is in unnamed module of loader org.springframework.boot.devtools.restart.classloader.RestartClassLoader @5b2e7bc1)] with root cause

java.lang.ClassCastException: class com.backend.commentanalysis.entity.dto.ProductInfoDTO cannot be cast to class com.backend.commentanalysis.entity.dto.ProductInfoDTO (com.backend.commentanalysis.entity.dto.ProductInfoDTO is in unnamed module of loader 'app'; com.backend.commentanalysis.entity.dto.ProductInfoDTO is in unnamed module of loader org.springframework.boot.devtools.restart.classloader.RestartClassLoader @5b2e7bc1)
	at com.backend.commentanalysis.service.implement.ProductServiceImpl$$SpringCGLIB$$0.getProductInfoByPid(<generated>) ~[classes/:na]
	at com.backend.commentanalysis.controller.ProductController.getProductInfoByPid(ProductController.java:45) ~[classes/:na]
	at java.base/jdk.internal.reflect.DirectMethodHandleAccessor.invoke(DirectMethodHandleAccessor.java:103) ~[na:na]
	at java.base/java.lang.reflect.Method.invoke(Method.java:580) ~[na:na]
	at org.springframework.aop.support.AopUtils.invokeJoinpointUsingReflection(AopUtils.java:355) ~[spring-aop-6.1.13.jar:6.1.13]
	at org.springframework.aop.framework.ReflectiveMethodInvocation.invokeJoinpoint(ReflectiveMethodInvocation.java:196) ~[spring-aop-6.1.13.jar:6.1.13]
	at org.springframework.aop.framework.ReflectiveMethodInvocation.proceed(ReflectiveMethodInvocation.java:163) ~[spring-aop-6.1.13.jar:6.1.13]
	at org.springframework.aop.framework.CglibAopProxy$CglibMethodInvocation.proceed(CglibAopProxy.java:768) ~[spring-aop-6.1.13.jar:6.1.13]
	at org.springframework.validation.beanvalidation.MethodValidationInterceptor.invoke(MethodValidationInterceptor.java:174) ~[spring-context-6.1.13.jar:6.1.13]
	at org.springframework.aop.framework.ReflectiveMethodInvocation.proceed(ReflectiveMethodInvocation.java:184) ~[spring-aop-6.1.13.jar:6.1.13]
	at org.springframework.aop.framework.CglibAopProxy$CglibMethodInvocation.proceed(CglibAopProxy.java:768) ~[spring-aop-6.1.13.jar:6.1.13]
	at org.springframework.aop.framework.CglibAopProxy$DynamicAdvisedInterceptor.intercept(CglibAopProxy.java:720) ~[spring-aop-6.1.13.jar:6.1.13]
	at com.backend.commentanalysis.controller.ProductController$$SpringCGLIB$$0.getProductInfoByPid(<generated>) ~[classes/:na]
	at java.base/jdk.internal.reflect.DirectMethodHandleAccessor.invoke(DirectMethodHandleAccessor.java:103) ~[na:na]
	at java.base/java.lang.reflect.Method.invoke(Method.java:580) ~[na:na]
	at org.springframework.web.method.support.InvocableHandlerMethod.doInvoke(InvocableHandlerMethod.java:255) ~[spring-web-6.1.13.jar:6.1.13]
	at org.springframework.web.method.support.InvocableHandlerMethod.invokeForRequest(InvocableHandlerMethod.java:188) ~[spring-web-6.1.13.jar:6.1.13]
	at org.springframework.web.servlet.mvc.method.annotation.ServletInvocableHandlerMethod.invokeAndHandle(ServletInvocableHandlerMethod.java:118) ~[spring-webmvc-6.1.13.jar:6.1.13]
	at org.springframework.web.servlet.mvc.method.annotation.RequestMappingHandlerAdapter.invokeHandlerMethod(RequestMappingHandlerAdapter.java:926) ~[spring-webmvc-6.1.13.jar:6.1.13]
	at org.springframework.web.servlet.mvc.method.annotation.RequestMappingHandlerAdapter.handleInternal(RequestMappingHandlerAdapter.java:831) ~[spring-webmvc-6.1.13.jar:6.1.13]
	at org.springframework.web.servlet.mvc.method.AbstractHandlerMethodAdapter.handle(AbstractHandlerMethodAdapter.java:87) ~[spring-webmvc-6.1.13.jar:6.1.13]
	at org.springframework.web.servlet.DispatcherServlet.doDispatch(DispatcherServlet.java:1089) ~[spring-webmvc-6.1.13.jar:6.1.13]
	at org.springframework.web.servlet.DispatcherServlet.doService(DispatcherServlet.java:979) ~[spring-webmvc-6.1.13.jar:6.1.13]
	at org.springframework.web.servlet.FrameworkServlet.processRequest(FrameworkServlet.java:1014) ~[spring-webmvc-6.1.13.jar:6.1.13]
	at org.springframework.web.servlet.FrameworkServlet.doGet(FrameworkServlet.java:903) ~[spring-webmvc-6.1.13.jar:6.1.13]
	at jakarta.servlet.http.HttpServlet.service(HttpServlet.java:564) ~[tomcat-embed-core-10.1.30.jar:6.0]
	at org.springframework.web.servlet.FrameworkServlet.service(FrameworkServlet.java:885) ~[spring-webmvc-6.1.13.jar:6.1.13]
	at jakarta.servlet.http.HttpServlet.service(HttpServlet.java:658) ~[tomcat-embed-core-10.1.30.jar:6.0]
	at org.apache.catalina.core.ApplicationFilterChain.internalDoFilter(ApplicationFilterChain.java:195) ~[tomcat-embed-core-10.1.30.jar:10.1.30]
	at org.apache.catalina.core.ApplicationFilterChain.doFilter(ApplicationFilterChain.java:140) ~[tomcat-embed-core-10.1.30.jar:10.1.30]
	at org.apache.tomcat.websocket.server.WsFilter.doFilter(WsFilter.java:51) ~[tomcat-embed-websocket-10.1.30.jar:10.1.30]
	at org.apache.catalina.core.ApplicationFilterChain.internalDoFilter(ApplicationFilterChain.java:164) ~[tomcat-embed-core-10.1.30.jar:10.1.30]
	at org.apache.catalina.core.ApplicationFilterChain.doFilter(ApplicationFilterChain.java:140) ~[tomcat-embed-core-10.1.30.jar:10.1.30]
	at org.springframework.boot.devtools.remote.server.DispatcherFilter.doFilter(DispatcherFilter.java:72) ~[spring-boot-devtools-3.3.4.jar:3.3.4]
	at org.springframework.boot.devtools.remote.server.DispatcherFilter.doFilter(DispatcherFilter.java:60) ~[spring-boot-devtools-3.3.4.jar:3.3.4]
	at org.apache.catalina.core.ApplicationFilterChain.internalDoFilter(ApplicationFilterChain.java:164) ~[tomcat-embed-core-10.1.30.jar:10.1.30]
	at org.apache.catalina.core.ApplicationFilterChain.doFilter(ApplicationFilterChain.java:140) ~[tomcat-embed-core-10.1.30.jar:10.1.30]
	at org.springframework.web.filter.RequestContextFilter.doFilterInternal(RequestContextFilter.java:100) ~[spring-web-6.1.13.jar:6.1.13]
	at org.springframework.web.filter.OncePerRequestFilter.doFilter(OncePerRequestFilter.java:116) ~[spring-web-6.1.13.jar:6.1.13]
	at org.apache.catalina.core.ApplicationFilterChain.internalDoFilter(ApplicationFilterChain.java:164) ~[tomcat-embed-core-10.1.30.jar:10.1.30]
	at org.apache.catalina.core.ApplicationFilterChain.doFilter(ApplicationFilterChain.java:140) ~[tomcat-embed-core-10.1.30.jar:10.1.30]
	at org.springframework.web.filter.FormContentFilter.doFilterInternal(FormContentFilter.java:93) ~[spring-web-6.1.13.jar:6.1.13]
	at org.springframework.web.filter.OncePerRequestFilter.doFilter(OncePerRequestFilter.java:116) ~[spring-web-6.1.13.jar:6.1.13]
	at org.apache.catalina.core.ApplicationFilterChain.internalDoFilter(ApplicationFilterChain.java:164) ~[tomcat-embed-core-10.1.30.jar:10.1.30]
	at org.apache.catalina.core.ApplicationFilterChain.doFilter(ApplicationFilterChain.java:140) ~[tomcat-embed-core-10.1.30.jar:10.1.30]
	at org.springframework.web.filter.CharacterEncodingFilter.doFilterInternal(CharacterEncodingFilter.java:201) ~[spring-web-6.1.13.jar:6.1.13]
	at org.springframework.web.filter.OncePerRequestFilter.doFilter(OncePerRequestFilter.java:116) ~[spring-web-6.1.13.jar:6.1.13]
	at org.apache.catalina.core.ApplicationFilterChain.internalDoFilter(ApplicationFilterChain.java:164) ~[tomcat-embed-core-10.1.30.jar:10.1.30]
	at org.apache.catalina.core.ApplicationFilterChain.doFilter(ApplicationFilterChain.java:140) ~[tomcat-embed-core-10.1.30.jar:10.1.30]
	at org.apache.catalina.core.StandardWrapperValve.invoke(StandardWrapperValve.java:167) ~[tomcat-embed-core-10.1.30.jar:10.1.30]
	at org.apache.catalina.core.StandardContextValve.invoke(StandardContextValve.java:90) ~[tomcat-embed-core-10.1.30.jar:10.1.30]
	at org.apache.catalina.authenticator.AuthenticatorBase.invoke(AuthenticatorBase.java:483) ~[tomcat-embed-core-10.1.30.jar:10.1.30]
	at org.apache.catalina.core.StandardHostValve.invoke(StandardHostValve.java:115) ~[tomcat-embed-core-10.1.30.jar:10.1.30]
	at org.apache.catalina.valves.ErrorReportValve.invoke(ErrorReportValve.java:93) ~[tomcat-embed-core-10.1.30.jar:10.1.30]
	at org.apache.catalina.core.StandardEngineValve.invoke(StandardEngineValve.java:74) ~[tomcat-embed-core-10.1.30.jar:10.1.30]
	at org.apache.catalina.connector.CoyoteAdapter.service(CoyoteAdapter.java:344) ~[tomcat-embed-core-10.1.30.jar:10.1.30]
	at org.apache.coyote.http11.Http11Processor.service(Http11Processor.java:384) ~[tomcat-embed-core-10.1.30.jar:10.1.30]
	at org.apache.coyote.AbstractProcessorLight.process(AbstractProcessorLight.java:63) ~[tomcat-embed-core-10.1.30.jar:10.1.30]
	at org.apache.coyote.AbstractProtocol$ConnectionHandler.process(AbstractProtocol.java:905) ~[tomcat-embed-core-10.1.30.jar:10.1.30]
	at org.apache.tomcat.util.net.NioEndpoint$SocketProcessor.doRun(NioEndpoint.java:1741) ~[tomcat-embed-core-10.1.30.jar:10.1.30]
	at org.apache.tomcat.util.net.SocketProcessorBase.run(SocketProcessorBase.java:52) ~[tomcat-embed-core-10.1.30.jar:10.1.30]
	at org.apache.tomcat.util.threads.ThreadPoolExecutor.runWorker(ThreadPoolExecutor.java:1190) ~[tomcat-embed-core-10.1.30.jar:10.1.30]
	at org.apache.tomcat.util.threads.ThreadPoolExecutor$Worker.run(ThreadPoolExecutor.java:659) ~[tomcat-embed-core-10.1.30.jar:10.1.30]
	at org.apache.tomcat.util.threads.TaskThread$WrappingRunnable.run(TaskThread.java:63) ~[tomcat-embed-core-10.1.30.jar:10.1.30]
	at java.base/java.lang.Thread.run(Thread.java:1570) ~[na:na]

2025-03-09T17:59:46.196+08:00  INFO 12084 --- [CommentAnalysis] [SpringApplicationShutdownHook] o.neo4j.driver.internal.InternalDriver   : Closing driver instance 837731671
2025-03-09T17:59:46.426+08:00  INFO 12084 --- [CommentAnalysis] [SpringApplicationShutdownHook] com.zaxxer.hikari.HikariDataSource       : HikariPool-1 - Shutdown initiated...
2025-03-09T17:59:46.432+08:00  INFO 12084 --- [CommentAnalysis] [SpringApplicationShutdownHook] com.zaxxer.hikari.HikariDataSource       : HikariPool-1 - Shutdown completed.
2025-03-09T17:59:51.749+08:00  INFO 1364 --- [CommentAnalysis] [restartedMain] c.b.c.CommentAnalysisApplication         : Starting CommentAnalysisApplication using Java 22.0.1 with PID 1364 (E:\Comment Analysis Git\User-fine-grained-sentiment-analysis-and-visualization-system\BackEnd\CommentAnalysis\target\classes started by thunder lee in E:\Comment Analysis Git\User-fine-grained-sentiment-analysis-and-visualization-system\BackEnd)
2025-03-09T17:59:51.751+08:00  INFO 1364 --- [CommentAnalysis] [restartedMain] c.b.c.CommentAnalysisApplication         : No active profile set, falling back to 1 default profile: "default"
2025-03-09T17:59:51.846+08:00  INFO 1364 --- [CommentAnalysis] [restartedMain] o.s.b.devtools.restart.ChangeableUrls    : The Class-Path manifest attribute in E:\apache-maven-3.9.8-bin\maven-repository\com\oracle\database\jdbc\ojdbc11\21.9.0.0\ojdbc11-21.9.0.0.jar referenced one or more files that do not exist: file:/E:/apache-maven-3.9.8-bin/maven-repository/com/oracle/database/jdbc/ojdbc11/21.9.0.0/oraclepki.jar
2025-03-09T17:59:51.846+08:00  INFO 1364 --- [CommentAnalysis] [restartedMain] .e.DevToolsPropertyDefaultsPostProcessor : Devtools property defaults active! Set 'spring.devtools.add-properties' to 'false' to disable
2025-03-09T17:59:51.846+08:00  INFO 1364 --- [CommentAnalysis] [restartedMain] .e.DevToolsPropertyDefaultsPostProcessor : For additional web related logging consider setting the 'logging.level.web' property to 'DEBUG'
2025-03-09T17:59:52.521+08:00  INFO 1364 --- [CommentAnalysis] [restartedMain] .s.d.r.c.RepositoryConfigurationDelegate : Multiple Spring Data modules found, entering strict repository configuration mode
2025-03-09T17:59:52.521+08:00  INFO 1364 --- [CommentAnalysis] [restartedMain] .s.d.r.c.RepositoryConfigurationDelegate : Bootstrapping Spring Data Neo4j repositories in DEFAULT mode.
2025-03-09T17:59:52.618+08:00  INFO 1364 --- [CommentAnalysis] [restartedMain] .s.d.r.c.RepositoryConfigurationDelegate : Finished Spring Data repository scanning in 93 ms. Found 1 Neo4j repository interface.
2025-03-09T17:59:52.848+08:00  INFO 1364 --- [CommentAnalysis] [restartedMain] .s.d.r.c.RepositoryConfigurationDelegate : Multiple Spring Data modules found, entering strict repository configuration mode
2025-03-09T17:59:52.849+08:00  INFO 1364 --- [CommentAnalysis] [restartedMain] .s.d.r.c.RepositoryConfigurationDelegate : Bootstrapping Spring Data Neo4j repositories in DEFAULT mode.
2025-03-09T17:59:52.871+08:00  INFO 1364 --- [CommentAnalysis] [restartedMain] .s.d.r.c.RepositoryConfigurationDelegate : Finished Spring Data repository scanning in 20 ms. Found 0 Neo4j repository interfaces.
2025-03-09T17:59:52.880+08:00  INFO 1364 --- [CommentAnalysis] [restartedMain] .s.d.r.c.RepositoryConfigurationDelegate : Multiple Spring Data modules found, entering strict repository configuration mode
2025-03-09T17:59:52.881+08:00  INFO 1364 --- [CommentAnalysis] [restartedMain] .s.d.r.c.RepositoryConfigurationDelegate : Bootstrapping Spring Data Redis repositories in DEFAULT mode.
2025-03-09T17:59:52.899+08:00  INFO 1364 --- [CommentAnalysis] [restartedMain] .RepositoryConfigurationExtensionSupport : Spring Data Redis - Could not safely identify store assignment for repository candidate interface com.backend.commentanalysis.repository.ProductRepository; If you want this repository to be a Redis repository, consider annotating your entities with one of these annotations: org.springframework.data.redis.core.RedisHash (preferred), or consider extending one of the following types with your repository: org.springframework.data.keyvalue.repository.KeyValueRepository
2025-03-09T17:59:52.900+08:00  INFO 1364 --- [CommentAnalysis] [restartedMain] .s.d.r.c.RepositoryConfigurationDelegate : Finished Spring Data repository scanning in 12 ms. Found 0 Redis repository interfaces.
2025-03-09T17:59:53.619+08:00  INFO 1364 --- [CommentAnalysis] [restartedMain] o.s.b.w.embedded.tomcat.TomcatWebServer  : Tomcat initialized with port 8081 (http)
2025-03-09T17:59:53.634+08:00  INFO 1364 --- [CommentAnalysis] [restartedMain] o.apache.catalina.core.StandardService   : Starting service [Tomcat]
2025-03-09T17:59:53.635+08:00  INFO 1364 --- [CommentAnalysis] [restartedMain] o.apache.catalina.core.StandardEngine    : Starting Servlet engine: [Apache Tomcat/10.1.30]
2025-03-09T17:59:53.685+08:00  INFO 1364 --- [CommentAnalysis] [restartedMain] o.a.c.c.C.[Tomcat].[localhost].[/]       : Initializing Spring embedded WebApplicationContext
2025-03-09T17:59:53.685+08:00  INFO 1364 --- [CommentAnalysis] [restartedMain] w.s.c.ServletWebServerApplicationContext : Root WebApplicationContext: initialization completed in 1838 ms
2025-03-09T17:59:53.705+08:00  WARN 1364 --- [CommentAnalysis] [restartedMain] .s.b.d.a.RemoteDevToolsAutoConfiguration : Listening for remote restart updates on /.~~spring-boot!~/restart
2025-03-09T17:59:54.330+08:00  INFO 1364 --- [CommentAnalysis] [restartedMain] o.neo4j.driver.internal.DriverFactory    : Direct driver instance 1493448477 created for server address localhost:7687
2025-03-09T17:59:54.423+08:00  WARN 1364 --- [CommentAnalysis] [restartedMain] o.s.d.n.c.mapping.Neo4jPersistentEntity  : The entity com.backend.commentanalysis.entity.neo4j.OpinionNeo4j is using a Long value for storing internally generated Neo4j ids. The Neo4j internal Long Ids are deprecated, please consider using an external ID generator.
2025-03-09T17:59:54.462+08:00  INFO 1364 --- [CommentAnalysis] [restartedMain] o.s.b.d.a.OptionalLiveReloadServer       : LiveReload server is running on port 35729
2025-03-09T17:59:54.466+08:00  WARN 1364 --- [CommentAnalysis] [restartedMain] o.s.d.n.c.mapping.Neo4jPersistentEntity  : The entity com.backend.commentanalysis.entity.neo4j.AspectNeo4j is using a Long value for storing internally generated Neo4j ids. The Neo4j internal Long Ids are deprecated, please consider using an external ID generator.
2025-03-09T17:59:54.469+08:00  WARN 1364 --- [CommentAnalysis] [restartedMain] o.s.d.n.c.mapping.Neo4jPersistentEntity  : The entity com.backend.commentanalysis.entity.relation.HasAspect is using a Long value for storing internally generated Neo4j ids. The Neo4j internal Long Ids are deprecated, please consider using an external ID generator.
2025-03-09T17:59:54.471+08:00  WARN 1364 --- [CommentAnalysis] [restartedMain] o.s.d.n.c.mapping.Neo4jPersistentEntity  : The entity com.backend.commentanalysis.entity.relation.HasOpinion is using a Long value for storing internally generated Neo4j ids. The Neo4j internal Long Ids are deprecated, please consider using an external ID generator.
2025-03-09T17:59:55.307+08:00  INFO 1364 --- [CommentAnalysis] [restartedMain] o.s.b.w.embedded.tomcat.TomcatWebServer  : Tomcat started on port 8081 (http) with context path '/'
2025-03-09T17:59:55.316+08:00  INFO 1364 --- [CommentAnalysis] [restartedMain] c.b.c.CommentAnalysisApplication         : Started CommentAnalysisApplication in 4.121 seconds (process running for 4.989)
2025-03-09T18:00:23.210+08:00  INFO 1364 --- [CommentAnalysis] [SpringApplicationShutdownHook] o.neo4j.driver.internal.InternalDriver   : Closing driver instance 1493448477
2025-03-09T18:00:26.415+08:00  INFO 40424 --- [CommentAnalysis] [restartedMain] c.b.c.CommentAnalysisApplication         : Starting CommentAnalysisApplication using Java 22.0.1 with PID 40424 (E:\Comment Analysis Git\User-fine-grained-sentiment-analysis-and-visualization-system\BackEnd\CommentAnalysis\target\classes started by thunder lee in E:\Comment Analysis Git\User-fine-grained-sentiment-analysis-and-visualization-system\BackEnd)
2025-03-09T18:00:26.418+08:00  INFO 40424 --- [CommentAnalysis] [restartedMain] c.b.c.CommentAnalysisApplication         : No active profile set, falling back to 1 default profile: "default"
2025-03-09T18:00:26.491+08:00  INFO 40424 --- [CommentAnalysis] [restartedMain] o.s.b.devtools.restart.ChangeableUrls    : The Class-Path manifest attribute in E:\apache-maven-3.9.8-bin\maven-repository\com\oracle\database\jdbc\ojdbc11\21.9.0.0\ojdbc11-21.9.0.0.jar referenced one or more files that do not exist: file:/E:/apache-maven-3.9.8-bin/maven-repository/com/oracle/database/jdbc/ojdbc11/21.9.0.0/oraclepki.jar
2025-03-09T18:00:26.492+08:00  INFO 40424 --- [CommentAnalysis] [restartedMain] .e.DevToolsPropertyDefaultsPostProcessor : Devtools property defaults active! Set 'spring.devtools.add-properties' to 'false' to disable
2025-03-09T18:00:26.492+08:00  INFO 40424 --- [CommentAnalysis] [restartedMain] .e.DevToolsPropertyDefaultsPostProcessor : For additional web related logging consider setting the 'logging.level.web' property to 'DEBUG'
2025-03-09T18:00:27.127+08:00  INFO 40424 --- [CommentAnalysis] [restartedMain] .s.d.r.c.RepositoryConfigurationDelegate : Multiple Spring Data modules found, entering strict repository configuration mode
2025-03-09T18:00:27.127+08:00  INFO 40424 --- [CommentAnalysis] [restartedMain] .s.d.r.c.RepositoryConfigurationDelegate : Bootstrapping Spring Data Neo4j repositories in DEFAULT mode.
2025-03-09T18:00:27.228+08:00  INFO 40424 --- [CommentAnalysis] [restartedMain] .s.d.r.c.RepositoryConfigurationDelegate : Finished Spring Data repository scanning in 95 ms. Found 1 Neo4j repository interface.
2025-03-09T18:00:27.449+08:00  INFO 40424 --- [CommentAnalysis] [restartedMain] .s.d.r.c.RepositoryConfigurationDelegate : Multiple Spring Data modules found, entering strict repository configuration mode
2025-03-09T18:00:27.449+08:00  INFO 40424 --- [CommentAnalysis] [restartedMain] .s.d.r.c.RepositoryConfigurationDelegate : Bootstrapping Spring Data Neo4j repositories in DEFAULT mode.
2025-03-09T18:00:27.470+08:00  INFO 40424 --- [CommentAnalysis] [restartedMain] .s.d.r.c.RepositoryConfigurationDelegate : Finished Spring Data repository scanning in 20 ms. Found 0 Neo4j repository interfaces.
2025-03-09T18:00:27.480+08:00  INFO 40424 --- [CommentAnalysis] [restartedMain] .s.d.r.c.RepositoryConfigurationDelegate : Multiple Spring Data modules found, entering strict repository configuration mode
2025-03-09T18:00:27.481+08:00  INFO 40424 --- [CommentAnalysis] [restartedMain] .s.d.r.c.RepositoryConfigurationDelegate : Bootstrapping Spring Data Redis repositories in DEFAULT mode.
2025-03-09T18:00:27.497+08:00  INFO 40424 --- [CommentAnalysis] [restartedMain] .RepositoryConfigurationExtensionSupport : Spring Data Redis - Could not safely identify store assignment for repository candidate interface com.backend.commentanalysis.repository.ProductRepository; If you want this repository to be a Redis repository, consider annotating your entities with one of these annotations: org.springframework.data.redis.core.RedisHash (preferred), or consider extending one of the following types with your repository: org.springframework.data.keyvalue.repository.KeyValueRepository
2025-03-09T18:00:27.498+08:00  INFO 40424 --- [CommentAnalysis] [restartedMain] .s.d.r.c.RepositoryConfigurationDelegate : Finished Spring Data repository scanning in 11 ms. Found 0 Redis repository interfaces.
2025-03-09T18:00:28.231+08:00  INFO 40424 --- [CommentAnalysis] [restartedMain] o.s.b.w.embedded.tomcat.TomcatWebServer  : Tomcat initialized with port 8081 (http)
2025-03-09T18:00:28.245+08:00  INFO 40424 --- [CommentAnalysis] [restartedMain] o.apache.catalina.core.StandardService   : Starting service [Tomcat]
2025-03-09T18:00:28.245+08:00  INFO 40424 --- [CommentAnalysis] [restartedMain] o.apache.catalina.core.StandardEngine    : Starting Servlet engine: [Apache Tomcat/10.1.30]
2025-03-09T18:00:28.291+08:00  INFO 40424 --- [CommentAnalysis] [restartedMain] o.a.c.c.C.[Tomcat].[localhost].[/]       : Initializing Spring embedded WebApplicationContext
2025-03-09T18:00:28.292+08:00  INFO 40424 --- [CommentAnalysis] [restartedMain] w.s.c.ServletWebServerApplicationContext : Root WebApplicationContext: initialization completed in 1799 ms
2025-03-09T18:00:28.310+08:00  WARN 40424 --- [CommentAnalysis] [restartedMain] .s.b.d.a.RemoteDevToolsAutoConfiguration : Listening for remote restart updates on /.~~spring-boot!~/restart
2025-03-09T18:00:28.910+08:00  INFO 40424 --- [CommentAnalysis] [restartedMain] o.neo4j.driver.internal.DriverFactory    : Direct driver instance 2043662580 created for server address localhost:7687
2025-03-09T18:00:28.992+08:00  WARN 40424 --- [CommentAnalysis] [restartedMain] o.s.d.n.c.mapping.Neo4jPersistentEntity  : The entity com.backend.commentanalysis.entity.neo4j.OpinionNeo4j is using a Long value for storing internally generated Neo4j ids. The Neo4j internal Long Ids are deprecated, please consider using an external ID generator.
2025-03-09T18:00:29.030+08:00  INFO 40424 --- [CommentAnalysis] [restartedMain] o.s.b.d.a.OptionalLiveReloadServer       : LiveReload server is running on port 35729
2025-03-09T18:00:29.036+08:00  WARN 40424 --- [CommentAnalysis] [restartedMain] o.s.d.n.c.mapping.Neo4jPersistentEntity  : The entity com.backend.commentanalysis.entity.neo4j.AspectNeo4j is using a Long value for storing internally generated Neo4j ids. The Neo4j internal Long Ids are deprecated, please consider using an external ID generator.
2025-03-09T18:00:29.041+08:00  WARN 40424 --- [CommentAnalysis] [restartedMain] o.s.d.n.c.mapping.Neo4jPersistentEntity  : The entity com.backend.commentanalysis.entity.relation.HasOpinion is using a Long value for storing internally generated Neo4j ids. The Neo4j internal Long Ids are deprecated, please consider using an external ID generator.
2025-03-09T18:00:29.044+08:00  WARN 40424 --- [CommentAnalysis] [restartedMain] o.s.d.n.c.mapping.Neo4jPersistentEntity  : The entity com.backend.commentanalysis.entity.relation.HasAspect is using a Long value for storing internally generated Neo4j ids. The Neo4j internal Long Ids are deprecated, please consider using an external ID generator.
2025-03-09T18:00:29.816+08:00  INFO 40424 --- [CommentAnalysis] [restartedMain] o.s.b.w.embedded.tomcat.TomcatWebServer  : Tomcat started on port 8081 (http) with context path '/'
2025-03-09T18:00:29.823+08:00  INFO 40424 --- [CommentAnalysis] [restartedMain] c.b.c.CommentAnalysisApplication         : Started CommentAnalysisApplication in 3.912 seconds (process running for 4.951)
2025-03-09T18:00:32.812+08:00  INFO 40424 --- [CommentAnalysis] [http-nio-8081-exec-1] o.a.c.c.C.[Tomcat].[localhost].[/]       : Initializing Spring DispatcherServlet 'dispatcherServlet'
2025-03-09T18:00:32.813+08:00  INFO 40424 --- [CommentAnalysis] [http-nio-8081-exec-1] o.s.web.servlet.DispatcherServlet        : Initializing Servlet 'dispatcherServlet'
2025-03-09T18:00:32.815+08:00  INFO 40424 --- [CommentAnalysis] [http-nio-8081-exec-1] o.s.web.servlet.DispatcherServlet        : Completed initialization in 1 ms
2025-03-09T18:00:33.241+08:00  INFO 40424 --- [CommentAnalysis] [http-nio-8081-exec-1] com.zaxxer.hikari.HikariDataSource       : HikariPool-1 - Starting...
2025-03-09T18:00:33.565+08:00  INFO 40424 --- [CommentAnalysis] [http-nio-8081-exec-1] com.zaxxer.hikari.pool.HikariPool        : HikariPool-1 - Added connection com.mysql.cj.jdbc.ConnectionImpl@7d21804d
2025-03-09T18:00:33.567+08:00  INFO 40424 --- [CommentAnalysis] [http-nio-8081-exec-1] com.zaxxer.hikari.HikariDataSource       : HikariPool-1 - Start completed.
2025-03-09T18:00:34.944+08:00 ERROR 40424 --- [CommentAnalysis] [http-nio-8081-exec-3] o.a.c.c.C.[.[.[/].[dispatcherServlet]    : Servlet.service() for servlet [dispatcherServlet] in context with path [] threw exception [Request processing failed: java.lang.ClassCastException: class com.backend.commentanalysis.entity.dto.ProductInfoDTO cannot be cast to class com.backend.commentanalysis.entity.dto.ProductInfoDTO (com.backend.commentanalysis.entity.dto.ProductInfoDTO is in unnamed module of loader 'app'; com.backend.commentanalysis.entity.dto.ProductInfoDTO is in unnamed module of loader org.springframework.boot.devtools.restart.classloader.RestartClassLoader @7f6b7886)] with root cause

java.lang.ClassCastException: class com.backend.commentanalysis.entity.dto.ProductInfoDTO cannot be cast to class com.backend.commentanalysis.entity.dto.ProductInfoDTO (com.backend.commentanalysis.entity.dto.ProductInfoDTO is in unnamed module of loader 'app'; com.backend.commentanalysis.entity.dto.ProductInfoDTO is in unnamed module of loader org.springframework.boot.devtools.restart.classloader.RestartClassLoader @7f6b7886)
	at com.backend.commentanalysis.service.implement.ProductServiceImpl$$SpringCGLIB$$0.getProductInfoByPid(<generated>) ~[classes/:na]
	at com.backend.commentanalysis.controller.ProductController.getProductInfoByPid(ProductController.java:45) ~[classes/:na]
	at java.base/jdk.internal.reflect.DirectMethodHandleAccessor.invoke(DirectMethodHandleAccessor.java:103) ~[na:na]
	at java.base/java.lang.reflect.Method.invoke(Method.java:580) ~[na:na]
	at org.springframework.aop.support.AopUtils.invokeJoinpointUsingReflection(AopUtils.java:355) ~[spring-aop-6.1.13.jar:6.1.13]
	at org.springframework.aop.framework.ReflectiveMethodInvocation.invokeJoinpoint(ReflectiveMethodInvocation.java:196) ~[spring-aop-6.1.13.jar:6.1.13]
	at org.springframework.aop.framework.ReflectiveMethodInvocation.proceed(ReflectiveMethodInvocation.java:163) ~[spring-aop-6.1.13.jar:6.1.13]
	at org.springframework.aop.framework.CglibAopProxy$CglibMethodInvocation.proceed(CglibAopProxy.java:768) ~[spring-aop-6.1.13.jar:6.1.13]
	at org.springframework.validation.beanvalidation.MethodValidationInterceptor.invoke(MethodValidationInterceptor.java:174) ~[spring-context-6.1.13.jar:6.1.13]
	at org.springframework.aop.framework.ReflectiveMethodInvocation.proceed(ReflectiveMethodInvocation.java:184) ~[spring-aop-6.1.13.jar:6.1.13]
	at org.springframework.aop.framework.CglibAopProxy$CglibMethodInvocation.proceed(CglibAopProxy.java:768) ~[spring-aop-6.1.13.jar:6.1.13]
	at org.springframework.aop.framework.CglibAopProxy$DynamicAdvisedInterceptor.intercept(CglibAopProxy.java:720) ~[spring-aop-6.1.13.jar:6.1.13]
	at com.backend.commentanalysis.controller.ProductController$$SpringCGLIB$$0.getProductInfoByPid(<generated>) ~[classes/:na]
	at java.base/jdk.internal.reflect.DirectMethodHandleAccessor.invoke(DirectMethodHandleAccessor.java:103) ~[na:na]
	at java.base/java.lang.reflect.Method.invoke(Method.java:580) ~[na:na]
	at org.springframework.web.method.support.InvocableHandlerMethod.doInvoke(InvocableHandlerMethod.java:255) ~[spring-web-6.1.13.jar:6.1.13]
	at org.springframework.web.method.support.InvocableHandlerMethod.invokeForRequest(InvocableHandlerMethod.java:188) ~[spring-web-6.1.13.jar:6.1.13]
	at org.springframework.web.servlet.mvc.method.annotation.ServletInvocableHandlerMethod.invokeAndHandle(ServletInvocableHandlerMethod.java:118) ~[spring-webmvc-6.1.13.jar:6.1.13]
	at org.springframework.web.servlet.mvc.method.annotation.RequestMappingHandlerAdapter.invokeHandlerMethod(RequestMappingHandlerAdapter.java:926) ~[spring-webmvc-6.1.13.jar:6.1.13]
	at org.springframework.web.servlet.mvc.method.annotation.RequestMappingHandlerAdapter.handleInternal(RequestMappingHandlerAdapter.java:831) ~[spring-webmvc-6.1.13.jar:6.1.13]
	at org.springframework.web.servlet.mvc.method.AbstractHandlerMethodAdapter.handle(AbstractHandlerMethodAdapter.java:87) ~[spring-webmvc-6.1.13.jar:6.1.13]
	at org.springframework.web.servlet.DispatcherServlet.doDispatch(DispatcherServlet.java:1089) ~[spring-webmvc-6.1.13.jar:6.1.13]
	at org.springframework.web.servlet.DispatcherServlet.doService(DispatcherServlet.java:979) ~[spring-webmvc-6.1.13.jar:6.1.13]
	at org.springframework.web.servlet.FrameworkServlet.processRequest(FrameworkServlet.java:1014) ~[spring-webmvc-6.1.13.jar:6.1.13]
	at org.springframework.web.servlet.FrameworkServlet.doGet(FrameworkServlet.java:903) ~[spring-webmvc-6.1.13.jar:6.1.13]
	at jakarta.servlet.http.HttpServlet.service(HttpServlet.java:564) ~[tomcat-embed-core-10.1.30.jar:6.0]
	at org.springframework.web.servlet.FrameworkServlet.service(FrameworkServlet.java:885) ~[spring-webmvc-6.1.13.jar:6.1.13]
	at jakarta.servlet.http.HttpServlet.service(HttpServlet.java:658) ~[tomcat-embed-core-10.1.30.jar:6.0]
	at org.apache.catalina.core.ApplicationFilterChain.internalDoFilter(ApplicationFilterChain.java:195) ~[tomcat-embed-core-10.1.30.jar:10.1.30]
	at org.apache.catalina.core.ApplicationFilterChain.doFilter(ApplicationFilterChain.java:140) ~[tomcat-embed-core-10.1.30.jar:10.1.30]
	at org.apache.tomcat.websocket.server.WsFilter.doFilter(WsFilter.java:51) ~[tomcat-embed-websocket-10.1.30.jar:10.1.30]
	at org.apache.catalina.core.ApplicationFilterChain.internalDoFilter(ApplicationFilterChain.java:164) ~[tomcat-embed-core-10.1.30.jar:10.1.30]
	at org.apache.catalina.core.ApplicationFilterChain.doFilter(ApplicationFilterChain.java:140) ~[tomcat-embed-core-10.1.30.jar:10.1.30]
	at org.springframework.boot.devtools.remote.server.DispatcherFilter.doFilter(DispatcherFilter.java:72) ~[spring-boot-devtools-3.3.4.jar:3.3.4]
	at org.springframework.boot.devtools.remote.server.DispatcherFilter.doFilter(DispatcherFilter.java:60) ~[spring-boot-devtools-3.3.4.jar:3.3.4]
	at org.apache.catalina.core.ApplicationFilterChain.internalDoFilter(ApplicationFilterChain.java:164) ~[tomcat-embed-core-10.1.30.jar:10.1.30]
	at org.apache.catalina.core.ApplicationFilterChain.doFilter(ApplicationFilterChain.java:140) ~[tomcat-embed-core-10.1.30.jar:10.1.30]
	at org.springframework.web.filter.RequestContextFilter.doFilterInternal(RequestContextFilter.java:100) ~[spring-web-6.1.13.jar:6.1.13]
	at org.springframework.web.filter.OncePerRequestFilter.doFilter(OncePerRequestFilter.java:116) ~[spring-web-6.1.13.jar:6.1.13]
	at org.apache.catalina.core.ApplicationFilterChain.internalDoFilter(ApplicationFilterChain.java:164) ~[tomcat-embed-core-10.1.30.jar:10.1.30]
	at org.apache.catalina.core.ApplicationFilterChain.doFilter(ApplicationFilterChain.java:140) ~[tomcat-embed-core-10.1.30.jar:10.1.30]
	at org.springframework.web.filter.FormContentFilter.doFilterInternal(FormContentFilter.java:93) ~[spring-web-6.1.13.jar:6.1.13]
	at org.springframework.web.filter.OncePerRequestFilter.doFilter(OncePerRequestFilter.java:116) ~[spring-web-6.1.13.jar:6.1.13]
	at org.apache.catalina.core.ApplicationFilterChain.internalDoFilter(ApplicationFilterChain.java:164) ~[tomcat-embed-core-10.1.30.jar:10.1.30]
	at org.apache.catalina.core.ApplicationFilterChain.doFilter(ApplicationFilterChain.java:140) ~[tomcat-embed-core-10.1.30.jar:10.1.30]
	at org.springframework.web.filter.CharacterEncodingFilter.doFilterInternal(CharacterEncodingFilter.java:201) ~[spring-web-6.1.13.jar:6.1.13]
	at org.springframework.web.filter.OncePerRequestFilter.doFilter(OncePerRequestFilter.java:116) ~[spring-web-6.1.13.jar:6.1.13]
	at org.apache.catalina.core.ApplicationFilterChain.internalDoFilter(ApplicationFilterChain.java:164) ~[tomcat-embed-core-10.1.30.jar:10.1.30]
	at org.apache.catalina.core.ApplicationFilterChain.doFilter(ApplicationFilterChain.java:140) ~[tomcat-embed-core-10.1.30.jar:10.1.30]
	at org.apache.catalina.core.StandardWrapperValve.invoke(StandardWrapperValve.java:167) ~[tomcat-embed-core-10.1.30.jar:10.1.30]
	at org.apache.catalina.core.StandardContextValve.invoke(StandardContextValve.java:90) ~[tomcat-embed-core-10.1.30.jar:10.1.30]
	at org.apache.catalina.authenticator.AuthenticatorBase.invoke(AuthenticatorBase.java:483) ~[tomcat-embed-core-10.1.30.jar:10.1.30]
	at org.apache.catalina.core.StandardHostValve.invoke(StandardHostValve.java:115) ~[tomcat-embed-core-10.1.30.jar:10.1.30]
	at org.apache.catalina.valves.ErrorReportValve.invoke(ErrorReportValve.java:93) ~[tomcat-embed-core-10.1.30.jar:10.1.30]
	at org.apache.catalina.core.StandardEngineValve.invoke(StandardEngineValve.java:74) ~[tomcat-embed-core-10.1.30.jar:10.1.30]
	at org.apache.catalina.connector.CoyoteAdapter.service(CoyoteAdapter.java:344) ~[tomcat-embed-core-10.1.30.jar:10.1.30]
	at org.apache.coyote.http11.Http11Processor.service(Http11Processor.java:384) ~[tomcat-embed-core-10.1.30.jar:10.1.30]
	at org.apache.coyote.AbstractProcessorLight.process(AbstractProcessorLight.java:63) ~[tomcat-embed-core-10.1.30.jar:10.1.30]
	at org.apache.coyote.AbstractProtocol$ConnectionHandler.process(AbstractProtocol.java:905) ~[tomcat-embed-core-10.1.30.jar:10.1.30]
	at org.apache.tomcat.util.net.NioEndpoint$SocketProcessor.doRun(NioEndpoint.java:1741) ~[tomcat-embed-core-10.1.30.jar:10.1.30]
	at org.apache.tomcat.util.net.SocketProcessorBase.run(SocketProcessorBase.java:52) ~[tomcat-embed-core-10.1.30.jar:10.1.30]
	at org.apache.tomcat.util.threads.ThreadPoolExecutor.runWorker(ThreadPoolExecutor.java:1190) ~[tomcat-embed-core-10.1.30.jar:10.1.30]
	at org.apache.tomcat.util.threads.ThreadPoolExecutor$Worker.run(ThreadPoolExecutor.java:659) ~[tomcat-embed-core-10.1.30.jar:10.1.30]
	at org.apache.tomcat.util.threads.TaskThread$WrappingRunnable.run(TaskThread.java:63) ~[tomcat-embed-core-10.1.30.jar:10.1.30]
	at java.base/java.lang.Thread.run(Thread.java:1570) ~[na:na]

2025-03-09T18:00:57.114+08:00  INFO 40424 --- [CommentAnalysis] [SpringApplicationShutdownHook] o.neo4j.driver.internal.InternalDriver   : Closing driver instance 2043662580
2025-03-09T18:00:57.346+08:00  INFO 40424 --- [CommentAnalysis] [SpringApplicationShutdownHook] com.zaxxer.hikari.HikariDataSource       : HikariPool-1 - Shutdown initiated...
2025-03-09T18:00:57.355+08:00  INFO 40424 --- [CommentAnalysis] [SpringApplicationShutdownHook] com.zaxxer.hikari.HikariDataSource       : HikariPool-1 - Shutdown completed.
2025-03-09T18:01:02.560+08:00  INFO 30180 --- [CommentAnalysis] [restartedMain] c.b.c.CommentAnalysisApplication         : Starting CommentAnalysisApplication using Java 22.0.1 with PID 30180 (E:\Comment Analysis Git\User-fine-grained-sentiment-analysis-and-visualization-system\BackEnd\CommentAnalysis\target\classes started by thunder lee in E:\Comment Analysis Git\User-fine-grained-sentiment-analysis-and-visualization-system\BackEnd)
2025-03-09T18:01:02.562+08:00  INFO 30180 --- [CommentAnalysis] [restartedMain] c.b.c.CommentAnalysisApplication         : No active profile set, falling back to 1 default profile: "default"
2025-03-09T18:01:02.644+08:00  INFO 30180 --- [CommentAnalysis] [restartedMain] o.s.b.devtools.restart.ChangeableUrls    : The Class-Path manifest attribute in E:\apache-maven-3.9.8-bin\maven-repository\com\oracle\database\jdbc\ojdbc11\21.9.0.0\ojdbc11-21.9.0.0.jar referenced one or more files that do not exist: file:/E:/apache-maven-3.9.8-bin/maven-repository/com/oracle/database/jdbc/ojdbc11/21.9.0.0/oraclepki.jar
2025-03-09T18:01:02.644+08:00  INFO 30180 --- [CommentAnalysis] [restartedMain] .e.DevToolsPropertyDefaultsPostProcessor : Devtools property defaults active! Set 'spring.devtools.add-properties' to 'false' to disable
2025-03-09T18:01:02.644+08:00  INFO 30180 --- [CommentAnalysis] [restartedMain] .e.DevToolsPropertyDefaultsPostProcessor : For additional web related logging consider setting the 'logging.level.web' property to 'DEBUG'
2025-03-09T18:01:03.275+08:00  INFO 30180 --- [CommentAnalysis] [restartedMain] .s.d.r.c.RepositoryConfigurationDelegate : Multiple Spring Data modules found, entering strict repository configuration mode
2025-03-09T18:01:03.275+08:00  INFO 30180 --- [CommentAnalysis] [restartedMain] .s.d.r.c.RepositoryConfigurationDelegate : Bootstrapping Spring Data Neo4j repositories in DEFAULT mode.
2025-03-09T18:01:03.379+08:00  INFO 30180 --- [CommentAnalysis] [restartedMain] .s.d.r.c.RepositoryConfigurationDelegate : Finished Spring Data repository scanning in 99 ms. Found 1 Neo4j repository interface.
2025-03-09T18:01:03.642+08:00  INFO 30180 --- [CommentAnalysis] [restartedMain] .s.d.r.c.RepositoryConfigurationDelegate : Multiple Spring Data modules found, entering strict repository configuration mode
2025-03-09T18:01:03.643+08:00  INFO 30180 --- [CommentAnalysis] [restartedMain] .s.d.r.c.RepositoryConfigurationDelegate : Bootstrapping Spring Data Neo4j repositories in DEFAULT mode.
2025-03-09T18:01:03.667+08:00  INFO 30180 --- [CommentAnalysis] [restartedMain] .s.d.r.c.RepositoryConfigurationDelegate : Finished Spring Data repository scanning in 23 ms. Found 0 Neo4j repository interfaces.
2025-03-09T18:01:03.679+08:00  INFO 30180 --- [CommentAnalysis] [restartedMain] .s.d.r.c.RepositoryConfigurationDelegate : Multiple Spring Data modules found, entering strict repository configuration mode
2025-03-09T18:01:03.680+08:00  INFO 30180 --- [CommentAnalysis] [restartedMain] .s.d.r.c.RepositoryConfigurationDelegate : Bootstrapping Spring Data Redis repositories in DEFAULT mode.
2025-03-09T18:01:03.701+08:00  INFO 30180 --- [CommentAnalysis] [restartedMain] .RepositoryConfigurationExtensionSupport : Spring Data Redis - Could not safely identify store assignment for repository candidate interface com.backend.commentanalysis.repository.ProductRepository; If you want this repository to be a Redis repository, consider annotating your entities with one of these annotations: org.springframework.data.redis.core.RedisHash (preferred), or consider extending one of the following types with your repository: org.springframework.data.keyvalue.repository.KeyValueRepository
2025-03-09T18:01:03.705+08:00  INFO 30180 --- [CommentAnalysis] [restartedMain] .s.d.r.c.RepositoryConfigurationDelegate : Finished Spring Data repository scanning in 17 ms. Found 0 Redis repository interfaces.
2025-03-09T18:01:04.494+08:00  INFO 30180 --- [CommentAnalysis] [restartedMain] o.s.b.w.embedded.tomcat.TomcatWebServer  : Tomcat initialized with port 8081 (http)
2025-03-09T18:01:04.509+08:00  INFO 30180 --- [CommentAnalysis] [restartedMain] o.apache.catalina.core.StandardService   : Starting service [Tomcat]
2025-03-09T18:01:04.510+08:00  INFO 30180 --- [CommentAnalysis] [restartedMain] o.apache.catalina.core.StandardEngine    : Starting Servlet engine: [Apache Tomcat/10.1.30]
2025-03-09T18:01:04.559+08:00  INFO 30180 --- [CommentAnalysis] [restartedMain] o.a.c.c.C.[Tomcat].[localhost].[/]       : Initializing Spring embedded WebApplicationContext
2025-03-09T18:01:04.560+08:00  INFO 30180 --- [CommentAnalysis] [restartedMain] w.s.c.ServletWebServerApplicationContext : Root WebApplicationContext: initialization completed in 1914 ms
2025-03-09T18:01:04.580+08:00  WARN 30180 --- [CommentAnalysis] [restartedMain] .s.b.d.a.RemoteDevToolsAutoConfiguration : Listening for remote restart updates on /.~~spring-boot!~/restart
2025-03-09T18:01:05.174+08:00  INFO 30180 --- [CommentAnalysis] [restartedMain] o.neo4j.driver.internal.DriverFactory    : Direct driver instance 774165591 created for server address localhost:7687
2025-03-09T18:01:05.261+08:00  WARN 30180 --- [CommentAnalysis] [restartedMain] o.s.d.n.c.mapping.Neo4jPersistentEntity  : The entity com.backend.commentanalysis.entity.neo4j.OpinionNeo4j is using a Long value for storing internally generated Neo4j ids. The Neo4j internal Long Ids are deprecated, please consider using an external ID generator.
2025-03-09T18:01:05.299+08:00  INFO 30180 --- [CommentAnalysis] [restartedMain] o.s.b.d.a.OptionalLiveReloadServer       : LiveReload server is running on port 35729
2025-03-09T18:01:05.307+08:00  WARN 30180 --- [CommentAnalysis] [restartedMain] o.s.d.n.c.mapping.Neo4jPersistentEntity  : The entity com.backend.commentanalysis.entity.neo4j.AspectNeo4j is using a Long value for storing internally generated Neo4j ids. The Neo4j internal Long Ids are deprecated, please consider using an external ID generator.
2025-03-09T18:01:05.312+08:00  WARN 30180 --- [CommentAnalysis] [restartedMain] o.s.d.n.c.mapping.Neo4jPersistentEntity  : The entity com.backend.commentanalysis.entity.relation.HasAspect is using a Long value for storing internally generated Neo4j ids. The Neo4j internal Long Ids are deprecated, please consider using an external ID generator.
2025-03-09T18:01:05.314+08:00  WARN 30180 --- [CommentAnalysis] [restartedMain] o.s.d.n.c.mapping.Neo4jPersistentEntity  : The entity com.backend.commentanalysis.entity.relation.HasOpinion is using a Long value for storing internally generated Neo4j ids. The Neo4j internal Long Ids are deprecated, please consider using an external ID generator.
2025-03-09T18:01:06.124+08:00  INFO 30180 --- [CommentAnalysis] [restartedMain] o.s.b.w.embedded.tomcat.TomcatWebServer  : Tomcat started on port 8081 (http) with context path '/'
2025-03-09T18:01:06.130+08:00  INFO 30180 --- [CommentAnalysis] [restartedMain] c.b.c.CommentAnalysisApplication         : Started CommentAnalysisApplication in 4.107 seconds (process running for 4.924)
2025-03-09T18:01:09.527+08:00  INFO 30180 --- [CommentAnalysis] [http-nio-8081-exec-1] o.a.c.c.C.[Tomcat].[localhost].[/]       : Initializing Spring DispatcherServlet 'dispatcherServlet'
2025-03-09T18:01:09.528+08:00  INFO 30180 --- [CommentAnalysis] [http-nio-8081-exec-1] o.s.web.servlet.DispatcherServlet        : Initializing Servlet 'dispatcherServlet'
2025-03-09T18:01:09.530+08:00  INFO 30180 --- [CommentAnalysis] [http-nio-8081-exec-1] o.s.web.servlet.DispatcherServlet        : Completed initialization in 2 ms
2025-03-09T18:01:10.091+08:00  INFO 30180 --- [CommentAnalysis] [http-nio-8081-exec-1] com.zaxxer.hikari.HikariDataSource       : HikariPool-1 - Starting...
2025-03-09T18:01:10.419+08:00  INFO 30180 --- [CommentAnalysis] [http-nio-8081-exec-1] com.zaxxer.hikari.pool.HikariPool        : HikariPool-1 - Added connection com.mysql.cj.jdbc.ConnectionImpl@44644b46
2025-03-09T18:01:10.421+08:00  INFO 30180 --- [CommentAnalysis] [http-nio-8081-exec-1] com.zaxxer.hikari.HikariDataSource       : HikariPool-1 - Start completed.
2025-03-09T18:01:12.902+08:00 ERROR 30180 --- [CommentAnalysis] [http-nio-8081-exec-2] o.a.c.c.C.[.[.[/].[dispatcherServlet]    : Servlet.service() for servlet [dispatcherServlet] in context with path [] threw exception [Request processing failed: java.lang.ClassCastException: class com.backend.commentanalysis.entity.dto.ProductInfoDTO cannot be cast to class com.backend.commentanalysis.entity.dto.ProductInfoDTO (com.backend.commentanalysis.entity.dto.ProductInfoDTO is in unnamed module of loader 'app'; com.backend.commentanalysis.entity.dto.ProductInfoDTO is in unnamed module of loader org.springframework.boot.devtools.restart.classloader.RestartClassLoader @98dad)] with root cause

java.lang.ClassCastException: class com.backend.commentanalysis.entity.dto.ProductInfoDTO cannot be cast to class com.backend.commentanalysis.entity.dto.ProductInfoDTO (com.backend.commentanalysis.entity.dto.ProductInfoDTO is in unnamed module of loader 'app'; com.backend.commentanalysis.entity.dto.ProductInfoDTO is in unnamed module of loader org.springframework.boot.devtools.restart.classloader.RestartClassLoader @98dad)
	at com.backend.commentanalysis.service.implement.ProductServiceImpl$$SpringCGLIB$$0.getProductInfoByPid(<generated>) ~[classes/:na]
	at com.backend.commentanalysis.controller.ProductController.getProductInfoByPid(ProductController.java:45) ~[classes/:na]
	at java.base/jdk.internal.reflect.DirectMethodHandleAccessor.invoke(DirectMethodHandleAccessor.java:103) ~[na:na]
	at java.base/java.lang.reflect.Method.invoke(Method.java:580) ~[na:na]
	at org.springframework.aop.support.AopUtils.invokeJoinpointUsingReflection(AopUtils.java:355) ~[spring-aop-6.1.13.jar:6.1.13]
	at org.springframework.aop.framework.ReflectiveMethodInvocation.invokeJoinpoint(ReflectiveMethodInvocation.java:196) ~[spring-aop-6.1.13.jar:6.1.13]
	at org.springframework.aop.framework.ReflectiveMethodInvocation.proceed(ReflectiveMethodInvocation.java:163) ~[spring-aop-6.1.13.jar:6.1.13]
	at org.springframework.aop.framework.CglibAopProxy$CglibMethodInvocation.proceed(CglibAopProxy.java:768) ~[spring-aop-6.1.13.jar:6.1.13]
	at org.springframework.validation.beanvalidation.MethodValidationInterceptor.invoke(MethodValidationInterceptor.java:174) ~[spring-context-6.1.13.jar:6.1.13]
	at org.springframework.aop.framework.ReflectiveMethodInvocation.proceed(ReflectiveMethodInvocation.java:184) ~[spring-aop-6.1.13.jar:6.1.13]
	at org.springframework.aop.framework.CglibAopProxy$CglibMethodInvocation.proceed(CglibAopProxy.java:768) ~[spring-aop-6.1.13.jar:6.1.13]
	at org.springframework.aop.framework.CglibAopProxy$DynamicAdvisedInterceptor.intercept(CglibAopProxy.java:720) ~[spring-aop-6.1.13.jar:6.1.13]
	at com.backend.commentanalysis.controller.ProductController$$SpringCGLIB$$0.getProductInfoByPid(<generated>) ~[classes/:na]
	at java.base/jdk.internal.reflect.DirectMethodHandleAccessor.invoke(DirectMethodHandleAccessor.java:103) ~[na:na]
	at java.base/java.lang.reflect.Method.invoke(Method.java:580) ~[na:na]
	at org.springframework.web.method.support.InvocableHandlerMethod.doInvoke(InvocableHandlerMethod.java:255) ~[spring-web-6.1.13.jar:6.1.13]
	at org.springframework.web.method.support.InvocableHandlerMethod.invokeForRequest(InvocableHandlerMethod.java:188) ~[spring-web-6.1.13.jar:6.1.13]
	at org.springframework.web.servlet.mvc.method.annotation.ServletInvocableHandlerMethod.invokeAndHandle(ServletInvocableHandlerMethod.java:118) ~[spring-webmvc-6.1.13.jar:6.1.13]
	at org.springframework.web.servlet.mvc.method.annotation.RequestMappingHandlerAdapter.invokeHandlerMethod(RequestMappingHandlerAdapter.java:926) ~[spring-webmvc-6.1.13.jar:6.1.13]
	at org.springframework.web.servlet.mvc.method.annotation.RequestMappingHandlerAdapter.handleInternal(RequestMappingHandlerAdapter.java:831) ~[spring-webmvc-6.1.13.jar:6.1.13]
	at org.springframework.web.servlet.mvc.method.AbstractHandlerMethodAdapter.handle(AbstractHandlerMethodAdapter.java:87) ~[spring-webmvc-6.1.13.jar:6.1.13]
	at org.springframework.web.servlet.DispatcherServlet.doDispatch(DispatcherServlet.java:1089) ~[spring-webmvc-6.1.13.jar:6.1.13]
	at org.springframework.web.servlet.DispatcherServlet.doService(DispatcherServlet.java:979) ~[spring-webmvc-6.1.13.jar:6.1.13]
	at org.springframework.web.servlet.FrameworkServlet.processRequest(FrameworkServlet.java:1014) ~[spring-webmvc-6.1.13.jar:6.1.13]
	at org.springframework.web.servlet.FrameworkServlet.doGet(FrameworkServlet.java:903) ~[spring-webmvc-6.1.13.jar:6.1.13]
	at jakarta.servlet.http.HttpServlet.service(HttpServlet.java:564) ~[tomcat-embed-core-10.1.30.jar:6.0]
	at org.springframework.web.servlet.FrameworkServlet.service(FrameworkServlet.java:885) ~[spring-webmvc-6.1.13.jar:6.1.13]
	at jakarta.servlet.http.HttpServlet.service(HttpServlet.java:658) ~[tomcat-embed-core-10.1.30.jar:6.0]
	at org.apache.catalina.core.ApplicationFilterChain.internalDoFilter(ApplicationFilterChain.java:195) ~[tomcat-embed-core-10.1.30.jar:10.1.30]
	at org.apache.catalina.core.ApplicationFilterChain.doFilter(ApplicationFilterChain.java:140) ~[tomcat-embed-core-10.1.30.jar:10.1.30]
	at org.apache.tomcat.websocket.server.WsFilter.doFilter(WsFilter.java:51) ~[tomcat-embed-websocket-10.1.30.jar:10.1.30]
	at org.apache.catalina.core.ApplicationFilterChain.internalDoFilter(ApplicationFilterChain.java:164) ~[tomcat-embed-core-10.1.30.jar:10.1.30]
	at org.apache.catalina.core.ApplicationFilterChain.doFilter(ApplicationFilterChain.java:140) ~[tomcat-embed-core-10.1.30.jar:10.1.30]
	at org.springframework.boot.devtools.remote.server.DispatcherFilter.doFilter(DispatcherFilter.java:72) ~[spring-boot-devtools-3.3.4.jar:3.3.4]
	at org.springframework.boot.devtools.remote.server.DispatcherFilter.doFilter(DispatcherFilter.java:60) ~[spring-boot-devtools-3.3.4.jar:3.3.4]
	at org.apache.catalina.core.ApplicationFilterChain.internalDoFilter(ApplicationFilterChain.java:164) ~[tomcat-embed-core-10.1.30.jar:10.1.30]
	at org.apache.catalina.core.ApplicationFilterChain.doFilter(ApplicationFilterChain.java:140) ~[tomcat-embed-core-10.1.30.jar:10.1.30]
	at org.springframework.web.filter.RequestContextFilter.doFilterInternal(RequestContextFilter.java:100) ~[spring-web-6.1.13.jar:6.1.13]
	at org.springframework.web.filter.OncePerRequestFilter.doFilter(OncePerRequestFilter.java:116) ~[spring-web-6.1.13.jar:6.1.13]
	at org.apache.catalina.core.ApplicationFilterChain.internalDoFilter(ApplicationFilterChain.java:164) ~[tomcat-embed-core-10.1.30.jar:10.1.30]
	at org.apache.catalina.core.ApplicationFilterChain.doFilter(ApplicationFilterChain.java:140) ~[tomcat-embed-core-10.1.30.jar:10.1.30]
	at org.springframework.web.filter.FormContentFilter.doFilterInternal(FormContentFilter.java:93) ~[spring-web-6.1.13.jar:6.1.13]
	at org.springframework.web.filter.OncePerRequestFilter.doFilter(OncePerRequestFilter.java:116) ~[spring-web-6.1.13.jar:6.1.13]
	at org.apache.catalina.core.ApplicationFilterChain.internalDoFilter(ApplicationFilterChain.java:164) ~[tomcat-embed-core-10.1.30.jar:10.1.30]
	at org.apache.catalina.core.ApplicationFilterChain.doFilter(ApplicationFilterChain.java:140) ~[tomcat-embed-core-10.1.30.jar:10.1.30]
	at org.springframework.web.filter.CharacterEncodingFilter.doFilterInternal(CharacterEncodingFilter.java:201) ~[spring-web-6.1.13.jar:6.1.13]
	at org.springframework.web.filter.OncePerRequestFilter.doFilter(OncePerRequestFilter.java:116) ~[spring-web-6.1.13.jar:6.1.13]
	at org.apache.catalina.core.ApplicationFilterChain.internalDoFilter(ApplicationFilterChain.java:164) ~[tomcat-embed-core-10.1.30.jar:10.1.30]
	at org.apache.catalina.core.ApplicationFilterChain.doFilter(ApplicationFilterChain.java:140) ~[tomcat-embed-core-10.1.30.jar:10.1.30]
	at org.apache.catalina.core.StandardWrapperValve.invoke(StandardWrapperValve.java:167) ~[tomcat-embed-core-10.1.30.jar:10.1.30]
	at org.apache.catalina.core.StandardContextValve.invoke(StandardContextValve.java:90) ~[tomcat-embed-core-10.1.30.jar:10.1.30]
	at org.apache.catalina.authenticator.AuthenticatorBase.invoke(AuthenticatorBase.java:483) ~[tomcat-embed-core-10.1.30.jar:10.1.30]
	at org.apache.catalina.core.StandardHostValve.invoke(StandardHostValve.java:115) ~[tomcat-embed-core-10.1.30.jar:10.1.30]
	at org.apache.catalina.valves.ErrorReportValve.invoke(ErrorReportValve.java:93) ~[tomcat-embed-core-10.1.30.jar:10.1.30]
	at org.apache.catalina.core.StandardEngineValve.invoke(StandardEngineValve.java:74) ~[tomcat-embed-core-10.1.30.jar:10.1.30]
	at org.apache.catalina.connector.CoyoteAdapter.service(CoyoteAdapter.java:344) ~[tomcat-embed-core-10.1.30.jar:10.1.30]
	at org.apache.coyote.http11.Http11Processor.service(Http11Processor.java:384) ~[tomcat-embed-core-10.1.30.jar:10.1.30]
	at org.apache.coyote.AbstractProcessorLight.process(AbstractProcessorLight.java:63) ~[tomcat-embed-core-10.1.30.jar:10.1.30]
	at org.apache.coyote.AbstractProtocol$ConnectionHandler.process(AbstractProtocol.java:905) ~[tomcat-embed-core-10.1.30.jar:10.1.30]
	at org.apache.tomcat.util.net.NioEndpoint$SocketProcessor.doRun(NioEndpoint.java:1741) ~[tomcat-embed-core-10.1.30.jar:10.1.30]
	at org.apache.tomcat.util.net.SocketProcessorBase.run(SocketProcessorBase.java:52) ~[tomcat-embed-core-10.1.30.jar:10.1.30]
	at org.apache.tomcat.util.threads.ThreadPoolExecutor.runWorker(ThreadPoolExecutor.java:1190) ~[tomcat-embed-core-10.1.30.jar:10.1.30]
	at org.apache.tomcat.util.threads.ThreadPoolExecutor$Worker.run(ThreadPoolExecutor.java:659) ~[tomcat-embed-core-10.1.30.jar:10.1.30]
	at org.apache.tomcat.util.threads.TaskThread$WrappingRunnable.run(TaskThread.java:63) ~[tomcat-embed-core-10.1.30.jar:10.1.30]
	at java.base/java.lang.Thread.run(Thread.java:1570) ~[na:na]

2025-03-09T18:02:41.513+08:00  INFO 30180 --- [CommentAnalysis] [SpringApplicationShutdownHook] o.neo4j.driver.internal.InternalDriver   : Closing driver instance 774165591
2025-03-09T18:02:41.734+08:00  INFO 30180 --- [CommentAnalysis] [SpringApplicationShutdownHook] com.zaxxer.hikari.HikariDataSource       : HikariPool-1 - Shutdown initiated...
2025-03-09T18:02:41.744+08:00  INFO 30180 --- [CommentAnalysis] [SpringApplicationShutdownHook] com.zaxxer.hikari.HikariDataSource       : HikariPool-1 - Shutdown completed.
2025-03-09T18:02:47.219+08:00  INFO 15956 --- [CommentAnalysis] [restartedMain] c.b.c.CommentAnalysisApplication         : Starting CommentAnalysisApplication using Java 22.0.1 with PID 15956 (E:\Comment Analysis Git\User-fine-grained-sentiment-analysis-and-visualization-system\BackEnd\CommentAnalysis\target\classes started by thunder lee in E:\Comment Analysis Git\User-fine-grained-sentiment-analysis-and-visualization-system\BackEnd)
2025-03-09T18:02:47.221+08:00  INFO 15956 --- [CommentAnalysis] [restartedMain] c.b.c.CommentAnalysisApplication         : No active profile set, falling back to 1 default profile: "default"
2025-03-09T18:02:47.294+08:00  INFO 15956 --- [CommentAnalysis] [restartedMain] o.s.b.devtools.restart.ChangeableUrls    : The Class-Path manifest attribute in E:\apache-maven-3.9.8-bin\maven-repository\com\oracle\database\jdbc\ojdbc11\21.9.0.0\ojdbc11-21.9.0.0.jar referenced one or more files that do not exist: file:/E:/apache-maven-3.9.8-bin/maven-repository/com/oracle/database/jdbc/ojdbc11/21.9.0.0/oraclepki.jar
2025-03-09T18:02:47.294+08:00  INFO 15956 --- [CommentAnalysis] [restartedMain] .e.DevToolsPropertyDefaultsPostProcessor : Devtools property defaults active! Set 'spring.devtools.add-properties' to 'false' to disable
2025-03-09T18:02:47.295+08:00  INFO 15956 --- [CommentAnalysis] [restartedMain] .e.DevToolsPropertyDefaultsPostProcessor : For additional web related logging consider setting the 'logging.level.web' property to 'DEBUG'
2025-03-09T18:02:47.937+08:00  INFO 15956 --- [CommentAnalysis] [restartedMain] .s.d.r.c.RepositoryConfigurationDelegate : Multiple Spring Data modules found, entering strict repository configuration mode
2025-03-09T18:02:47.938+08:00  INFO 15956 --- [CommentAnalysis] [restartedMain] .s.d.r.c.RepositoryConfigurationDelegate : Bootstrapping Spring Data Neo4j repositories in DEFAULT mode.
2025-03-09T18:02:48.055+08:00  INFO 15956 --- [CommentAnalysis] [restartedMain] .s.d.r.c.RepositoryConfigurationDelegate : Finished Spring Data repository scanning in 113 ms. Found 1 Neo4j repository interface.
2025-03-09T18:02:48.316+08:00  INFO 15956 --- [CommentAnalysis] [restartedMain] .s.d.r.c.RepositoryConfigurationDelegate : Multiple Spring Data modules found, entering strict repository configuration mode
2025-03-09T18:02:48.317+08:00  INFO 15956 --- [CommentAnalysis] [restartedMain] .s.d.r.c.RepositoryConfigurationDelegate : Bootstrapping Spring Data Neo4j repositories in DEFAULT mode.
2025-03-09T18:02:48.341+08:00  INFO 15956 --- [CommentAnalysis] [restartedMain] .s.d.r.c.RepositoryConfigurationDelegate : Finished Spring Data repository scanning in 23 ms. Found 0 Neo4j repository interfaces.
2025-03-09T18:02:48.352+08:00  INFO 15956 --- [CommentAnalysis] [restartedMain] .s.d.r.c.RepositoryConfigurationDelegate : Multiple Spring Data modules found, entering strict repository configuration mode
2025-03-09T18:02:48.353+08:00  INFO 15956 --- [CommentAnalysis] [restartedMain] .s.d.r.c.RepositoryConfigurationDelegate : Bootstrapping Spring Data Redis repositories in DEFAULT mode.
2025-03-09T18:02:48.375+08:00  INFO 15956 --- [CommentAnalysis] [restartedMain] .RepositoryConfigurationExtensionSupport : Spring Data Redis - Could not safely identify store assignment for repository candidate interface com.backend.commentanalysis.repository.ProductRepository; If you want this repository to be a Redis repository, consider annotating your entities with one of these annotations: org.springframework.data.redis.core.RedisHash (preferred), or consider extending one of the following types with your repository: org.springframework.data.keyvalue.repository.KeyValueRepository
2025-03-09T18:02:48.375+08:00  INFO 15956 --- [CommentAnalysis] [restartedMain] .s.d.r.c.RepositoryConfigurationDelegate : Finished Spring Data repository scanning in 14 ms. Found 0 Redis repository interfaces.
2025-03-09T18:02:49.148+08:00  INFO 15956 --- [CommentAnalysis] [restartedMain] o.s.b.w.embedded.tomcat.TomcatWebServer  : Tomcat initialized with port 8081 (http)
2025-03-09T18:02:49.162+08:00  INFO 15956 --- [CommentAnalysis] [restartedMain] o.apache.catalina.core.StandardService   : Starting service [Tomcat]
2025-03-09T18:02:49.163+08:00  INFO 15956 --- [CommentAnalysis] [restartedMain] o.apache.catalina.core.StandardEngine    : Starting Servlet engine: [Apache Tomcat/10.1.30]
2025-03-09T18:02:49.213+08:00  INFO 15956 --- [CommentAnalysis] [restartedMain] o.a.c.c.C.[Tomcat].[localhost].[/]       : Initializing Spring embedded WebApplicationContext
2025-03-09T18:02:49.213+08:00  INFO 15956 --- [CommentAnalysis] [restartedMain] w.s.c.ServletWebServerApplicationContext : Root WebApplicationContext: initialization completed in 1918 ms
2025-03-09T18:02:49.235+08:00  WARN 15956 --- [CommentAnalysis] [restartedMain] .s.b.d.a.RemoteDevToolsAutoConfiguration : Listening for remote restart updates on /.~~spring-boot!~/restart
2025-03-09T18:02:49.882+08:00  INFO 15956 --- [CommentAnalysis] [restartedMain] o.neo4j.driver.internal.DriverFactory    : Direct driver instance 1975324024 created for server address localhost:7687
2025-03-09T18:02:49.971+08:00  WARN 15956 --- [CommentAnalysis] [restartedMain] o.s.d.n.c.mapping.Neo4jPersistentEntity  : The entity com.backend.commentanalysis.entity.neo4j.OpinionNeo4j is using a Long value for storing internally generated Neo4j ids. The Neo4j internal Long Ids are deprecated, please consider using an external ID generator.
2025-03-09T18:02:50.014+08:00  INFO 15956 --- [CommentAnalysis] [restartedMain] o.s.b.d.a.OptionalLiveReloadServer       : LiveReload server is running on port 35729
2025-03-09T18:02:50.017+08:00  WARN 15956 --- [CommentAnalysis] [restartedMain] o.s.d.n.c.mapping.Neo4jPersistentEntity  : The entity com.backend.commentanalysis.entity.relation.HasOpinion is using a Long value for storing internally generated Neo4j ids. The Neo4j internal Long Ids are deprecated, please consider using an external ID generator.
2025-03-09T18:02:50.023+08:00  WARN 15956 --- [CommentAnalysis] [restartedMain] o.s.d.n.c.mapping.Neo4jPersistentEntity  : The entity com.backend.commentanalysis.entity.neo4j.AspectNeo4j is using a Long value for storing internally generated Neo4j ids. The Neo4j internal Long Ids are deprecated, please consider using an external ID generator.
2025-03-09T18:02:50.026+08:00  WARN 15956 --- [CommentAnalysis] [restartedMain] o.s.d.n.c.mapping.Neo4jPersistentEntity  : The entity com.backend.commentanalysis.entity.relation.HasAspect is using a Long value for storing internally generated Neo4j ids. The Neo4j internal Long Ids are deprecated, please consider using an external ID generator.
2025-03-09T18:02:50.950+08:00  INFO 15956 --- [CommentAnalysis] [restartedMain] o.s.b.w.embedded.tomcat.TomcatWebServer  : Tomcat started on port 8081 (http) with context path '/'
2025-03-09T18:02:50.957+08:00  INFO 15956 --- [CommentAnalysis] [restartedMain] c.b.c.CommentAnalysisApplication         : Started CommentAnalysisApplication in 4.251 seconds (process running for 5.141)
2025-03-09T18:02:53.766+08:00  INFO 15956 --- [CommentAnalysis] [http-nio-8081-exec-1] o.a.c.c.C.[Tomcat].[localhost].[/]       : Initializing Spring DispatcherServlet 'dispatcherServlet'
2025-03-09T18:02:53.766+08:00  INFO 15956 --- [CommentAnalysis] [http-nio-8081-exec-1] o.s.web.servlet.DispatcherServlet        : Initializing Servlet 'dispatcherServlet'
2025-03-09T18:02:53.767+08:00  INFO 15956 --- [CommentAnalysis] [http-nio-8081-exec-1] o.s.web.servlet.DispatcherServlet        : Completed initialization in 1 ms
2025-03-09T18:02:54.206+08:00  INFO 15956 --- [CommentAnalysis] [http-nio-8081-exec-1] com.zaxxer.hikari.HikariDataSource       : HikariPool-1 - Starting...
2025-03-09T18:02:54.572+08:00  INFO 15956 --- [CommentAnalysis] [http-nio-8081-exec-1] com.zaxxer.hikari.pool.HikariPool        : HikariPool-1 - Added connection com.mysql.cj.jdbc.ConnectionImpl@7aa43f74
2025-03-09T18:02:54.573+08:00  INFO 15956 --- [CommentAnalysis] [http-nio-8081-exec-1] com.zaxxer.hikari.HikariDataSource       : HikariPool-1 - Start completed.
2025-03-09T18:02:54.723+08:00 ERROR 15956 --- [CommentAnalysis] [http-nio-8081-exec-1] o.a.c.c.C.[.[.[/].[dispatcherServlet]    : Servlet.service() for servlet [dispatcherServlet] in context with path [] threw exception [Request processing failed: org.springframework.data.redis.serializer.SerializationException: Cannot deserialize] with root cause

java.io.InvalidClassException: com.backend.commentanalysis.entity.dto.ProductInfoDTO; local class incompatible: stream classdesc serialVersionUID = -577795006378532753, local class serialVersionUID = 9021008951302083098
	at java.base/java.io.ObjectStreamClass.initNonProxy(ObjectStreamClass.java:598) ~[na:na]
	at java.base/java.io.ObjectInputStream.readNonProxyDesc(ObjectInputStream.java:2063) ~[na:na]
	at java.base/java.io.ObjectInputStream.readClassDesc(ObjectInputStream.java:1912) ~[na:na]
	at java.base/java.io.ObjectInputStream.readOrdinaryObject(ObjectInputStream.java:2237) ~[na:na]
	at java.base/java.io.ObjectInputStream.readObject0(ObjectInputStream.java:1747) ~[na:na]
	at java.base/java.io.ObjectInputStream.readObject(ObjectInputStream.java:525) ~[na:na]
	at java.base/java.io.ObjectInputStream.readObject(ObjectInputStream.java:483) ~[na:na]
	at org.springframework.core.serializer.DefaultDeserializer.deserialize(DefaultDeserializer.java:71) ~[spring-core-6.1.13.jar:6.1.13]
	at org.springframework.core.serializer.support.DeserializingConverter.convert(DeserializingConverter.java:75) ~[spring-core-6.1.13.jar:6.1.13]
	at org.springframework.core.serializer.support.DeserializingConverter.convert(DeserializingConverter.java:37) ~[spring-core-6.1.13.jar:6.1.13]
	at org.springframework.data.redis.serializer.JdkSerializationRedisSerializer.deserialize(JdkSerializationRedisSerializer.java:109) ~[spring-data-redis-3.3.4.jar:3.3.4]
	at org.springframework.data.redis.serializer.DefaultRedisElementReader.read(DefaultRedisElementReader.java:46) ~[spring-data-redis-3.3.4.jar:3.3.4]
	at org.springframework.data.redis.serializer.RedisSerializationContext$SerializationPair.read(RedisSerializationContext.java:277) ~[spring-data-redis-3.3.4.jar:3.3.4]
	at org.springframework.data.redis.cache.RedisCache.deserializeCacheValue(RedisCache.java:381) ~[spring-data-redis-3.3.4.jar:3.3.4]
	at org.springframework.data.redis.cache.RedisCache.lookup(RedisCache.java:207) ~[spring-data-redis-3.3.4.jar:3.3.4]
	at org.springframework.cache.support.AbstractValueAdaptingCache.get(AbstractValueAdaptingCache.java:58) ~[spring-context-6.1.13.jar:6.1.13]
	at org.springframework.cache.interceptor.AbstractCacheInvoker.doGet(AbstractCacheInvoker.java:73) ~[spring-context-6.1.13.jar:6.1.13]
	at org.springframework.cache.interceptor.CacheAspectSupport.findInCaches(CacheAspectSupport.java:524) ~[spring-context-6.1.13.jar:6.1.13]
	at org.springframework.cache.interceptor.CacheAspectSupport.findCachedValue(CacheAspectSupport.java:481) ~[spring-context-6.1.13.jar:6.1.13]
	at org.springframework.cache.interceptor.CacheAspectSupport.execute(CacheAspectSupport.java:431) ~[spring-context-6.1.13.jar:6.1.13]
	at org.springframework.cache.interceptor.CacheAspectSupport.execute(CacheAspectSupport.java:395) ~[spring-context-6.1.13.jar:6.1.13]
	at org.springframework.cache.interceptor.CacheInterceptor.invoke(CacheInterceptor.java:65) ~[spring-context-6.1.13.jar:6.1.13]
	at org.springframework.aop.framework.ReflectiveMethodInvocation.proceed(ReflectiveMethodInvocation.java:184) ~[spring-aop-6.1.13.jar:6.1.13]
	at org.springframework.aop.framework.CglibAopProxy$CglibMethodInvocation.proceed(CglibAopProxy.java:768) ~[spring-aop-6.1.13.jar:6.1.13]
	at org.springframework.aop.framework.CglibAopProxy$DynamicAdvisedInterceptor.intercept(CglibAopProxy.java:720) ~[spring-aop-6.1.13.jar:6.1.13]
	at com.backend.commentanalysis.service.implement.ProductServiceImpl$$SpringCGLIB$$0.getProductInfoByPid(<generated>) ~[classes/:na]
	at com.backend.commentanalysis.controller.ProductController.getProductInfoByPid(ProductController.java:45) ~[classes/:na]
	at java.base/jdk.internal.reflect.DirectMethodHandleAccessor.invoke(DirectMethodHandleAccessor.java:103) ~[na:na]
	at java.base/java.lang.reflect.Method.invoke(Method.java:580) ~[na:na]
	at org.springframework.aop.support.AopUtils.invokeJoinpointUsingReflection(AopUtils.java:355) ~[spring-aop-6.1.13.jar:6.1.13]
	at org.springframework.aop.framework.ReflectiveMethodInvocation.invokeJoinpoint(ReflectiveMethodInvocation.java:196) ~[spring-aop-6.1.13.jar:6.1.13]
	at org.springframework.aop.framework.ReflectiveMethodInvocation.proceed(ReflectiveMethodInvocation.java:163) ~[spring-aop-6.1.13.jar:6.1.13]
	at org.springframework.aop.framework.CglibAopProxy$CglibMethodInvocation.proceed(CglibAopProxy.java:768) ~[spring-aop-6.1.13.jar:6.1.13]
	at org.springframework.validation.beanvalidation.MethodValidationInterceptor.invoke(MethodValidationInterceptor.java:174) ~[spring-context-6.1.13.jar:6.1.13]
	at org.springframework.aop.framework.ReflectiveMethodInvocation.proceed(ReflectiveMethodInvocation.java:184) ~[spring-aop-6.1.13.jar:6.1.13]
	at org.springframework.aop.framework.CglibAopProxy$CglibMethodInvocation.proceed(CglibAopProxy.java:768) ~[spring-aop-6.1.13.jar:6.1.13]
	at org.springframework.aop.framework.CglibAopProxy$DynamicAdvisedInterceptor.intercept(CglibAopProxy.java:720) ~[spring-aop-6.1.13.jar:6.1.13]
	at com.backend.commentanalysis.controller.ProductController$$SpringCGLIB$$0.getProductInfoByPid(<generated>) ~[classes/:na]
	at java.base/jdk.internal.reflect.DirectMethodHandleAccessor.invoke(DirectMethodHandleAccessor.java:103) ~[na:na]
	at java.base/java.lang.reflect.Method.invoke(Method.java:580) ~[na:na]
	at org.springframework.web.method.support.InvocableHandlerMethod.doInvoke(InvocableHandlerMethod.java:255) ~[spring-web-6.1.13.jar:6.1.13]
	at org.springframework.web.method.support.InvocableHandlerMethod.invokeForRequest(InvocableHandlerMethod.java:188) ~[spring-web-6.1.13.jar:6.1.13]
	at org.springframework.web.servlet.mvc.method.annotation.ServletInvocableHandlerMethod.invokeAndHandle(ServletInvocableHandlerMethod.java:118) ~[spring-webmvc-6.1.13.jar:6.1.13]
	at org.springframework.web.servlet.mvc.method.annotation.RequestMappingHandlerAdapter.invokeHandlerMethod(RequestMappingHandlerAdapter.java:926) ~[spring-webmvc-6.1.13.jar:6.1.13]
	at org.springframework.web.servlet.mvc.method.annotation.RequestMappingHandlerAdapter.handleInternal(RequestMappingHandlerAdapter.java:831) ~[spring-webmvc-6.1.13.jar:6.1.13]
	at org.springframework.web.servlet.mvc.method.AbstractHandlerMethodAdapter.handle(AbstractHandlerMethodAdapter.java:87) ~[spring-webmvc-6.1.13.jar:6.1.13]
	at org.springframework.web.servlet.DispatcherServlet.doDispatch(DispatcherServlet.java:1089) ~[spring-webmvc-6.1.13.jar:6.1.13]
	at org.springframework.web.servlet.DispatcherServlet.doService(DispatcherServlet.java:979) ~[spring-webmvc-6.1.13.jar:6.1.13]
	at org.springframework.web.servlet.FrameworkServlet.processRequest(FrameworkServlet.java:1014) ~[spring-webmvc-6.1.13.jar:6.1.13]
	at org.springframework.web.servlet.FrameworkServlet.doGet(FrameworkServlet.java:903) ~[spring-webmvc-6.1.13.jar:6.1.13]
	at jakarta.servlet.http.HttpServlet.service(HttpServlet.java:564) ~[tomcat-embed-core-10.1.30.jar:6.0]
	at org.springframework.web.servlet.FrameworkServlet.service(FrameworkServlet.java:885) ~[spring-webmvc-6.1.13.jar:6.1.13]
	at jakarta.servlet.http.HttpServlet.service(HttpServlet.java:658) ~[tomcat-embed-core-10.1.30.jar:6.0]
	at org.apache.catalina.core.ApplicationFilterChain.internalDoFilter(ApplicationFilterChain.java:195) ~[tomcat-embed-core-10.1.30.jar:10.1.30]
	at org.apache.catalina.core.ApplicationFilterChain.doFilter(ApplicationFilterChain.java:140) ~[tomcat-embed-core-10.1.30.jar:10.1.30]
	at org.apache.tomcat.websocket.server.WsFilter.doFilter(WsFilter.java:51) ~[tomcat-embed-websocket-10.1.30.jar:10.1.30]
	at org.apache.catalina.core.ApplicationFilterChain.internalDoFilter(ApplicationFilterChain.java:164) ~[tomcat-embed-core-10.1.30.jar:10.1.30]
	at org.apache.catalina.core.ApplicationFilterChain.doFilter(ApplicationFilterChain.java:140) ~[tomcat-embed-core-10.1.30.jar:10.1.30]
	at org.springframework.boot.devtools.remote.server.DispatcherFilter.doFilter(DispatcherFilter.java:72) ~[spring-boot-devtools-3.3.4.jar:3.3.4]
	at org.springframework.boot.devtools.remote.server.DispatcherFilter.doFilter(DispatcherFilter.java:60) ~[spring-boot-devtools-3.3.4.jar:3.3.4]
	at org.apache.catalina.core.ApplicationFilterChain.internalDoFilter(ApplicationFilterChain.java:164) ~[tomcat-embed-core-10.1.30.jar:10.1.30]
	at org.apache.catalina.core.ApplicationFilterChain.doFilter(ApplicationFilterChain.java:140) ~[tomcat-embed-core-10.1.30.jar:10.1.30]
	at org.springframework.web.filter.RequestContextFilter.doFilterInternal(RequestContextFilter.java:100) ~[spring-web-6.1.13.jar:6.1.13]
	at org.springframework.web.filter.OncePerRequestFilter.doFilter(OncePerRequestFilter.java:116) ~[spring-web-6.1.13.jar:6.1.13]
	at org.apache.catalina.core.ApplicationFilterChain.internalDoFilter(ApplicationFilterChain.java:164) ~[tomcat-embed-core-10.1.30.jar:10.1.30]
	at org.apache.catalina.core.ApplicationFilterChain.doFilter(ApplicationFilterChain.java:140) ~[tomcat-embed-core-10.1.30.jar:10.1.30]
	at org.springframework.web.filter.FormContentFilter.doFilterInternal(FormContentFilter.java:93) ~[spring-web-6.1.13.jar:6.1.13]
	at org.springframework.web.filter.OncePerRequestFilter.doFilter(OncePerRequestFilter.java:116) ~[spring-web-6.1.13.jar:6.1.13]
	at org.apache.catalina.core.ApplicationFilterChain.internalDoFilter(ApplicationFilterChain.java:164) ~[tomcat-embed-core-10.1.30.jar:10.1.30]
	at org.apache.catalina.core.ApplicationFilterChain.doFilter(ApplicationFilterChain.java:140) ~[tomcat-embed-core-10.1.30.jar:10.1.30]
	at org.springframework.web.filter.CharacterEncodingFilter.doFilterInternal(CharacterEncodingFilter.java:201) ~[spring-web-6.1.13.jar:6.1.13]
	at org.springframework.web.filter.OncePerRequestFilter.doFilter(OncePerRequestFilter.java:116) ~[spring-web-6.1.13.jar:6.1.13]
	at org.apache.catalina.core.ApplicationFilterChain.internalDoFilter(ApplicationFilterChain.java:164) ~[tomcat-embed-core-10.1.30.jar:10.1.30]
	at org.apache.catalina.core.ApplicationFilterChain.doFilter(ApplicationFilterChain.java:140) ~[tomcat-embed-core-10.1.30.jar:10.1.30]
	at org.apache.catalina.core.StandardWrapperValve.invoke(StandardWrapperValve.java:167) ~[tomcat-embed-core-10.1.30.jar:10.1.30]
	at org.apache.catalina.core.StandardContextValve.invoke(StandardContextValve.java:90) ~[tomcat-embed-core-10.1.30.jar:10.1.30]
	at org.apache.catalina.authenticator.AuthenticatorBase.invoke(AuthenticatorBase.java:483) ~[tomcat-embed-core-10.1.30.jar:10.1.30]
	at org.apache.catalina.core.StandardHostValve.invoke(StandardHostValve.java:115) ~[tomcat-embed-core-10.1.30.jar:10.1.30]
	at org.apache.catalina.valves.ErrorReportValve.invoke(ErrorReportValve.java:93) ~[tomcat-embed-core-10.1.30.jar:10.1.30]
	at org.apache.catalina.core.StandardEngineValve.invoke(StandardEngineValve.java:74) ~[tomcat-embed-core-10.1.30.jar:10.1.30]
	at org.apache.catalina.connector.CoyoteAdapter.service(CoyoteAdapter.java:344) ~[tomcat-embed-core-10.1.30.jar:10.1.30]
	at org.apache.coyote.http11.Http11Processor.service(Http11Processor.java:384) ~[tomcat-embed-core-10.1.30.jar:10.1.30]
	at org.apache.coyote.AbstractProcessorLight.process(AbstractProcessorLight.java:63) ~[tomcat-embed-core-10.1.30.jar:10.1.30]
	at org.apache.coyote.AbstractProtocol$ConnectionHandler.process(AbstractProtocol.java:905) ~[tomcat-embed-core-10.1.30.jar:10.1.30]
	at org.apache.tomcat.util.net.NioEndpoint$SocketProcessor.doRun(NioEndpoint.java:1741) ~[tomcat-embed-core-10.1.30.jar:10.1.30]
	at org.apache.tomcat.util.net.SocketProcessorBase.run(SocketProcessorBase.java:52) ~[tomcat-embed-core-10.1.30.jar:10.1.30]
	at org.apache.tomcat.util.threads.ThreadPoolExecutor.runWorker(ThreadPoolExecutor.java:1190) ~[tomcat-embed-core-10.1.30.jar:10.1.30]
	at org.apache.tomcat.util.threads.ThreadPoolExecutor$Worker.run(ThreadPoolExecutor.java:659) ~[tomcat-embed-core-10.1.30.jar:10.1.30]
	at org.apache.tomcat.util.threads.TaskThread$WrappingRunnable.run(TaskThread.java:63) ~[tomcat-embed-core-10.1.30.jar:10.1.30]
	at java.base/java.lang.Thread.run(Thread.java:1570) ~[na:na]

2025-03-09T18:03:08.720+08:00 ERROR 15956 --- [CommentAnalysis] [http-nio-8081-exec-3] o.a.c.c.C.[.[.[/].[dispatcherServlet]    : Servlet.service() for servlet [dispatcherServlet] in context with path [] threw exception [Request processing failed: java.lang.ClassCastException: class com.backend.commentanalysis.entity.dto.ProductInfoDTO cannot be cast to class com.backend.commentanalysis.entity.dto.ProductInfoDTO (com.backend.commentanalysis.entity.dto.ProductInfoDTO is in unnamed module of loader 'app'; com.backend.commentanalysis.entity.dto.ProductInfoDTO is in unnamed module of loader org.springframework.boot.devtools.restart.classloader.RestartClassLoader @5b2e7bc1)] with root cause

java.lang.ClassCastException: class com.backend.commentanalysis.entity.dto.ProductInfoDTO cannot be cast to class com.backend.commentanalysis.entity.dto.ProductInfoDTO (com.backend.commentanalysis.entity.dto.ProductInfoDTO is in unnamed module of loader 'app'; com.backend.commentanalysis.entity.dto.ProductInfoDTO is in unnamed module of loader org.springframework.boot.devtools.restart.classloader.RestartClassLoader @5b2e7bc1)
	at com.backend.commentanalysis.service.implement.ProductServiceImpl$$SpringCGLIB$$0.getProductInfoByPid(<generated>) ~[classes/:na]
	at com.backend.commentanalysis.controller.ProductController.getProductInfoByPid(ProductController.java:45) ~[classes/:na]
	at java.base/jdk.internal.reflect.DirectMethodHandleAccessor.invoke(DirectMethodHandleAccessor.java:103) ~[na:na]
	at java.base/java.lang.reflect.Method.invoke(Method.java:580) ~[na:na]
	at org.springframework.aop.support.AopUtils.invokeJoinpointUsingReflection(AopUtils.java:355) ~[spring-aop-6.1.13.jar:6.1.13]
	at org.springframework.aop.framework.ReflectiveMethodInvocation.invokeJoinpoint(ReflectiveMethodInvocation.java:196) ~[spring-aop-6.1.13.jar:6.1.13]
	at org.springframework.aop.framework.ReflectiveMethodInvocation.proceed(ReflectiveMethodInvocation.java:163) ~[spring-aop-6.1.13.jar:6.1.13]
	at org.springframework.aop.framework.CglibAopProxy$CglibMethodInvocation.proceed(CglibAopProxy.java:768) ~[spring-aop-6.1.13.jar:6.1.13]
	at org.springframework.validation.beanvalidation.MethodValidationInterceptor.invoke(MethodValidationInterceptor.java:174) ~[spring-context-6.1.13.jar:6.1.13]
	at org.springframework.aop.framework.ReflectiveMethodInvocation.proceed(ReflectiveMethodInvocation.java:184) ~[spring-aop-6.1.13.jar:6.1.13]
	at org.springframework.aop.framework.CglibAopProxy$CglibMethodInvocation.proceed(CglibAopProxy.java:768) ~[spring-aop-6.1.13.jar:6.1.13]
	at org.springframework.aop.framework.CglibAopProxy$DynamicAdvisedInterceptor.intercept(CglibAopProxy.java:720) ~[spring-aop-6.1.13.jar:6.1.13]
	at com.backend.commentanalysis.controller.ProductController$$SpringCGLIB$$0.getProductInfoByPid(<generated>) ~[classes/:na]
	at java.base/jdk.internal.reflect.DirectMethodHandleAccessor.invoke(DirectMethodHandleAccessor.java:103) ~[na:na]
	at java.base/java.lang.reflect.Method.invoke(Method.java:580) ~[na:na]
	at org.springframework.web.method.support.InvocableHandlerMethod.doInvoke(InvocableHandlerMethod.java:255) ~[spring-web-6.1.13.jar:6.1.13]
	at org.springframework.web.method.support.InvocableHandlerMethod.invokeForRequest(InvocableHandlerMethod.java:188) ~[spring-web-6.1.13.jar:6.1.13]
	at org.springframework.web.servlet.mvc.method.annotation.ServletInvocableHandlerMethod.invokeAndHandle(ServletInvocableHandlerMethod.java:118) ~[spring-webmvc-6.1.13.jar:6.1.13]
	at org.springframework.web.servlet.mvc.method.annotation.RequestMappingHandlerAdapter.invokeHandlerMethod(RequestMappingHandlerAdapter.java:926) ~[spring-webmvc-6.1.13.jar:6.1.13]
	at org.springframework.web.servlet.mvc.method.annotation.RequestMappingHandlerAdapter.handleInternal(RequestMappingHandlerAdapter.java:831) ~[spring-webmvc-6.1.13.jar:6.1.13]
	at org.springframework.web.servlet.mvc.method.AbstractHandlerMethodAdapter.handle(AbstractHandlerMethodAdapter.java:87) ~[spring-webmvc-6.1.13.jar:6.1.13]
	at org.springframework.web.servlet.DispatcherServlet.doDispatch(DispatcherServlet.java:1089) ~[spring-webmvc-6.1.13.jar:6.1.13]
	at org.springframework.web.servlet.DispatcherServlet.doService(DispatcherServlet.java:979) ~[spring-webmvc-6.1.13.jar:6.1.13]
	at org.springframework.web.servlet.FrameworkServlet.processRequest(FrameworkServlet.java:1014) ~[spring-webmvc-6.1.13.jar:6.1.13]
	at org.springframework.web.servlet.FrameworkServlet.doGet(FrameworkServlet.java:903) ~[spring-webmvc-6.1.13.jar:6.1.13]
	at jakarta.servlet.http.HttpServlet.service(HttpServlet.java:564) ~[tomcat-embed-core-10.1.30.jar:6.0]
	at org.springframework.web.servlet.FrameworkServlet.service(FrameworkServlet.java:885) ~[spring-webmvc-6.1.13.jar:6.1.13]
	at jakarta.servlet.http.HttpServlet.service(HttpServlet.java:658) ~[tomcat-embed-core-10.1.30.jar:6.0]
	at org.apache.catalina.core.ApplicationFilterChain.internalDoFilter(ApplicationFilterChain.java:195) ~[tomcat-embed-core-10.1.30.jar:10.1.30]
	at org.apache.catalina.core.ApplicationFilterChain.doFilter(ApplicationFilterChain.java:140) ~[tomcat-embed-core-10.1.30.jar:10.1.30]
	at org.apache.tomcat.websocket.server.WsFilter.doFilter(WsFilter.java:51) ~[tomcat-embed-websocket-10.1.30.jar:10.1.30]
	at org.apache.catalina.core.ApplicationFilterChain.internalDoFilter(ApplicationFilterChain.java:164) ~[tomcat-embed-core-10.1.30.jar:10.1.30]
	at org.apache.catalina.core.ApplicationFilterChain.doFilter(ApplicationFilterChain.java:140) ~[tomcat-embed-core-10.1.30.jar:10.1.30]
	at org.springframework.boot.devtools.remote.server.DispatcherFilter.doFilter(DispatcherFilter.java:72) ~[spring-boot-devtools-3.3.4.jar:3.3.4]
	at org.springframework.boot.devtools.remote.server.DispatcherFilter.doFilter(DispatcherFilter.java:60) ~[spring-boot-devtools-3.3.4.jar:3.3.4]
	at org.apache.catalina.core.ApplicationFilterChain.internalDoFilter(ApplicationFilterChain.java:164) ~[tomcat-embed-core-10.1.30.jar:10.1.30]
	at org.apache.catalina.core.ApplicationFilterChain.doFilter(ApplicationFilterChain.java:140) ~[tomcat-embed-core-10.1.30.jar:10.1.30]
	at org.springframework.web.filter.RequestContextFilter.doFilterInternal(RequestContextFilter.java:100) ~[spring-web-6.1.13.jar:6.1.13]
	at org.springframework.web.filter.OncePerRequestFilter.doFilter(OncePerRequestFilter.java:116) ~[spring-web-6.1.13.jar:6.1.13]
	at org.apache.catalina.core.ApplicationFilterChain.internalDoFilter(ApplicationFilterChain.java:164) ~[tomcat-embed-core-10.1.30.jar:10.1.30]
	at org.apache.catalina.core.ApplicationFilterChain.doFilter(ApplicationFilterChain.java:140) ~[tomcat-embed-core-10.1.30.jar:10.1.30]
	at org.springframework.web.filter.FormContentFilter.doFilterInternal(FormContentFilter.java:93) ~[spring-web-6.1.13.jar:6.1.13]
	at org.springframework.web.filter.OncePerRequestFilter.doFilter(OncePerRequestFilter.java:116) ~[spring-web-6.1.13.jar:6.1.13]
	at org.apache.catalina.core.ApplicationFilterChain.internalDoFilter(ApplicationFilterChain.java:164) ~[tomcat-embed-core-10.1.30.jar:10.1.30]
	at org.apache.catalina.core.ApplicationFilterChain.doFilter(ApplicationFilterChain.java:140) ~[tomcat-embed-core-10.1.30.jar:10.1.30]
	at org.springframework.web.filter.CharacterEncodingFilter.doFilterInternal(CharacterEncodingFilter.java:201) ~[spring-web-6.1.13.jar:6.1.13]
	at org.springframework.web.filter.OncePerRequestFilter.doFilter(OncePerRequestFilter.java:116) ~[spring-web-6.1.13.jar:6.1.13]
	at org.apache.catalina.core.ApplicationFilterChain.internalDoFilter(ApplicationFilterChain.java:164) ~[tomcat-embed-core-10.1.30.jar:10.1.30]
	at org.apache.catalina.core.ApplicationFilterChain.doFilter(ApplicationFilterChain.java:140) ~[tomcat-embed-core-10.1.30.jar:10.1.30]
	at org.apache.catalina.core.StandardWrapperValve.invoke(StandardWrapperValve.java:167) ~[tomcat-embed-core-10.1.30.jar:10.1.30]
	at org.apache.catalina.core.StandardContextValve.invoke(StandardContextValve.java:90) ~[tomcat-embed-core-10.1.30.jar:10.1.30]
	at org.apache.catalina.authenticator.AuthenticatorBase.invoke(AuthenticatorBase.java:483) ~[tomcat-embed-core-10.1.30.jar:10.1.30]
	at org.apache.catalina.core.StandardHostValve.invoke(StandardHostValve.java:115) ~[tomcat-embed-core-10.1.30.jar:10.1.30]
	at org.apache.catalina.valves.ErrorReportValve.invoke(ErrorReportValve.java:93) ~[tomcat-embed-core-10.1.30.jar:10.1.30]
	at org.apache.catalina.core.StandardEngineValve.invoke(StandardEngineValve.java:74) ~[tomcat-embed-core-10.1.30.jar:10.1.30]
	at org.apache.catalina.connector.CoyoteAdapter.service(CoyoteAdapter.java:344) ~[tomcat-embed-core-10.1.30.jar:10.1.30]
	at org.apache.coyote.http11.Http11Processor.service(Http11Processor.java:384) ~[tomcat-embed-core-10.1.30.jar:10.1.30]
	at org.apache.coyote.AbstractProcessorLight.process(AbstractProcessorLight.java:63) ~[tomcat-embed-core-10.1.30.jar:10.1.30]
	at org.apache.coyote.AbstractProtocol$ConnectionHandler.process(AbstractProtocol.java:905) ~[tomcat-embed-core-10.1.30.jar:10.1.30]
	at org.apache.tomcat.util.net.NioEndpoint$SocketProcessor.doRun(NioEndpoint.java:1741) ~[tomcat-embed-core-10.1.30.jar:10.1.30]
	at org.apache.tomcat.util.net.SocketProcessorBase.run(SocketProcessorBase.java:52) ~[tomcat-embed-core-10.1.30.jar:10.1.30]
	at org.apache.tomcat.util.threads.ThreadPoolExecutor.runWorker(ThreadPoolExecutor.java:1190) ~[tomcat-embed-core-10.1.30.jar:10.1.30]
	at org.apache.tomcat.util.threads.ThreadPoolExecutor$Worker.run(ThreadPoolExecutor.java:659) ~[tomcat-embed-core-10.1.30.jar:10.1.30]
	at org.apache.tomcat.util.threads.TaskThread$WrappingRunnable.run(TaskThread.java:63) ~[tomcat-embed-core-10.1.30.jar:10.1.30]
	at java.base/java.lang.Thread.run(Thread.java:1570) ~[na:na]

2025-03-09T18:06:18.679+08:00  INFO 15956 --- [CommentAnalysis] [SpringApplicationShutdownHook] o.neo4j.driver.internal.InternalDriver   : Closing driver instance 1975324024
2025-03-09T18:06:18.900+08:00  INFO 15956 --- [CommentAnalysis] [SpringApplicationShutdownHook] com.zaxxer.hikari.HikariDataSource       : HikariPool-1 - Shutdown initiated...
2025-03-09T18:06:18.907+08:00  INFO 15956 --- [CommentAnalysis] [SpringApplicationShutdownHook] com.zaxxer.hikari.HikariDataSource       : HikariPool-1 - Shutdown completed.
2025-03-09T18:06:24.670+08:00  INFO 24980 --- [CommentAnalysis] [restartedMain] c.b.c.CommentAnalysisApplication         : Starting CommentAnalysisApplication using Java 22.0.1 with PID 24980 (E:\Comment Analysis Git\User-fine-grained-sentiment-analysis-and-visualization-system\BackEnd\CommentAnalysis\target\classes started by thunder lee in E:\Comment Analysis Git\User-fine-grained-sentiment-analysis-and-visualization-system\BackEnd)
2025-03-09T18:06:24.673+08:00  INFO 24980 --- [CommentAnalysis] [restartedMain] c.b.c.CommentAnalysisApplication         : No active profile set, falling back to 1 default profile: "default"
2025-03-09T18:06:24.750+08:00  INFO 24980 --- [CommentAnalysis] [restartedMain] o.s.b.devtools.restart.ChangeableUrls    : The Class-Path manifest attribute in E:\apache-maven-3.9.8-bin\maven-repository\com\oracle\database\jdbc\ojdbc11\21.9.0.0\ojdbc11-21.9.0.0.jar referenced one or more files that do not exist: file:/E:/apache-maven-3.9.8-bin/maven-repository/com/oracle/database/jdbc/ojdbc11/21.9.0.0/oraclepki.jar
2025-03-09T18:06:24.751+08:00  INFO 24980 --- [CommentAnalysis] [restartedMain] .e.DevToolsPropertyDefaultsPostProcessor : Devtools property defaults active! Set 'spring.devtools.add-properties' to 'false' to disable
2025-03-09T18:06:24.751+08:00  INFO 24980 --- [CommentAnalysis] [restartedMain] .e.DevToolsPropertyDefaultsPostProcessor : For additional web related logging consider setting the 'logging.level.web' property to 'DEBUG'
2025-03-09T18:06:25.389+08:00  INFO 24980 --- [CommentAnalysis] [restartedMain] .s.d.r.c.RepositoryConfigurationDelegate : Multiple Spring Data modules found, entering strict repository configuration mode
2025-03-09T18:06:25.390+08:00  INFO 24980 --- [CommentAnalysis] [restartedMain] .s.d.r.c.RepositoryConfigurationDelegate : Bootstrapping Spring Data Neo4j repositories in DEFAULT mode.
2025-03-09T18:06:25.513+08:00  INFO 24980 --- [CommentAnalysis] [restartedMain] .s.d.r.c.RepositoryConfigurationDelegate : Finished Spring Data repository scanning in 117 ms. Found 1 Neo4j repository interface.
2025-03-09T18:06:25.789+08:00  INFO 24980 --- [CommentAnalysis] [restartedMain] .s.d.r.c.RepositoryConfigurationDelegate : Multiple Spring Data modules found, entering strict repository configuration mode
2025-03-09T18:06:25.789+08:00  INFO 24980 --- [CommentAnalysis] [restartedMain] .s.d.r.c.RepositoryConfigurationDelegate : Bootstrapping Spring Data Neo4j repositories in DEFAULT mode.
2025-03-09T18:06:25.810+08:00  INFO 24980 --- [CommentAnalysis] [restartedMain] .s.d.r.c.RepositoryConfigurationDelegate : Finished Spring Data repository scanning in 20 ms. Found 0 Neo4j repository interfaces.
2025-03-09T18:06:25.819+08:00  INFO 24980 --- [CommentAnalysis] [restartedMain] .s.d.r.c.RepositoryConfigurationDelegate : Multiple Spring Data modules found, entering strict repository configuration mode
2025-03-09T18:06:25.820+08:00  INFO 24980 --- [CommentAnalysis] [restartedMain] .s.d.r.c.RepositoryConfigurationDelegate : Bootstrapping Spring Data Redis repositories in DEFAULT mode.
2025-03-09T18:06:25.854+08:00  INFO 24980 --- [CommentAnalysis] [restartedMain] .RepositoryConfigurationExtensionSupport : Spring Data Redis - Could not safely identify store assignment for repository candidate interface com.backend.commentanalysis.repository.ProductRepository; If you want this repository to be a Redis repository, consider annotating your entities with one of these annotations: org.springframework.data.redis.core.RedisHash (preferred), or consider extending one of the following types with your repository: org.springframework.data.keyvalue.repository.KeyValueRepository
2025-03-09T18:06:25.854+08:00  INFO 24980 --- [CommentAnalysis] [restartedMain] .s.d.r.c.RepositoryConfigurationDelegate : Finished Spring Data repository scanning in 21 ms. Found 0 Redis repository interfaces.
2025-03-09T18:06:26.596+08:00  INFO 24980 --- [CommentAnalysis] [restartedMain] o.s.b.w.embedded.tomcat.TomcatWebServer  : Tomcat initialized with port 8081 (http)
2025-03-09T18:06:26.610+08:00  INFO 24980 --- [CommentAnalysis] [restartedMain] o.apache.catalina.core.StandardService   : Starting service [Tomcat]
2025-03-09T18:06:26.611+08:00  INFO 24980 --- [CommentAnalysis] [restartedMain] o.apache.catalina.core.StandardEngine    : Starting Servlet engine: [Apache Tomcat/10.1.30]
2025-03-09T18:06:26.656+08:00  INFO 24980 --- [CommentAnalysis] [restartedMain] o.a.c.c.C.[Tomcat].[localhost].[/]       : Initializing Spring embedded WebApplicationContext
2025-03-09T18:06:26.657+08:00  INFO 24980 --- [CommentAnalysis] [restartedMain] w.s.c.ServletWebServerApplicationContext : Root WebApplicationContext: initialization completed in 1905 ms
2025-03-09T18:06:26.676+08:00  WARN 24980 --- [CommentAnalysis] [restartedMain] .s.b.d.a.RemoteDevToolsAutoConfiguration : Listening for remote restart updates on /.~~spring-boot!~/restart
2025-03-09T18:06:27.295+08:00  INFO 24980 --- [CommentAnalysis] [restartedMain] o.neo4j.driver.internal.DriverFactory    : Direct driver instance 447984778 created for server address localhost:7687
2025-03-09T18:06:27.393+08:00  WARN 24980 --- [CommentAnalysis] [restartedMain] o.s.d.n.c.mapping.Neo4jPersistentEntity  : The entity com.backend.commentanalysis.entity.neo4j.OpinionNeo4j is using a Long value for storing internally generated Neo4j ids. The Neo4j internal Long Ids are deprecated, please consider using an external ID generator.
2025-03-09T18:06:27.432+08:00  INFO 24980 --- [CommentAnalysis] [restartedMain] o.s.b.d.a.OptionalLiveReloadServer       : LiveReload server is running on port 35729
2025-03-09T18:06:27.436+08:00  WARN 24980 --- [CommentAnalysis] [restartedMain] o.s.d.n.c.mapping.Neo4jPersistentEntity  : The entity com.backend.commentanalysis.entity.neo4j.AspectNeo4j is using a Long value for storing internally generated Neo4j ids. The Neo4j internal Long Ids are deprecated, please consider using an external ID generator.
2025-03-09T18:06:27.437+08:00  WARN 24980 --- [CommentAnalysis] [restartedMain] o.s.d.n.c.mapping.Neo4jPersistentEntity  : The entity com.backend.commentanalysis.entity.relation.HasAspect is using a Long value for storing internally generated Neo4j ids. The Neo4j internal Long Ids are deprecated, please consider using an external ID generator.
2025-03-09T18:06:27.439+08:00  WARN 24980 --- [CommentAnalysis] [restartedMain] o.s.d.n.c.mapping.Neo4jPersistentEntity  : The entity com.backend.commentanalysis.entity.relation.HasOpinion is using a Long value for storing internally generated Neo4j ids. The Neo4j internal Long Ids are deprecated, please consider using an external ID generator.
2025-03-09T18:06:28.222+08:00  INFO 24980 --- [CommentAnalysis] [restartedMain] o.s.b.w.embedded.tomcat.TomcatWebServer  : Tomcat started on port 8081 (http) with context path '/'
2025-03-09T18:06:28.229+08:00  INFO 24980 --- [CommentAnalysis] [restartedMain] c.b.c.CommentAnalysisApplication         : Started CommentAnalysisApplication in 4.127 seconds (process running for 4.985)
2025-03-09T18:06:35.269+08:00  INFO 24980 --- [CommentAnalysis] [http-nio-8081-exec-1] o.a.c.c.C.[Tomcat].[localhost].[/]       : Initializing Spring DispatcherServlet 'dispatcherServlet'
2025-03-09T18:06:35.269+08:00  INFO 24980 --- [CommentAnalysis] [http-nio-8081-exec-1] o.s.web.servlet.DispatcherServlet        : Initializing Servlet 'dispatcherServlet'
2025-03-09T18:06:35.272+08:00  INFO 24980 --- [CommentAnalysis] [http-nio-8081-exec-1] o.s.web.servlet.DispatcherServlet        : Completed initialization in 2 ms
2025-03-09T18:06:35.717+08:00  INFO 24980 --- [CommentAnalysis] [http-nio-8081-exec-1] com.zaxxer.hikari.HikariDataSource       : HikariPool-1 - Starting...
2025-03-09T18:06:36.033+08:00  INFO 24980 --- [CommentAnalysis] [http-nio-8081-exec-1] com.zaxxer.hikari.pool.HikariPool        : HikariPool-1 - Added connection com.mysql.cj.jdbc.ConnectionImpl@57c0cf16
2025-03-09T18:06:36.035+08:00  INFO 24980 --- [CommentAnalysis] [http-nio-8081-exec-1] com.zaxxer.hikari.HikariDataSource       : HikariPool-1 - Start completed.
2025-03-09T18:12:23.562+08:00  INFO 24980 --- [CommentAnalysis] [SpringApplicationShutdownHook] o.neo4j.driver.internal.InternalDriver   : Closing driver instance 447984778
2025-03-09T18:12:23.793+08:00  INFO 24980 --- [CommentAnalysis] [SpringApplicationShutdownHook] com.zaxxer.hikari.HikariDataSource       : HikariPool-1 - Shutdown initiated...
2025-03-09T18:12:23.804+08:00  INFO 24980 --- [CommentAnalysis] [SpringApplicationShutdownHook] com.zaxxer.hikari.HikariDataSource       : HikariPool-1 - Shutdown completed.
2025-03-09T18:12:26.661+08:00  INFO 26884 --- [CommentAnalysis] [restartedMain] c.b.c.CommentAnalysisApplication         : Starting CommentAnalysisApplication using Java 22.0.1 with PID 26884 (E:\Comment Analysis Git\User-fine-grained-sentiment-analysis-and-visualization-system\BackEnd\CommentAnalysis\target\classes started by thunder lee in E:\Comment Analysis Git\User-fine-grained-sentiment-analysis-and-visualization-system\BackEnd)
2025-03-09T18:12:26.662+08:00  INFO 26884 --- [CommentAnalysis] [restartedMain] c.b.c.CommentAnalysisApplication         : No active profile set, falling back to 1 default profile: "default"
2025-03-09T18:12:26.737+08:00  INFO 26884 --- [CommentAnalysis] [restartedMain] o.s.b.devtools.restart.ChangeableUrls    : The Class-Path manifest attribute in E:\apache-maven-3.9.8-bin\maven-repository\com\oracle\database\jdbc\ojdbc11\21.9.0.0\ojdbc11-21.9.0.0.jar referenced one or more files that do not exist: file:/E:/apache-maven-3.9.8-bin/maven-repository/com/oracle/database/jdbc/ojdbc11/21.9.0.0/oraclepki.jar
2025-03-09T18:12:26.738+08:00  INFO 26884 --- [CommentAnalysis] [restartedMain] .e.DevToolsPropertyDefaultsPostProcessor : Devtools property defaults active! Set 'spring.devtools.add-properties' to 'false' to disable
2025-03-09T18:12:26.738+08:00  INFO 26884 --- [CommentAnalysis] [restartedMain] .e.DevToolsPropertyDefaultsPostProcessor : For additional web related logging consider setting the 'logging.level.web' property to 'DEBUG'
2025-03-09T18:12:27.370+08:00  INFO 26884 --- [CommentAnalysis] [restartedMain] .s.d.r.c.RepositoryConfigurationDelegate : Multiple Spring Data modules found, entering strict repository configuration mode
2025-03-09T18:12:27.370+08:00  INFO 26884 --- [CommentAnalysis] [restartedMain] .s.d.r.c.RepositoryConfigurationDelegate : Bootstrapping Spring Data Neo4j repositories in DEFAULT mode.
2025-03-09T18:12:27.458+08:00  INFO 26884 --- [CommentAnalysis] [restartedMain] .s.d.r.c.RepositoryConfigurationDelegate : Finished Spring Data repository scanning in 84 ms. Found 1 Neo4j repository interface.
2025-03-09T18:12:27.678+08:00  INFO 26884 --- [CommentAnalysis] [restartedMain] .s.d.r.c.RepositoryConfigurationDelegate : Multiple Spring Data modules found, entering strict repository configuration mode
2025-03-09T18:12:27.678+08:00  INFO 26884 --- [CommentAnalysis] [restartedMain] .s.d.r.c.RepositoryConfigurationDelegate : Bootstrapping Spring Data Neo4j repositories in DEFAULT mode.
2025-03-09T18:12:27.698+08:00  INFO 26884 --- [CommentAnalysis] [restartedMain] .s.d.r.c.RepositoryConfigurationDelegate : Finished Spring Data repository scanning in 19 ms. Found 0 Neo4j repository interfaces.
2025-03-09T18:12:27.708+08:00  INFO 26884 --- [CommentAnalysis] [restartedMain] .s.d.r.c.RepositoryConfigurationDelegate : Multiple Spring Data modules found, entering strict repository configuration mode
2025-03-09T18:12:27.709+08:00  INFO 26884 --- [CommentAnalysis] [restartedMain] .s.d.r.c.RepositoryConfigurationDelegate : Bootstrapping Spring Data Redis repositories in DEFAULT mode.
2025-03-09T18:12:27.726+08:00  INFO 26884 --- [CommentAnalysis] [restartedMain] .RepositoryConfigurationExtensionSupport : Spring Data Redis - Could not safely identify store assignment for repository candidate interface com.backend.commentanalysis.repository.ProductRepository; If you want this repository to be a Redis repository, consider annotating your entities with one of these annotations: org.springframework.data.redis.core.RedisHash (preferred), or consider extending one of the following types with your repository: org.springframework.data.keyvalue.repository.KeyValueRepository
2025-03-09T18:12:27.726+08:00  INFO 26884 --- [CommentAnalysis] [restartedMain] .s.d.r.c.RepositoryConfigurationDelegate : Finished Spring Data repository scanning in 10 ms. Found 0 Redis repository interfaces.
2025-03-09T18:12:28.476+08:00  INFO 26884 --- [CommentAnalysis] [restartedMain] o.s.b.w.embedded.tomcat.TomcatWebServer  : Tomcat initialized with port 8081 (http)
2025-03-09T18:12:28.491+08:00  INFO 26884 --- [CommentAnalysis] [restartedMain] o.apache.catalina.core.StandardService   : Starting service [Tomcat]
2025-03-09T18:12:28.491+08:00  INFO 26884 --- [CommentAnalysis] [restartedMain] o.apache.catalina.core.StandardEngine    : Starting Servlet engine: [Apache Tomcat/10.1.30]
2025-03-09T18:12:28.550+08:00  INFO 26884 --- [CommentAnalysis] [restartedMain] o.a.c.c.C.[Tomcat].[localhost].[/]       : Initializing Spring embedded WebApplicationContext
2025-03-09T18:12:28.551+08:00  INFO 26884 --- [CommentAnalysis] [restartedMain] w.s.c.ServletWebServerApplicationContext : Root WebApplicationContext: initialization completed in 1812 ms
2025-03-09T18:12:28.570+08:00  WARN 26884 --- [CommentAnalysis] [restartedMain] .s.b.d.a.RemoteDevToolsAutoConfiguration : Listening for remote restart updates on /.~~spring-boot!~/restart
2025-03-09T18:12:29.214+08:00  INFO 26884 --- [CommentAnalysis] [restartedMain] o.neo4j.driver.internal.DriverFactory    : Direct driver instance 45580307 created for server address localhost:7687
2025-03-09T18:12:29.297+08:00  WARN 26884 --- [CommentAnalysis] [restartedMain] o.s.d.n.c.mapping.Neo4jPersistentEntity  : The entity com.backend.commentanalysis.entity.neo4j.OpinionNeo4j is using a Long value for storing internally generated Neo4j ids. The Neo4j internal Long Ids are deprecated, please consider using an external ID generator.
2025-03-09T18:12:29.333+08:00  INFO 26884 --- [CommentAnalysis] [restartedMain] o.s.b.d.a.OptionalLiveReloadServer       : LiveReload server is running on port 35729
2025-03-09T18:12:29.336+08:00  WARN 26884 --- [CommentAnalysis] [restartedMain] o.s.d.n.c.mapping.Neo4jPersistentEntity  : The entity com.backend.commentanalysis.entity.neo4j.AspectNeo4j is using a Long value for storing internally generated Neo4j ids. The Neo4j internal Long Ids are deprecated, please consider using an external ID generator.
2025-03-09T18:12:29.339+08:00  WARN 26884 --- [CommentAnalysis] [restartedMain] o.s.d.n.c.mapping.Neo4jPersistentEntity  : The entity com.backend.commentanalysis.entity.relation.HasAspect is using a Long value for storing internally generated Neo4j ids. The Neo4j internal Long Ids are deprecated, please consider using an external ID generator.
2025-03-09T18:12:29.343+08:00  WARN 26884 --- [CommentAnalysis] [restartedMain] o.s.d.n.c.mapping.Neo4jPersistentEntity  : The entity com.backend.commentanalysis.entity.relation.HasOpinion is using a Long value for storing internally generated Neo4j ids. The Neo4j internal Long Ids are deprecated, please consider using an external ID generator.
2025-03-09T18:12:30.110+08:00  INFO 26884 --- [CommentAnalysis] [restartedMain] o.s.b.w.embedded.tomcat.TomcatWebServer  : Tomcat started on port 8081 (http) with context path '/'
2025-03-09T18:12:30.117+08:00  INFO 26884 --- [CommentAnalysis] [restartedMain] c.b.c.CommentAnalysisApplication         : Started CommentAnalysisApplication in 3.941 seconds (process running for 4.696)
2025-03-09T18:12:33.618+08:00  INFO 26884 --- [CommentAnalysis] [http-nio-8081-exec-1] o.a.c.c.C.[Tomcat].[localhost].[/]       : Initializing Spring DispatcherServlet 'dispatcherServlet'
2025-03-09T18:12:33.619+08:00  INFO 26884 --- [CommentAnalysis] [http-nio-8081-exec-1] o.s.web.servlet.DispatcherServlet        : Initializing Servlet 'dispatcherServlet'
2025-03-09T18:12:33.620+08:00  INFO 26884 --- [CommentAnalysis] [http-nio-8081-exec-1] o.s.web.servlet.DispatcherServlet        : Completed initialization in 1 ms
2025-03-09T18:12:34.013+08:00  INFO 26884 --- [CommentAnalysis] [http-nio-8081-exec-1] com.zaxxer.hikari.HikariDataSource       : HikariPool-1 - Starting...
2025-03-09T18:12:34.294+08:00  INFO 26884 --- [CommentAnalysis] [http-nio-8081-exec-1] com.zaxxer.hikari.pool.HikariPool        : HikariPool-1 - Added connection com.mysql.cj.jdbc.ConnectionImpl@1f288c06
2025-03-09T18:12:34.295+08:00  INFO 26884 --- [CommentAnalysis] [http-nio-8081-exec-1] com.zaxxer.hikari.HikariDataSource       : HikariPool-1 - Start completed.
2025-03-09T18:15:25.726+08:00 ERROR 26884 --- [CommentAnalysis] [http-nio-8081-exec-5] o.a.c.c.C.[.[.[/].[dispatcherServlet]    : Servlet.service() for servlet [dispatcherServlet] in context with path [] threw exception [Request processing failed: org.springframework.transaction.TransactionSystemException: Could not open a new Neo4j session: Unable to connect to localhost:7687, ensure the database is running and that there is a working network connection to it.] with root cause

java.net.ConnectException: Connection refused: getsockopt
	at java.base/sun.nio.ch.Net.pollConnect(Native Method) ~[na:na]
	at java.base/sun.nio.ch.Net.pollConnectNow(Net.java:682) ~[na:na]
	at java.base/sun.nio.ch.SocketChannelImpl.finishConnect(SocketChannelImpl.java:1060) ~[na:na]
	at io.netty.channel.socket.nio.NioSocketChannel.doFinishConnect(NioSocketChannel.java:336) ~[netty-transport-4.1.113.Final.jar:4.1.113.Final]
	at io.netty.channel.nio.AbstractNioChannel$AbstractNioUnsafe.finishConnect(AbstractNioChannel.java:339) ~[netty-transport-4.1.113.Final.jar:4.1.113.Final]
	at io.netty.channel.nio.NioEventLoop.processSelectedKey(NioEventLoop.java:776) ~[netty-transport-4.1.113.Final.jar:4.1.113.Final]
	at io.netty.channel.nio.NioEventLoop.processSelectedKeysOptimized(NioEventLoop.java:724) ~[netty-transport-4.1.113.Final.jar:4.1.113.Final]
	at io.netty.channel.nio.NioEventLoop.processSelectedKeys(NioEventLoop.java:650) ~[netty-transport-4.1.113.Final.jar:4.1.113.Final]
	at io.netty.channel.nio.NioEventLoop.run(NioEventLoop.java:562) ~[netty-transport-4.1.113.Final.jar:4.1.113.Final]
	at io.netty.util.concurrent.SingleThreadEventExecutor$4.run(SingleThreadEventExecutor.java:997) ~[netty-common-4.1.113.Final.jar:4.1.113.Final]
	at io.netty.util.internal.ThreadExecutorMap$2.run(ThreadExecutorMap.java:74) ~[netty-common-4.1.113.Final.jar:4.1.113.Final]
	at io.netty.util.concurrent.FastThreadLocalRunnable.run(FastThreadLocalRunnable.java:30) ~[netty-common-4.1.113.Final.jar:4.1.113.Final]
	at java.base/java.lang.Thread.run(Thread.java:1570) ~[na:na]

2025-03-09T18:15:43.977+08:00 ERROR 26884 --- [CommentAnalysis] [http-nio-8081-exec-4] o.a.c.c.C.[.[.[/].[dispatcherServlet]    : Servlet.service() for servlet [dispatcherServlet] in context with path [] threw exception [Request processing failed: org.springframework.transaction.TransactionSystemException: Could not open a new Neo4j session: Unable to connect to localhost:7687, ensure the database is running and that there is a working network connection to it.] with root cause

java.net.ConnectException: Connection refused: getsockopt
	at java.base/sun.nio.ch.Net.pollConnect(Native Method) ~[na:na]
	at java.base/sun.nio.ch.Net.pollConnectNow(Net.java:682) ~[na:na]
	at java.base/sun.nio.ch.SocketChannelImpl.finishConnect(SocketChannelImpl.java:1060) ~[na:na]
	at io.netty.channel.socket.nio.NioSocketChannel.doFinishConnect(NioSocketChannel.java:336) ~[netty-transport-4.1.113.Final.jar:4.1.113.Final]
	at io.netty.channel.nio.AbstractNioChannel$AbstractNioUnsafe.finishConnect(AbstractNioChannel.java:339) ~[netty-transport-4.1.113.Final.jar:4.1.113.Final]
	at io.netty.channel.nio.NioEventLoop.processSelectedKey(NioEventLoop.java:776) ~[netty-transport-4.1.113.Final.jar:4.1.113.Final]
	at io.netty.channel.nio.NioEventLoop.processSelectedKeysOptimized(NioEventLoop.java:724) ~[netty-transport-4.1.113.Final.jar:4.1.113.Final]
	at io.netty.channel.nio.NioEventLoop.processSelectedKeys(NioEventLoop.java:650) ~[netty-transport-4.1.113.Final.jar:4.1.113.Final]
	at io.netty.channel.nio.NioEventLoop.run(NioEventLoop.java:562) ~[netty-transport-4.1.113.Final.jar:4.1.113.Final]
	at io.netty.util.concurrent.SingleThreadEventExecutor$4.run(SingleThreadEventExecutor.java:997) ~[netty-common-4.1.113.Final.jar:4.1.113.Final]
	at io.netty.util.internal.ThreadExecutorMap$2.run(ThreadExecutorMap.java:74) ~[netty-common-4.1.113.Final.jar:4.1.113.Final]
	at io.netty.util.concurrent.FastThreadLocalRunnable.run(FastThreadLocalRunnable.java:30) ~[netty-common-4.1.113.Final.jar:4.1.113.Final]
	at java.base/java.lang.Thread.run(Thread.java:1570) ~[na:na]

2025-03-09T18:16:21.630+08:00 ERROR 26884 --- [CommentAnalysis] [http-nio-8081-exec-6] o.a.c.c.C.[.[.[/].[dispatcherServlet]    : Servlet.service() for servlet [dispatcherServlet] in context with path [] threw exception [Request processing failed: org.springframework.transaction.TransactionSystemException: Could not open a new Neo4j session: Unable to connect to localhost:7687, ensure the database is running and that there is a working network connection to it.] with root cause

java.net.ConnectException: Connection refused: getsockopt
	at java.base/sun.nio.ch.Net.pollConnect(Native Method) ~[na:na]
	at java.base/sun.nio.ch.Net.pollConnectNow(Net.java:682) ~[na:na]
	at java.base/sun.nio.ch.SocketChannelImpl.finishConnect(SocketChannelImpl.java:1060) ~[na:na]
	at io.netty.channel.socket.nio.NioSocketChannel.doFinishConnect(NioSocketChannel.java:336) ~[netty-transport-4.1.113.Final.jar:4.1.113.Final]
	at io.netty.channel.nio.AbstractNioChannel$AbstractNioUnsafe.finishConnect(AbstractNioChannel.java:339) ~[netty-transport-4.1.113.Final.jar:4.1.113.Final]
	at io.netty.channel.nio.NioEventLoop.processSelectedKey(NioEventLoop.java:776) ~[netty-transport-4.1.113.Final.jar:4.1.113.Final]
	at io.netty.channel.nio.NioEventLoop.processSelectedKeysOptimized(NioEventLoop.java:724) ~[netty-transport-4.1.113.Final.jar:4.1.113.Final]
	at io.netty.channel.nio.NioEventLoop.processSelectedKeys(NioEventLoop.java:650) ~[netty-transport-4.1.113.Final.jar:4.1.113.Final]
	at io.netty.channel.nio.NioEventLoop.run(NioEventLoop.java:562) ~[netty-transport-4.1.113.Final.jar:4.1.113.Final]
	at io.netty.util.concurrent.SingleThreadEventExecutor$4.run(SingleThreadEventExecutor.java:997) ~[netty-common-4.1.113.Final.jar:4.1.113.Final]
	at io.netty.util.internal.ThreadExecutorMap$2.run(ThreadExecutorMap.java:74) ~[netty-common-4.1.113.Final.jar:4.1.113.Final]
	at io.netty.util.concurrent.FastThreadLocalRunnable.run(FastThreadLocalRunnable.java:30) ~[netty-common-4.1.113.Final.jar:4.1.113.Final]
	at java.base/java.lang.Thread.run(Thread.java:1570) ~[na:na]

2025-03-09T18:16:25.427+08:00 ERROR 26884 --- [CommentAnalysis] [http-nio-8081-exec-7] o.a.c.c.C.[.[.[/].[dispatcherServlet]    : Servlet.service() for servlet [dispatcherServlet] in context with path [] threw exception [Request processing failed: org.springframework.transaction.TransactionSystemException: Could not open a new Neo4j session: Unable to connect to localhost:7687, ensure the database is running and that there is a working network connection to it.] with root cause

java.net.ConnectException: Connection refused: getsockopt
	at java.base/sun.nio.ch.Net.pollConnect(Native Method) ~[na:na]
	at java.base/sun.nio.ch.Net.pollConnectNow(Net.java:682) ~[na:na]
	at java.base/sun.nio.ch.SocketChannelImpl.finishConnect(SocketChannelImpl.java:1060) ~[na:na]
	at io.netty.channel.socket.nio.NioSocketChannel.doFinishConnect(NioSocketChannel.java:336) ~[netty-transport-4.1.113.Final.jar:4.1.113.Final]
	at io.netty.channel.nio.AbstractNioChannel$AbstractNioUnsafe.finishConnect(AbstractNioChannel.java:339) ~[netty-transport-4.1.113.Final.jar:4.1.113.Final]
	at io.netty.channel.nio.NioEventLoop.processSelectedKey(NioEventLoop.java:776) ~[netty-transport-4.1.113.Final.jar:4.1.113.Final]
	at io.netty.channel.nio.NioEventLoop.processSelectedKeysOptimized(NioEventLoop.java:724) ~[netty-transport-4.1.113.Final.jar:4.1.113.Final]
	at io.netty.channel.nio.NioEventLoop.processSelectedKeys(NioEventLoop.java:650) ~[netty-transport-4.1.113.Final.jar:4.1.113.Final]
	at io.netty.channel.nio.NioEventLoop.run(NioEventLoop.java:562) ~[netty-transport-4.1.113.Final.jar:4.1.113.Final]
	at io.netty.util.concurrent.SingleThreadEventExecutor$4.run(SingleThreadEventExecutor.java:997) ~[netty-common-4.1.113.Final.jar:4.1.113.Final]
	at io.netty.util.internal.ThreadExecutorMap$2.run(ThreadExecutorMap.java:74) ~[netty-common-4.1.113.Final.jar:4.1.113.Final]
	at io.netty.util.concurrent.FastThreadLocalRunnable.run(FastThreadLocalRunnable.java:30) ~[netty-common-4.1.113.Final.jar:4.1.113.Final]
	at java.base/java.lang.Thread.run(Thread.java:1570) ~[na:na]

2025-03-09T18:16:30.869+08:00 ERROR 26884 --- [CommentAnalysis] [http-nio-8081-exec-8] o.a.c.c.C.[.[.[/].[dispatcherServlet]    : Servlet.service() for servlet [dispatcherServlet] in context with path [] threw exception [Request processing failed: org.springframework.transaction.TransactionSystemException: Could not open a new Neo4j session: Unable to connect to localhost:7687, ensure the database is running and that there is a working network connection to it.] with root cause

java.net.ConnectException: Connection refused: getsockopt
	at java.base/sun.nio.ch.Net.pollConnect(Native Method) ~[na:na]
	at java.base/sun.nio.ch.Net.pollConnectNow(Net.java:682) ~[na:na]
	at java.base/sun.nio.ch.SocketChannelImpl.finishConnect(SocketChannelImpl.java:1060) ~[na:na]
	at io.netty.channel.socket.nio.NioSocketChannel.doFinishConnect(NioSocketChannel.java:336) ~[netty-transport-4.1.113.Final.jar:4.1.113.Final]
	at io.netty.channel.nio.AbstractNioChannel$AbstractNioUnsafe.finishConnect(AbstractNioChannel.java:339) ~[netty-transport-4.1.113.Final.jar:4.1.113.Final]
	at io.netty.channel.nio.NioEventLoop.processSelectedKey(NioEventLoop.java:776) ~[netty-transport-4.1.113.Final.jar:4.1.113.Final]
	at io.netty.channel.nio.NioEventLoop.processSelectedKeysOptimized(NioEventLoop.java:724) ~[netty-transport-4.1.113.Final.jar:4.1.113.Final]
	at io.netty.channel.nio.NioEventLoop.processSelectedKeys(NioEventLoop.java:650) ~[netty-transport-4.1.113.Final.jar:4.1.113.Final]
	at io.netty.channel.nio.NioEventLoop.run(NioEventLoop.java:562) ~[netty-transport-4.1.113.Final.jar:4.1.113.Final]
	at io.netty.util.concurrent.SingleThreadEventExecutor$4.run(SingleThreadEventExecutor.java:997) ~[netty-common-4.1.113.Final.jar:4.1.113.Final]
	at io.netty.util.internal.ThreadExecutorMap$2.run(ThreadExecutorMap.java:74) ~[netty-common-4.1.113.Final.jar:4.1.113.Final]
	at io.netty.util.concurrent.FastThreadLocalRunnable.run(FastThreadLocalRunnable.java:30) ~[netty-common-4.1.113.Final.jar:4.1.113.Final]
	at java.base/java.lang.Thread.run(Thread.java:1570) ~[na:na]

2025-03-09T18:16:42.666+08:00 ERROR 26884 --- [CommentAnalysis] [http-nio-8081-exec-9] o.a.c.c.C.[.[.[/].[dispatcherServlet]    : Servlet.service() for servlet [dispatcherServlet] in context with path [] threw exception [Request processing failed: org.springframework.transaction.TransactionSystemException: Could not open a new Neo4j session: Unable to connect to localhost:7687, ensure the database is running and that there is a working network connection to it.] with root cause

java.net.ConnectException: Connection refused: getsockopt
	at java.base/sun.nio.ch.Net.pollConnect(Native Method) ~[na:na]
	at java.base/sun.nio.ch.Net.pollConnectNow(Net.java:682) ~[na:na]
	at java.base/sun.nio.ch.SocketChannelImpl.finishConnect(SocketChannelImpl.java:1060) ~[na:na]
	at io.netty.channel.socket.nio.NioSocketChannel.doFinishConnect(NioSocketChannel.java:336) ~[netty-transport-4.1.113.Final.jar:4.1.113.Final]
	at io.netty.channel.nio.AbstractNioChannel$AbstractNioUnsafe.finishConnect(AbstractNioChannel.java:339) ~[netty-transport-4.1.113.Final.jar:4.1.113.Final]
	at io.netty.channel.nio.NioEventLoop.processSelectedKey(NioEventLoop.java:776) ~[netty-transport-4.1.113.Final.jar:4.1.113.Final]
	at io.netty.channel.nio.NioEventLoop.processSelectedKeysOptimized(NioEventLoop.java:724) ~[netty-transport-4.1.113.Final.jar:4.1.113.Final]
	at io.netty.channel.nio.NioEventLoop.processSelectedKeys(NioEventLoop.java:650) ~[netty-transport-4.1.113.Final.jar:4.1.113.Final]
	at io.netty.channel.nio.NioEventLoop.run(NioEventLoop.java:562) ~[netty-transport-4.1.113.Final.jar:4.1.113.Final]
	at io.netty.util.concurrent.SingleThreadEventExecutor$4.run(SingleThreadEventExecutor.java:997) ~[netty-common-4.1.113.Final.jar:4.1.113.Final]
	at io.netty.util.internal.ThreadExecutorMap$2.run(ThreadExecutorMap.java:74) ~[netty-common-4.1.113.Final.jar:4.1.113.Final]
	at io.netty.util.concurrent.FastThreadLocalRunnable.run(FastThreadLocalRunnable.java:30) ~[netty-common-4.1.113.Final.jar:4.1.113.Final]
	at java.base/java.lang.Thread.run(Thread.java:1570) ~[na:na]

2025-03-09T18:17:45.658+08:00  INFO 26884 --- [CommentAnalysis] [SpringApplicationShutdownHook] o.neo4j.driver.internal.InternalDriver   : Closing driver instance 45580307
2025-03-09T18:17:45.660+08:00  INFO 26884 --- [CommentAnalysis] [SpringApplicationShutdownHook] o.n.d.i.async.pool.ConnectionPoolImpl    : Closing connection pool towards localhost:7687
2025-03-09T18:17:45.887+08:00  INFO 26884 --- [CommentAnalysis] [SpringApplicationShutdownHook] com.zaxxer.hikari.HikariDataSource       : HikariPool-1 - Shutdown initiated...
2025-03-09T18:17:45.896+08:00  INFO 26884 --- [CommentAnalysis] [SpringApplicationShutdownHook] com.zaxxer.hikari.HikariDataSource       : HikariPool-1 - Shutdown completed.
2025-03-09T18:17:49.662+08:00  INFO 35872 --- [CommentAnalysis] [restartedMain] c.b.c.CommentAnalysisApplication         : Starting CommentAnalysisApplication using Java 22.0.1 with PID 35872 (E:\Comment Analysis Git\User-fine-grained-sentiment-analysis-and-visualization-system\BackEnd\CommentAnalysis\target\classes started by thunder lee in E:\Comment Analysis Git\User-fine-grained-sentiment-analysis-and-visualization-system\BackEnd)
2025-03-09T18:17:49.666+08:00  INFO 35872 --- [CommentAnalysis] [restartedMain] c.b.c.CommentAnalysisApplication         : No active profile set, falling back to 1 default profile: "default"
2025-03-09T18:17:49.784+08:00  INFO 35872 --- [CommentAnalysis] [restartedMain] o.s.b.devtools.restart.ChangeableUrls    : The Class-Path manifest attribute in E:\apache-maven-3.9.8-bin\maven-repository\com\oracle\database\jdbc\ojdbc11\21.9.0.0\ojdbc11-21.9.0.0.jar referenced one or more files that do not exist: file:/E:/apache-maven-3.9.8-bin/maven-repository/com/oracle/database/jdbc/ojdbc11/21.9.0.0/oraclepki.jar
2025-03-09T18:17:49.785+08:00  INFO 35872 --- [CommentAnalysis] [restartedMain] .e.DevToolsPropertyDefaultsPostProcessor : Devtools property defaults active! Set 'spring.devtools.add-properties' to 'false' to disable
2025-03-09T18:17:49.785+08:00  INFO 35872 --- [CommentAnalysis] [restartedMain] .e.DevToolsPropertyDefaultsPostProcessor : For additional web related logging consider setting the 'logging.level.web' property to 'DEBUG'
2025-03-09T18:17:50.595+08:00  INFO 35872 --- [CommentAnalysis] [restartedMain] .s.d.r.c.RepositoryConfigurationDelegate : Multiple Spring Data modules found, entering strict repository configuration mode
2025-03-09T18:17:50.596+08:00  INFO 35872 --- [CommentAnalysis] [restartedMain] .s.d.r.c.RepositoryConfigurationDelegate : Bootstrapping Spring Data Neo4j repositories in DEFAULT mode.
2025-03-09T18:17:50.711+08:00  INFO 35872 --- [CommentAnalysis] [restartedMain] .s.d.r.c.RepositoryConfigurationDelegate : Finished Spring Data repository scanning in 109 ms. Found 1 Neo4j repository interface.
2025-03-09T18:17:50.966+08:00  INFO 35872 --- [CommentAnalysis] [restartedMain] .s.d.r.c.RepositoryConfigurationDelegate : Multiple Spring Data modules found, entering strict repository configuration mode
2025-03-09T18:17:50.966+08:00  INFO 35872 --- [CommentAnalysis] [restartedMain] .s.d.r.c.RepositoryConfigurationDelegate : Bootstrapping Spring Data Neo4j repositories in DEFAULT mode.
2025-03-09T18:17:50.989+08:00  INFO 35872 --- [CommentAnalysis] [restartedMain] .s.d.r.c.RepositoryConfigurationDelegate : Finished Spring Data repository scanning in 22 ms. Found 0 Neo4j repository interfaces.
2025-03-09T18:17:51.000+08:00  INFO 35872 --- [CommentAnalysis] [restartedMain] .s.d.r.c.RepositoryConfigurationDelegate : Multiple Spring Data modules found, entering strict repository configuration mode
2025-03-09T18:17:51.001+08:00  INFO 35872 --- [CommentAnalysis] [restartedMain] .s.d.r.c.RepositoryConfigurationDelegate : Bootstrapping Spring Data Redis repositories in DEFAULT mode.
2025-03-09T18:17:51.021+08:00  INFO 35872 --- [CommentAnalysis] [restartedMain] .RepositoryConfigurationExtensionSupport : Spring Data Redis - Could not safely identify store assignment for repository candidate interface com.backend.commentanalysis.repository.ProductRepository; If you want this repository to be a Redis repository, consider annotating your entities with one of these annotations: org.springframework.data.redis.core.RedisHash (preferred), or consider extending one of the following types with your repository: org.springframework.data.keyvalue.repository.KeyValueRepository
2025-03-09T18:17:51.022+08:00  INFO 35872 --- [CommentAnalysis] [restartedMain] .s.d.r.c.RepositoryConfigurationDelegate : Finished Spring Data repository scanning in 13 ms. Found 0 Redis repository interfaces.
2025-03-09T18:17:51.874+08:00  INFO 35872 --- [CommentAnalysis] [restartedMain] o.s.b.w.embedded.tomcat.TomcatWebServer  : Tomcat initialized with port 8081 (http)
2025-03-09T18:17:51.892+08:00  INFO 35872 --- [CommentAnalysis] [restartedMain] o.apache.catalina.core.StandardService   : Starting service [Tomcat]
2025-03-09T18:17:51.892+08:00  INFO 35872 --- [CommentAnalysis] [restartedMain] o.apache.catalina.core.StandardEngine    : Starting Servlet engine: [Apache Tomcat/10.1.30]
2025-03-09T18:17:51.952+08:00  INFO 35872 --- [CommentAnalysis] [restartedMain] o.a.c.c.C.[Tomcat].[localhost].[/]       : Initializing Spring embedded WebApplicationContext
2025-03-09T18:17:51.952+08:00  INFO 35872 --- [CommentAnalysis] [restartedMain] w.s.c.ServletWebServerApplicationContext : Root WebApplicationContext: initialization completed in 2166 ms
2025-03-09T18:17:51.976+08:00  WARN 35872 --- [CommentAnalysis] [restartedMain] .s.b.d.a.RemoteDevToolsAutoConfiguration : Listening for remote restart updates on /.~~spring-boot!~/restart
2025-03-09T18:17:52.723+08:00  INFO 35872 --- [CommentAnalysis] [restartedMain] o.neo4j.driver.internal.DriverFactory    : Direct driver instance 1237273448 created for server address localhost:7687
2025-03-09T18:17:52.854+08:00  WARN 35872 --- [CommentAnalysis] [restartedMain] o.s.d.n.c.mapping.Neo4jPersistentEntity  : The entity com.backend.commentanalysis.entity.neo4j.OpinionNeo4j is using a Long value for storing internally generated Neo4j ids. The Neo4j internal Long Ids are deprecated, please consider using an external ID generator.
2025-03-09T18:17:52.905+08:00  INFO 35872 --- [CommentAnalysis] [restartedMain] o.s.b.d.a.OptionalLiveReloadServer       : LiveReload server is running on port 35729
2025-03-09T18:17:52.908+08:00  WARN 35872 --- [CommentAnalysis] [restartedMain] o.s.d.n.c.mapping.Neo4jPersistentEntity  : The entity com.backend.commentanalysis.entity.relation.HasOpinion is using a Long value for storing internally generated Neo4j ids. The Neo4j internal Long Ids are deprecated, please consider using an external ID generator.
2025-03-09T18:17:52.916+08:00  WARN 35872 --- [CommentAnalysis] [restartedMain] o.s.d.n.c.mapping.Neo4jPersistentEntity  : The entity com.backend.commentanalysis.entity.neo4j.AspectNeo4j is using a Long value for storing internally generated Neo4j ids. The Neo4j internal Long Ids are deprecated, please consider using an external ID generator.
2025-03-09T18:17:52.920+08:00  WARN 35872 --- [CommentAnalysis] [restartedMain] o.s.d.n.c.mapping.Neo4jPersistentEntity  : The entity com.backend.commentanalysis.entity.relation.HasAspect is using a Long value for storing internally generated Neo4j ids. The Neo4j internal Long Ids are deprecated, please consider using an external ID generator.
2025-03-09T18:17:53.835+08:00  INFO 35872 --- [CommentAnalysis] [restartedMain] o.s.b.w.embedded.tomcat.TomcatWebServer  : Tomcat started on port 8081 (http) with context path '/'
2025-03-09T18:17:53.842+08:00  INFO 35872 --- [CommentAnalysis] [restartedMain] c.b.c.CommentAnalysisApplication         : Started CommentAnalysisApplication in 5.011 seconds (process running for 6.027)
2025-03-09T18:17:55.572+08:00  INFO 35872 --- [CommentAnalysis] [http-nio-8081-exec-1] o.a.c.c.C.[Tomcat].[localhost].[/]       : Initializing Spring DispatcherServlet 'dispatcherServlet'
2025-03-09T18:17:55.573+08:00  INFO 35872 --- [CommentAnalysis] [http-nio-8081-exec-1] o.s.web.servlet.DispatcherServlet        : Initializing Servlet 'dispatcherServlet'
2025-03-09T18:17:55.575+08:00  INFO 35872 --- [CommentAnalysis] [http-nio-8081-exec-1] o.s.web.servlet.DispatcherServlet        : Completed initialization in 2 ms
2025-03-09T18:17:56.113+08:00  INFO 35872 --- [CommentAnalysis] [http-nio-8081-exec-1] com.zaxxer.hikari.HikariDataSource       : HikariPool-1 - Starting...
2025-03-09T18:17:56.486+08:00  INFO 35872 --- [CommentAnalysis] [http-nio-8081-exec-1] com.zaxxer.hikari.pool.HikariPool        : HikariPool-1 - Added connection com.mysql.cj.jdbc.ConnectionImpl@1f288c06
2025-03-09T18:17:56.488+08:00  INFO 35872 --- [CommentAnalysis] [http-nio-8081-exec-1] com.zaxxer.hikari.HikariDataSource       : HikariPool-1 - Start completed.
2025-03-09T18:17:56.729+08:00 ERROR 35872 --- [CommentAnalysis] [http-nio-8081-exec-1] o.a.c.c.C.[.[.[/].[dispatcherServlet]    : Servlet.service() for servlet [dispatcherServlet] in context with path [] threw exception [Request processing failed: org.springframework.transaction.TransactionSystemException: Could not open a new Neo4j session: Unable to connect to localhost:7687, ensure the database is running and that there is a working network connection to it.] with root cause

java.net.ConnectException: Connection refused: getsockopt
	at java.base/sun.nio.ch.Net.pollConnect(Native Method) ~[na:na]
	at java.base/sun.nio.ch.Net.pollConnectNow(Net.java:682) ~[na:na]
	at java.base/sun.nio.ch.SocketChannelImpl.finishConnect(SocketChannelImpl.java:1060) ~[na:na]
	at io.netty.channel.socket.nio.NioSocketChannel.doFinishConnect(NioSocketChannel.java:336) ~[netty-transport-4.1.113.Final.jar:4.1.113.Final]
	at io.netty.channel.nio.AbstractNioChannel$AbstractNioUnsafe.finishConnect(AbstractNioChannel.java:339) ~[netty-transport-4.1.113.Final.jar:4.1.113.Final]
	at io.netty.channel.nio.NioEventLoop.processSelectedKey(NioEventLoop.java:776) ~[netty-transport-4.1.113.Final.jar:4.1.113.Final]
	at io.netty.channel.nio.NioEventLoop.processSelectedKeysOptimized(NioEventLoop.java:724) ~[netty-transport-4.1.113.Final.jar:4.1.113.Final]
	at io.netty.channel.nio.NioEventLoop.processSelectedKeys(NioEventLoop.java:650) ~[netty-transport-4.1.113.Final.jar:4.1.113.Final]
	at io.netty.channel.nio.NioEventLoop.run(NioEventLoop.java:562) ~[netty-transport-4.1.113.Final.jar:4.1.113.Final]
	at io.netty.util.concurrent.SingleThreadEventExecutor$4.run(SingleThreadEventExecutor.java:997) ~[netty-common-4.1.113.Final.jar:4.1.113.Final]
	at io.netty.util.internal.ThreadExecutorMap$2.run(ThreadExecutorMap.java:74) ~[netty-common-4.1.113.Final.jar:4.1.113.Final]
	at io.netty.util.concurrent.FastThreadLocalRunnable.run(FastThreadLocalRunnable.java:30) ~[netty-common-4.1.113.Final.jar:4.1.113.Final]
	at java.base/java.lang.Thread.run(Thread.java:1570) ~[na:na]

2025-03-09T18:18:00.215+08:00 ERROR 35872 --- [CommentAnalysis] [http-nio-8081-exec-2] o.a.c.c.C.[.[.[/].[dispatcherServlet]    : Servlet.service() for servlet [dispatcherServlet] in context with path [] threw exception [Request processing failed: org.springframework.transaction.TransactionSystemException: Could not open a new Neo4j session: Unable to connect to localhost:7687, ensure the database is running and that there is a working network connection to it.] with root cause

java.net.ConnectException: Connection refused: getsockopt
	at java.base/sun.nio.ch.Net.pollConnect(Native Method) ~[na:na]
	at java.base/sun.nio.ch.Net.pollConnectNow(Net.java:682) ~[na:na]
	at java.base/sun.nio.ch.SocketChannelImpl.finishConnect(SocketChannelImpl.java:1060) ~[na:na]
	at io.netty.channel.socket.nio.NioSocketChannel.doFinishConnect(NioSocketChannel.java:336) ~[netty-transport-4.1.113.Final.jar:4.1.113.Final]
	at io.netty.channel.nio.AbstractNioChannel$AbstractNioUnsafe.finishConnect(AbstractNioChannel.java:339) ~[netty-transport-4.1.113.Final.jar:4.1.113.Final]
	at io.netty.channel.nio.NioEventLoop.processSelectedKey(NioEventLoop.java:776) ~[netty-transport-4.1.113.Final.jar:4.1.113.Final]
	at io.netty.channel.nio.NioEventLoop.processSelectedKeysOptimized(NioEventLoop.java:724) ~[netty-transport-4.1.113.Final.jar:4.1.113.Final]
	at io.netty.channel.nio.NioEventLoop.processSelectedKeys(NioEventLoop.java:650) ~[netty-transport-4.1.113.Final.jar:4.1.113.Final]
	at io.netty.channel.nio.NioEventLoop.run(NioEventLoop.java:562) ~[netty-transport-4.1.113.Final.jar:4.1.113.Final]
	at io.netty.util.concurrent.SingleThreadEventExecutor$4.run(SingleThreadEventExecutor.java:997) ~[netty-common-4.1.113.Final.jar:4.1.113.Final]
	at io.netty.util.internal.ThreadExecutorMap$2.run(ThreadExecutorMap.java:74) ~[netty-common-4.1.113.Final.jar:4.1.113.Final]
	at io.netty.util.concurrent.FastThreadLocalRunnable.run(FastThreadLocalRunnable.java:30) ~[netty-common-4.1.113.Final.jar:4.1.113.Final]
	at java.base/java.lang.Thread.run(Thread.java:1570) ~[na:na]

2025-03-09T18:18:08.635+08:00 ERROR 35872 --- [CommentAnalysis] [http-nio-8081-exec-3] o.a.c.c.C.[.[.[/].[dispatcherServlet]    : Servlet.service() for servlet [dispatcherServlet] in context with path [] threw exception [Request processing failed: org.springframework.transaction.TransactionSystemException: Could not open a new Neo4j session: Unable to connect to localhost:7687, ensure the database is running and that there is a working network connection to it.] with root cause

java.net.ConnectException: Connection refused: getsockopt
	at java.base/sun.nio.ch.Net.pollConnect(Native Method) ~[na:na]
	at java.base/sun.nio.ch.Net.pollConnectNow(Net.java:682) ~[na:na]
	at java.base/sun.nio.ch.SocketChannelImpl.finishConnect(SocketChannelImpl.java:1060) ~[na:na]
	at io.netty.channel.socket.nio.NioSocketChannel.doFinishConnect(NioSocketChannel.java:336) ~[netty-transport-4.1.113.Final.jar:4.1.113.Final]
	at io.netty.channel.nio.AbstractNioChannel$AbstractNioUnsafe.finishConnect(AbstractNioChannel.java:339) ~[netty-transport-4.1.113.Final.jar:4.1.113.Final]
	at io.netty.channel.nio.NioEventLoop.processSelectedKey(NioEventLoop.java:776) ~[netty-transport-4.1.113.Final.jar:4.1.113.Final]
	at io.netty.channel.nio.NioEventLoop.processSelectedKeysOptimized(NioEventLoop.java:724) ~[netty-transport-4.1.113.Final.jar:4.1.113.Final]
	at io.netty.channel.nio.NioEventLoop.processSelectedKeys(NioEventLoop.java:650) ~[netty-transport-4.1.113.Final.jar:4.1.113.Final]
	at io.netty.channel.nio.NioEventLoop.run(NioEventLoop.java:562) ~[netty-transport-4.1.113.Final.jar:4.1.113.Final]
	at io.netty.util.concurrent.SingleThreadEventExecutor$4.run(SingleThreadEventExecutor.java:997) ~[netty-common-4.1.113.Final.jar:4.1.113.Final]
	at io.netty.util.internal.ThreadExecutorMap$2.run(ThreadExecutorMap.java:74) ~[netty-common-4.1.113.Final.jar:4.1.113.Final]
	at io.netty.util.concurrent.FastThreadLocalRunnable.run(FastThreadLocalRunnable.java:30) ~[netty-common-4.1.113.Final.jar:4.1.113.Final]
	at java.base/java.lang.Thread.run(Thread.java:1570) ~[na:na]

2025-03-09T18:18:15.264+08:00 ERROR 35872 --- [CommentAnalysis] [http-nio-8081-exec-4] o.a.c.c.C.[.[.[/].[dispatcherServlet]    : Servlet.service() for servlet [dispatcherServlet] in context with path [] threw exception [Request processing failed: org.springframework.transaction.TransactionSystemException: Could not open a new Neo4j session: Unable to connect to localhost:7687, ensure the database is running and that there is a working network connection to it.] with root cause

java.net.ConnectException: Connection refused: getsockopt
	at java.base/sun.nio.ch.Net.pollConnect(Native Method) ~[na:na]
	at java.base/sun.nio.ch.Net.pollConnectNow(Net.java:682) ~[na:na]
	at java.base/sun.nio.ch.SocketChannelImpl.finishConnect(SocketChannelImpl.java:1060) ~[na:na]
	at io.netty.channel.socket.nio.NioSocketChannel.doFinishConnect(NioSocketChannel.java:336) ~[netty-transport-4.1.113.Final.jar:4.1.113.Final]
	at io.netty.channel.nio.AbstractNioChannel$AbstractNioUnsafe.finishConnect(AbstractNioChannel.java:339) ~[netty-transport-4.1.113.Final.jar:4.1.113.Final]
	at io.netty.channel.nio.NioEventLoop.processSelectedKey(NioEventLoop.java:776) ~[netty-transport-4.1.113.Final.jar:4.1.113.Final]
	at io.netty.channel.nio.NioEventLoop.processSelectedKeysOptimized(NioEventLoop.java:724) ~[netty-transport-4.1.113.Final.jar:4.1.113.Final]
	at io.netty.channel.nio.NioEventLoop.processSelectedKeys(NioEventLoop.java:650) ~[netty-transport-4.1.113.Final.jar:4.1.113.Final]
	at io.netty.channel.nio.NioEventLoop.run(NioEventLoop.java:562) ~[netty-transport-4.1.113.Final.jar:4.1.113.Final]
	at io.netty.util.concurrent.SingleThreadEventExecutor$4.run(SingleThreadEventExecutor.java:997) ~[netty-common-4.1.113.Final.jar:4.1.113.Final]
	at io.netty.util.internal.ThreadExecutorMap$2.run(ThreadExecutorMap.java:74) ~[netty-common-4.1.113.Final.jar:4.1.113.Final]
	at io.netty.util.concurrent.FastThreadLocalRunnable.run(FastThreadLocalRunnable.java:30) ~[netty-common-4.1.113.Final.jar:4.1.113.Final]
	at java.base/java.lang.Thread.run(Thread.java:1570) ~[na:na]

2025-03-09T18:18:29.405+08:00 ERROR 35872 --- [CommentAnalysis] [http-nio-8081-exec-5] o.a.c.c.C.[.[.[/].[dispatcherServlet]    : Servlet.service() for servlet [dispatcherServlet] in context with path [] threw exception [Request processing failed: org.springframework.transaction.TransactionSystemException: Could not open a new Neo4j session: Unable to connect to localhost:7687, ensure the database is running and that there is a working network connection to it.] with root cause

java.net.ConnectException: Connection refused: getsockopt
	at java.base/sun.nio.ch.Net.pollConnect(Native Method) ~[na:na]
	at java.base/sun.nio.ch.Net.pollConnectNow(Net.java:682) ~[na:na]
	at java.base/sun.nio.ch.SocketChannelImpl.finishConnect(SocketChannelImpl.java:1060) ~[na:na]
	at io.netty.channel.socket.nio.NioSocketChannel.doFinishConnect(NioSocketChannel.java:336) ~[netty-transport-4.1.113.Final.jar:4.1.113.Final]
	at io.netty.channel.nio.AbstractNioChannel$AbstractNioUnsafe.finishConnect(AbstractNioChannel.java:339) ~[netty-transport-4.1.113.Final.jar:4.1.113.Final]
	at io.netty.channel.nio.NioEventLoop.processSelectedKey(NioEventLoop.java:776) ~[netty-transport-4.1.113.Final.jar:4.1.113.Final]
	at io.netty.channel.nio.NioEventLoop.processSelectedKeysOptimized(NioEventLoop.java:724) ~[netty-transport-4.1.113.Final.jar:4.1.113.Final]
	at io.netty.channel.nio.NioEventLoop.processSelectedKeys(NioEventLoop.java:650) ~[netty-transport-4.1.113.Final.jar:4.1.113.Final]
	at io.netty.channel.nio.NioEventLoop.run(NioEventLoop.java:562) ~[netty-transport-4.1.113.Final.jar:4.1.113.Final]
	at io.netty.util.concurrent.SingleThreadEventExecutor$4.run(SingleThreadEventExecutor.java:997) ~[netty-common-4.1.113.Final.jar:4.1.113.Final]
	at io.netty.util.internal.ThreadExecutorMap$2.run(ThreadExecutorMap.java:74) ~[netty-common-4.1.113.Final.jar:4.1.113.Final]
	at io.netty.util.concurrent.FastThreadLocalRunnable.run(FastThreadLocalRunnable.java:30) ~[netty-common-4.1.113.Final.jar:4.1.113.Final]
	at java.base/java.lang.Thread.run(Thread.java:1570) ~[na:na]

2025-03-09T18:25:20.516+08:00  WARN 35872 --- [CommentAnalysis] [http-nio-8081-exec-4] .m.m.a.ExceptionHandlerExceptionResolver : Resolved [TokenException(code=401)]
2025-03-09T18:25:32.276+08:00  WARN 35872 --- [CommentAnalysis] [http-nio-8081-exec-5] .w.s.m.s.DefaultHandlerExceptionResolver : Resolved [org.springframework.web.bind.MissingServletRequestParameterException: Required request parameter 'pidList' for method parameter type List is not present]
2025-03-09T18:25:47.218+08:00  WARN 35872 --- [CommentAnalysis] [http-nio-8081-exec-6] .w.s.m.s.DefaultHandlerExceptionResolver : Resolved [org.springframework.web.bind.MissingServletRequestParameterException: Required request parameter 'pidList' for method parameter type List is not present]
2025-03-09T18:26:51.509+08:00  WARN 35872 --- [CommentAnalysis] [http-nio-8081-exec-9] .w.s.m.s.DefaultHandlerExceptionResolver : Resolved [org.springframework.web.bind.MissingServletRequestParameterException: Required request parameter 'pidList' for method parameter type List is not present]
2025-03-09T18:27:08.916+08:00  WARN 35872 --- [CommentAnalysis] [http-nio-8081-exec-1] .w.s.m.s.DefaultHandlerExceptionResolver : Resolved [org.springframework.web.bind.MissingServletRequestParameterException: Required request parameter 'pidList' for method parameter type List is not present]
2025-03-09T18:28:08.588+08:00  WARN 35872 --- [CommentAnalysis] [http-nio-8081-exec-3] .w.s.m.s.DefaultHandlerExceptionResolver : Resolved [org.springframework.web.bind.MissingServletRequestParameterException: Required request parameter 'pidList' for method parameter type List is not present]
2025-03-09T18:28:15.455+08:00  WARN 35872 --- [CommentAnalysis] [http-nio-8081-exec-5] .w.s.m.s.DefaultHandlerExceptionResolver : Resolved [org.springframework.web.bind.MissingServletRequestParameterException: Required request parameter 'pidList' for method parameter type List is not present]
2025-03-09T18:28:18.773+08:00  WARN 35872 --- [CommentAnalysis] [http-nio-8081-exec-6] .w.s.m.s.DefaultHandlerExceptionResolver : Resolved [org.springframework.web.bind.MissingServletRequestParameterException: Required request parameter 'pidList' for method parameter type List is not present]
2025-03-09T18:28:43.889+08:00  WARN 35872 --- [CommentAnalysis] [http-nio-8081-exec-9] .w.s.m.s.DefaultHandlerExceptionResolver : Resolved [org.springframework.web.bind.MissingServletRequestParameterException: Required request parameter 'pidList' for method parameter type List is not present]
2025-03-09T18:28:59.099+08:00  WARN 35872 --- [CommentAnalysis] [http-nio-8081-exec-1] .w.s.m.s.DefaultHandlerExceptionResolver : Resolved [org.springframework.web.bind.MissingServletRequestParameterException: Required request parameter 'pidList' for method parameter type List is not present]
2025-03-09T18:29:03.775+08:00  WARN 35872 --- [CommentAnalysis] [http-nio-8081-exec-3] .w.s.m.s.DefaultHandlerExceptionResolver : Resolved [org.springframework.web.bind.MissingServletRequestParameterException: Required request parameter 'pidList' for method parameter type List is not present]
2025-03-09T18:29:39.495+08:00  WARN 35872 --- [CommentAnalysis] [http-nio-8081-exec-5] .w.s.m.s.DefaultHandlerExceptionResolver : Resolved [org.springframework.web.bind.MissingServletRequestParameterException: Required request parameter 'pidList' for method parameter type List is not present]
2025-03-09T18:31:59.978+08:00  WARN 35872 --- [CommentAnalysis] [http-nio-8081-exec-9] .w.s.m.s.DefaultHandlerExceptionResolver : Resolved [org.springframework.web.bind.MissingServletRequestParameterException: Required request parameter 'pidList' for method parameter type List is not present]
2025-03-09T18:32:18.770+08:00  WARN 35872 --- [CommentAnalysis] [http-nio-8081-exec-1] .w.s.m.s.DefaultHandlerExceptionResolver : Resolved [org.springframework.web.bind.MissingServletRequestParameterException: Required request parameter 'pidList' for method parameter type List is not present]
2025-03-09T18:33:17.859+08:00  WARN 35872 --- [CommentAnalysis] [http-nio-8081-exec-3] .w.s.m.s.DefaultHandlerExceptionResolver : Resolved [org.springframework.web.bind.MissingServletRequestParameterException: Required request parameter 'pidList' for method parameter type List is not present]
2025-03-09T18:34:12.316+08:00  INFO 35872 --- [CommentAnalysis] [SpringApplicationShutdownHook] o.neo4j.driver.internal.InternalDriver   : Closing driver instance 1237273448
2025-03-09T18:34:12.319+08:00  INFO 35872 --- [CommentAnalysis] [SpringApplicationShutdownHook] o.n.d.i.async.pool.ConnectionPoolImpl    : Closing connection pool towards localhost:7687
2025-03-09T18:34:12.547+08:00  INFO 35872 --- [CommentAnalysis] [SpringApplicationShutdownHook] com.zaxxer.hikari.HikariDataSource       : HikariPool-1 - Shutdown initiated...
2025-03-09T18:34:12.581+08:00  INFO 35872 --- [CommentAnalysis] [SpringApplicationShutdownHook] com.zaxxer.hikari.HikariDataSource       : HikariPool-1 - Shutdown completed.
2025-03-09T18:34:19.733+08:00  INFO 11564 --- [CommentAnalysis] [restartedMain] c.b.c.CommentAnalysisApplication         : Starting CommentAnalysisApplication using Java 22.0.1 with PID 11564 (E:\Comment Analysis Git\User-fine-grained-sentiment-analysis-and-visualization-system\BackEnd\CommentAnalysis\target\classes started by thunder lee in E:\Comment Analysis Git\User-fine-grained-sentiment-analysis-and-visualization-system\BackEnd)
2025-03-09T18:34:19.735+08:00  INFO 11564 --- [CommentAnalysis] [restartedMain] c.b.c.CommentAnalysisApplication         : No active profile set, falling back to 1 default profile: "default"
2025-03-09T18:34:19.830+08:00  INFO 11564 --- [CommentAnalysis] [restartedMain] o.s.b.devtools.restart.ChangeableUrls    : The Class-Path manifest attribute in E:\apache-maven-3.9.8-bin\maven-repository\com\oracle\database\jdbc\ojdbc11\21.9.0.0\ojdbc11-21.9.0.0.jar referenced one or more files that do not exist: file:/E:/apache-maven-3.9.8-bin/maven-repository/com/oracle/database/jdbc/ojdbc11/21.9.0.0/oraclepki.jar
2025-03-09T18:34:19.830+08:00  INFO 11564 --- [CommentAnalysis] [restartedMain] .e.DevToolsPropertyDefaultsPostProcessor : Devtools property defaults active! Set 'spring.devtools.add-properties' to 'false' to disable
2025-03-09T18:34:19.831+08:00  INFO 11564 --- [CommentAnalysis] [restartedMain] .e.DevToolsPropertyDefaultsPostProcessor : For additional web related logging consider setting the 'logging.level.web' property to 'DEBUG'
2025-03-09T18:34:20.571+08:00  INFO 11564 --- [CommentAnalysis] [restartedMain] .s.d.r.c.RepositoryConfigurationDelegate : Multiple Spring Data modules found, entering strict repository configuration mode
2025-03-09T18:34:20.572+08:00  INFO 11564 --- [CommentAnalysis] [restartedMain] .s.d.r.c.RepositoryConfigurationDelegate : Bootstrapping Spring Data Neo4j repositories in DEFAULT mode.
2025-03-09T18:34:20.682+08:00  INFO 11564 --- [CommentAnalysis] [restartedMain] .s.d.r.c.RepositoryConfigurationDelegate : Finished Spring Data repository scanning in 105 ms. Found 1 Neo4j repository interface.
2025-03-09T18:34:20.970+08:00  INFO 11564 --- [CommentAnalysis] [restartedMain] .s.d.r.c.RepositoryConfigurationDelegate : Multiple Spring Data modules found, entering strict repository configuration mode
2025-03-09T18:34:20.971+08:00  INFO 11564 --- [CommentAnalysis] [restartedMain] .s.d.r.c.RepositoryConfigurationDelegate : Bootstrapping Spring Data Neo4j repositories in DEFAULT mode.
2025-03-09T18:34:20.993+08:00  INFO 11564 --- [CommentAnalysis] [restartedMain] .s.d.r.c.RepositoryConfigurationDelegate : Finished Spring Data repository scanning in 22 ms. Found 0 Neo4j repository interfaces.
2025-03-09T18:34:21.005+08:00  INFO 11564 --- [CommentAnalysis] [restartedMain] .s.d.r.c.RepositoryConfigurationDelegate : Multiple Spring Data modules found, entering strict repository configuration mode
2025-03-09T18:34:21.007+08:00  INFO 11564 --- [CommentAnalysis] [restartedMain] .s.d.r.c.RepositoryConfigurationDelegate : Bootstrapping Spring Data Redis repositories in DEFAULT mode.
2025-03-09T18:34:21.028+08:00  INFO 11564 --- [CommentAnalysis] [restartedMain] .RepositoryConfigurationExtensionSupport : Spring Data Redis - Could not safely identify store assignment for repository candidate interface com.backend.commentanalysis.repository.ProductRepository; If you want this repository to be a Redis repository, consider annotating your entities with one of these annotations: org.springframework.data.redis.core.RedisHash (preferred), or consider extending one of the following types with your repository: org.springframework.data.keyvalue.repository.KeyValueRepository
2025-03-09T18:34:21.029+08:00  INFO 11564 --- [CommentAnalysis] [restartedMain] .s.d.r.c.RepositoryConfigurationDelegate : Finished Spring Data repository scanning in 14 ms. Found 0 Redis repository interfaces.
2025-03-09T18:34:21.964+08:00  INFO 11564 --- [CommentAnalysis] [restartedMain] o.s.b.w.embedded.tomcat.TomcatWebServer  : Tomcat initialized with port 8081 (http)
2025-03-09T18:34:21.984+08:00  INFO 11564 --- [CommentAnalysis] [restartedMain] o.apache.catalina.core.StandardService   : Starting service [Tomcat]
2025-03-09T18:34:21.984+08:00  INFO 11564 --- [CommentAnalysis] [restartedMain] o.apache.catalina.core.StandardEngine    : Starting Servlet engine: [Apache Tomcat/10.1.30]
2025-03-09T18:34:22.042+08:00  INFO 11564 --- [CommentAnalysis] [restartedMain] o.a.c.c.C.[Tomcat].[localhost].[/]       : Initializing Spring embedded WebApplicationContext
2025-03-09T18:34:22.042+08:00  INFO 11564 --- [CommentAnalysis] [restartedMain] w.s.c.ServletWebServerApplicationContext : Root WebApplicationContext: initialization completed in 2210 ms
2025-03-09T18:34:22.062+08:00  WARN 11564 --- [CommentAnalysis] [restartedMain] .s.b.d.a.RemoteDevToolsAutoConfiguration : Listening for remote restart updates on /.~~spring-boot!~/restart
2025-03-09T18:34:22.738+08:00  INFO 11564 --- [CommentAnalysis] [restartedMain] o.neo4j.driver.internal.DriverFactory    : Direct driver instance 1763634566 created for server address localhost:7687
2025-03-09T18:34:22.836+08:00  WARN 11564 --- [CommentAnalysis] [restartedMain] o.s.d.n.c.mapping.Neo4jPersistentEntity  : The entity com.backend.commentanalysis.entity.neo4j.OpinionNeo4j is using a Long value for storing internally generated Neo4j ids. The Neo4j internal Long Ids are deprecated, please consider using an external ID generator.
2025-03-09T18:34:22.881+08:00  INFO 11564 --- [CommentAnalysis] [restartedMain] o.s.b.d.a.OptionalLiveReloadServer       : LiveReload server is running on port 35729
2025-03-09T18:34:22.884+08:00  WARN 11564 --- [CommentAnalysis] [restartedMain] o.s.d.n.c.mapping.Neo4jPersistentEntity  : The entity com.backend.commentanalysis.entity.relation.HasOpinion is using a Long value for storing internally generated Neo4j ids. The Neo4j internal Long Ids are deprecated, please consider using an external ID generator.
2025-03-09T18:34:22.889+08:00  WARN 11564 --- [CommentAnalysis] [restartedMain] o.s.d.n.c.mapping.Neo4jPersistentEntity  : The entity com.backend.commentanalysis.entity.neo4j.AspectNeo4j is using a Long value for storing internally generated Neo4j ids. The Neo4j internal Long Ids are deprecated, please consider using an external ID generator.
2025-03-09T18:34:22.890+08:00  WARN 11564 --- [CommentAnalysis] [restartedMain] o.s.d.n.c.mapping.Neo4jPersistentEntity  : The entity com.backend.commentanalysis.entity.relation.HasAspect is using a Long value for storing internally generated Neo4j ids. The Neo4j internal Long Ids are deprecated, please consider using an external ID generator.
2025-03-09T18:34:23.853+08:00  INFO 11564 --- [CommentAnalysis] [restartedMain] o.s.b.w.embedded.tomcat.TomcatWebServer  : Tomcat started on port 8081 (http) with context path '/'
2025-03-09T18:34:23.861+08:00  INFO 11564 --- [CommentAnalysis] [restartedMain] c.b.c.CommentAnalysisApplication         : Started CommentAnalysisApplication in 4.795 seconds (process running for 5.83)
2025-03-09T18:34:26.061+08:00  INFO 11564 --- [CommentAnalysis] [http-nio-8081-exec-1] o.a.c.c.C.[Tomcat].[localhost].[/]       : Initializing Spring DispatcherServlet 'dispatcherServlet'
2025-03-09T18:34:26.061+08:00  INFO 11564 --- [CommentAnalysis] [http-nio-8081-exec-1] o.s.web.servlet.DispatcherServlet        : Initializing Servlet 'dispatcherServlet'
2025-03-09T18:34:26.063+08:00  INFO 11564 --- [CommentAnalysis] [http-nio-8081-exec-1] o.s.web.servlet.DispatcherServlet        : Completed initialization in 1 ms
2025-03-09T18:34:26.473+08:00  INFO 11564 --- [CommentAnalysis] [http-nio-8081-exec-1] com.zaxxer.hikari.HikariDataSource       : HikariPool-1 - Starting...
2025-03-09T18:34:26.907+08:00  INFO 11564 --- [CommentAnalysis] [http-nio-8081-exec-1] com.zaxxer.hikari.pool.HikariPool        : HikariPool-1 - Added connection com.mysql.cj.jdbc.ConnectionImpl@5a6c77b4
2025-03-09T18:34:26.908+08:00  INFO 11564 --- [CommentAnalysis] [http-nio-8081-exec-1] com.zaxxer.hikari.HikariDataSource       : HikariPool-1 - Start completed.
2025-03-09T18:34:27.013+08:00 ERROR 11564 --- [CommentAnalysis] [http-nio-8081-exec-1] o.a.c.c.C.[.[.[/].[dispatcherServlet]    : Servlet.service() for servlet [dispatcherServlet] in context with path [] threw exception [Request processing failed: java.lang.IllegalStateException: No primary or single unique constructor found for interface java.util.List] with root cause

java.lang.IllegalStateException: No primary or single unique constructor found for interface java.util.List
	at org.springframework.beans.BeanUtils.getResolvableConstructor(BeanUtils.java:265) ~[spring-beans-6.1.13.jar:6.1.13]
	at org.springframework.validation.DataBinder.createObject(DataBinder.java:924) ~[spring-context-6.1.13.jar:6.1.13]
	at org.springframework.validation.DataBinder.construct(DataBinder.java:903) ~[spring-context-6.1.13.jar:6.1.13]
	at org.springframework.web.bind.ServletRequestDataBinder.construct(ServletRequestDataBinder.java:116) ~[spring-web-6.1.13.jar:6.1.13]
	at org.springframework.web.servlet.mvc.method.annotation.ServletModelAttributeMethodProcessor.constructAttribute(ServletModelAttributeMethodProcessor.java:157) ~[spring-webmvc-6.1.13.jar:6.1.13]
	at org.springframework.web.method.annotation.ModelAttributeMethodProcessor.resolveArgument(ModelAttributeMethodProcessor.java:148) ~[spring-web-6.1.13.jar:6.1.13]
	at org.springframework.web.method.support.HandlerMethodArgumentResolverComposite.resolveArgument(HandlerMethodArgumentResolverComposite.java:122) ~[spring-web-6.1.13.jar:6.1.13]
	at org.springframework.web.method.support.InvocableHandlerMethod.getMethodArgumentValues(InvocableHandlerMethod.java:224) ~[spring-web-6.1.13.jar:6.1.13]
	at org.springframework.web.method.support.InvocableHandlerMethod.invokeForRequest(InvocableHandlerMethod.java:178) ~[spring-web-6.1.13.jar:6.1.13]
	at org.springframework.web.servlet.mvc.method.annotation.ServletInvocableHandlerMethod.invokeAndHandle(ServletInvocableHandlerMethod.java:118) ~[spring-webmvc-6.1.13.jar:6.1.13]
	at org.springframework.web.servlet.mvc.method.annotation.RequestMappingHandlerAdapter.invokeHandlerMethod(RequestMappingHandlerAdapter.java:926) ~[spring-webmvc-6.1.13.jar:6.1.13]
	at org.springframework.web.servlet.mvc.method.annotation.RequestMappingHandlerAdapter.handleInternal(RequestMappingHandlerAdapter.java:831) ~[spring-webmvc-6.1.13.jar:6.1.13]
	at org.springframework.web.servlet.mvc.method.AbstractHandlerMethodAdapter.handle(AbstractHandlerMethodAdapter.java:87) ~[spring-webmvc-6.1.13.jar:6.1.13]
	at org.springframework.web.servlet.DispatcherServlet.doDispatch(DispatcherServlet.java:1089) ~[spring-webmvc-6.1.13.jar:6.1.13]
	at org.springframework.web.servlet.DispatcherServlet.doService(DispatcherServlet.java:979) ~[spring-webmvc-6.1.13.jar:6.1.13]
	at org.springframework.web.servlet.FrameworkServlet.processRequest(FrameworkServlet.java:1014) ~[spring-webmvc-6.1.13.jar:6.1.13]
	at org.springframework.web.servlet.FrameworkServlet.doGet(FrameworkServlet.java:903) ~[spring-webmvc-6.1.13.jar:6.1.13]
	at jakarta.servlet.http.HttpServlet.service(HttpServlet.java:564) ~[tomcat-embed-core-10.1.30.jar:6.0]
	at org.springframework.web.servlet.FrameworkServlet.service(FrameworkServlet.java:885) ~[spring-webmvc-6.1.13.jar:6.1.13]
	at jakarta.servlet.http.HttpServlet.service(HttpServlet.java:658) ~[tomcat-embed-core-10.1.30.jar:6.0]
	at org.apache.catalina.core.ApplicationFilterChain.internalDoFilter(ApplicationFilterChain.java:195) ~[tomcat-embed-core-10.1.30.jar:10.1.30]
	at org.apache.catalina.core.ApplicationFilterChain.doFilter(ApplicationFilterChain.java:140) ~[tomcat-embed-core-10.1.30.jar:10.1.30]
	at org.apache.tomcat.websocket.server.WsFilter.doFilter(WsFilter.java:51) ~[tomcat-embed-websocket-10.1.30.jar:10.1.30]
	at org.apache.catalina.core.ApplicationFilterChain.internalDoFilter(ApplicationFilterChain.java:164) ~[tomcat-embed-core-10.1.30.jar:10.1.30]
	at org.apache.catalina.core.ApplicationFilterChain.doFilter(ApplicationFilterChain.java:140) ~[tomcat-embed-core-10.1.30.jar:10.1.30]
	at org.springframework.boot.devtools.remote.server.DispatcherFilter.doFilter(DispatcherFilter.java:72) ~[spring-boot-devtools-3.3.4.jar:3.3.4]
	at org.springframework.boot.devtools.remote.server.DispatcherFilter.doFilter(DispatcherFilter.java:60) ~[spring-boot-devtools-3.3.4.jar:3.3.4]
	at org.apache.catalina.core.ApplicationFilterChain.internalDoFilter(ApplicationFilterChain.java:164) ~[tomcat-embed-core-10.1.30.jar:10.1.30]
	at org.apache.catalina.core.ApplicationFilterChain.doFilter(ApplicationFilterChain.java:140) ~[tomcat-embed-core-10.1.30.jar:10.1.30]
	at org.springframework.web.filter.RequestContextFilter.doFilterInternal(RequestContextFilter.java:100) ~[spring-web-6.1.13.jar:6.1.13]
	at org.springframework.web.filter.OncePerRequestFilter.doFilter(OncePerRequestFilter.java:116) ~[spring-web-6.1.13.jar:6.1.13]
	at org.apache.catalina.core.ApplicationFilterChain.internalDoFilter(ApplicationFilterChain.java:164) ~[tomcat-embed-core-10.1.30.jar:10.1.30]
	at org.apache.catalina.core.ApplicationFilterChain.doFilter(ApplicationFilterChain.java:140) ~[tomcat-embed-core-10.1.30.jar:10.1.30]
	at org.springframework.web.filter.FormContentFilter.doFilterInternal(FormContentFilter.java:93) ~[spring-web-6.1.13.jar:6.1.13]
	at org.springframework.web.filter.OncePerRequestFilter.doFilter(OncePerRequestFilter.java:116) ~[spring-web-6.1.13.jar:6.1.13]
	at org.apache.catalina.core.ApplicationFilterChain.internalDoFilter(ApplicationFilterChain.java:164) ~[tomcat-embed-core-10.1.30.jar:10.1.30]
	at org.apache.catalina.core.ApplicationFilterChain.doFilter(ApplicationFilterChain.java:140) ~[tomcat-embed-core-10.1.30.jar:10.1.30]
	at org.springframework.web.filter.CharacterEncodingFilter.doFilterInternal(CharacterEncodingFilter.java:201) ~[spring-web-6.1.13.jar:6.1.13]
	at org.springframework.web.filter.OncePerRequestFilter.doFilter(OncePerRequestFilter.java:116) ~[spring-web-6.1.13.jar:6.1.13]
	at org.apache.catalina.core.ApplicationFilterChain.internalDoFilter(ApplicationFilterChain.java:164) ~[tomcat-embed-core-10.1.30.jar:10.1.30]
	at org.apache.catalina.core.ApplicationFilterChain.doFilter(ApplicationFilterChain.java:140) ~[tomcat-embed-core-10.1.30.jar:10.1.30]
	at org.apache.catalina.core.StandardWrapperValve.invoke(StandardWrapperValve.java:167) ~[tomcat-embed-core-10.1.30.jar:10.1.30]
	at org.apache.catalina.core.StandardContextValve.invoke(StandardContextValve.java:90) ~[tomcat-embed-core-10.1.30.jar:10.1.30]
	at org.apache.catalina.authenticator.AuthenticatorBase.invoke(AuthenticatorBase.java:483) ~[tomcat-embed-core-10.1.30.jar:10.1.30]
	at org.apache.catalina.core.StandardHostValve.invoke(StandardHostValve.java:115) ~[tomcat-embed-core-10.1.30.jar:10.1.30]
	at org.apache.catalina.valves.ErrorReportValve.invoke(ErrorReportValve.java:93) ~[tomcat-embed-core-10.1.30.jar:10.1.30]
	at org.apache.catalina.core.StandardEngineValve.invoke(StandardEngineValve.java:74) ~[tomcat-embed-core-10.1.30.jar:10.1.30]
	at org.apache.catalina.connector.CoyoteAdapter.service(CoyoteAdapter.java:344) ~[tomcat-embed-core-10.1.30.jar:10.1.30]
	at org.apache.coyote.http11.Http11Processor.service(Http11Processor.java:384) ~[tomcat-embed-core-10.1.30.jar:10.1.30]
	at org.apache.coyote.AbstractProcessorLight.process(AbstractProcessorLight.java:63) ~[tomcat-embed-core-10.1.30.jar:10.1.30]
	at org.apache.coyote.AbstractProtocol$ConnectionHandler.process(AbstractProtocol.java:905) ~[tomcat-embed-core-10.1.30.jar:10.1.30]
	at org.apache.tomcat.util.net.NioEndpoint$SocketProcessor.doRun(NioEndpoint.java:1741) ~[tomcat-embed-core-10.1.30.jar:10.1.30]
	at org.apache.tomcat.util.net.SocketProcessorBase.run(SocketProcessorBase.java:52) ~[tomcat-embed-core-10.1.30.jar:10.1.30]
	at org.apache.tomcat.util.threads.ThreadPoolExecutor.runWorker(ThreadPoolExecutor.java:1190) ~[tomcat-embed-core-10.1.30.jar:10.1.30]
	at org.apache.tomcat.util.threads.ThreadPoolExecutor$Worker.run(ThreadPoolExecutor.java:659) ~[tomcat-embed-core-10.1.30.jar:10.1.30]
	at org.apache.tomcat.util.threads.TaskThread$WrappingRunnable.run(TaskThread.java:63) ~[tomcat-embed-core-10.1.30.jar:10.1.30]
	at java.base/java.lang.Thread.run(Thread.java:1570) ~[na:na]

2025-03-09T18:34:51.821+08:00  INFO 11564 --- [CommentAnalysis] [SpringApplicationShutdownHook] o.neo4j.driver.internal.InternalDriver   : Closing driver instance 1763634566
2025-03-09T18:34:52.043+08:00  INFO 11564 --- [CommentAnalysis] [SpringApplicationShutdownHook] com.zaxxer.hikari.HikariDataSource       : HikariPool-1 - Shutdown initiated...
2025-03-09T18:34:52.053+08:00  INFO 11564 --- [CommentAnalysis] [SpringApplicationShutdownHook] com.zaxxer.hikari.HikariDataSource       : HikariPool-1 - Shutdown completed.
2025-03-09T18:35:14.143+08:00  INFO 7964 --- [CommentAnalysis] [restartedMain] c.b.c.CommentAnalysisApplication         : Starting CommentAnalysisApplication using Java 22.0.1 with PID 7964 (E:\Comment Analysis Git\User-fine-grained-sentiment-analysis-and-visualization-system\BackEnd\CommentAnalysis\target\classes started by thunder lee in E:\Comment Analysis Git\User-fine-grained-sentiment-analysis-and-visualization-system\BackEnd)
2025-03-09T18:35:14.145+08:00  INFO 7964 --- [CommentAnalysis] [restartedMain] c.b.c.CommentAnalysisApplication         : No active profile set, falling back to 1 default profile: "default"
2025-03-09T18:35:14.230+08:00  INFO 7964 --- [CommentAnalysis] [restartedMain] o.s.b.devtools.restart.ChangeableUrls    : The Class-Path manifest attribute in E:\apache-maven-3.9.8-bin\maven-repository\com\oracle\database\jdbc\ojdbc11\21.9.0.0\ojdbc11-21.9.0.0.jar referenced one or more files that do not exist: file:/E:/apache-maven-3.9.8-bin/maven-repository/com/oracle/database/jdbc/ojdbc11/21.9.0.0/oraclepki.jar
2025-03-09T18:35:14.231+08:00  INFO 7964 --- [CommentAnalysis] [restartedMain] .e.DevToolsPropertyDefaultsPostProcessor : Devtools property defaults active! Set 'spring.devtools.add-properties' to 'false' to disable
2025-03-09T18:35:14.231+08:00  INFO 7964 --- [CommentAnalysis] [restartedMain] .e.DevToolsPropertyDefaultsPostProcessor : For additional web related logging consider setting the 'logging.level.web' property to 'DEBUG'
2025-03-09T18:35:14.937+08:00  INFO 7964 --- [CommentAnalysis] [restartedMain] .s.d.r.c.RepositoryConfigurationDelegate : Multiple Spring Data modules found, entering strict repository configuration mode
2025-03-09T18:35:14.937+08:00  INFO 7964 --- [CommentAnalysis] [restartedMain] .s.d.r.c.RepositoryConfigurationDelegate : Bootstrapping Spring Data Neo4j repositories in DEFAULT mode.
2025-03-09T18:35:15.065+08:00  INFO 7964 --- [CommentAnalysis] [restartedMain] .s.d.r.c.RepositoryConfigurationDelegate : Finished Spring Data repository scanning in 122 ms. Found 1 Neo4j repository interface.
2025-03-09T18:35:15.377+08:00  INFO 7964 --- [CommentAnalysis] [restartedMain] .s.d.r.c.RepositoryConfigurationDelegate : Multiple Spring Data modules found, entering strict repository configuration mode
2025-03-09T18:35:15.378+08:00  INFO 7964 --- [CommentAnalysis] [restartedMain] .s.d.r.c.RepositoryConfigurationDelegate : Bootstrapping Spring Data Neo4j repositories in DEFAULT mode.
2025-03-09T18:35:15.401+08:00  INFO 7964 --- [CommentAnalysis] [restartedMain] .s.d.r.c.RepositoryConfigurationDelegate : Finished Spring Data repository scanning in 23 ms. Found 0 Neo4j repository interfaces.
2025-03-09T18:35:15.414+08:00  INFO 7964 --- [CommentAnalysis] [restartedMain] .s.d.r.c.RepositoryConfigurationDelegate : Multiple Spring Data modules found, entering strict repository configuration mode
2025-03-09T18:35:15.415+08:00  INFO 7964 --- [CommentAnalysis] [restartedMain] .s.d.r.c.RepositoryConfigurationDelegate : Bootstrapping Spring Data Redis repositories in DEFAULT mode.
2025-03-09T18:35:15.435+08:00  INFO 7964 --- [CommentAnalysis] [restartedMain] .RepositoryConfigurationExtensionSupport : Spring Data Redis - Could not safely identify store assignment for repository candidate interface com.backend.commentanalysis.repository.ProductRepository; If you want this repository to be a Redis repository, consider annotating your entities with one of these annotations: org.springframework.data.redis.core.RedisHash (preferred), or consider extending one of the following types with your repository: org.springframework.data.keyvalue.repository.KeyValueRepository
2025-03-09T18:35:15.435+08:00  INFO 7964 --- [CommentAnalysis] [restartedMain] .s.d.r.c.RepositoryConfigurationDelegate : Finished Spring Data repository scanning in 12 ms. Found 0 Redis repository interfaces.
2025-03-09T18:35:16.287+08:00  INFO 7964 --- [CommentAnalysis] [restartedMain] o.s.b.w.embedded.tomcat.TomcatWebServer  : Tomcat initialized with port 8081 (http)
2025-03-09T18:35:16.304+08:00  INFO 7964 --- [CommentAnalysis] [restartedMain] o.apache.catalina.core.StandardService   : Starting service [Tomcat]
2025-03-09T18:35:16.305+08:00  INFO 7964 --- [CommentAnalysis] [restartedMain] o.apache.catalina.core.StandardEngine    : Starting Servlet engine: [Apache Tomcat/10.1.30]
2025-03-09T18:35:16.355+08:00  INFO 7964 --- [CommentAnalysis] [restartedMain] o.a.c.c.C.[Tomcat].[localhost].[/]       : Initializing Spring embedded WebApplicationContext
2025-03-09T18:35:16.356+08:00  INFO 7964 --- [CommentAnalysis] [restartedMain] w.s.c.ServletWebServerApplicationContext : Root WebApplicationContext: initialization completed in 2123 ms
2025-03-09T18:35:16.377+08:00  WARN 7964 --- [CommentAnalysis] [restartedMain] .s.b.d.a.RemoteDevToolsAutoConfiguration : Listening for remote restart updates on /.~~spring-boot!~/restart
2025-03-09T18:35:17.068+08:00  INFO 7964 --- [CommentAnalysis] [restartedMain] o.neo4j.driver.internal.DriverFactory    : Direct driver instance 552965099 created for server address localhost:7687
2025-03-09T18:35:17.179+08:00  WARN 7964 --- [CommentAnalysis] [restartedMain] o.s.d.n.c.mapping.Neo4jPersistentEntity  : The entity com.backend.commentanalysis.entity.neo4j.OpinionNeo4j is using a Long value for storing internally generated Neo4j ids. The Neo4j internal Long Ids are deprecated, please consider using an external ID generator.
2025-03-09T18:35:17.227+08:00  INFO 7964 --- [CommentAnalysis] [restartedMain] o.s.b.d.a.OptionalLiveReloadServer       : LiveReload server is running on port 35729
2025-03-09T18:35:17.231+08:00  WARN 7964 --- [CommentAnalysis] [restartedMain] o.s.d.n.c.mapping.Neo4jPersistentEntity  : The entity com.backend.commentanalysis.entity.neo4j.AspectNeo4j is using a Long value for storing internally generated Neo4j ids. The Neo4j internal Long Ids are deprecated, please consider using an external ID generator.
2025-03-09T18:35:17.236+08:00  WARN 7964 --- [CommentAnalysis] [restartedMain] o.s.d.n.c.mapping.Neo4jPersistentEntity  : The entity com.backend.commentanalysis.entity.relation.HasOpinion is using a Long value for storing internally generated Neo4j ids. The Neo4j internal Long Ids are deprecated, please consider using an external ID generator.
2025-03-09T18:35:17.242+08:00  WARN 7964 --- [CommentAnalysis] [restartedMain] o.s.d.n.c.mapping.Neo4jPersistentEntity  : The entity com.backend.commentanalysis.entity.relation.HasAspect is using a Long value for storing internally generated Neo4j ids. The Neo4j internal Long Ids are deprecated, please consider using an external ID generator.
2025-03-09T18:35:18.115+08:00  INFO 7964 --- [CommentAnalysis] [restartedMain] o.s.b.w.embedded.tomcat.TomcatWebServer  : Tomcat started on port 8081 (http) with context path '/'
2025-03-09T18:35:18.122+08:00  INFO 7964 --- [CommentAnalysis] [restartedMain] c.b.c.CommentAnalysisApplication         : Started CommentAnalysisApplication in 4.541 seconds (process running for 5.576)
2025-03-09T18:35:23.077+08:00  INFO 7964 --- [CommentAnalysis] [http-nio-8081-exec-5] o.a.c.c.C.[Tomcat].[localhost].[/]       : Initializing Spring DispatcherServlet 'dispatcherServlet'
2025-03-09T18:35:23.078+08:00  INFO 7964 --- [CommentAnalysis] [http-nio-8081-exec-5] o.s.web.servlet.DispatcherServlet        : Initializing Servlet 'dispatcherServlet'
2025-03-09T18:35:23.079+08:00  INFO 7964 --- [CommentAnalysis] [http-nio-8081-exec-5] o.s.web.servlet.DispatcherServlet        : Completed initialization in 1 ms
2025-03-09T18:36:06.941+08:00  INFO 7964 --- [CommentAnalysis] [http-nio-8081-exec-3] com.zaxxer.hikari.HikariDataSource       : HikariPool-1 - Starting...
2025-03-09T18:36:07.329+08:00  INFO 7964 --- [CommentAnalysis] [http-nio-8081-exec-3] com.zaxxer.hikari.pool.HikariPool        : HikariPool-1 - Added connection com.mysql.cj.jdbc.ConnectionImpl@7b957577
2025-03-09T18:36:07.330+08:00  INFO 7964 --- [CommentAnalysis] [http-nio-8081-exec-3] com.zaxxer.hikari.HikariDataSource       : HikariPool-1 - Start completed.
2025-03-09T18:36:07.397+08:00  WARN 7964 --- [CommentAnalysis] [http-nio-8081-exec-3] .w.s.m.s.DefaultHandlerExceptionResolver : Resolved [org.springframework.http.converter.HttpMessageNotReadableException: Required request body is missing: public com.backend.commentanalysis.entity.Result<java.util.List<com.backend.commentanalysis.entity.dto.AspectOpinionDTO>> com.backend.commentanalysis.controller.ProductController.getProductAspectOpinionByPid(java.util.List<java.lang.String>)]
2025-03-09T18:36:13.710+08:00  INFO 7964 --- [CommentAnalysis] [SpringApplicationShutdownHook] o.neo4j.driver.internal.InternalDriver   : Closing driver instance 552965099
2025-03-09T18:36:13.711+08:00  INFO 7964 --- [CommentAnalysis] [SpringApplicationShutdownHook] o.n.d.i.async.pool.ConnectionPoolImpl    : Closing connection pool towards localhost:7687
2025-03-09T18:36:13.929+08:00  INFO 7964 --- [CommentAnalysis] [SpringApplicationShutdownHook] com.zaxxer.hikari.HikariDataSource       : HikariPool-1 - Shutdown initiated...
2025-03-09T18:36:13.937+08:00  INFO 7964 --- [CommentAnalysis] [SpringApplicationShutdownHook] com.zaxxer.hikari.HikariDataSource       : HikariPool-1 - Shutdown completed.
2025-03-09T18:36:49.011+08:00  INFO 30920 --- [CommentAnalysis] [restartedMain] c.b.c.CommentAnalysisApplication         : Starting CommentAnalysisApplication using Java 22.0.1 with PID 30920 (E:\Comment Analysis Git\User-fine-grained-sentiment-analysis-and-visualization-system\BackEnd\CommentAnalysis\target\classes started by thunder lee in E:\Comment Analysis Git\User-fine-grained-sentiment-analysis-and-visualization-system\BackEnd)
2025-03-09T18:36:49.014+08:00  INFO 30920 --- [CommentAnalysis] [restartedMain] c.b.c.CommentAnalysisApplication         : No active profile set, falling back to 1 default profile: "default"
2025-03-09T18:36:49.096+08:00  INFO 30920 --- [CommentAnalysis] [restartedMain] o.s.b.devtools.restart.ChangeableUrls    : The Class-Path manifest attribute in E:\apache-maven-3.9.8-bin\maven-repository\com\oracle\database\jdbc\ojdbc11\21.9.0.0\ojdbc11-21.9.0.0.jar referenced one or more files that do not exist: file:/E:/apache-maven-3.9.8-bin/maven-repository/com/oracle/database/jdbc/ojdbc11/21.9.0.0/oraclepki.jar
2025-03-09T18:36:49.096+08:00  INFO 30920 --- [CommentAnalysis] [restartedMain] .e.DevToolsPropertyDefaultsPostProcessor : Devtools property defaults active! Set 'spring.devtools.add-properties' to 'false' to disable
2025-03-09T18:36:49.097+08:00  INFO 30920 --- [CommentAnalysis] [restartedMain] .e.DevToolsPropertyDefaultsPostProcessor : For additional web related logging consider setting the 'logging.level.web' property to 'DEBUG'
2025-03-09T18:36:49.880+08:00  INFO 30920 --- [CommentAnalysis] [restartedMain] .s.d.r.c.RepositoryConfigurationDelegate : Multiple Spring Data modules found, entering strict repository configuration mode
2025-03-09T18:36:49.881+08:00  INFO 30920 --- [CommentAnalysis] [restartedMain] .s.d.r.c.RepositoryConfigurationDelegate : Bootstrapping Spring Data Neo4j repositories in DEFAULT mode.
2025-03-09T18:36:49.998+08:00  INFO 30920 --- [CommentAnalysis] [restartedMain] .s.d.r.c.RepositoryConfigurationDelegate : Finished Spring Data repository scanning in 112 ms. Found 1 Neo4j repository interface.
2025-03-09T18:36:50.284+08:00  INFO 30920 --- [CommentAnalysis] [restartedMain] .s.d.r.c.RepositoryConfigurationDelegate : Multiple Spring Data modules found, entering strict repository configuration mode
2025-03-09T18:36:50.285+08:00  INFO 30920 --- [CommentAnalysis] [restartedMain] .s.d.r.c.RepositoryConfigurationDelegate : Bootstrapping Spring Data Neo4j repositories in DEFAULT mode.
2025-03-09T18:36:50.307+08:00  INFO 30920 --- [CommentAnalysis] [restartedMain] .s.d.r.c.RepositoryConfigurationDelegate : Finished Spring Data repository scanning in 22 ms. Found 0 Neo4j repository interfaces.
2025-03-09T18:36:50.321+08:00  INFO 30920 --- [CommentAnalysis] [restartedMain] .s.d.r.c.RepositoryConfigurationDelegate : Multiple Spring Data modules found, entering strict repository configuration mode
2025-03-09T18:36:50.322+08:00  INFO 30920 --- [CommentAnalysis] [restartedMain] .s.d.r.c.RepositoryConfigurationDelegate : Bootstrapping Spring Data Redis repositories in DEFAULT mode.
2025-03-09T18:36:50.343+08:00  INFO 30920 --- [CommentAnalysis] [restartedMain] .RepositoryConfigurationExtensionSupport : Spring Data Redis - Could not safely identify store assignment for repository candidate interface com.backend.commentanalysis.repository.ProductRepository; If you want this repository to be a Redis repository, consider annotating your entities with one of these annotations: org.springframework.data.redis.core.RedisHash (preferred), or consider extending one of the following types with your repository: org.springframework.data.keyvalue.repository.KeyValueRepository
2025-03-09T18:36:50.343+08:00  INFO 30920 --- [CommentAnalysis] [restartedMain] .s.d.r.c.RepositoryConfigurationDelegate : Finished Spring Data repository scanning in 13 ms. Found 0 Redis repository interfaces.
2025-03-09T18:36:51.206+08:00  INFO 30920 --- [CommentAnalysis] [restartedMain] o.s.b.w.embedded.tomcat.TomcatWebServer  : Tomcat initialized with port 8081 (http)
2025-03-09T18:36:51.224+08:00  INFO 30920 --- [CommentAnalysis] [restartedMain] o.apache.catalina.core.StandardService   : Starting service [Tomcat]
2025-03-09T18:36:51.225+08:00  INFO 30920 --- [CommentAnalysis] [restartedMain] o.apache.catalina.core.StandardEngine    : Starting Servlet engine: [Apache Tomcat/10.1.30]
2025-03-09T18:36:51.291+08:00  INFO 30920 --- [CommentAnalysis] [restartedMain] o.a.c.c.C.[Tomcat].[localhost].[/]       : Initializing Spring embedded WebApplicationContext
2025-03-09T18:36:51.292+08:00  INFO 30920 --- [CommentAnalysis] [restartedMain] w.s.c.ServletWebServerApplicationContext : Root WebApplicationContext: initialization completed in 2195 ms
2025-03-09T18:36:51.319+08:00  WARN 30920 --- [CommentAnalysis] [restartedMain] .s.b.d.a.RemoteDevToolsAutoConfiguration : Listening for remote restart updates on /.~~spring-boot!~/restart
2025-03-09T18:36:52.065+08:00  INFO 30920 --- [CommentAnalysis] [restartedMain] o.neo4j.driver.internal.DriverFactory    : Direct driver instance 410087276 created for server address localhost:7687
2025-03-09T18:36:52.160+08:00  WARN 30920 --- [CommentAnalysis] [restartedMain] o.s.d.n.c.mapping.Neo4jPersistentEntity  : The entity com.backend.commentanalysis.entity.neo4j.OpinionNeo4j is using a Long value for storing internally generated Neo4j ids. The Neo4j internal Long Ids are deprecated, please consider using an external ID generator.
2025-03-09T18:36:52.203+08:00  INFO 30920 --- [CommentAnalysis] [restartedMain] o.s.b.d.a.OptionalLiveReloadServer       : LiveReload server is running on port 35729
2025-03-09T18:36:52.211+08:00  WARN 30920 --- [CommentAnalysis] [restartedMain] o.s.d.n.c.mapping.Neo4jPersistentEntity  : The entity com.backend.commentanalysis.entity.neo4j.AspectNeo4j is using a Long value for storing internally generated Neo4j ids. The Neo4j internal Long Ids are deprecated, please consider using an external ID generator.
2025-03-09T18:36:52.214+08:00  WARN 30920 --- [CommentAnalysis] [restartedMain] o.s.d.n.c.mapping.Neo4jPersistentEntity  : The entity com.backend.commentanalysis.entity.relation.HasAspect is using a Long value for storing internally generated Neo4j ids. The Neo4j internal Long Ids are deprecated, please consider using an external ID generator.
2025-03-09T18:36:52.216+08:00  WARN 30920 --- [CommentAnalysis] [restartedMain] o.s.d.n.c.mapping.Neo4jPersistentEntity  : The entity com.backend.commentanalysis.entity.relation.HasOpinion is using a Long value for storing internally generated Neo4j ids. The Neo4j internal Long Ids are deprecated, please consider using an external ID generator.
2025-03-09T18:36:53.045+08:00  INFO 30920 --- [CommentAnalysis] [restartedMain] o.s.b.w.embedded.tomcat.TomcatWebServer  : Tomcat started on port 8081 (http) with context path '/'
2025-03-09T18:36:53.052+08:00  INFO 30920 --- [CommentAnalysis] [restartedMain] c.b.c.CommentAnalysisApplication         : Started CommentAnalysisApplication in 4.612 seconds (process running for 5.576)
2025-03-09T18:37:00.658+08:00  INFO 30920 --- [CommentAnalysis] [http-nio-8081-exec-3] o.a.c.c.C.[Tomcat].[localhost].[/]       : Initializing Spring DispatcherServlet 'dispatcherServlet'
2025-03-09T18:37:00.658+08:00  INFO 30920 --- [CommentAnalysis] [http-nio-8081-exec-3] o.s.web.servlet.DispatcherServlet        : Initializing Servlet 'dispatcherServlet'
2025-03-09T18:37:00.659+08:00  INFO 30920 --- [CommentAnalysis] [http-nio-8081-exec-3] o.s.web.servlet.DispatcherServlet        : Completed initialization in 1 ms
2025-03-09T18:38:01.111+08:00  INFO 30920 --- [CommentAnalysis] [http-nio-8081-exec-4] com.zaxxer.hikari.HikariDataSource       : HikariPool-1 - Starting...
2025-03-09T18:38:01.553+08:00  INFO 30920 --- [CommentAnalysis] [http-nio-8081-exec-4] com.zaxxer.hikari.pool.HikariPool        : HikariPool-1 - Added connection com.mysql.cj.jdbc.ConnectionImpl@6d744089
2025-03-09T18:38:01.555+08:00  INFO 30920 --- [CommentAnalysis] [http-nio-8081-exec-4] com.zaxxer.hikari.HikariDataSource       : HikariPool-1 - Start completed.
2025-03-09T18:38:01.614+08:00  WARN 30920 --- [CommentAnalysis] [http-nio-8081-exec-4] .w.s.m.s.DefaultHandlerExceptionResolver : Resolved [org.springframework.http.converter.HttpMessageNotReadableException: Required request body is missing: public com.backend.commentanalysis.entity.Result<java.util.List<com.backend.commentanalysis.entity.dto.AspectOpinionDTO>> com.backend.commentanalysis.controller.ProductController.getProductAspectOpinionByPid(java.util.List<java.lang.String>)]
2025-03-09T18:38:07.751+08:00  WARN 30920 --- [CommentAnalysis] [http-nio-8081-exec-5] .w.s.m.s.DefaultHandlerExceptionResolver : Resolved [org.springframework.http.converter.HttpMessageNotReadableException: Required request body is missing: public com.backend.commentanalysis.entity.Result<java.util.List<com.backend.commentanalysis.entity.dto.AspectOpinionDTO>> com.backend.commentanalysis.controller.ProductController.getProductAspectOpinionByPid(java.util.List<java.lang.String>)]
2025-03-09T18:38:37.076+08:00  WARN 30920 --- [CommentAnalysis] [http-nio-8081-exec-7] .w.s.m.s.DefaultHandlerExceptionResolver : Resolved [org.springframework.http.converter.HttpMessageNotReadableException: Required request body is missing: public com.backend.commentanalysis.entity.Result<java.util.List<com.backend.commentanalysis.entity.dto.AspectOpinionDTO>> com.backend.commentanalysis.controller.ProductController.getProductAspectOpinionByPid(java.util.List<java.lang.String>)]
2025-03-09T18:38:59.822+08:00  WARN 30920 --- [CommentAnalysis] [http-nio-8081-exec-9] .w.s.m.s.DefaultHandlerExceptionResolver : Resolved [org.springframework.http.converter.HttpMessageNotReadableException: Required request body is missing: public com.backend.commentanalysis.entity.Result<java.util.List<com.backend.commentanalysis.entity.dto.AspectOpinionDTO>> com.backend.commentanalysis.controller.ProductController.getProductAspectOpinionByPid(java.util.List<java.lang.String>)]
2025-03-09T18:39:08.213+08:00  WARN 30920 --- [CommentAnalysis] [http-nio-8081-exec-10] .w.s.m.s.DefaultHandlerExceptionResolver : Resolved [org.springframework.http.converter.HttpMessageNotReadableException: Required request body is missing: public com.backend.commentanalysis.entity.Result<java.util.List<com.backend.commentanalysis.entity.dto.AspectOpinionDTO>> com.backend.commentanalysis.controller.ProductController.getProductAspectOpinionByPid(java.util.List<java.lang.String>)]
2025-03-09T18:39:26.664+08:00  WARN 30920 --- [CommentAnalysis] [http-nio-8081-exec-3] .w.s.m.s.DefaultHandlerExceptionResolver : Resolved [org.springframework.http.converter.HttpMessageNotReadableException: Required request body is missing: public com.backend.commentanalysis.entity.Result<java.util.List<com.backend.commentanalysis.entity.dto.AspectOpinionDTO>> com.backend.commentanalysis.controller.ProductController.getProductAspectOpinionByPid(java.util.List<java.lang.String>)]
2025-03-09T18:39:38.192+08:00  WARN 30920 --- [CommentAnalysis] [http-nio-8081-exec-4] .m.m.a.ExceptionHandlerExceptionResolver : Resolved [TokenException(code=401)]
2025-03-09T18:39:49.005+08:00  WARN 30920 --- [CommentAnalysis] [http-nio-8081-exec-2] .w.s.m.s.DefaultHandlerExceptionResolver : Resolved [org.springframework.http.converter.HttpMessageNotReadableException: Required request body is missing: public com.backend.commentanalysis.entity.Result<java.util.List<com.backend.commentanalysis.entity.dto.AspectSentimentDTO>> com.backend.commentanalysis.controller.ProductController.getProductSentimentsByPid(java.util.List<java.lang.String>)]
2025-03-09T18:40:58.563+08:00  INFO 30920 --- [CommentAnalysis] [SpringApplicationShutdownHook] o.neo4j.driver.internal.InternalDriver   : Closing driver instance 410087276
2025-03-09T18:40:58.564+08:00  INFO 30920 --- [CommentAnalysis] [SpringApplicationShutdownHook] o.n.d.i.async.pool.ConnectionPoolImpl    : Closing connection pool towards localhost:7687
2025-03-09T18:40:58.804+08:00  INFO 30920 --- [CommentAnalysis] [SpringApplicationShutdownHook] com.zaxxer.hikari.HikariDataSource       : HikariPool-1 - Shutdown initiated...
2025-03-09T18:40:58.815+08:00  INFO 30920 --- [CommentAnalysis] [SpringApplicationShutdownHook] com.zaxxer.hikari.HikariDataSource       : HikariPool-1 - Shutdown completed.
2025-03-09T18:44:21.160+08:00  INFO 42020 --- [CommentAnalysis] [restartedMain] c.b.c.CommentAnalysisApplication         : Starting CommentAnalysisApplication using Java 22.0.1 with PID 42020 (E:\Comment Analysis Git\User-fine-grained-sentiment-analysis-and-visualization-system\BackEnd\CommentAnalysis\target\classes started by thunder lee in E:\Comment Analysis Git\User-fine-grained-sentiment-analysis-and-visualization-system\BackEnd)
2025-03-09T18:44:21.164+08:00  INFO 42020 --- [CommentAnalysis] [restartedMain] c.b.c.CommentAnalysisApplication         : No active profile set, falling back to 1 default profile: "default"
2025-03-09T18:44:21.234+08:00  INFO 42020 --- [CommentAnalysis] [restartedMain] o.s.b.devtools.restart.ChangeableUrls    : The Class-Path manifest attribute in E:\apache-maven-3.9.8-bin\maven-repository\com\oracle\database\jdbc\ojdbc11\21.9.0.0\ojdbc11-21.9.0.0.jar referenced one or more files that do not exist: file:/E:/apache-maven-3.9.8-bin/maven-repository/com/oracle/database/jdbc/ojdbc11/21.9.0.0/oraclepki.jar
2025-03-09T18:44:21.235+08:00  INFO 42020 --- [CommentAnalysis] [restartedMain] .e.DevToolsPropertyDefaultsPostProcessor : Devtools property defaults active! Set 'spring.devtools.add-properties' to 'false' to disable
2025-03-09T18:44:21.235+08:00  INFO 42020 --- [CommentAnalysis] [restartedMain] .e.DevToolsPropertyDefaultsPostProcessor : For additional web related logging consider setting the 'logging.level.web' property to 'DEBUG'
2025-03-09T18:44:21.851+08:00  INFO 42020 --- [CommentAnalysis] [restartedMain] .s.d.r.c.RepositoryConfigurationDelegate : Multiple Spring Data modules found, entering strict repository configuration mode
2025-03-09T18:44:21.852+08:00  INFO 42020 --- [CommentAnalysis] [restartedMain] .s.d.r.c.RepositoryConfigurationDelegate : Bootstrapping Spring Data Neo4j repositories in DEFAULT mode.
2025-03-09T18:44:21.950+08:00  INFO 42020 --- [CommentAnalysis] [restartedMain] .s.d.r.c.RepositoryConfigurationDelegate : Finished Spring Data repository scanning in 94 ms. Found 1 Neo4j repository interface.
2025-03-09T18:44:22.164+08:00  INFO 42020 --- [CommentAnalysis] [restartedMain] .s.d.r.c.RepositoryConfigurationDelegate : Multiple Spring Data modules found, entering strict repository configuration mode
2025-03-09T18:44:22.164+08:00  INFO 42020 --- [CommentAnalysis] [restartedMain] .s.d.r.c.RepositoryConfigurationDelegate : Bootstrapping Spring Data Neo4j repositories in DEFAULT mode.
2025-03-09T18:44:22.184+08:00  INFO 42020 --- [CommentAnalysis] [restartedMain] .s.d.r.c.RepositoryConfigurationDelegate : Finished Spring Data repository scanning in 20 ms. Found 0 Neo4j repository interfaces.
2025-03-09T18:44:22.195+08:00  INFO 42020 --- [CommentAnalysis] [restartedMain] .s.d.r.c.RepositoryConfigurationDelegate : Multiple Spring Data modules found, entering strict repository configuration mode
2025-03-09T18:44:22.197+08:00  INFO 42020 --- [CommentAnalysis] [restartedMain] .s.d.r.c.RepositoryConfigurationDelegate : Bootstrapping Spring Data Redis repositories in DEFAULT mode.
2025-03-09T18:44:22.214+08:00  INFO 42020 --- [CommentAnalysis] [restartedMain] .RepositoryConfigurationExtensionSupport : Spring Data Redis - Could not safely identify store assignment for repository candidate interface com.backend.commentanalysis.repository.ProductRepository; If you want this repository to be a Redis repository, consider annotating your entities with one of these annotations: org.springframework.data.redis.core.RedisHash (preferred), or consider extending one of the following types with your repository: org.springframework.data.keyvalue.repository.KeyValueRepository
2025-03-09T18:44:22.214+08:00  INFO 42020 --- [CommentAnalysis] [restartedMain] .s.d.r.c.RepositoryConfigurationDelegate : Finished Spring Data repository scanning in 11 ms. Found 0 Redis repository interfaces.
2025-03-09T18:44:23.128+08:00  INFO 42020 --- [CommentAnalysis] [restartedMain] o.s.b.w.embedded.tomcat.TomcatWebServer  : Tomcat initialized with port 8081 (http)
2025-03-09T18:44:23.142+08:00  INFO 42020 --- [CommentAnalysis] [restartedMain] o.apache.catalina.core.StandardService   : Starting service [Tomcat]
2025-03-09T18:44:23.143+08:00  INFO 42020 --- [CommentAnalysis] [restartedMain] o.apache.catalina.core.StandardEngine    : Starting Servlet engine: [Apache Tomcat/10.1.30]
2025-03-09T18:44:23.188+08:00  INFO 42020 --- [CommentAnalysis] [restartedMain] o.a.c.c.C.[Tomcat].[localhost].[/]       : Initializing Spring embedded WebApplicationContext
2025-03-09T18:44:23.188+08:00  INFO 42020 --- [CommentAnalysis] [restartedMain] w.s.c.ServletWebServerApplicationContext : Root WebApplicationContext: initialization completed in 1952 ms
2025-03-09T18:44:23.208+08:00  WARN 42020 --- [CommentAnalysis] [restartedMain] .s.b.d.a.RemoteDevToolsAutoConfiguration : Listening for remote restart updates on /.~~spring-boot!~/restart
2025-03-09T18:44:23.859+08:00  INFO 42020 --- [CommentAnalysis] [restartedMain] o.neo4j.driver.internal.DriverFactory    : Direct driver instance 1498193471 created for server address localhost:7687
2025-03-09T18:44:23.948+08:00  WARN 42020 --- [CommentAnalysis] [restartedMain] o.s.d.n.c.mapping.Neo4jPersistentEntity  : The entity com.backend.commentanalysis.entity.neo4j.OpinionNeo4j is using a Long value for storing internally generated Neo4j ids. The Neo4j internal Long Ids are deprecated, please consider using an external ID generator.
2025-03-09T18:44:23.988+08:00  INFO 42020 --- [CommentAnalysis] [restartedMain] o.s.b.d.a.OptionalLiveReloadServer       : LiveReload server is running on port 35729
2025-03-09T18:44:23.994+08:00  WARN 42020 --- [CommentAnalysis] [restartedMain] o.s.d.n.c.mapping.Neo4jPersistentEntity  : The entity com.backend.commentanalysis.entity.relation.HasOpinion is using a Long value for storing internally generated Neo4j ids. The Neo4j internal Long Ids are deprecated, please consider using an external ID generator.
2025-03-09T18:44:23.999+08:00  WARN 42020 --- [CommentAnalysis] [restartedMain] o.s.d.n.c.mapping.Neo4jPersistentEntity  : The entity com.backend.commentanalysis.entity.neo4j.AspectNeo4j is using a Long value for storing internally generated Neo4j ids. The Neo4j internal Long Ids are deprecated, please consider using an external ID generator.
2025-03-09T18:44:23.999+08:00  WARN 42020 --- [CommentAnalysis] [restartedMain] o.s.d.n.c.mapping.Neo4jPersistentEntity  : The entity com.backend.commentanalysis.entity.relation.HasAspect is using a Long value for storing internally generated Neo4j ids. The Neo4j internal Long Ids are deprecated, please consider using an external ID generator.
2025-03-09T18:44:24.742+08:00  INFO 42020 --- [CommentAnalysis] [restartedMain] o.s.b.w.embedded.tomcat.TomcatWebServer  : Tomcat started on port 8081 (http) with context path '/'
2025-03-09T18:44:24.751+08:00  INFO 42020 --- [CommentAnalysis] [restartedMain] c.b.c.CommentAnalysisApplication         : Started CommentAnalysisApplication in 4.116 seconds (process running for 4.921)
2025-03-09T18:47:23.864+08:00  INFO 42020 --- [CommentAnalysis] [http-nio-8081-exec-1] o.a.c.c.C.[Tomcat].[localhost].[/]       : Initializing Spring DispatcherServlet 'dispatcherServlet'
2025-03-09T18:47:23.864+08:00  INFO 42020 --- [CommentAnalysis] [http-nio-8081-exec-1] o.s.web.servlet.DispatcherServlet        : Initializing Servlet 'dispatcherServlet'
2025-03-09T18:47:23.866+08:00  INFO 42020 --- [CommentAnalysis] [http-nio-8081-exec-1] o.s.web.servlet.DispatcherServlet        : Completed initialization in 2 ms
2025-03-09T18:47:24.273+08:00  INFO 42020 --- [CommentAnalysis] [http-nio-8081-exec-1] com.zaxxer.hikari.HikariDataSource       : HikariPool-1 - Starting...
2025-03-09T18:47:24.562+08:00  INFO 42020 --- [CommentAnalysis] [http-nio-8081-exec-1] com.zaxxer.hikari.pool.HikariPool        : HikariPool-1 - Added connection com.mysql.cj.jdbc.ConnectionImpl@52290699
2025-03-09T18:47:24.562+08:00  INFO 42020 --- [CommentAnalysis] [http-nio-8081-exec-1] com.zaxxer.hikari.HikariDataSource       : HikariPool-1 - Start completed.
2025-03-09T18:47:34.556+08:00  WARN 42020 --- [CommentAnalysis] [http-nio-8081-exec-6] .w.s.m.s.DefaultHandlerExceptionResolver : Resolved [org.springframework.http.converter.HttpMessageNotReadableException: Required request body is missing: public com.backend.commentanalysis.entity.Result<java.util.List<com.backend.commentanalysis.entity.dto.AspectSentimentDTO>> com.backend.commentanalysis.controller.ProductController.getProductSentimentsByPid(java.util.List<java.lang.String>)]
2025-03-09T18:47:42.671+08:00  WARN 42020 --- [CommentAnalysis] [http-nio-8081-exec-4] .w.s.m.s.DefaultHandlerExceptionResolver : Resolved [org.springframework.http.converter.HttpMessageNotReadableException: Required request body is missing: public com.backend.commentanalysis.entity.Result<java.util.List<com.backend.commentanalysis.entity.dto.AspectSentimentDTO>> com.backend.commentanalysis.controller.ProductController.getProductSentimentsByPid(java.util.List<java.lang.String>)]
2025-03-09T18:47:45.210+08:00  WARN 42020 --- [CommentAnalysis] [http-nio-8081-exec-5] .w.s.m.s.DefaultHandlerExceptionResolver : Resolved [org.springframework.http.converter.HttpMessageNotReadableException: Required request body is missing: public com.backend.commentanalysis.entity.Result<java.util.List<com.backend.commentanalysis.entity.dto.AspectSentimentDTO>> com.backend.commentanalysis.controller.ProductController.getProductSentimentsByPid(java.util.List<java.lang.String>)]
2025-03-09T18:47:49.949+08:00  WARN 42020 --- [CommentAnalysis] [http-nio-8081-exec-3] .w.s.m.s.DefaultHandlerExceptionResolver : Resolved [org.springframework.http.converter.HttpMessageNotReadableException: Required request body is missing: public com.backend.commentanalysis.entity.Result<java.util.List<com.backend.commentanalysis.entity.dto.AspectSentimentDTO>> com.backend.commentanalysis.controller.ProductController.getProductSentimentsByPid(java.util.List<java.lang.String>)]
2025-03-09T18:48:18.885+08:00  WARN 42020 --- [CommentAnalysis] [http-nio-8081-exec-7] .w.s.m.s.DefaultHandlerExceptionResolver : Resolved [org.springframework.http.converter.HttpMessageNotReadableException: Required request body is missing: public com.backend.commentanalysis.entity.Result<java.util.List<com.backend.commentanalysis.entity.dto.AspectSentimentDTO>> com.backend.commentanalysis.controller.ProductController.getProductSentimentsByPid(java.util.List<java.lang.String>)]
2025-03-09T18:48:33.075+08:00  WARN 42020 --- [CommentAnalysis] [http-nio-8081-exec-10] .w.s.m.s.DefaultHandlerExceptionResolver : Resolved [org.springframework.http.converter.HttpMessageNotReadableException: Required request body is missing: public com.backend.commentanalysis.entity.Result<java.util.List<com.backend.commentanalysis.entity.dto.AspectSentimentDTO>> com.backend.commentanalysis.controller.ProductController.getProductSentimentsByPid(java.util.List<java.lang.String>)]
2025-03-09T18:50:16.097+08:00  INFO 42020 --- [CommentAnalysis] [SpringApplicationShutdownHook] o.neo4j.driver.internal.InternalDriver   : Closing driver instance 1498193471
2025-03-09T18:50:16.098+08:00  INFO 42020 --- [CommentAnalysis] [SpringApplicationShutdownHook] o.n.d.i.async.pool.ConnectionPoolImpl    : Closing connection pool towards localhost:7687
2025-03-09T18:50:16.329+08:00  INFO 42020 --- [CommentAnalysis] [SpringApplicationShutdownHook] com.zaxxer.hikari.HikariDataSource       : HikariPool-1 - Shutdown initiated...
2025-03-09T18:50:16.340+08:00  INFO 42020 --- [CommentAnalysis] [SpringApplicationShutdownHook] com.zaxxer.hikari.HikariDataSource       : HikariPool-1 - Shutdown completed.
2025-03-09T18:57:40.228+08:00  INFO 30200 --- [CommentAnalysis] [restartedMain] c.b.c.CommentAnalysisApplication         : Starting CommentAnalysisApplication using Java 22.0.1 with PID 30200 (E:\Comment Analysis Git\User-fine-grained-sentiment-analysis-and-visualization-system\BackEnd\CommentAnalysis\target\classes started by thunder lee in E:\Comment Analysis Git\User-fine-grained-sentiment-analysis-and-visualization-system\BackEnd)
2025-03-09T18:57:40.230+08:00  INFO 30200 --- [CommentAnalysis] [restartedMain] c.b.c.CommentAnalysisApplication         : No active profile set, falling back to 1 default profile: "default"
2025-03-09T18:57:40.315+08:00  INFO 30200 --- [CommentAnalysis] [restartedMain] o.s.b.devtools.restart.ChangeableUrls    : The Class-Path manifest attribute in E:\apache-maven-3.9.8-bin\maven-repository\com\oracle\database\jdbc\ojdbc11\21.9.0.0\ojdbc11-21.9.0.0.jar referenced one or more files that do not exist: file:/E:/apache-maven-3.9.8-bin/maven-repository/com/oracle/database/jdbc/ojdbc11/21.9.0.0/oraclepki.jar
2025-03-09T18:57:40.316+08:00  INFO 30200 --- [CommentAnalysis] [restartedMain] .e.DevToolsPropertyDefaultsPostProcessor : Devtools property defaults active! Set 'spring.devtools.add-properties' to 'false' to disable
2025-03-09T18:57:40.316+08:00  INFO 30200 --- [CommentAnalysis] [restartedMain] .e.DevToolsPropertyDefaultsPostProcessor : For additional web related logging consider setting the 'logging.level.web' property to 'DEBUG'
2025-03-09T18:57:41.355+08:00  INFO 30200 --- [CommentAnalysis] [restartedMain] .s.d.r.c.RepositoryConfigurationDelegate : Multiple Spring Data modules found, entering strict repository configuration mode
2025-03-09T18:57:41.356+08:00  INFO 30200 --- [CommentAnalysis] [restartedMain] .s.d.r.c.RepositoryConfigurationDelegate : Bootstrapping Spring Data Neo4j repositories in DEFAULT mode.
2025-03-09T18:57:41.561+08:00  INFO 30200 --- [CommentAnalysis] [restartedMain] .s.d.r.c.RepositoryConfigurationDelegate : Finished Spring Data repository scanning in 196 ms. Found 1 Neo4j repository interface.
2025-03-09T18:57:41.944+08:00  INFO 30200 --- [CommentAnalysis] [restartedMain] .s.d.r.c.RepositoryConfigurationDelegate : Multiple Spring Data modules found, entering strict repository configuration mode
2025-03-09T18:57:41.944+08:00  INFO 30200 --- [CommentAnalysis] [restartedMain] .s.d.r.c.RepositoryConfigurationDelegate : Bootstrapping Spring Data Neo4j repositories in DEFAULT mode.
2025-03-09T18:57:41.971+08:00  INFO 30200 --- [CommentAnalysis] [restartedMain] .s.d.r.c.RepositoryConfigurationDelegate : Finished Spring Data repository scanning in 26 ms. Found 0 Neo4j repository interfaces.
2025-03-09T18:57:41.992+08:00  INFO 30200 --- [CommentAnalysis] [restartedMain] .s.d.r.c.RepositoryConfigurationDelegate : Multiple Spring Data modules found, entering strict repository configuration mode
2025-03-09T18:57:41.995+08:00  INFO 30200 --- [CommentAnalysis] [restartedMain] .s.d.r.c.RepositoryConfigurationDelegate : Bootstrapping Spring Data Redis repositories in DEFAULT mode.
2025-03-09T18:57:42.023+08:00  INFO 30200 --- [CommentAnalysis] [restartedMain] .RepositoryConfigurationExtensionSupport : Spring Data Redis - Could not safely identify store assignment for repository candidate interface com.backend.commentanalysis.repository.ProductRepository; If you want this repository to be a Redis repository, consider annotating your entities with one of these annotations: org.springframework.data.redis.core.RedisHash (preferred), or consider extending one of the following types with your repository: org.springframework.data.keyvalue.repository.KeyValueRepository
2025-03-09T18:57:42.023+08:00  INFO 30200 --- [CommentAnalysis] [restartedMain] .s.d.r.c.RepositoryConfigurationDelegate : Finished Spring Data repository scanning in 14 ms. Found 0 Redis repository interfaces.
2025-03-09T18:57:43.079+08:00  INFO 30200 --- [CommentAnalysis] [restartedMain] o.s.b.w.embedded.tomcat.TomcatWebServer  : Tomcat initialized with port 8081 (http)
2025-03-09T18:57:43.097+08:00  INFO 30200 --- [CommentAnalysis] [restartedMain] o.apache.catalina.core.StandardService   : Starting service [Tomcat]
2025-03-09T18:57:43.098+08:00  INFO 30200 --- [CommentAnalysis] [restartedMain] o.apache.catalina.core.StandardEngine    : Starting Servlet engine: [Apache Tomcat/10.1.30]
2025-03-09T18:57:43.164+08:00  INFO 30200 --- [CommentAnalysis] [restartedMain] o.a.c.c.C.[Tomcat].[localhost].[/]       : Initializing Spring embedded WebApplicationContext
2025-03-09T18:57:43.165+08:00  INFO 30200 --- [CommentAnalysis] [restartedMain] w.s.c.ServletWebServerApplicationContext : Root WebApplicationContext: initialization completed in 2848 ms
2025-03-09T18:57:43.190+08:00  WARN 30200 --- [CommentAnalysis] [restartedMain] .s.b.d.a.RemoteDevToolsAutoConfiguration : Listening for remote restart updates on /.~~spring-boot!~/restart
2025-03-09T18:57:44.134+08:00  INFO 30200 --- [CommentAnalysis] [restartedMain] o.neo4j.driver.internal.DriverFactory    : Direct driver instance 1413422033 created for server address localhost:7687
2025-03-09T18:57:44.243+08:00  WARN 30200 --- [CommentAnalysis] [restartedMain] o.s.d.n.c.mapping.Neo4jPersistentEntity  : The entity com.backend.commentanalysis.entity.neo4j.OpinionNeo4j is using a Long value for storing internally generated Neo4j ids. The Neo4j internal Long Ids are deprecated, please consider using an external ID generator.
2025-03-09T18:57:44.311+08:00  INFO 30200 --- [CommentAnalysis] [restartedMain] o.s.b.d.a.OptionalLiveReloadServer       : LiveReload server is running on port 35729
2025-03-09T18:57:44.320+08:00  WARN 30200 --- [CommentAnalysis] [restartedMain] o.s.d.n.c.mapping.Neo4jPersistentEntity  : The entity com.backend.commentanalysis.entity.neo4j.AspectNeo4j is using a Long value for storing internally generated Neo4j ids. The Neo4j internal Long Ids are deprecated, please consider using an external ID generator.
2025-03-09T18:57:44.321+08:00  WARN 30200 --- [CommentAnalysis] [restartedMain] o.s.d.n.c.mapping.Neo4jPersistentEntity  : The entity com.backend.commentanalysis.entity.relation.HasAspect is using a Long value for storing internally generated Neo4j ids. The Neo4j internal Long Ids are deprecated, please consider using an external ID generator.
2025-03-09T18:57:44.323+08:00  WARN 30200 --- [CommentAnalysis] [restartedMain] o.s.d.n.c.mapping.Neo4jPersistentEntity  : The entity com.backend.commentanalysis.entity.relation.HasOpinion is using a Long value for storing internally generated Neo4j ids. The Neo4j internal Long Ids are deprecated, please consider using an external ID generator.
2025-03-09T18:57:45.351+08:00  INFO 30200 --- [CommentAnalysis] [restartedMain] o.s.b.w.embedded.tomcat.TomcatWebServer  : Tomcat started on port 8081 (http) with context path '/'
2025-03-09T18:57:45.358+08:00  INFO 30200 --- [CommentAnalysis] [restartedMain] c.b.c.CommentAnalysisApplication         : Started CommentAnalysisApplication in 5.862 seconds (process running for 7.195)
2025-03-09T18:58:10.022+08:00  INFO 30200 --- [CommentAnalysis] [http-nio-8081-exec-1] o.a.c.c.C.[Tomcat].[localhost].[/]       : Initializing Spring DispatcherServlet 'dispatcherServlet'
2025-03-09T18:58:10.022+08:00  INFO 30200 --- [CommentAnalysis] [http-nio-8081-exec-1] o.s.web.servlet.DispatcherServlet        : Initializing Servlet 'dispatcherServlet'
2025-03-09T18:58:10.024+08:00  INFO 30200 --- [CommentAnalysis] [http-nio-8081-exec-1] o.s.web.servlet.DispatcherServlet        : Completed initialization in 2 ms
2025-03-09T18:58:10.497+08:00  INFO 30200 --- [CommentAnalysis] [http-nio-8081-exec-1] com.zaxxer.hikari.HikariDataSource       : HikariPool-1 - Starting...
2025-03-09T18:58:10.881+08:00  INFO 30200 --- [CommentAnalysis] [http-nio-8081-exec-1] com.zaxxer.hikari.pool.HikariPool        : HikariPool-1 - Added connection com.mysql.cj.jdbc.ConnectionImpl@be10b1d
2025-03-09T18:58:10.882+08:00  INFO 30200 --- [CommentAnalysis] [http-nio-8081-exec-1] com.zaxxer.hikari.HikariDataSource       : HikariPool-1 - Start completed.
2025-03-09T18:59:17.205+08:00  INFO 30200 --- [CommentAnalysis] [SpringApplicationShutdownHook] o.neo4j.driver.internal.InternalDriver   : Closing driver instance 1413422033
2025-03-09T18:59:17.422+08:00  INFO 30200 --- [CommentAnalysis] [SpringApplicationShutdownHook] com.zaxxer.hikari.HikariDataSource       : HikariPool-1 - Shutdown initiated...
2025-03-09T18:59:17.430+08:00  INFO 30200 --- [CommentAnalysis] [SpringApplicationShutdownHook] com.zaxxer.hikari.HikariDataSource       : HikariPool-1 - Shutdown completed.
2025-03-09T18:59:22.296+08:00  INFO 18868 --- [CommentAnalysis] [restartedMain] c.b.c.CommentAnalysisApplication         : Starting CommentAnalysisApplication using Java 22.0.1 with PID 18868 (E:\Comment Analysis Git\User-fine-grained-sentiment-analysis-and-visualization-system\BackEnd\CommentAnalysis\target\classes started by thunder lee in E:\Comment Analysis Git\User-fine-grained-sentiment-analysis-and-visualization-system\BackEnd)
2025-03-09T18:59:22.298+08:00  INFO 18868 --- [CommentAnalysis] [restartedMain] c.b.c.CommentAnalysisApplication         : No active profile set, falling back to 1 default profile: "default"
2025-03-09T18:59:22.365+08:00  INFO 18868 --- [CommentAnalysis] [restartedMain] o.s.b.devtools.restart.ChangeableUrls    : The Class-Path manifest attribute in E:\apache-maven-3.9.8-bin\maven-repository\com\oracle\database\jdbc\ojdbc11\21.9.0.0\ojdbc11-21.9.0.0.jar referenced one or more files that do not exist: file:/E:/apache-maven-3.9.8-bin/maven-repository/com/oracle/database/jdbc/ojdbc11/21.9.0.0/oraclepki.jar
2025-03-09T18:59:22.366+08:00  INFO 18868 --- [CommentAnalysis] [restartedMain] .e.DevToolsPropertyDefaultsPostProcessor : Devtools property defaults active! Set 'spring.devtools.add-properties' to 'false' to disable
2025-03-09T18:59:22.366+08:00  INFO 18868 --- [CommentAnalysis] [restartedMain] .e.DevToolsPropertyDefaultsPostProcessor : For additional web related logging consider setting the 'logging.level.web' property to 'DEBUG'
2025-03-09T18:59:22.978+08:00  INFO 18868 --- [CommentAnalysis] [restartedMain] .s.d.r.c.RepositoryConfigurationDelegate : Multiple Spring Data modules found, entering strict repository configuration mode
2025-03-09T18:59:22.979+08:00  INFO 18868 --- [CommentAnalysis] [restartedMain] .s.d.r.c.RepositoryConfigurationDelegate : Bootstrapping Spring Data Neo4j repositories in DEFAULT mode.
2025-03-09T18:59:23.074+08:00  INFO 18868 --- [CommentAnalysis] [restartedMain] .s.d.r.c.RepositoryConfigurationDelegate : Finished Spring Data repository scanning in 90 ms. Found 1 Neo4j repository interface.
2025-03-09T18:59:23.288+08:00  INFO 18868 --- [CommentAnalysis] [restartedMain] .s.d.r.c.RepositoryConfigurationDelegate : Multiple Spring Data modules found, entering strict repository configuration mode
2025-03-09T18:59:23.288+08:00  INFO 18868 --- [CommentAnalysis] [restartedMain] .s.d.r.c.RepositoryConfigurationDelegate : Bootstrapping Spring Data Neo4j repositories in DEFAULT mode.
2025-03-09T18:59:23.307+08:00  INFO 18868 --- [CommentAnalysis] [restartedMain] .s.d.r.c.RepositoryConfigurationDelegate : Finished Spring Data repository scanning in 17 ms. Found 0 Neo4j repository interfaces.
2025-03-09T18:59:23.314+08:00  INFO 18868 --- [CommentAnalysis] [restartedMain] .s.d.r.c.RepositoryConfigurationDelegate : Multiple Spring Data modules found, entering strict repository configuration mode
2025-03-09T18:59:23.315+08:00  INFO 18868 --- [CommentAnalysis] [restartedMain] .s.d.r.c.RepositoryConfigurationDelegate : Bootstrapping Spring Data Redis repositories in DEFAULT mode.
2025-03-09T18:59:23.332+08:00  INFO 18868 --- [CommentAnalysis] [restartedMain] .RepositoryConfigurationExtensionSupport : Spring Data Redis - Could not safely identify store assignment for repository candidate interface com.backend.commentanalysis.repository.ProductRepository; If you want this repository to be a Redis repository, consider annotating your entities with one of these annotations: org.springframework.data.redis.core.RedisHash (preferred), or consider extending one of the following types with your repository: org.springframework.data.keyvalue.repository.KeyValueRepository
2025-03-09T18:59:23.334+08:00  INFO 18868 --- [CommentAnalysis] [restartedMain] .s.d.r.c.RepositoryConfigurationDelegate : Finished Spring Data repository scanning in 12 ms. Found 0 Redis repository interfaces.
2025-03-09T18:59:24.003+08:00  INFO 18868 --- [CommentAnalysis] [restartedMain] o.s.b.w.embedded.tomcat.TomcatWebServer  : Tomcat initialized with port 8081 (http)
2025-03-09T18:59:24.016+08:00  INFO 18868 --- [CommentAnalysis] [restartedMain] o.apache.catalina.core.StandardService   : Starting service [Tomcat]
2025-03-09T18:59:24.016+08:00  INFO 18868 --- [CommentAnalysis] [restartedMain] o.apache.catalina.core.StandardEngine    : Starting Servlet engine: [Apache Tomcat/10.1.30]
2025-03-09T18:59:24.057+08:00  INFO 18868 --- [CommentAnalysis] [restartedMain] o.a.c.c.C.[Tomcat].[localhost].[/]       : Initializing Spring embedded WebApplicationContext
2025-03-09T18:59:24.058+08:00  INFO 18868 --- [CommentAnalysis] [restartedMain] w.s.c.ServletWebServerApplicationContext : Root WebApplicationContext: initialization completed in 1691 ms
2025-03-09T18:59:24.076+08:00  WARN 18868 --- [CommentAnalysis] [restartedMain] .s.b.d.a.RemoteDevToolsAutoConfiguration : Listening for remote restart updates on /.~~spring-boot!~/restart
2025-03-09T18:59:24.644+08:00  INFO 18868 --- [CommentAnalysis] [restartedMain] o.neo4j.driver.internal.DriverFactory    : Direct driver instance 1932976688 created for server address localhost:7687
2025-03-09T18:59:24.726+08:00  WARN 18868 --- [CommentAnalysis] [restartedMain] o.s.d.n.c.mapping.Neo4jPersistentEntity  : The entity com.backend.commentanalysis.entity.neo4j.OpinionNeo4j is using a Long value for storing internally generated Neo4j ids. The Neo4j internal Long Ids are deprecated, please consider using an external ID generator.
2025-03-09T18:59:24.759+08:00  INFO 18868 --- [CommentAnalysis] [restartedMain] o.s.b.d.a.OptionalLiveReloadServer       : LiveReload server is running on port 35729
2025-03-09T18:59:24.763+08:00  WARN 18868 --- [CommentAnalysis] [restartedMain] o.s.d.n.c.mapping.Neo4jPersistentEntity  : The entity com.backend.commentanalysis.entity.neo4j.AspectNeo4j is using a Long value for storing internally generated Neo4j ids. The Neo4j internal Long Ids are deprecated, please consider using an external ID generator.
2025-03-09T18:59:24.765+08:00  WARN 18868 --- [CommentAnalysis] [restartedMain] o.s.d.n.c.mapping.Neo4jPersistentEntity  : The entity com.backend.commentanalysis.entity.relation.HasAspect is using a Long value for storing internally generated Neo4j ids. The Neo4j internal Long Ids are deprecated, please consider using an external ID generator.
2025-03-09T18:59:24.768+08:00  WARN 18868 --- [CommentAnalysis] [restartedMain] o.s.d.n.c.mapping.Neo4jPersistentEntity  : The entity com.backend.commentanalysis.entity.relation.HasOpinion is using a Long value for storing internally generated Neo4j ids. The Neo4j internal Long Ids are deprecated, please consider using an external ID generator.
2025-03-09T18:59:25.504+08:00  INFO 18868 --- [CommentAnalysis] [restartedMain] o.s.b.w.embedded.tomcat.TomcatWebServer  : Tomcat started on port 8081 (http) with context path '/'
2025-03-09T18:59:25.511+08:00  INFO 18868 --- [CommentAnalysis] [restartedMain] c.b.c.CommentAnalysisApplication         : Started CommentAnalysisApplication in 3.716 seconds (process running for 4.489)
2025-03-09T18:59:54.261+08:00  INFO 18868 --- [CommentAnalysis] [SpringApplicationShutdownHook] o.neo4j.driver.internal.InternalDriver   : Closing driver instance 1932976688
2025-03-09T18:59:59.679+08:00  INFO 11860 --- [CommentAnalysis] [restartedMain] c.b.c.CommentAnalysisApplication         : Starting CommentAnalysisApplication using Java 22.0.1 with PID 11860 (E:\Comment Analysis Git\User-fine-grained-sentiment-analysis-and-visualization-system\BackEnd\CommentAnalysis\target\classes started by thunder lee in E:\Comment Analysis Git\User-fine-grained-sentiment-analysis-and-visualization-system\BackEnd)
2025-03-09T18:59:59.681+08:00  INFO 11860 --- [CommentAnalysis] [restartedMain] c.b.c.CommentAnalysisApplication         : No active profile set, falling back to 1 default profile: "default"
2025-03-09T18:59:59.754+08:00  INFO 11860 --- [CommentAnalysis] [restartedMain] o.s.b.devtools.restart.ChangeableUrls    : The Class-Path manifest attribute in E:\apache-maven-3.9.8-bin\maven-repository\com\oracle\database\jdbc\ojdbc11\21.9.0.0\ojdbc11-21.9.0.0.jar referenced one or more files that do not exist: file:/E:/apache-maven-3.9.8-bin/maven-repository/com/oracle/database/jdbc/ojdbc11/21.9.0.0/oraclepki.jar
2025-03-09T18:59:59.755+08:00  INFO 11860 --- [CommentAnalysis] [restartedMain] .e.DevToolsPropertyDefaultsPostProcessor : Devtools property defaults active! Set 'spring.devtools.add-properties' to 'false' to disable
2025-03-09T18:59:59.755+08:00  INFO 11860 --- [CommentAnalysis] [restartedMain] .e.DevToolsPropertyDefaultsPostProcessor : For additional web related logging consider setting the 'logging.level.web' property to 'DEBUG'
2025-03-09T19:00:00.397+08:00  INFO 11860 --- [CommentAnalysis] [restartedMain] .s.d.r.c.RepositoryConfigurationDelegate : Multiple Spring Data modules found, entering strict repository configuration mode
2025-03-09T19:00:00.397+08:00  INFO 11860 --- [CommentAnalysis] [restartedMain] .s.d.r.c.RepositoryConfigurationDelegate : Bootstrapping Spring Data Neo4j repositories in DEFAULT mode.
2025-03-09T19:00:00.515+08:00  INFO 11860 --- [CommentAnalysis] [restartedMain] .s.d.r.c.RepositoryConfigurationDelegate : Finished Spring Data repository scanning in 114 ms. Found 1 Neo4j repository interface.
2025-03-09T19:00:00.740+08:00  INFO 11860 --- [CommentAnalysis] [restartedMain] .s.d.r.c.RepositoryConfigurationDelegate : Multiple Spring Data modules found, entering strict repository configuration mode
2025-03-09T19:00:00.740+08:00  INFO 11860 --- [CommentAnalysis] [restartedMain] .s.d.r.c.RepositoryConfigurationDelegate : Bootstrapping Spring Data Neo4j repositories in DEFAULT mode.
2025-03-09T19:00:00.761+08:00  INFO 11860 --- [CommentAnalysis] [restartedMain] .s.d.r.c.RepositoryConfigurationDelegate : Finished Spring Data repository scanning in 19 ms. Found 0 Neo4j repository interfaces.
2025-03-09T19:00:00.770+08:00  INFO 11860 --- [CommentAnalysis] [restartedMain] .s.d.r.c.RepositoryConfigurationDelegate : Multiple Spring Data modules found, entering strict repository configuration mode
2025-03-09T19:00:00.771+08:00  INFO 11860 --- [CommentAnalysis] [restartedMain] .s.d.r.c.RepositoryConfigurationDelegate : Bootstrapping Spring Data Redis repositories in DEFAULT mode.
2025-03-09T19:00:00.789+08:00  INFO 11860 --- [CommentAnalysis] [restartedMain] .RepositoryConfigurationExtensionSupport : Spring Data Redis - Could not safely identify store assignment for repository candidate interface com.backend.commentanalysis.repository.ProductRepository; If you want this repository to be a Redis repository, consider annotating your entities with one of these annotations: org.springframework.data.redis.core.RedisHash (preferred), or consider extending one of the following types with your repository: org.springframework.data.keyvalue.repository.KeyValueRepository
2025-03-09T19:00:00.789+08:00  INFO 11860 --- [CommentAnalysis] [restartedMain] .s.d.r.c.RepositoryConfigurationDelegate : Finished Spring Data repository scanning in 12 ms. Found 0 Redis repository interfaces.
2025-03-09T19:00:01.487+08:00  INFO 11860 --- [CommentAnalysis] [restartedMain] o.s.b.w.embedded.tomcat.TomcatWebServer  : Tomcat initialized with port 8081 (http)
2025-03-09T19:00:01.500+08:00  INFO 11860 --- [CommentAnalysis] [restartedMain] o.apache.catalina.core.StandardService   : Starting service [Tomcat]
2025-03-09T19:00:01.501+08:00  INFO 11860 --- [CommentAnalysis] [restartedMain] o.apache.catalina.core.StandardEngine    : Starting Servlet engine: [Apache Tomcat/10.1.30]
2025-03-09T19:00:01.553+08:00  INFO 11860 --- [CommentAnalysis] [restartedMain] o.a.c.c.C.[Tomcat].[localhost].[/]       : Initializing Spring embedded WebApplicationContext
2025-03-09T19:00:01.553+08:00  INFO 11860 --- [CommentAnalysis] [restartedMain] w.s.c.ServletWebServerApplicationContext : Root WebApplicationContext: initialization completed in 1797 ms
2025-03-09T19:00:01.575+08:00  WARN 11860 --- [CommentAnalysis] [restartedMain] .s.b.d.a.RemoteDevToolsAutoConfiguration : Listening for remote restart updates on /.~~spring-boot!~/restart
2025-03-09T19:00:02.217+08:00  INFO 11860 --- [CommentAnalysis] [restartedMain] o.neo4j.driver.internal.DriverFactory    : Direct driver instance 218446 created for server address localhost:7687
2025-03-09T19:00:02.303+08:00  WARN 11860 --- [CommentAnalysis] [restartedMain] o.s.d.n.c.mapping.Neo4jPersistentEntity  : The entity com.backend.commentanalysis.entity.neo4j.OpinionNeo4j is using a Long value for storing internally generated Neo4j ids. The Neo4j internal Long Ids are deprecated, please consider using an external ID generator.
2025-03-09T19:00:02.343+08:00  INFO 11860 --- [CommentAnalysis] [restartedMain] o.s.b.d.a.OptionalLiveReloadServer       : LiveReload server is running on port 35729
2025-03-09T19:00:02.349+08:00  WARN 11860 --- [CommentAnalysis] [restartedMain] o.s.d.n.c.mapping.Neo4jPersistentEntity  : The entity com.backend.commentanalysis.entity.neo4j.AspectNeo4j is using a Long value for storing internally generated Neo4j ids. The Neo4j internal Long Ids are deprecated, please consider using an external ID generator.
2025-03-09T19:00:02.354+08:00  WARN 11860 --- [CommentAnalysis] [restartedMain] o.s.d.n.c.mapping.Neo4jPersistentEntity  : The entity com.backend.commentanalysis.entity.relation.HasAspect is using a Long value for storing internally generated Neo4j ids. The Neo4j internal Long Ids are deprecated, please consider using an external ID generator.
2025-03-09T19:00:02.358+08:00  WARN 11860 --- [CommentAnalysis] [restartedMain] o.s.d.n.c.mapping.Neo4jPersistentEntity  : The entity com.backend.commentanalysis.entity.relation.HasOpinion is using a Long value for storing internally generated Neo4j ids. The Neo4j internal Long Ids are deprecated, please consider using an external ID generator.
2025-03-09T19:00:03.099+08:00  INFO 11860 --- [CommentAnalysis] [restartedMain] o.s.b.w.embedded.tomcat.TomcatWebServer  : Tomcat started on port 8081 (http) with context path '/'
2025-03-09T19:00:03.107+08:00  INFO 11860 --- [CommentAnalysis] [restartedMain] c.b.c.CommentAnalysisApplication         : Started CommentAnalysisApplication in 3.952 seconds (process running for 4.724)
2025-03-09T19:00:11.028+08:00  INFO 11860 --- [CommentAnalysis] [http-nio-8081-exec-1] o.a.c.c.C.[Tomcat].[localhost].[/]       : Initializing Spring DispatcherServlet 'dispatcherServlet'
2025-03-09T19:00:11.028+08:00  INFO 11860 --- [CommentAnalysis] [http-nio-8081-exec-1] o.s.web.servlet.DispatcherServlet        : Initializing Servlet 'dispatcherServlet'
2025-03-09T19:00:11.030+08:00  INFO 11860 --- [CommentAnalysis] [http-nio-8081-exec-1] o.s.web.servlet.DispatcherServlet        : Completed initialization in 2 ms
2025-03-09T19:00:11.508+08:00  INFO 11860 --- [CommentAnalysis] [http-nio-8081-exec-1] com.zaxxer.hikari.HikariDataSource       : HikariPool-1 - Starting...
2025-03-09T19:00:11.794+08:00  INFO 11860 --- [CommentAnalysis] [http-nio-8081-exec-1] com.zaxxer.hikari.pool.HikariPool        : HikariPool-1 - Added connection com.mysql.cj.jdbc.ConnectionImpl@1fadab1f
2025-03-09T19:00:11.795+08:00  INFO 11860 --- [CommentAnalysis] [http-nio-8081-exec-1] com.zaxxer.hikari.HikariDataSource       : HikariPool-1 - Start completed.
2025-03-09T19:00:12.596+08:00 ERROR 11860 --- [CommentAnalysis] [http-nio-8081-exec-4] o.a.c.c.C.[.[.[/].[dispatcherServlet]    : Servlet.service() for servlet [dispatcherServlet] in context with path [] threw exception [Request processing failed: java.lang.ClassCastException: class com.backend.commentanalysis.entity.dto.ProductInfoDTO cannot be cast to class com.backend.commentanalysis.entity.dto.ProductInfoDTO (com.backend.commentanalysis.entity.dto.ProductInfoDTO is in unnamed module of loader 'app'; com.backend.commentanalysis.entity.dto.ProductInfoDTO is in unnamed module of loader org.springframework.boot.devtools.restart.classloader.RestartClassLoader @98dad)] with root cause

java.lang.ClassCastException: class com.backend.commentanalysis.entity.dto.ProductInfoDTO cannot be cast to class com.backend.commentanalysis.entity.dto.ProductInfoDTO (com.backend.commentanalysis.entity.dto.ProductInfoDTO is in unnamed module of loader 'app'; com.backend.commentanalysis.entity.dto.ProductInfoDTO is in unnamed module of loader org.springframework.boot.devtools.restart.classloader.RestartClassLoader @98dad)
	at com.backend.commentanalysis.service.implement.ProductServiceImpl$$SpringCGLIB$$0.getProductInfoByPid(<generated>) ~[classes/:na]
	at com.backend.commentanalysis.controller.ProductController.getProductInfoByPid(ProductController.java:45) ~[classes/:na]
	at java.base/jdk.internal.reflect.DirectMethodHandleAccessor.invoke(DirectMethodHandleAccessor.java:103) ~[na:na]
	at java.base/java.lang.reflect.Method.invoke(Method.java:580) ~[na:na]
	at org.springframework.aop.support.AopUtils.invokeJoinpointUsingReflection(AopUtils.java:355) ~[spring-aop-6.1.13.jar:6.1.13]
	at org.springframework.aop.framework.ReflectiveMethodInvocation.invokeJoinpoint(ReflectiveMethodInvocation.java:196) ~[spring-aop-6.1.13.jar:6.1.13]
	at org.springframework.aop.framework.ReflectiveMethodInvocation.proceed(ReflectiveMethodInvocation.java:163) ~[spring-aop-6.1.13.jar:6.1.13]
	at org.springframework.aop.framework.CglibAopProxy$CglibMethodInvocation.proceed(CglibAopProxy.java:768) ~[spring-aop-6.1.13.jar:6.1.13]
	at org.springframework.validation.beanvalidation.MethodValidationInterceptor.invoke(MethodValidationInterceptor.java:174) ~[spring-context-6.1.13.jar:6.1.13]
	at org.springframework.aop.framework.ReflectiveMethodInvocation.proceed(ReflectiveMethodInvocation.java:184) ~[spring-aop-6.1.13.jar:6.1.13]
	at org.springframework.aop.framework.CglibAopProxy$CglibMethodInvocation.proceed(CglibAopProxy.java:768) ~[spring-aop-6.1.13.jar:6.1.13]
	at org.springframework.aop.framework.CglibAopProxy$DynamicAdvisedInterceptor.intercept(CglibAopProxy.java:720) ~[spring-aop-6.1.13.jar:6.1.13]
	at com.backend.commentanalysis.controller.ProductController$$SpringCGLIB$$0.getProductInfoByPid(<generated>) ~[classes/:na]
	at java.base/jdk.internal.reflect.DirectMethodHandleAccessor.invoke(DirectMethodHandleAccessor.java:103) ~[na:na]
	at java.base/java.lang.reflect.Method.invoke(Method.java:580) ~[na:na]
	at org.springframework.web.method.support.InvocableHandlerMethod.doInvoke(InvocableHandlerMethod.java:255) ~[spring-web-6.1.13.jar:6.1.13]
	at org.springframework.web.method.support.InvocableHandlerMethod.invokeForRequest(InvocableHandlerMethod.java:188) ~[spring-web-6.1.13.jar:6.1.13]
	at org.springframework.web.servlet.mvc.method.annotation.ServletInvocableHandlerMethod.invokeAndHandle(ServletInvocableHandlerMethod.java:118) ~[spring-webmvc-6.1.13.jar:6.1.13]
	at org.springframework.web.servlet.mvc.method.annotation.RequestMappingHandlerAdapter.invokeHandlerMethod(RequestMappingHandlerAdapter.java:926) ~[spring-webmvc-6.1.13.jar:6.1.13]
	at org.springframework.web.servlet.mvc.method.annotation.RequestMappingHandlerAdapter.handleInternal(RequestMappingHandlerAdapter.java:831) ~[spring-webmvc-6.1.13.jar:6.1.13]
	at org.springframework.web.servlet.mvc.method.AbstractHandlerMethodAdapter.handle(AbstractHandlerMethodAdapter.java:87) ~[spring-webmvc-6.1.13.jar:6.1.13]
	at org.springframework.web.servlet.DispatcherServlet.doDispatch(DispatcherServlet.java:1089) ~[spring-webmvc-6.1.13.jar:6.1.13]
	at org.springframework.web.servlet.DispatcherServlet.doService(DispatcherServlet.java:979) ~[spring-webmvc-6.1.13.jar:6.1.13]
	at org.springframework.web.servlet.FrameworkServlet.processRequest(FrameworkServlet.java:1014) ~[spring-webmvc-6.1.13.jar:6.1.13]
	at org.springframework.web.servlet.FrameworkServlet.doGet(FrameworkServlet.java:903) ~[spring-webmvc-6.1.13.jar:6.1.13]
	at jakarta.servlet.http.HttpServlet.service(HttpServlet.java:564) ~[tomcat-embed-core-10.1.30.jar:6.0]
	at org.springframework.web.servlet.FrameworkServlet.service(FrameworkServlet.java:885) ~[spring-webmvc-6.1.13.jar:6.1.13]
	at jakarta.servlet.http.HttpServlet.service(HttpServlet.java:658) ~[tomcat-embed-core-10.1.30.jar:6.0]
	at org.apache.catalina.core.ApplicationFilterChain.internalDoFilter(ApplicationFilterChain.java:195) ~[tomcat-embed-core-10.1.30.jar:10.1.30]
	at org.apache.catalina.core.ApplicationFilterChain.doFilter(ApplicationFilterChain.java:140) ~[tomcat-embed-core-10.1.30.jar:10.1.30]
	at org.apache.tomcat.websocket.server.WsFilter.doFilter(WsFilter.java:51) ~[tomcat-embed-websocket-10.1.30.jar:10.1.30]
	at org.apache.catalina.core.ApplicationFilterChain.internalDoFilter(ApplicationFilterChain.java:164) ~[tomcat-embed-core-10.1.30.jar:10.1.30]
	at org.apache.catalina.core.ApplicationFilterChain.doFilter(ApplicationFilterChain.java:140) ~[tomcat-embed-core-10.1.30.jar:10.1.30]
	at org.springframework.boot.devtools.remote.server.DispatcherFilter.doFilter(DispatcherFilter.java:72) ~[spring-boot-devtools-3.3.4.jar:3.3.4]
	at org.springframework.boot.devtools.remote.server.DispatcherFilter.doFilter(DispatcherFilter.java:60) ~[spring-boot-devtools-3.3.4.jar:3.3.4]
	at org.apache.catalina.core.ApplicationFilterChain.internalDoFilter(ApplicationFilterChain.java:164) ~[tomcat-embed-core-10.1.30.jar:10.1.30]
	at org.apache.catalina.core.ApplicationFilterChain.doFilter(ApplicationFilterChain.java:140) ~[tomcat-embed-core-10.1.30.jar:10.1.30]
	at org.springframework.web.filter.RequestContextFilter.doFilterInternal(RequestContextFilter.java:100) ~[spring-web-6.1.13.jar:6.1.13]
	at org.springframework.web.filter.OncePerRequestFilter.doFilter(OncePerRequestFilter.java:116) ~[spring-web-6.1.13.jar:6.1.13]
	at org.apache.catalina.core.ApplicationFilterChain.internalDoFilter(ApplicationFilterChain.java:164) ~[tomcat-embed-core-10.1.30.jar:10.1.30]
	at org.apache.catalina.core.ApplicationFilterChain.doFilter(ApplicationFilterChain.java:140) ~[tomcat-embed-core-10.1.30.jar:10.1.30]
	at org.springframework.web.filter.FormContentFilter.doFilterInternal(FormContentFilter.java:93) ~[spring-web-6.1.13.jar:6.1.13]
	at org.springframework.web.filter.OncePerRequestFilter.doFilter(OncePerRequestFilter.java:116) ~[spring-web-6.1.13.jar:6.1.13]
	at org.apache.catalina.core.ApplicationFilterChain.internalDoFilter(ApplicationFilterChain.java:164) ~[tomcat-embed-core-10.1.30.jar:10.1.30]
	at org.apache.catalina.core.ApplicationFilterChain.doFilter(ApplicationFilterChain.java:140) ~[tomcat-embed-core-10.1.30.jar:10.1.30]
	at org.springframework.web.filter.CharacterEncodingFilter.doFilterInternal(CharacterEncodingFilter.java:201) ~[spring-web-6.1.13.jar:6.1.13]
	at org.springframework.web.filter.OncePerRequestFilter.doFilter(OncePerRequestFilter.java:116) ~[spring-web-6.1.13.jar:6.1.13]
	at org.apache.catalina.core.ApplicationFilterChain.internalDoFilter(ApplicationFilterChain.java:164) ~[tomcat-embed-core-10.1.30.jar:10.1.30]
	at org.apache.catalina.core.ApplicationFilterChain.doFilter(ApplicationFilterChain.java:140) ~[tomcat-embed-core-10.1.30.jar:10.1.30]
	at org.apache.catalina.core.StandardWrapperValve.invoke(StandardWrapperValve.java:167) ~[tomcat-embed-core-10.1.30.jar:10.1.30]
	at org.apache.catalina.core.StandardContextValve.invoke(StandardContextValve.java:90) ~[tomcat-embed-core-10.1.30.jar:10.1.30]
	at org.apache.catalina.authenticator.AuthenticatorBase.invoke(AuthenticatorBase.java:483) ~[tomcat-embed-core-10.1.30.jar:10.1.30]
	at org.apache.catalina.core.StandardHostValve.invoke(StandardHostValve.java:115) ~[tomcat-embed-core-10.1.30.jar:10.1.30]
	at org.apache.catalina.valves.ErrorReportValve.invoke(ErrorReportValve.java:93) ~[tomcat-embed-core-10.1.30.jar:10.1.30]
	at org.apache.catalina.core.StandardEngineValve.invoke(StandardEngineValve.java:74) ~[tomcat-embed-core-10.1.30.jar:10.1.30]
	at org.apache.catalina.connector.CoyoteAdapter.service(CoyoteAdapter.java:344) ~[tomcat-embed-core-10.1.30.jar:10.1.30]
	at org.apache.coyote.http11.Http11Processor.service(Http11Processor.java:384) ~[tomcat-embed-core-10.1.30.jar:10.1.30]
	at org.apache.coyote.AbstractProcessorLight.process(AbstractProcessorLight.java:63) ~[tomcat-embed-core-10.1.30.jar:10.1.30]
	at org.apache.coyote.AbstractProtocol$ConnectionHandler.process(AbstractProtocol.java:905) ~[tomcat-embed-core-10.1.30.jar:10.1.30]
	at org.apache.tomcat.util.net.NioEndpoint$SocketProcessor.doRun(NioEndpoint.java:1741) ~[tomcat-embed-core-10.1.30.jar:10.1.30]
	at org.apache.tomcat.util.net.SocketProcessorBase.run(SocketProcessorBase.java:52) ~[tomcat-embed-core-10.1.30.jar:10.1.30]
	at org.apache.tomcat.util.threads.ThreadPoolExecutor.runWorker(ThreadPoolExecutor.java:1190) ~[tomcat-embed-core-10.1.30.jar:10.1.30]
	at org.apache.tomcat.util.threads.ThreadPoolExecutor$Worker.run(ThreadPoolExecutor.java:659) ~[tomcat-embed-core-10.1.30.jar:10.1.30]
	at org.apache.tomcat.util.threads.TaskThread$WrappingRunnable.run(TaskThread.java:63) ~[tomcat-embed-core-10.1.30.jar:10.1.30]
	at java.base/java.lang.Thread.run(Thread.java:1570) ~[na:na]

2025-03-09T19:01:00.117+08:00  INFO 11860 --- [CommentAnalysis] [SpringApplicationShutdownHook] o.neo4j.driver.internal.InternalDriver   : Closing driver instance 218446
2025-03-09T19:01:00.339+08:00  INFO 11860 --- [CommentAnalysis] [SpringApplicationShutdownHook] com.zaxxer.hikari.HikariDataSource       : HikariPool-1 - Shutdown initiated...
2025-03-09T19:01:00.346+08:00  INFO 11860 --- [CommentAnalysis] [SpringApplicationShutdownHook] com.zaxxer.hikari.HikariDataSource       : HikariPool-1 - Shutdown completed.
2025-03-09T19:01:05.058+08:00  INFO 39288 --- [CommentAnalysis] [restartedMain] c.b.c.CommentAnalysisApplication         : Starting CommentAnalysisApplication using Java 22.0.1 with PID 39288 (E:\Comment Analysis Git\User-fine-grained-sentiment-analysis-and-visualization-system\BackEnd\CommentAnalysis\target\classes started by thunder lee in E:\Comment Analysis Git\User-fine-grained-sentiment-analysis-and-visualization-system\BackEnd)
2025-03-09T19:01:05.060+08:00  INFO 39288 --- [CommentAnalysis] [restartedMain] c.b.c.CommentAnalysisApplication         : No active profile set, falling back to 1 default profile: "default"
2025-03-09T19:01:05.141+08:00  INFO 39288 --- [CommentAnalysis] [restartedMain] o.s.b.devtools.restart.ChangeableUrls    : The Class-Path manifest attribute in E:\apache-maven-3.9.8-bin\maven-repository\com\oracle\database\jdbc\ojdbc11\21.9.0.0\ojdbc11-21.9.0.0.jar referenced one or more files that do not exist: file:/E:/apache-maven-3.9.8-bin/maven-repository/com/oracle/database/jdbc/ojdbc11/21.9.0.0/oraclepki.jar
2025-03-09T19:01:05.141+08:00  INFO 39288 --- [CommentAnalysis] [restartedMain] .e.DevToolsPropertyDefaultsPostProcessor : Devtools property defaults active! Set 'spring.devtools.add-properties' to 'false' to disable
2025-03-09T19:01:05.142+08:00  INFO 39288 --- [CommentAnalysis] [restartedMain] .e.DevToolsPropertyDefaultsPostProcessor : For additional web related logging consider setting the 'logging.level.web' property to 'DEBUG'
2025-03-09T19:01:05.771+08:00  INFO 39288 --- [CommentAnalysis] [restartedMain] .s.d.r.c.RepositoryConfigurationDelegate : Multiple Spring Data modules found, entering strict repository configuration mode
2025-03-09T19:01:05.772+08:00  INFO 39288 --- [CommentAnalysis] [restartedMain] .s.d.r.c.RepositoryConfigurationDelegate : Bootstrapping Spring Data Neo4j repositories in DEFAULT mode.
2025-03-09T19:01:05.876+08:00  INFO 39288 --- [CommentAnalysis] [restartedMain] .s.d.r.c.RepositoryConfigurationDelegate : Finished Spring Data repository scanning in 100 ms. Found 1 Neo4j repository interface.
2025-03-09T19:01:06.103+08:00  INFO 39288 --- [CommentAnalysis] [restartedMain] .s.d.r.c.RepositoryConfigurationDelegate : Multiple Spring Data modules found, entering strict repository configuration mode
2025-03-09T19:01:06.104+08:00  INFO 39288 --- [CommentAnalysis] [restartedMain] .s.d.r.c.RepositoryConfigurationDelegate : Bootstrapping Spring Data Neo4j repositories in DEFAULT mode.
2025-03-09T19:01:06.126+08:00  INFO 39288 --- [CommentAnalysis] [restartedMain] .s.d.r.c.RepositoryConfigurationDelegate : Finished Spring Data repository scanning in 20 ms. Found 0 Neo4j repository interfaces.
2025-03-09T19:01:06.136+08:00  INFO 39288 --- [CommentAnalysis] [restartedMain] .s.d.r.c.RepositoryConfigurationDelegate : Multiple Spring Data modules found, entering strict repository configuration mode
2025-03-09T19:01:06.137+08:00  INFO 39288 --- [CommentAnalysis] [restartedMain] .s.d.r.c.RepositoryConfigurationDelegate : Bootstrapping Spring Data Redis repositories in DEFAULT mode.
2025-03-09T19:01:06.154+08:00  INFO 39288 --- [CommentAnalysis] [restartedMain] .RepositoryConfigurationExtensionSupport : Spring Data Redis - Could not safely identify store assignment for repository candidate interface com.backend.commentanalysis.repository.ProductRepository; If you want this repository to be a Redis repository, consider annotating your entities with one of these annotations: org.springframework.data.redis.core.RedisHash (preferred), or consider extending one of the following types with your repository: org.springframework.data.keyvalue.repository.KeyValueRepository
2025-03-09T19:01:06.155+08:00  INFO 39288 --- [CommentAnalysis] [restartedMain] .s.d.r.c.RepositoryConfigurationDelegate : Finished Spring Data repository scanning in 12 ms. Found 0 Redis repository interfaces.
2025-03-09T19:01:06.877+08:00  INFO 39288 --- [CommentAnalysis] [restartedMain] o.s.b.w.embedded.tomcat.TomcatWebServer  : Tomcat initialized with port 8081 (http)
2025-03-09T19:01:06.891+08:00  INFO 39288 --- [CommentAnalysis] [restartedMain] o.apache.catalina.core.StandardService   : Starting service [Tomcat]
2025-03-09T19:01:06.892+08:00  INFO 39288 --- [CommentAnalysis] [restartedMain] o.apache.catalina.core.StandardEngine    : Starting Servlet engine: [Apache Tomcat/10.1.30]
2025-03-09T19:01:06.939+08:00  INFO 39288 --- [CommentAnalysis] [restartedMain] o.a.c.c.C.[Tomcat].[localhost].[/]       : Initializing Spring embedded WebApplicationContext
2025-03-09T19:01:06.940+08:00  INFO 39288 --- [CommentAnalysis] [restartedMain] w.s.c.ServletWebServerApplicationContext : Root WebApplicationContext: initialization completed in 1797 ms
2025-03-09T19:01:06.958+08:00  WARN 39288 --- [CommentAnalysis] [restartedMain] .s.b.d.a.RemoteDevToolsAutoConfiguration : Listening for remote restart updates on /.~~spring-boot!~/restart
2025-03-09T19:01:07.568+08:00  INFO 39288 --- [CommentAnalysis] [restartedMain] o.neo4j.driver.internal.DriverFactory    : Direct driver instance 759301460 created for server address localhost:7687
2025-03-09T19:01:07.659+08:00  WARN 39288 --- [CommentAnalysis] [restartedMain] o.s.d.n.c.mapping.Neo4jPersistentEntity  : The entity com.backend.commentanalysis.entity.neo4j.OpinionNeo4j is using a Long value for storing internally generated Neo4j ids. The Neo4j internal Long Ids are deprecated, please consider using an external ID generator.
2025-03-09T19:01:07.698+08:00  INFO 39288 --- [CommentAnalysis] [restartedMain] o.s.b.d.a.OptionalLiveReloadServer       : LiveReload server is running on port 35729
2025-03-09T19:01:07.701+08:00  WARN 39288 --- [CommentAnalysis] [restartedMain] o.s.d.n.c.mapping.Neo4jPersistentEntity  : The entity com.backend.commentanalysis.entity.neo4j.AspectNeo4j is using a Long value for storing internally generated Neo4j ids. The Neo4j internal Long Ids are deprecated, please consider using an external ID generator.
2025-03-09T19:01:07.705+08:00  WARN 39288 --- [CommentAnalysis] [restartedMain] o.s.d.n.c.mapping.Neo4jPersistentEntity  : The entity com.backend.commentanalysis.entity.relation.HasAspect is using a Long value for storing internally generated Neo4j ids. The Neo4j internal Long Ids are deprecated, please consider using an external ID generator.
2025-03-09T19:01:07.707+08:00  WARN 39288 --- [CommentAnalysis] [restartedMain] o.s.d.n.c.mapping.Neo4jPersistentEntity  : The entity com.backend.commentanalysis.entity.relation.HasOpinion is using a Long value for storing internally generated Neo4j ids. The Neo4j internal Long Ids are deprecated, please consider using an external ID generator.
2025-03-09T19:01:08.462+08:00  INFO 39288 --- [CommentAnalysis] [restartedMain] o.s.b.w.embedded.tomcat.TomcatWebServer  : Tomcat started on port 8081 (http) with context path '/'
2025-03-09T19:01:08.469+08:00  INFO 39288 --- [CommentAnalysis] [restartedMain] c.b.c.CommentAnalysisApplication         : Started CommentAnalysisApplication in 3.903 seconds (process running for 4.684)
2025-03-09T19:01:13.279+08:00  INFO 39288 --- [CommentAnalysis] [http-nio-8081-exec-1] o.a.c.c.C.[Tomcat].[localhost].[/]       : Initializing Spring DispatcherServlet 'dispatcherServlet'
2025-03-09T19:01:13.279+08:00  INFO 39288 --- [CommentAnalysis] [http-nio-8081-exec-1] o.s.web.servlet.DispatcherServlet        : Initializing Servlet 'dispatcherServlet'
2025-03-09T19:01:13.285+08:00  INFO 39288 --- [CommentAnalysis] [http-nio-8081-exec-1] o.s.web.servlet.DispatcherServlet        : Completed initialization in 5 ms
2025-03-09T19:01:13.798+08:00  INFO 39288 --- [CommentAnalysis] [http-nio-8081-exec-1] com.zaxxer.hikari.HikariDataSource       : HikariPool-1 - Starting...
2025-03-09T19:01:14.090+08:00  INFO 39288 --- [CommentAnalysis] [http-nio-8081-exec-1] com.zaxxer.hikari.pool.HikariPool        : HikariPool-1 - Added connection com.mysql.cj.jdbc.ConnectionImpl@16dc5dd7
2025-03-09T19:01:14.091+08:00  INFO 39288 --- [CommentAnalysis] [http-nio-8081-exec-1] com.zaxxer.hikari.HikariDataSource       : HikariPool-1 - Start completed.
2025-03-09T19:01:14.881+08:00 ERROR 39288 --- [CommentAnalysis] [http-nio-8081-exec-3] o.a.c.c.C.[.[.[/].[dispatcherServlet]    : Servlet.service() for servlet [dispatcherServlet] in context with path [] threw exception [Request processing failed: java.lang.ClassCastException: class com.backend.commentanalysis.entity.dto.ProductInfoDTO cannot be cast to class com.backend.commentanalysis.entity.dto.ProductInfoDTO (com.backend.commentanalysis.entity.dto.ProductInfoDTO is in unnamed module of loader 'app'; com.backend.commentanalysis.entity.dto.ProductInfoDTO is in unnamed module of loader org.springframework.boot.devtools.restart.classloader.RestartClassLoader @1b4b09b7)] with root cause

java.lang.ClassCastException: class com.backend.commentanalysis.entity.dto.ProductInfoDTO cannot be cast to class com.backend.commentanalysis.entity.dto.ProductInfoDTO (com.backend.commentanalysis.entity.dto.ProductInfoDTO is in unnamed module of loader 'app'; com.backend.commentanalysis.entity.dto.ProductInfoDTO is in unnamed module of loader org.springframework.boot.devtools.restart.classloader.RestartClassLoader @1b4b09b7)
	at com.backend.commentanalysis.service.implement.ProductServiceImpl$$SpringCGLIB$$0.getProductInfoByPid(<generated>) ~[classes/:na]
	at com.backend.commentanalysis.controller.ProductController.getProductInfoByPid(ProductController.java:45) ~[classes/:na]
	at java.base/jdk.internal.reflect.DirectMethodHandleAccessor.invoke(DirectMethodHandleAccessor.java:103) ~[na:na]
	at java.base/java.lang.reflect.Method.invoke(Method.java:580) ~[na:na]
	at org.springframework.aop.support.AopUtils.invokeJoinpointUsingReflection(AopUtils.java:355) ~[spring-aop-6.1.13.jar:6.1.13]
	at org.springframework.aop.framework.ReflectiveMethodInvocation.invokeJoinpoint(ReflectiveMethodInvocation.java:196) ~[spring-aop-6.1.13.jar:6.1.13]
	at org.springframework.aop.framework.ReflectiveMethodInvocation.proceed(ReflectiveMethodInvocation.java:163) ~[spring-aop-6.1.13.jar:6.1.13]
	at org.springframework.aop.framework.CglibAopProxy$CglibMethodInvocation.proceed(CglibAopProxy.java:768) ~[spring-aop-6.1.13.jar:6.1.13]
	at org.springframework.validation.beanvalidation.MethodValidationInterceptor.invoke(MethodValidationInterceptor.java:174) ~[spring-context-6.1.13.jar:6.1.13]
	at org.springframework.aop.framework.ReflectiveMethodInvocation.proceed(ReflectiveMethodInvocation.java:184) ~[spring-aop-6.1.13.jar:6.1.13]
	at org.springframework.aop.framework.CglibAopProxy$CglibMethodInvocation.proceed(CglibAopProxy.java:768) ~[spring-aop-6.1.13.jar:6.1.13]
	at org.springframework.aop.framework.CglibAopProxy$DynamicAdvisedInterceptor.intercept(CglibAopProxy.java:720) ~[spring-aop-6.1.13.jar:6.1.13]
	at com.backend.commentanalysis.controller.ProductController$$SpringCGLIB$$0.getProductInfoByPid(<generated>) ~[classes/:na]
	at java.base/jdk.internal.reflect.DirectMethodHandleAccessor.invoke(DirectMethodHandleAccessor.java:103) ~[na:na]
	at java.base/java.lang.reflect.Method.invoke(Method.java:580) ~[na:na]
	at org.springframework.web.method.support.InvocableHandlerMethod.doInvoke(InvocableHandlerMethod.java:255) ~[spring-web-6.1.13.jar:6.1.13]
	at org.springframework.web.method.support.InvocableHandlerMethod.invokeForRequest(InvocableHandlerMethod.java:188) ~[spring-web-6.1.13.jar:6.1.13]
	at org.springframework.web.servlet.mvc.method.annotation.ServletInvocableHandlerMethod.invokeAndHandle(ServletInvocableHandlerMethod.java:118) ~[spring-webmvc-6.1.13.jar:6.1.13]
	at org.springframework.web.servlet.mvc.method.annotation.RequestMappingHandlerAdapter.invokeHandlerMethod(RequestMappingHandlerAdapter.java:926) ~[spring-webmvc-6.1.13.jar:6.1.13]
	at org.springframework.web.servlet.mvc.method.annotation.RequestMappingHandlerAdapter.handleInternal(RequestMappingHandlerAdapter.java:831) ~[spring-webmvc-6.1.13.jar:6.1.13]
	at org.springframework.web.servlet.mvc.method.AbstractHandlerMethodAdapter.handle(AbstractHandlerMethodAdapter.java:87) ~[spring-webmvc-6.1.13.jar:6.1.13]
	at org.springframework.web.servlet.DispatcherServlet.doDispatch(DispatcherServlet.java:1089) ~[spring-webmvc-6.1.13.jar:6.1.13]
	at org.springframework.web.servlet.DispatcherServlet.doService(DispatcherServlet.java:979) ~[spring-webmvc-6.1.13.jar:6.1.13]
	at org.springframework.web.servlet.FrameworkServlet.processRequest(FrameworkServlet.java:1014) ~[spring-webmvc-6.1.13.jar:6.1.13]
	at org.springframework.web.servlet.FrameworkServlet.doGet(FrameworkServlet.java:903) ~[spring-webmvc-6.1.13.jar:6.1.13]
	at jakarta.servlet.http.HttpServlet.service(HttpServlet.java:564) ~[tomcat-embed-core-10.1.30.jar:6.0]
	at org.springframework.web.servlet.FrameworkServlet.service(FrameworkServlet.java:885) ~[spring-webmvc-6.1.13.jar:6.1.13]
	at jakarta.servlet.http.HttpServlet.service(HttpServlet.java:658) ~[tomcat-embed-core-10.1.30.jar:6.0]
	at org.apache.catalina.core.ApplicationFilterChain.internalDoFilter(ApplicationFilterChain.java:195) ~[tomcat-embed-core-10.1.30.jar:10.1.30]
	at org.apache.catalina.core.ApplicationFilterChain.doFilter(ApplicationFilterChain.java:140) ~[tomcat-embed-core-10.1.30.jar:10.1.30]
	at org.apache.tomcat.websocket.server.WsFilter.doFilter(WsFilter.java:51) ~[tomcat-embed-websocket-10.1.30.jar:10.1.30]
	at org.apache.catalina.core.ApplicationFilterChain.internalDoFilter(ApplicationFilterChain.java:164) ~[tomcat-embed-core-10.1.30.jar:10.1.30]
	at org.apache.catalina.core.ApplicationFilterChain.doFilter(ApplicationFilterChain.java:140) ~[tomcat-embed-core-10.1.30.jar:10.1.30]
	at org.springframework.boot.devtools.remote.server.DispatcherFilter.doFilter(DispatcherFilter.java:72) ~[spring-boot-devtools-3.3.4.jar:3.3.4]
	at org.springframework.boot.devtools.remote.server.DispatcherFilter.doFilter(DispatcherFilter.java:60) ~[spring-boot-devtools-3.3.4.jar:3.3.4]
	at org.apache.catalina.core.ApplicationFilterChain.internalDoFilter(ApplicationFilterChain.java:164) ~[tomcat-embed-core-10.1.30.jar:10.1.30]
	at org.apache.catalina.core.ApplicationFilterChain.doFilter(ApplicationFilterChain.java:140) ~[tomcat-embed-core-10.1.30.jar:10.1.30]
	at org.springframework.web.filter.RequestContextFilter.doFilterInternal(RequestContextFilter.java:100) ~[spring-web-6.1.13.jar:6.1.13]
	at org.springframework.web.filter.OncePerRequestFilter.doFilter(OncePerRequestFilter.java:116) ~[spring-web-6.1.13.jar:6.1.13]
	at org.apache.catalina.core.ApplicationFilterChain.internalDoFilter(ApplicationFilterChain.java:164) ~[tomcat-embed-core-10.1.30.jar:10.1.30]
	at org.apache.catalina.core.ApplicationFilterChain.doFilter(ApplicationFilterChain.java:140) ~[tomcat-embed-core-10.1.30.jar:10.1.30]
	at org.springframework.web.filter.FormContentFilter.doFilterInternal(FormContentFilter.java:93) ~[spring-web-6.1.13.jar:6.1.13]
	at org.springframework.web.filter.OncePerRequestFilter.doFilter(OncePerRequestFilter.java:116) ~[spring-web-6.1.13.jar:6.1.13]
	at org.apache.catalina.core.ApplicationFilterChain.internalDoFilter(ApplicationFilterChain.java:164) ~[tomcat-embed-core-10.1.30.jar:10.1.30]
	at org.apache.catalina.core.ApplicationFilterChain.doFilter(ApplicationFilterChain.java:140) ~[tomcat-embed-core-10.1.30.jar:10.1.30]
	at org.springframework.web.filter.CharacterEncodingFilter.doFilterInternal(CharacterEncodingFilter.java:201) ~[spring-web-6.1.13.jar:6.1.13]
	at org.springframework.web.filter.OncePerRequestFilter.doFilter(OncePerRequestFilter.java:116) ~[spring-web-6.1.13.jar:6.1.13]
	at org.apache.catalina.core.ApplicationFilterChain.internalDoFilter(ApplicationFilterChain.java:164) ~[tomcat-embed-core-10.1.30.jar:10.1.30]
	at org.apache.catalina.core.ApplicationFilterChain.doFilter(ApplicationFilterChain.java:140) ~[tomcat-embed-core-10.1.30.jar:10.1.30]
	at org.apache.catalina.core.StandardWrapperValve.invoke(StandardWrapperValve.java:167) ~[tomcat-embed-core-10.1.30.jar:10.1.30]
	at org.apache.catalina.core.StandardContextValve.invoke(StandardContextValve.java:90) ~[tomcat-embed-core-10.1.30.jar:10.1.30]
	at org.apache.catalina.authenticator.AuthenticatorBase.invoke(AuthenticatorBase.java:483) ~[tomcat-embed-core-10.1.30.jar:10.1.30]
	at org.apache.catalina.core.StandardHostValve.invoke(StandardHostValve.java:115) ~[tomcat-embed-core-10.1.30.jar:10.1.30]
	at org.apache.catalina.valves.ErrorReportValve.invoke(ErrorReportValve.java:93) ~[tomcat-embed-core-10.1.30.jar:10.1.30]
	at org.apache.catalina.core.StandardEngineValve.invoke(StandardEngineValve.java:74) ~[tomcat-embed-core-10.1.30.jar:10.1.30]
	at org.apache.catalina.connector.CoyoteAdapter.service(CoyoteAdapter.java:344) ~[tomcat-embed-core-10.1.30.jar:10.1.30]
	at org.apache.coyote.http11.Http11Processor.service(Http11Processor.java:384) ~[tomcat-embed-core-10.1.30.jar:10.1.30]
	at org.apache.coyote.AbstractProcessorLight.process(AbstractProcessorLight.java:63) ~[tomcat-embed-core-10.1.30.jar:10.1.30]
	at org.apache.coyote.AbstractProtocol$ConnectionHandler.process(AbstractProtocol.java:905) ~[tomcat-embed-core-10.1.30.jar:10.1.30]
	at org.apache.tomcat.util.net.NioEndpoint$SocketProcessor.doRun(NioEndpoint.java:1741) ~[tomcat-embed-core-10.1.30.jar:10.1.30]
	at org.apache.tomcat.util.net.SocketProcessorBase.run(SocketProcessorBase.java:52) ~[tomcat-embed-core-10.1.30.jar:10.1.30]
	at org.apache.tomcat.util.threads.ThreadPoolExecutor.runWorker(ThreadPoolExecutor.java:1190) ~[tomcat-embed-core-10.1.30.jar:10.1.30]
	at org.apache.tomcat.util.threads.ThreadPoolExecutor$Worker.run(ThreadPoolExecutor.java:659) ~[tomcat-embed-core-10.1.30.jar:10.1.30]
	at org.apache.tomcat.util.threads.TaskThread$WrappingRunnable.run(TaskThread.java:63) ~[tomcat-embed-core-10.1.30.jar:10.1.30]
	at java.base/java.lang.Thread.run(Thread.java:1570) ~[na:na]

2025-03-09T19:01:39.105+08:00  INFO 39288 --- [CommentAnalysis] [SpringApplicationShutdownHook] o.neo4j.driver.internal.InternalDriver   : Closing driver instance 759301460
2025-03-09T19:01:39.335+08:00  INFO 39288 --- [CommentAnalysis] [SpringApplicationShutdownHook] com.zaxxer.hikari.HikariDataSource       : HikariPool-1 - Shutdown initiated...
2025-03-09T19:01:39.341+08:00  INFO 39288 --- [CommentAnalysis] [SpringApplicationShutdownHook] com.zaxxer.hikari.HikariDataSource       : HikariPool-1 - Shutdown completed.
2025-03-09T19:01:43.799+08:00  INFO 7136 --- [CommentAnalysis] [restartedMain] c.b.c.CommentAnalysisApplication         : Starting CommentAnalysisApplication using Java 22.0.1 with PID 7136 (E:\Comment Analysis Git\User-fine-grained-sentiment-analysis-and-visualization-system\BackEnd\CommentAnalysis\target\classes started by thunder lee in E:\Comment Analysis Git\User-fine-grained-sentiment-analysis-and-visualization-system\BackEnd)
2025-03-09T19:01:43.801+08:00  INFO 7136 --- [CommentAnalysis] [restartedMain] c.b.c.CommentAnalysisApplication         : No active profile set, falling back to 1 default profile: "default"
2025-03-09T19:01:43.869+08:00  INFO 7136 --- [CommentAnalysis] [restartedMain] o.s.b.devtools.restart.ChangeableUrls    : The Class-Path manifest attribute in E:\apache-maven-3.9.8-bin\maven-repository\com\oracle\database\jdbc\ojdbc11\21.9.0.0\ojdbc11-21.9.0.0.jar referenced one or more files that do not exist: file:/E:/apache-maven-3.9.8-bin/maven-repository/com/oracle/database/jdbc/ojdbc11/21.9.0.0/oraclepki.jar
2025-03-09T19:01:43.870+08:00  INFO 7136 --- [CommentAnalysis] [restartedMain] .e.DevToolsPropertyDefaultsPostProcessor : Devtools property defaults active! Set 'spring.devtools.add-properties' to 'false' to disable
2025-03-09T19:01:43.870+08:00  INFO 7136 --- [CommentAnalysis] [restartedMain] .e.DevToolsPropertyDefaultsPostProcessor : For additional web related logging consider setting the 'logging.level.web' property to 'DEBUG'
2025-03-09T19:01:44.448+08:00  INFO 7136 --- [CommentAnalysis] [restartedMain] .s.d.r.c.RepositoryConfigurationDelegate : Multiple Spring Data modules found, entering strict repository configuration mode
2025-03-09T19:01:44.449+08:00  INFO 7136 --- [CommentAnalysis] [restartedMain] .s.d.r.c.RepositoryConfigurationDelegate : Bootstrapping Spring Data Neo4j repositories in DEFAULT mode.
2025-03-09T19:01:44.537+08:00  INFO 7136 --- [CommentAnalysis] [restartedMain] .s.d.r.c.RepositoryConfigurationDelegate : Finished Spring Data repository scanning in 85 ms. Found 1 Neo4j repository interface.
2025-03-09T19:01:44.752+08:00  INFO 7136 --- [CommentAnalysis] [restartedMain] .s.d.r.c.RepositoryConfigurationDelegate : Multiple Spring Data modules found, entering strict repository configuration mode
2025-03-09T19:01:44.753+08:00  INFO 7136 --- [CommentAnalysis] [restartedMain] .s.d.r.c.RepositoryConfigurationDelegate : Bootstrapping Spring Data Neo4j repositories in DEFAULT mode.
2025-03-09T19:01:44.770+08:00  INFO 7136 --- [CommentAnalysis] [restartedMain] .s.d.r.c.RepositoryConfigurationDelegate : Finished Spring Data repository scanning in 17 ms. Found 0 Neo4j repository interfaces.
2025-03-09T19:01:44.779+08:00  INFO 7136 --- [CommentAnalysis] [restartedMain] .s.d.r.c.RepositoryConfigurationDelegate : Multiple Spring Data modules found, entering strict repository configuration mode
2025-03-09T19:01:44.780+08:00  INFO 7136 --- [CommentAnalysis] [restartedMain] .s.d.r.c.RepositoryConfigurationDelegate : Bootstrapping Spring Data Redis repositories in DEFAULT mode.
2025-03-09T19:01:44.796+08:00  INFO 7136 --- [CommentAnalysis] [restartedMain] .RepositoryConfigurationExtensionSupport : Spring Data Redis - Could not safely identify store assignment for repository candidate interface com.backend.commentanalysis.repository.ProductRepository; If you want this repository to be a Redis repository, consider annotating your entities with one of these annotations: org.springframework.data.redis.core.RedisHash (preferred), or consider extending one of the following types with your repository: org.springframework.data.keyvalue.repository.KeyValueRepository
2025-03-09T19:01:44.797+08:00  INFO 7136 --- [CommentAnalysis] [restartedMain] .s.d.r.c.RepositoryConfigurationDelegate : Finished Spring Data repository scanning in 11 ms. Found 0 Redis repository interfaces.
2025-03-09T19:01:45.522+08:00  INFO 7136 --- [CommentAnalysis] [restartedMain] o.s.b.w.embedded.tomcat.TomcatWebServer  : Tomcat initialized with port 8081 (http)
2025-03-09T19:01:45.537+08:00  INFO 7136 --- [CommentAnalysis] [restartedMain] o.apache.catalina.core.StandardService   : Starting service [Tomcat]
2025-03-09T19:01:45.538+08:00  INFO 7136 --- [CommentAnalysis] [restartedMain] o.apache.catalina.core.StandardEngine    : Starting Servlet engine: [Apache Tomcat/10.1.30]
2025-03-09T19:01:45.585+08:00  INFO 7136 --- [CommentAnalysis] [restartedMain] o.a.c.c.C.[Tomcat].[localhost].[/]       : Initializing Spring embedded WebApplicationContext
2025-03-09T19:01:45.586+08:00  INFO 7136 --- [CommentAnalysis] [restartedMain] w.s.c.ServletWebServerApplicationContext : Root WebApplicationContext: initialization completed in 1716 ms
2025-03-09T19:01:45.607+08:00  WARN 7136 --- [CommentAnalysis] [restartedMain] .s.b.d.a.RemoteDevToolsAutoConfiguration : Listening for remote restart updates on /.~~spring-boot!~/restart
2025-03-09T19:01:46.186+08:00  INFO 7136 --- [CommentAnalysis] [restartedMain] o.neo4j.driver.internal.DriverFactory    : Direct driver instance 1540015157 created for server address localhost:7687
2025-03-09T19:01:46.270+08:00  WARN 7136 --- [CommentAnalysis] [restartedMain] o.s.d.n.c.mapping.Neo4jPersistentEntity  : The entity com.backend.commentanalysis.entity.neo4j.OpinionNeo4j is using a Long value for storing internally generated Neo4j ids. The Neo4j internal Long Ids are deprecated, please consider using an external ID generator.
2025-03-09T19:01:46.309+08:00  INFO 7136 --- [CommentAnalysis] [restartedMain] o.s.b.d.a.OptionalLiveReloadServer       : LiveReload server is running on port 35729
2025-03-09T19:01:46.312+08:00  WARN 7136 --- [CommentAnalysis] [restartedMain] o.s.d.n.c.mapping.Neo4jPersistentEntity  : The entity com.backend.commentanalysis.entity.relation.HasOpinion is using a Long value for storing internally generated Neo4j ids. The Neo4j internal Long Ids are deprecated, please consider using an external ID generator.
2025-03-09T19:01:46.315+08:00  WARN 7136 --- [CommentAnalysis] [restartedMain] o.s.d.n.c.mapping.Neo4jPersistentEntity  : The entity com.backend.commentanalysis.entity.neo4j.AspectNeo4j is using a Long value for storing internally generated Neo4j ids. The Neo4j internal Long Ids are deprecated, please consider using an external ID generator.
2025-03-09T19:01:46.319+08:00  WARN 7136 --- [CommentAnalysis] [restartedMain] o.s.d.n.c.mapping.Neo4jPersistentEntity  : The entity com.backend.commentanalysis.entity.relation.HasAspect is using a Long value for storing internally generated Neo4j ids. The Neo4j internal Long Ids are deprecated, please consider using an external ID generator.
2025-03-09T19:01:47.037+08:00  INFO 7136 --- [CommentAnalysis] [restartedMain] o.s.b.w.embedded.tomcat.TomcatWebServer  : Tomcat started on port 8081 (http) with context path '/'
2025-03-09T19:01:47.044+08:00  INFO 7136 --- [CommentAnalysis] [restartedMain] c.b.c.CommentAnalysisApplication         : Started CommentAnalysisApplication in 3.73 seconds (process running for 4.484)
2025-03-09T19:02:01.305+08:00  INFO 7136 --- [CommentAnalysis] [http-nio-8081-exec-1] o.a.c.c.C.[Tomcat].[localhost].[/]       : Initializing Spring DispatcherServlet 'dispatcherServlet'
2025-03-09T19:02:01.306+08:00  INFO 7136 --- [CommentAnalysis] [http-nio-8081-exec-1] o.s.web.servlet.DispatcherServlet        : Initializing Servlet 'dispatcherServlet'
2025-03-09T19:02:01.307+08:00  INFO 7136 --- [CommentAnalysis] [http-nio-8081-exec-1] o.s.web.servlet.DispatcherServlet        : Completed initialization in 1 ms
2025-03-09T19:02:01.805+08:00  INFO 7136 --- [CommentAnalysis] [http-nio-8081-exec-1] com.zaxxer.hikari.HikariDataSource       : HikariPool-1 - Starting...
2025-03-09T19:02:02.089+08:00  INFO 7136 --- [CommentAnalysis] [http-nio-8081-exec-1] com.zaxxer.hikari.pool.HikariPool        : HikariPool-1 - Added connection com.mysql.cj.jdbc.ConnectionImpl@3aba1392
2025-03-09T19:02:02.090+08:00  INFO 7136 --- [CommentAnalysis] [http-nio-8081-exec-1] com.zaxxer.hikari.HikariDataSource       : HikariPool-1 - Start completed.
2025-03-09T19:05:19.233+08:00  INFO 7136 --- [CommentAnalysis] [SpringApplicationShutdownHook] o.neo4j.driver.internal.InternalDriver   : Closing driver instance 1540015157
2025-03-09T19:05:19.452+08:00  INFO 7136 --- [CommentAnalysis] [SpringApplicationShutdownHook] com.zaxxer.hikari.HikariDataSource       : HikariPool-1 - Shutdown initiated...
2025-03-09T19:05:19.460+08:00  INFO 7136 --- [CommentAnalysis] [SpringApplicationShutdownHook] com.zaxxer.hikari.HikariDataSource       : HikariPool-1 - Shutdown completed.
2025-03-09T19:06:53.567+08:00  INFO 20860 --- [CommentAnalysis] [restartedMain] c.b.c.CommentAnalysisApplication         : Starting CommentAnalysisApplication using Java 22.0.1 with PID 20860 (E:\Comment Analysis Git\User-fine-grained-sentiment-analysis-and-visualization-system\BackEnd\CommentAnalysis\target\classes started by thunder lee in E:\Comment Analysis Git\User-fine-grained-sentiment-analysis-and-visualization-system\BackEnd)
2025-03-09T19:06:53.569+08:00  INFO 20860 --- [CommentAnalysis] [restartedMain] c.b.c.CommentAnalysisApplication         : No active profile set, falling back to 1 default profile: "default"
2025-03-09T19:06:53.634+08:00  INFO 20860 --- [CommentAnalysis] [restartedMain] o.s.b.devtools.restart.ChangeableUrls    : The Class-Path manifest attribute in E:\apache-maven-3.9.8-bin\maven-repository\com\oracle\database\jdbc\ojdbc11\21.9.0.0\ojdbc11-21.9.0.0.jar referenced one or more files that do not exist: file:/E:/apache-maven-3.9.8-bin/maven-repository/com/oracle/database/jdbc/ojdbc11/21.9.0.0/oraclepki.jar
2025-03-09T19:06:53.634+08:00  INFO 20860 --- [CommentAnalysis] [restartedMain] .e.DevToolsPropertyDefaultsPostProcessor : Devtools property defaults active! Set 'spring.devtools.add-properties' to 'false' to disable
2025-03-09T19:06:53.634+08:00  INFO 20860 --- [CommentAnalysis] [restartedMain] .e.DevToolsPropertyDefaultsPostProcessor : For additional web related logging consider setting the 'logging.level.web' property to 'DEBUG'
2025-03-09T19:06:54.264+08:00  INFO 20860 --- [CommentAnalysis] [restartedMain] .s.d.r.c.RepositoryConfigurationDelegate : Multiple Spring Data modules found, entering strict repository configuration mode
2025-03-09T19:06:54.264+08:00  INFO 20860 --- [CommentAnalysis] [restartedMain] .s.d.r.c.RepositoryConfigurationDelegate : Bootstrapping Spring Data Neo4j repositories in DEFAULT mode.
2025-03-09T19:06:54.363+08:00  INFO 20860 --- [CommentAnalysis] [restartedMain] .s.d.r.c.RepositoryConfigurationDelegate : Finished Spring Data repository scanning in 95 ms. Found 1 Neo4j repository interface.
2025-03-09T19:06:54.576+08:00  INFO 20860 --- [CommentAnalysis] [restartedMain] .s.d.r.c.RepositoryConfigurationDelegate : Multiple Spring Data modules found, entering strict repository configuration mode
2025-03-09T19:06:54.576+08:00  INFO 20860 --- [CommentAnalysis] [restartedMain] .s.d.r.c.RepositoryConfigurationDelegate : Bootstrapping Spring Data Neo4j repositories in DEFAULT mode.
2025-03-09T19:06:54.595+08:00  INFO 20860 --- [CommentAnalysis] [restartedMain] .s.d.r.c.RepositoryConfigurationDelegate : Finished Spring Data repository scanning in 19 ms. Found 0 Neo4j repository interfaces.
2025-03-09T19:06:54.606+08:00  INFO 20860 --- [CommentAnalysis] [restartedMain] .s.d.r.c.RepositoryConfigurationDelegate : Multiple Spring Data modules found, entering strict repository configuration mode
2025-03-09T19:06:54.607+08:00  INFO 20860 --- [CommentAnalysis] [restartedMain] .s.d.r.c.RepositoryConfigurationDelegate : Bootstrapping Spring Data Redis repositories in DEFAULT mode.
2025-03-09T19:06:54.623+08:00  INFO 20860 --- [CommentAnalysis] [restartedMain] .RepositoryConfigurationExtensionSupport : Spring Data Redis - Could not safely identify store assignment for repository candidate interface com.backend.commentanalysis.repository.ProductRepository; If you want this repository to be a Redis repository, consider annotating your entities with one of these annotations: org.springframework.data.redis.core.RedisHash (preferred), or consider extending one of the following types with your repository: org.springframework.data.keyvalue.repository.KeyValueRepository
2025-03-09T19:06:54.623+08:00  INFO 20860 --- [CommentAnalysis] [restartedMain] .s.d.r.c.RepositoryConfigurationDelegate : Finished Spring Data repository scanning in 10 ms. Found 0 Redis repository interfaces.
2025-03-09T19:06:55.302+08:00  INFO 20860 --- [CommentAnalysis] [restartedMain] o.s.b.w.embedded.tomcat.TomcatWebServer  : Tomcat initialized with port 8081 (http)
2025-03-09T19:06:55.315+08:00  INFO 20860 --- [CommentAnalysis] [restartedMain] o.apache.catalina.core.StandardService   : Starting service [Tomcat]
2025-03-09T19:06:55.315+08:00  INFO 20860 --- [CommentAnalysis] [restartedMain] o.apache.catalina.core.StandardEngine    : Starting Servlet engine: [Apache Tomcat/10.1.30]
2025-03-09T19:06:55.362+08:00  INFO 20860 --- [CommentAnalysis] [restartedMain] o.a.c.c.C.[Tomcat].[localhost].[/]       : Initializing Spring embedded WebApplicationContext
2025-03-09T19:06:55.363+08:00  INFO 20860 --- [CommentAnalysis] [restartedMain] w.s.c.ServletWebServerApplicationContext : Root WebApplicationContext: initialization completed in 1728 ms
2025-03-09T19:06:55.381+08:00  WARN 20860 --- [CommentAnalysis] [restartedMain] .s.b.d.a.RemoteDevToolsAutoConfiguration : Listening for remote restart updates on /.~~spring-boot!~/restart
2025-03-09T19:06:55.968+08:00  INFO 20860 --- [CommentAnalysis] [restartedMain] o.neo4j.driver.internal.DriverFactory    : Direct driver instance 218446 created for server address localhost:7687
2025-03-09T19:06:56.054+08:00  WARN 20860 --- [CommentAnalysis] [restartedMain] o.s.d.n.c.mapping.Neo4jPersistentEntity  : The entity com.backend.commentanalysis.entity.neo4j.OpinionNeo4j is using a Long value for storing internally generated Neo4j ids. The Neo4j internal Long Ids are deprecated, please consider using an external ID generator.
2025-03-09T19:06:56.088+08:00  INFO 20860 --- [CommentAnalysis] [restartedMain] o.s.b.d.a.OptionalLiveReloadServer       : LiveReload server is running on port 35729
2025-03-09T19:06:56.093+08:00  WARN 20860 --- [CommentAnalysis] [restartedMain] o.s.d.n.c.mapping.Neo4jPersistentEntity  : The entity com.backend.commentanalysis.entity.neo4j.AspectNeo4j is using a Long value for storing internally generated Neo4j ids. The Neo4j internal Long Ids are deprecated, please consider using an external ID generator.
2025-03-09T19:06:56.097+08:00  WARN 20860 --- [CommentAnalysis] [restartedMain] o.s.d.n.c.mapping.Neo4jPersistentEntity  : The entity com.backend.commentanalysis.entity.relation.HasAspect is using a Long value for storing internally generated Neo4j ids. The Neo4j internal Long Ids are deprecated, please consider using an external ID generator.
2025-03-09T19:06:56.100+08:00  WARN 20860 --- [CommentAnalysis] [restartedMain] o.s.d.n.c.mapping.Neo4jPersistentEntity  : The entity com.backend.commentanalysis.entity.relation.HasOpinion is using a Long value for storing internally generated Neo4j ids. The Neo4j internal Long Ids are deprecated, please consider using an external ID generator.
2025-03-09T19:06:56.819+08:00  INFO 20860 --- [CommentAnalysis] [restartedMain] o.s.b.w.embedded.tomcat.TomcatWebServer  : Tomcat started on port 8081 (http) with context path '/'
2025-03-09T19:06:56.826+08:00  INFO 20860 --- [CommentAnalysis] [restartedMain] c.b.c.CommentAnalysisApplication         : Started CommentAnalysisApplication in 3.75 seconds (process running for 4.605)
2025-03-09T19:07:05.419+08:00  INFO 20860 --- [CommentAnalysis] [http-nio-8081-exec-1] o.a.c.c.C.[Tomcat].[localhost].[/]       : Initializing Spring DispatcherServlet 'dispatcherServlet'
2025-03-09T19:07:05.419+08:00  INFO 20860 --- [CommentAnalysis] [http-nio-8081-exec-1] o.s.web.servlet.DispatcherServlet        : Initializing Servlet 'dispatcherServlet'
2025-03-09T19:07:05.421+08:00  INFO 20860 --- [CommentAnalysis] [http-nio-8081-exec-1] o.s.web.servlet.DispatcherServlet        : Completed initialization in 1 ms
2025-03-09T19:07:05.942+08:00  INFO 20860 --- [CommentAnalysis] [http-nio-8081-exec-1] com.zaxxer.hikari.HikariDataSource       : HikariPool-1 - Starting...
2025-03-09T19:07:06.261+08:00  INFO 20860 --- [CommentAnalysis] [http-nio-8081-exec-1] com.zaxxer.hikari.pool.HikariPool        : HikariPool-1 - Added connection com.mysql.cj.jdbc.ConnectionImpl@3d9f335c
2025-03-09T19:07:06.262+08:00  INFO 20860 --- [CommentAnalysis] [http-nio-8081-exec-1] com.zaxxer.hikari.HikariDataSource       : HikariPool-1 - Start completed.
2025-03-09T19:09:31.721+08:00  WARN 20860 --- [CommentAnalysis] [http-nio-8081-exec-2] .m.m.a.ExceptionHandlerExceptionResolver : Resolved [TokenException(code=401)]
2025-03-09T19:11:03.056+08:00  INFO 20860 --- [CommentAnalysis] [SpringApplicationShutdownHook] o.neo4j.driver.internal.InternalDriver   : Closing driver instance 218446
2025-03-09T19:11:03.282+08:00  INFO 20860 --- [CommentAnalysis] [SpringApplicationShutdownHook] com.zaxxer.hikari.HikariDataSource       : HikariPool-1 - Shutdown initiated...
2025-03-09T19:11:03.289+08:00  INFO 20860 --- [CommentAnalysis] [SpringApplicationShutdownHook] com.zaxxer.hikari.HikariDataSource       : HikariPool-1 - Shutdown completed.
2025-03-09T19:17:42.042+08:00  INFO 41900 --- [CommentAnalysis] [restartedMain] c.b.c.CommentAnalysisApplication         : Starting CommentAnalysisApplication using Java 22.0.1 with PID 41900 (E:\Comment Analysis Git\User-fine-grained-sentiment-analysis-and-visualization-system\BackEnd\CommentAnalysis\target\classes started by thunder lee in E:\Comment Analysis Git\User-fine-grained-sentiment-analysis-and-visualization-system\BackEnd)
2025-03-09T19:17:42.044+08:00  INFO 41900 --- [CommentAnalysis] [restartedMain] c.b.c.CommentAnalysisApplication         : No active profile set, falling back to 1 default profile: "default"
2025-03-09T19:17:42.108+08:00  INFO 41900 --- [CommentAnalysis] [restartedMain] o.s.b.devtools.restart.ChangeableUrls    : The Class-Path manifest attribute in E:\apache-maven-3.9.8-bin\maven-repository\com\oracle\database\jdbc\ojdbc11\21.9.0.0\ojdbc11-21.9.0.0.jar referenced one or more files that do not exist: file:/E:/apache-maven-3.9.8-bin/maven-repository/com/oracle/database/jdbc/ojdbc11/21.9.0.0/oraclepki.jar
2025-03-09T19:17:42.108+08:00  INFO 41900 --- [CommentAnalysis] [restartedMain] .e.DevToolsPropertyDefaultsPostProcessor : Devtools property defaults active! Set 'spring.devtools.add-properties' to 'false' to disable
2025-03-09T19:17:42.108+08:00  INFO 41900 --- [CommentAnalysis] [restartedMain] .e.DevToolsPropertyDefaultsPostProcessor : For additional web related logging consider setting the 'logging.level.web' property to 'DEBUG'
2025-03-09T19:17:42.667+08:00  INFO 41900 --- [CommentAnalysis] [restartedMain] .s.d.r.c.RepositoryConfigurationDelegate : Multiple Spring Data modules found, entering strict repository configuration mode
2025-03-09T19:17:42.667+08:00  INFO 41900 --- [CommentAnalysis] [restartedMain] .s.d.r.c.RepositoryConfigurationDelegate : Bootstrapping Spring Data Neo4j repositories in DEFAULT mode.
2025-03-09T19:17:42.773+08:00  INFO 41900 --- [CommentAnalysis] [restartedMain] .s.d.r.c.RepositoryConfigurationDelegate : Finished Spring Data repository scanning in 102 ms. Found 1 Neo4j repository interface.
2025-03-09T19:17:42.994+08:00  INFO 41900 --- [CommentAnalysis] [restartedMain] .s.d.r.c.RepositoryConfigurationDelegate : Multiple Spring Data modules found, entering strict repository configuration mode
2025-03-09T19:17:42.994+08:00  INFO 41900 --- [CommentAnalysis] [restartedMain] .s.d.r.c.RepositoryConfigurationDelegate : Bootstrapping Spring Data Neo4j repositories in DEFAULT mode.
2025-03-09T19:17:43.013+08:00  INFO 41900 --- [CommentAnalysis] [restartedMain] .s.d.r.c.RepositoryConfigurationDelegate : Finished Spring Data repository scanning in 18 ms. Found 0 Neo4j repository interfaces.
2025-03-09T19:17:43.023+08:00  INFO 41900 --- [CommentAnalysis] [restartedMain] .s.d.r.c.RepositoryConfigurationDelegate : Multiple Spring Data modules found, entering strict repository configuration mode
2025-03-09T19:17:43.024+08:00  INFO 41900 --- [CommentAnalysis] [restartedMain] .s.d.r.c.RepositoryConfigurationDelegate : Bootstrapping Spring Data Redis repositories in DEFAULT mode.
2025-03-09T19:17:43.040+08:00  INFO 41900 --- [CommentAnalysis] [restartedMain] .RepositoryConfigurationExtensionSupport : Spring Data Redis - Could not safely identify store assignment for repository candidate interface com.backend.commentanalysis.repository.ProductRepository; If you want this repository to be a Redis repository, consider annotating your entities with one of these annotations: org.springframework.data.redis.core.RedisHash (preferred), or consider extending one of the following types with your repository: org.springframework.data.keyvalue.repository.KeyValueRepository
2025-03-09T19:17:43.041+08:00  INFO 41900 --- [CommentAnalysis] [restartedMain] .s.d.r.c.RepositoryConfigurationDelegate : Finished Spring Data repository scanning in 11 ms. Found 0 Redis repository interfaces.
2025-03-09T19:17:43.784+08:00  INFO 41900 --- [CommentAnalysis] [restartedMain] o.s.b.w.embedded.tomcat.TomcatWebServer  : Tomcat initialized with port 8081 (http)
2025-03-09T19:17:43.796+08:00  INFO 41900 --- [CommentAnalysis] [restartedMain] o.apache.catalina.core.StandardService   : Starting service [Tomcat]
2025-03-09T19:17:43.796+08:00  INFO 41900 --- [CommentAnalysis] [restartedMain] o.apache.catalina.core.StandardEngine    : Starting Servlet engine: [Apache Tomcat/10.1.30]
2025-03-09T19:17:43.837+08:00  INFO 41900 --- [CommentAnalysis] [restartedMain] o.a.c.c.C.[Tomcat].[localhost].[/]       : Initializing Spring embedded WebApplicationContext
2025-03-09T19:17:43.837+08:00  INFO 41900 --- [CommentAnalysis] [restartedMain] w.s.c.ServletWebServerApplicationContext : Root WebApplicationContext: initialization completed in 1728 ms
2025-03-09T19:17:43.854+08:00  WARN 41900 --- [CommentAnalysis] [restartedMain] .s.b.d.a.RemoteDevToolsAutoConfiguration : Listening for remote restart updates on /.~~spring-boot!~/restart
2025-03-09T19:17:44.399+08:00  INFO 41900 --- [CommentAnalysis] [restartedMain] o.neo4j.driver.internal.DriverFactory    : Direct driver instance 759301460 created for server address localhost:7687
2025-03-09T19:17:44.478+08:00  WARN 41900 --- [CommentAnalysis] [restartedMain] o.s.d.n.c.mapping.Neo4jPersistentEntity  : The entity com.backend.commentanalysis.entity.neo4j.OpinionNeo4j is using a Long value for storing internally generated Neo4j ids. The Neo4j internal Long Ids are deprecated, please consider using an external ID generator.
2025-03-09T19:17:44.510+08:00  INFO 41900 --- [CommentAnalysis] [restartedMain] o.s.b.d.a.OptionalLiveReloadServer       : LiveReload server is running on port 35729
2025-03-09T19:17:44.512+08:00  WARN 41900 --- [CommentAnalysis] [restartedMain] o.s.d.n.c.mapping.Neo4jPersistentEntity  : The entity com.backend.commentanalysis.entity.relation.HasOpinion is using a Long value for storing internally generated Neo4j ids. The Neo4j internal Long Ids are deprecated, please consider using an external ID generator.
2025-03-09T19:17:44.514+08:00  WARN 41900 --- [CommentAnalysis] [restartedMain] o.s.d.n.c.mapping.Neo4jPersistentEntity  : The entity com.backend.commentanalysis.entity.neo4j.AspectNeo4j is using a Long value for storing internally generated Neo4j ids. The Neo4j internal Long Ids are deprecated, please consider using an external ID generator.
2025-03-09T19:17:44.517+08:00  WARN 41900 --- [CommentAnalysis] [restartedMain] o.s.d.n.c.mapping.Neo4jPersistentEntity  : The entity com.backend.commentanalysis.entity.relation.HasAspect is using a Long value for storing internally generated Neo4j ids. The Neo4j internal Long Ids are deprecated, please consider using an external ID generator.
2025-03-09T19:17:45.367+08:00  INFO 41900 --- [CommentAnalysis] [restartedMain] o.s.b.w.embedded.tomcat.TomcatWebServer  : Tomcat started on port 8081 (http) with context path '/'
2025-03-09T19:17:45.373+08:00  INFO 41900 --- [CommentAnalysis] [restartedMain] c.b.c.CommentAnalysisApplication         : Started CommentAnalysisApplication in 3.82 seconds (process running for 4.56)
2025-03-09T19:17:48.873+08:00  INFO 41900 --- [CommentAnalysis] [http-nio-8081-exec-1] o.a.c.c.C.[Tomcat].[localhost].[/]       : Initializing Spring DispatcherServlet 'dispatcherServlet'
2025-03-09T19:17:48.873+08:00  INFO 41900 --- [CommentAnalysis] [http-nio-8081-exec-1] o.s.web.servlet.DispatcherServlet        : Initializing Servlet 'dispatcherServlet'
2025-03-09T19:17:48.875+08:00  INFO 41900 --- [CommentAnalysis] [http-nio-8081-exec-1] o.s.web.servlet.DispatcherServlet        : Completed initialization in 1 ms
2025-03-09T19:17:49.770+08:00  INFO 41900 --- [CommentAnalysis] [http-nio-8081-exec-4] o.springdoc.api.AbstractOpenApiResource  : Init duration for springdoc-openapi is: 297 ms
2025-03-09T19:27:07.527+08:00  INFO 41900 --- [CommentAnalysis] [SpringApplicationShutdownHook] o.neo4j.driver.internal.InternalDriver   : Closing driver instance 759301460
