2025-02-07 20:20:49 [py.warnings] WARNING: E:\AAA-CODE\AcquireData\.venv\Lib\site-packages\scrapy\utils\request.py:120: ScrapyDeprecationWarning: 'REQUEST_FINGERPRINTER_IMPLEMENTATION' is a deprecated setting.
It will be removed in a future version of Scrapy.
  return cls(crawler)

2025-02-07 20:20:55 [scrapy.core.scraper] ERROR: Spider error processing <GET https://www.amazon.com//Best-Sellers-Digital-Educational-Resources/zgbs/digital-educational-resources/ref=zg_bs_nav_digital-educational-resources_0> (referer: None)
Traceback (most recent call last):
  File "E:\AAA-CODE\AcquireData\.venv\Lib\site-packages\scrapy\utils\defer.py", line 327, in iter_errback
    yield next(it)
          ^^^^^^^^
  File "E:\AAA-CODE\AcquireData\.venv\Lib\site-packages\scrapy\utils\python.py", line 368, in __next__
    return next(self.data)
           ^^^^^^^^^^^^^^^
  File "E:\AAA-CODE\AcquireData\.venv\Lib\site-packages\scrapy\utils\python.py", line 368, in __next__
    return next(self.data)
           ^^^^^^^^^^^^^^^
  File "E:\AAA-CODE\AcquireData\.venv\Lib\site-packages\scrapy\core\spidermw.py", line 106, in process_sync
    yield from iterable
  File "E:\AAA-CODE\AcquireData\.venv\Lib\site-packages\scrapy\spidermiddlewares\referer.py", line 379, in <genexpr>
    return (self._set_referer(r, response) for r in result)
                                                    ^^^^^^
  File "E:\AAA-CODE\AcquireData\.venv\Lib\site-packages\scrapy\core\spidermw.py", line 106, in process_sync
    yield from iterable
  File "E:\AAA-CODE\AcquireData\.venv\Lib\site-packages\scrapy\spidermiddlewares\urllength.py", line 57, in <genexpr>
    return (r for r in result if self._filter(r, spider))
                       ^^^^^^
  File "E:\AAA-CODE\AcquireData\.venv\Lib\site-packages\scrapy\core\spidermw.py", line 106, in process_sync
    yield from iterable
  File "E:\AAA-CODE\AcquireData\.venv\Lib\site-packages\scrapy\spidermiddlewares\depth.py", line 54, in <genexpr>
    return (r for r in result if self._filter(r, response, spider))
                       ^^^^^^
  File "E:\AAA-CODE\AcquireData\.venv\Lib\site-packages\scrapy\core\spidermw.py", line 106, in process_sync
    yield from iterable
  File "E:\AAA-CODE\AcquireData\classification\classification\spiders\second_href.py", line 45, in parse
    with open(log_path, 'a') as f:
         ^^^^^^^^^^^^^^^^^^^
FileNotFoundError: [Errno 2] No such file or directory: 'E:\\AAA-CODE\\AcquireData\\classification\\classification\\log\\second-href.txt'
2025-02-07 20:20:57 [scrapy.core.scraper] ERROR: Spider error processing <GET https://www.amazon.com//Best-Sellers-Handmade-Products/zgbs/handmade/ref=zg_bs_nav_handmade_0> (referer: None)
Traceback (most recent call last):
  File "E:\AAA-CODE\AcquireData\.venv\Lib\site-packages\scrapy\utils\defer.py", line 327, in iter_errback
    yield next(it)
          ^^^^^^^^
  File "E:\AAA-CODE\AcquireData\.venv\Lib\site-packages\scrapy\utils\python.py", line 368, in __next__
    return next(self.data)
           ^^^^^^^^^^^^^^^
  File "E:\AAA-CODE\AcquireData\.venv\Lib\site-packages\scrapy\utils\python.py", line 368, in __next__
    return next(self.data)
           ^^^^^^^^^^^^^^^
  File "E:\AAA-CODE\AcquireData\.venv\Lib\site-packages\scrapy\core\spidermw.py", line 106, in process_sync
    yield from iterable
  File "E:\AAA-CODE\AcquireData\.venv\Lib\site-packages\scrapy\spidermiddlewares\referer.py", line 379, in <genexpr>
    return (self._set_referer(r, response) for r in result)
                                                    ^^^^^^
  File "E:\AAA-CODE\AcquireData\.venv\Lib\site-packages\scrapy\core\spidermw.py", line 106, in process_sync
    yield from iterable
  File "E:\AAA-CODE\AcquireData\.venv\Lib\site-packages\scrapy\spidermiddlewares\urllength.py", line 57, in <genexpr>
    return (r for r in result if self._filter(r, spider))
                       ^^^^^^
  File "E:\AAA-CODE\AcquireData\.venv\Lib\site-packages\scrapy\core\spidermw.py", line 106, in process_sync
    yield from iterable
  File "E:\AAA-CODE\AcquireData\.venv\Lib\site-packages\scrapy\spidermiddlewares\depth.py", line 54, in <genexpr>
    return (r for r in result if self._filter(r, response, spider))
                       ^^^^^^
  File "E:\AAA-CODE\AcquireData\.venv\Lib\site-packages\scrapy\core\spidermw.py", line 106, in process_sync
    yield from iterable
  File "E:\AAA-CODE\AcquireData\classification\classification\spiders\second_href.py", line 45, in parse
    with open(log_path, 'a') as f:
         ^^^^^^^^^^^^^^^^^^^
FileNotFoundError: [Errno 2] No such file or directory: 'E:\\AAA-CODE\\AcquireData\\classification\\classification\\log\\second-href.txt'
2025-02-07 20:20:57 [scrapy.core.scraper] ERROR: Spider error processing <GET https://www.amazon.com//Best-Sellers-Digital-Music/zgbs/dmusic/ref=zg_bs_nav_dmusic_0> (referer: None)
Traceback (most recent call last):
  File "E:\AAA-CODE\AcquireData\.venv\Lib\site-packages\scrapy\utils\defer.py", line 327, in iter_errback
    yield next(it)
          ^^^^^^^^
  File "E:\AAA-CODE\AcquireData\.venv\Lib\site-packages\scrapy\utils\python.py", line 368, in __next__
    return next(self.data)
           ^^^^^^^^^^^^^^^
  File "E:\AAA-CODE\AcquireData\.venv\Lib\site-packages\scrapy\utils\python.py", line 368, in __next__
    return next(self.data)
           ^^^^^^^^^^^^^^^
  File "E:\AAA-CODE\AcquireData\.venv\Lib\site-packages\scrapy\core\spidermw.py", line 106, in process_sync
    yield from iterable
  File "E:\AAA-CODE\AcquireData\.venv\Lib\site-packages\scrapy\spidermiddlewares\referer.py", line 379, in <genexpr>
    return (self._set_referer(r, response) for r in result)
                                                    ^^^^^^
  File "E:\AAA-CODE\AcquireData\.venv\Lib\site-packages\scrapy\core\spidermw.py", line 106, in process_sync
    yield from iterable
  File "E:\AAA-CODE\AcquireData\.venv\Lib\site-packages\scrapy\spidermiddlewares\urllength.py", line 57, in <genexpr>
    return (r for r in result if self._filter(r, spider))
                       ^^^^^^
  File "E:\AAA-CODE\AcquireData\.venv\Lib\site-packages\scrapy\core\spidermw.py", line 106, in process_sync
    yield from iterable
  File "E:\AAA-CODE\AcquireData\.venv\Lib\site-packages\scrapy\spidermiddlewares\depth.py", line 54, in <genexpr>
    return (r for r in result if self._filter(r, response, spider))
                       ^^^^^^
  File "E:\AAA-CODE\AcquireData\.venv\Lib\site-packages\scrapy\core\spidermw.py", line 106, in process_sync
    yield from iterable
  File "E:\AAA-CODE\AcquireData\classification\classification\spiders\second_href.py", line 45, in parse
    with open(log_path, 'a') as f:
         ^^^^^^^^^^^^^^^^^^^
FileNotFoundError: [Errno 2] No such file or directory: 'E:\\AAA-CODE\\AcquireData\\classification\\classification\\log\\second-href.txt'
2025-02-07 20:21:01 [scrapy.downloadermiddlewares.retry] ERROR: Gave up retrying <GET https://www.amazon.com//Best-Sellers-Unique-Finds/zgbs/boost/ref=zg_bs_nav_boost_0> (failed 3 times): 429 Unknown Status
2025-02-07 20:37:06 [py.warnings] WARNING: E:\AAA-CODE\AcquireData\.venv\Lib\site-packages\scrapy\utils\request.py:120: ScrapyDeprecationWarning: 'REQUEST_FINGERPRINTER_IMPLEMENTATION' is a deprecated setting.
It will be removed in a future version of Scrapy.
  return cls(crawler)

2025-02-07 20:37:06 [scrapy.core.engine] ERROR: Error while obtaining start requests
Traceback (most recent call last):
  File "E:\AAA-CODE\AcquireData\.venv\Lib\site-packages\scrapy\core\engine.py", line 185, in _next_request
    request_or_item = next(self.slot.start_requests)
                      ^^^^^^^^^^^^^^^^^^^^^^^^^^^^^^
  File "E:\AAA-CODE\AcquireData\classification\classification\spiders\product_pid.py", line 32, in start_requests
    yield scrapy.Request(url=url, callback=self.parse(cls=classification))
                                           ^^^^^^^^^^^^^^^^^^^^^^^^^^^^^^
TypeError: ProductPidSpider.parse() missing 1 required positional argument: 'response'
2025-02-07 20:37:16 [py.warnings] WARNING: E:\AAA-CODE\AcquireData\.venv\Lib\site-packages\scrapy\utils\request.py:120: ScrapyDeprecationWarning: 'REQUEST_FINGERPRINTER_IMPLEMENTATION' is a deprecated setting.
It will be removed in a future version of Scrapy.
  return cls(crawler)

2025-02-07 20:37:16 [scrapy.core.engine] ERROR: Error while obtaining start requests
Traceback (most recent call last):
  File "E:\AAA-CODE\AcquireData\.venv\Lib\site-packages\scrapy\core\engine.py", line 185, in _next_request
    request_or_item = next(self.slot.start_requests)
                      ^^^^^^^^^^^^^^^^^^^^^^^^^^^^^^
  File "E:\AAA-CODE\AcquireData\classification\classification\spiders\product_pid.py", line 32, in start_requests
    yield scrapy.Request(url=url, callback=self.parse(cls=classification))
                                           ^^^^^^^^^^^^^^^^^^^^^^^^^^^^^^
TypeError: ProductPidSpider.parse() missing 1 required positional argument: 'response'
2025-02-07 20:45:58 [py.warnings] WARNING: E:\AAA-CODE\AcquireData\.venv\Lib\site-packages\scrapy\utils\request.py:120: ScrapyDeprecationWarning: 'REQUEST_FINGERPRINTER_IMPLEMENTATION' is a deprecated setting.
It will be removed in a future version of Scrapy.
  return cls(crawler)

2025-02-07 20:46:02 [scrapy.core.scraper] ERROR: Spider error processing <GET https://www.amazon.com//Best-Sellers-Amazon-Devices-Accessories-Amazon-Device-Subscriptions/zgbs/amazon-devices/121475272011/ref=zg_bs_nav_amazon-devices_1> (referer: None)
Traceback (most recent call last):
  File "E:\AAA-CODE\AcquireData\.venv\Lib\site-packages\twisted\internet\defer.py", line 1088, in _runCallbacks
    current.result = callback(  # type: ignore[misc]
                     ^^^^^^^^^^^^^^^^^^^^^^^^^^^^^^^
  File "E:\AAA-CODE\AcquireData\.venv\Lib\site-packages\scrapy\spiders\__init__.py", line 93, in parse
    raise NotImplementedError(
NotImplementedError: ProductPidSpider.parse callback is not defined
2025-02-07 20:46:02 [scrapy.core.scraper] ERROR: Spider error processing <GET https://www.amazon.com//Best-Sellers-Amazon-Devices-Accessories-Amazon-Device-Accessories/zgbs/amazon-devices/370783011/ref=zg_bs_nav_amazon-devices_1> (referer: None)
Traceback (most recent call last):
  File "E:\AAA-CODE\AcquireData\.venv\Lib\site-packages\twisted\internet\defer.py", line 1088, in _runCallbacks
    current.result = callback(  # type: ignore[misc]
                     ^^^^^^^^^^^^^^^^^^^^^^^^^^^^^^^
  File "E:\AAA-CODE\AcquireData\.venv\Lib\site-packages\scrapy\spiders\__init__.py", line 93, in parse
    raise NotImplementedError(
NotImplementedError: ProductPidSpider.parse callback is not defined
2025-02-07 20:46:03 [scrapy.core.scraper] ERROR: Spider error processing <GET https://www.amazon.com//Best-Sellers-Baby-Child-Safety-Car-Seats-Accessories/zgbs/baby-products/166835011/ref=zg_bs_nav_baby-products_1?_encoding=UTF8&pg=2> (referer: None)
Traceback (most recent call last):
  File "E:\AAA-CODE\AcquireData\.venv\Lib\site-packages\twisted\internet\defer.py", line 1088, in _runCallbacks
    current.result = callback(  # type: ignore[misc]
                     ^^^^^^^^^^^^^^^^^^^^^^^^^^^^^^^
  File "E:\AAA-CODE\AcquireData\.venv\Lib\site-packages\scrapy\spiders\__init__.py", line 93, in parse
    raise NotImplementedError(
NotImplementedError: ProductPidSpider.parse callback is not defined
2025-02-07 20:46:03 [scrapy.core.scraper] ERROR: Spider error processing <GET https://www.amazon.com//Best-Sellers-Amazon-Devices-Accessories-Amazon-Devices/zgbs/amazon-devices/2102313011/ref=zg_bs_nav_amazon-devices_1> (referer: None)
Traceback (most recent call last):
  File "E:\AAA-CODE\AcquireData\.venv\Lib\site-packages\twisted\internet\defer.py", line 1088, in _runCallbacks
    current.result = callback(  # type: ignore[misc]
                     ^^^^^^^^^^^^^^^^^^^^^^^^^^^^^^^
  File "E:\AAA-CODE\AcquireData\.venv\Lib\site-packages\scrapy\spiders\__init__.py", line 93, in parse
    raise NotImplementedError(
NotImplementedError: ProductPidSpider.parse callback is not defined
2025-02-07 20:46:03 [scrapy.core.scraper] ERROR: Spider error processing <GET https://www.amazon.com//Best-Sellers-Baby-Baby-Care-Products/zgbs/baby-products/17720255011/ref=zg_bs_nav_baby-products_1> (referer: None)
Traceback (most recent call last):
  File "E:\AAA-CODE\AcquireData\.venv\Lib\site-packages\twisted\internet\defer.py", line 1088, in _runCallbacks
    current.result = callback(  # type: ignore[misc]
                     ^^^^^^^^^^^^^^^^^^^^^^^^^^^^^^^
  File "E:\AAA-CODE\AcquireData\.venv\Lib\site-packages\scrapy\spiders\__init__.py", line 93, in parse
    raise NotImplementedError(
NotImplementedError: ProductPidSpider.parse callback is not defined
2025-02-07 20:46:03 [scrapy.core.scraper] ERROR: Spider error processing <GET https://www.amazon.com//Best-Sellers-Baby-Baby-Diapering-Products/zgbs/baby-products/166764011/ref=zg_bs_nav_baby-products_1?_encoding=UTF8&pg=2> (referer: None)
Traceback (most recent call last):
  File "E:\AAA-CODE\AcquireData\.venv\Lib\site-packages\twisted\internet\defer.py", line 1088, in _runCallbacks
    current.result = callback(  # type: ignore[misc]
                     ^^^^^^^^^^^^^^^^^^^^^^^^^^^^^^^
  File "E:\AAA-CODE\AcquireData\.venv\Lib\site-packages\scrapy\spiders\__init__.py", line 93, in parse
    raise NotImplementedError(
NotImplementedError: ProductPidSpider.parse callback is not defined
2025-02-07 20:46:04 [scrapy.core.scraper] ERROR: Spider error processing <GET https://www.amazon.com//Best-Sellers-Baby-Baby-Toddler-Feeding-Supplies/zgbs/baby-products/166777011/ref=zg_bs_nav_baby-products_1?_encoding=UTF8&pg=2> (referer: None)
Traceback (most recent call last):
  File "E:\AAA-CODE\AcquireData\.venv\Lib\site-packages\twisted\internet\defer.py", line 1088, in _runCallbacks
    current.result = callback(  # type: ignore[misc]
                     ^^^^^^^^^^^^^^^^^^^^^^^^^^^^^^^
  File "E:\AAA-CODE\AcquireData\.venv\Lib\site-packages\scrapy\spiders\__init__.py", line 93, in parse
    raise NotImplementedError(
NotImplementedError: ProductPidSpider.parse callback is not defined
2025-02-07 20:46:04 [scrapy.core.scraper] ERROR: Spider error processing <GET https://www.amazon.com//Best-Sellers-Amazon-Devices-Accessories-Amazon-Device-Subscriptions/zgbs/amazon-devices/121475272011/ref=zg_bs_nav_amazon-devices_1?_encoding=UTF8&pg=2> (referer: None)
Traceback (most recent call last):
  File "E:\AAA-CODE\AcquireData\.venv\Lib\site-packages\twisted\internet\defer.py", line 1088, in _runCallbacks
    current.result = callback(  # type: ignore[misc]
                     ^^^^^^^^^^^^^^^^^^^^^^^^^^^^^^^
  File "E:\AAA-CODE\AcquireData\.venv\Lib\site-packages\scrapy\spiders\__init__.py", line 93, in parse
    raise NotImplementedError(
NotImplementedError: ProductPidSpider.parse callback is not defined
2025-02-07 20:46:04 [scrapy.core.scraper] ERROR: Spider error processing <GET https://www.amazon.com//Best-Sellers-Baby-Pregnancy-Maternity-Products/zgbs/baby-products/166804011/ref=zg_bs_nav_baby-products_1> (referer: None)
Traceback (most recent call last):
  File "E:\AAA-CODE\AcquireData\.venv\Lib\site-packages\twisted\internet\defer.py", line 1088, in _runCallbacks
    current.result = callback(  # type: ignore[misc]
                     ^^^^^^^^^^^^^^^^^^^^^^^^^^^^^^^
  File "E:\AAA-CODE\AcquireData\.venv\Lib\site-packages\scrapy\spiders\__init__.py", line 93, in parse
    raise NotImplementedError(
NotImplementedError: ProductPidSpider.parse callback is not defined
2025-02-07 20:46:04 [scrapy.core.scraper] ERROR: Spider error processing <GET https://www.amazon.com//Best-Sellers-Baby-Pregnancy-Maternity-Products/zgbs/baby-products/166804011/ref=zg_bs_nav_baby-products_1?_encoding=UTF8&pg=2> (referer: None)
Traceback (most recent call last):
  File "E:\AAA-CODE\AcquireData\.venv\Lib\site-packages\twisted\internet\defer.py", line 1088, in _runCallbacks
    current.result = callback(  # type: ignore[misc]
                     ^^^^^^^^^^^^^^^^^^^^^^^^^^^^^^^
  File "E:\AAA-CODE\AcquireData\.venv\Lib\site-packages\scrapy\spiders\__init__.py", line 93, in parse
    raise NotImplementedError(
NotImplementedError: ProductPidSpider.parse callback is not defined
2025-02-07 20:46:04 [scrapy.core.scraper] ERROR: Spider error processing <GET https://www.amazon.com//Best-Sellers-Amazon-Devices-Accessories-Amazon-Devices/zgbs/amazon-devices/2102313011/ref=zg_bs_nav_amazon-devices_1?_encoding=UTF8&pg=2> (referer: None)
Traceback (most recent call last):
  File "E:\AAA-CODE\AcquireData\.venv\Lib\site-packages\twisted\internet\defer.py", line 1088, in _runCallbacks
    current.result = callback(  # type: ignore[misc]
                     ^^^^^^^^^^^^^^^^^^^^^^^^^^^^^^^
  File "E:\AAA-CODE\AcquireData\.venv\Lib\site-packages\scrapy\spiders\__init__.py", line 93, in parse
    raise NotImplementedError(
NotImplementedError: ProductPidSpider.parse callback is not defined
2025-02-07 20:46:05 [scrapy.core.scraper] ERROR: Spider error processing <GET https://www.amazon.com//Best-Sellers-Baby-Baby-Gifts/zgbs/baby-products/239226011/ref=zg_bs_nav_baby-products_1> (referer: None)
Traceback (most recent call last):
  File "E:\AAA-CODE\AcquireData\.venv\Lib\site-packages\twisted\internet\defer.py", line 1088, in _runCallbacks
    current.result = callback(  # type: ignore[misc]
                     ^^^^^^^^^^^^^^^^^^^^^^^^^^^^^^^
  File "E:\AAA-CODE\AcquireData\.venv\Lib\site-packages\scrapy\spiders\__init__.py", line 93, in parse
    raise NotImplementedError(
NotImplementedError: ProductPidSpider.parse callback is not defined
2025-02-07 20:46:05 [scrapy.core.scraper] ERROR: Spider error processing <GET https://www.amazon.com//Best-Sellers-Baby-Baby-Activity-Entertainment-Products/zgbs/baby-products/239225011/ref=zg_bs_nav_baby-products_1> (referer: None)
Traceback (most recent call last):
  File "E:\AAA-CODE\AcquireData\.venv\Lib\site-packages\twisted\internet\defer.py", line 1088, in _runCallbacks
    current.result = callback(  # type: ignore[misc]
                     ^^^^^^^^^^^^^^^^^^^^^^^^^^^^^^^
  File "E:\AAA-CODE\AcquireData\.venv\Lib\site-packages\scrapy\spiders\__init__.py", line 93, in parse
    raise NotImplementedError(
NotImplementedError: ProductPidSpider.parse callback is not defined
2025-02-07 20:46:05 [scrapy.core.scraper] ERROR: Spider error processing <GET https://www.amazon.com//Best-Sellers-Baby-Baby-Care-Products/zgbs/baby-products/17720255011/ref=zg_bs_nav_baby-products_1?_encoding=UTF8&pg=2> (referer: None)
Traceback (most recent call last):
  File "E:\AAA-CODE\AcquireData\.venv\Lib\site-packages\twisted\internet\defer.py", line 1088, in _runCallbacks
    current.result = callback(  # type: ignore[misc]
                     ^^^^^^^^^^^^^^^^^^^^^^^^^^^^^^^
  File "E:\AAA-CODE\AcquireData\.venv\Lib\site-packages\scrapy\spiders\__init__.py", line 93, in parse
    raise NotImplementedError(
NotImplementedError: ProductPidSpider.parse callback is not defined
2025-02-07 20:46:06 [scrapy.core.scraper] ERROR: Spider error processing <GET https://www.amazon.com//Best-Sellers-Baby-Baby-Gifts/zgbs/baby-products/239226011/ref=zg_bs_nav_baby-products_1?_encoding=UTF8&pg=2> (referer: None)
Traceback (most recent call last):
  File "E:\AAA-CODE\AcquireData\.venv\Lib\site-packages\twisted\internet\defer.py", line 1088, in _runCallbacks
    current.result = callback(  # type: ignore[misc]
                     ^^^^^^^^^^^^^^^^^^^^^^^^^^^^^^^
  File "E:\AAA-CODE\AcquireData\.venv\Lib\site-packages\scrapy\spiders\__init__.py", line 93, in parse
    raise NotImplementedError(
NotImplementedError: ProductPidSpider.parse callback is not defined
2025-02-07 20:46:06 [scrapy.core.scraper] ERROR: Spider error processing <GET https://www.amazon.com//Best-Sellers-Baby-Baby-Toddler-Feeding-Supplies/zgbs/baby-products/166777011/ref=zg_bs_nav_baby-products_1> (referer: None)
Traceback (most recent call last):
  File "E:\AAA-CODE\AcquireData\.venv\Lib\site-packages\twisted\internet\defer.py", line 1088, in _runCallbacks
    current.result = callback(  # type: ignore[misc]
                     ^^^^^^^^^^^^^^^^^^^^^^^^^^^^^^^
  File "E:\AAA-CODE\AcquireData\.venv\Lib\site-packages\scrapy\spiders\__init__.py", line 93, in parse
    raise NotImplementedError(
NotImplementedError: ProductPidSpider.parse callback is not defined
2025-02-07 20:46:06 [scrapy.core.scraper] ERROR: Spider error processing <GET https://www.amazon.com//Best-Sellers-Baby-Baby-Diapering-Products/zgbs/baby-products/166764011/ref=zg_bs_nav_baby-products_1> (referer: None)
Traceback (most recent call last):
  File "E:\AAA-CODE\AcquireData\.venv\Lib\site-packages\twisted\internet\defer.py", line 1088, in _runCallbacks
    current.result = callback(  # type: ignore[misc]
                     ^^^^^^^^^^^^^^^^^^^^^^^^^^^^^^^
  File "E:\AAA-CODE\AcquireData\.venv\Lib\site-packages\scrapy\spiders\__init__.py", line 93, in parse
    raise NotImplementedError(
NotImplementedError: ProductPidSpider.parse callback is not defined
2025-02-07 20:46:06 [scrapy.core.scraper] ERROR: Spider error processing <GET https://www.amazon.com//Best-Sellers-Baby-Nursery-Furniture-Bedding-Dcor/zgbs/baby-products/695338011/ref=zg_bs_nav_baby-products_1> (referer: None)
Traceback (most recent call last):
  File "E:\AAA-CODE\AcquireData\.venv\Lib\site-packages\twisted\internet\defer.py", line 1088, in _runCallbacks
    current.result = callback(  # type: ignore[misc]
                     ^^^^^^^^^^^^^^^^^^^^^^^^^^^^^^^
  File "E:\AAA-CODE\AcquireData\.venv\Lib\site-packages\scrapy\spiders\__init__.py", line 93, in parse
    raise NotImplementedError(
NotImplementedError: ProductPidSpider.parse callback is not defined
2025-02-07 20:46:07 [scrapy.core.scraper] ERROR: Spider error processing <GET https://www.amazon.com//Best-Sellers-Baby-Child-Safety-Car-Seats-Accessories/zgbs/baby-products/166835011/ref=zg_bs_nav_baby-products_1> (referer: None)
Traceback (most recent call last):
  File "E:\AAA-CODE\AcquireData\.venv\Lib\site-packages\twisted\internet\defer.py", line 1088, in _runCallbacks
    current.result = callback(  # type: ignore[misc]
                     ^^^^^^^^^^^^^^^^^^^^^^^^^^^^^^^
  File "E:\AAA-CODE\AcquireData\.venv\Lib\site-packages\scrapy\spiders\__init__.py", line 93, in parse
    raise NotImplementedError(
NotImplementedError: ProductPidSpider.parse callback is not defined
2025-02-07 20:46:07 [scrapy.core.scraper] ERROR: Spider error processing <GET https://www.amazon.com//Best-Sellers-Baby-Toilet-Training-Products/zgbs/baby-products/166887011/ref=zg_bs_nav_baby-products_1?_encoding=UTF8&pg=2> (referer: None)
Traceback (most recent call last):
  File "E:\AAA-CODE\AcquireData\.venv\Lib\site-packages\twisted\internet\defer.py", line 1088, in _runCallbacks
    current.result = callback(  # type: ignore[misc]
                     ^^^^^^^^^^^^^^^^^^^^^^^^^^^^^^^
  File "E:\AAA-CODE\AcquireData\.venv\Lib\site-packages\scrapy\spiders\__init__.py", line 93, in parse
    raise NotImplementedError(
NotImplementedError: ProductPidSpider.parse callback is not defined
2025-02-07 20:46:07 [scrapy.core.scraper] ERROR: Spider error processing <GET https://www.amazon.com//Best-Sellers-Baby-Baby-Safety-Products/zgbs/baby-products/166863011/ref=zg_bs_nav_baby-products_1?_encoding=UTF8&pg=2> (referer: None)
Traceback (most recent call last):
  File "E:\AAA-CODE\AcquireData\.venv\Lib\site-packages\twisted\internet\defer.py", line 1088, in _runCallbacks
    current.result = callback(  # type: ignore[misc]
                     ^^^^^^^^^^^^^^^^^^^^^^^^^^^^^^^
  File "E:\AAA-CODE\AcquireData\.venv\Lib\site-packages\scrapy\spiders\__init__.py", line 93, in parse
    raise NotImplementedError(
NotImplementedError: ProductPidSpider.parse callback is not defined
2025-02-07 20:46:07 [scrapy.core.scraper] ERROR: Spider error processing <GET https://www.amazon.com//Best-Sellers-Baby-Baby-Strollers/zgbs/baby-products/166842011/ref=zg_bs_nav_baby-products_1> (referer: None)
Traceback (most recent call last):
  File "E:\AAA-CODE\AcquireData\.venv\Lib\site-packages\twisted\internet\defer.py", line 1088, in _runCallbacks
    current.result = callback(  # type: ignore[misc]
                     ^^^^^^^^^^^^^^^^^^^^^^^^^^^^^^^
  File "E:\AAA-CODE\AcquireData\.venv\Lib\site-packages\scrapy\spiders\__init__.py", line 93, in parse
    raise NotImplementedError(
NotImplementedError: ProductPidSpider.parse callback is not defined
2025-02-07 20:46:07 [scrapy.core.scraper] ERROR: Spider error processing <GET https://www.amazon.com//Best-Sellers-Baby-Nursery-Furniture-Bedding-Dcor/zgbs/baby-products/695338011/ref=zg_bs_nav_baby-products_1?_encoding=UTF8&pg=2> (referer: None)
Traceback (most recent call last):
  File "E:\AAA-CODE\AcquireData\.venv\Lib\site-packages\twisted\internet\defer.py", line 1088, in _runCallbacks
    current.result = callback(  # type: ignore[misc]
                     ^^^^^^^^^^^^^^^^^^^^^^^^^^^^^^^
  File "E:\AAA-CODE\AcquireData\.venv\Lib\site-packages\scrapy\spiders\__init__.py", line 93, in parse
    raise NotImplementedError(
NotImplementedError: ProductPidSpider.parse callback is not defined
2025-02-07 20:46:07 [scrapy.core.scraper] ERROR: Spider error processing <GET https://www.amazon.com//Best-Sellers-Baby-Baby-Strollers/zgbs/baby-products/166842011/ref=zg_bs_nav_baby-products_1?_encoding=UTF8&pg=2> (referer: None)
Traceback (most recent call last):
  File "E:\AAA-CODE\AcquireData\.venv\Lib\site-packages\twisted\internet\defer.py", line 1088, in _runCallbacks
    current.result = callback(  # type: ignore[misc]
                     ^^^^^^^^^^^^^^^^^^^^^^^^^^^^^^^
  File "E:\AAA-CODE\AcquireData\.venv\Lib\site-packages\scrapy\spiders\__init__.py", line 93, in parse
    raise NotImplementedError(
NotImplementedError: ProductPidSpider.parse callback is not defined
2025-02-07 20:46:08 [scrapy.core.scraper] ERROR: Spider error processing <GET https://www.amazon.com//Best-Sellers-Baby-Toilet-Training-Products/zgbs/baby-products/166887011/ref=zg_bs_nav_baby-products_1> (referer: None)
Traceback (most recent call last):
  File "E:\AAA-CODE\AcquireData\.venv\Lib\site-packages\twisted\internet\defer.py", line 1088, in _runCallbacks
    current.result = callback(  # type: ignore[misc]
                     ^^^^^^^^^^^^^^^^^^^^^^^^^^^^^^^
  File "E:\AAA-CODE\AcquireData\.venv\Lib\site-packages\scrapy\spiders\__init__.py", line 93, in parse
    raise NotImplementedError(
NotImplementedError: ProductPidSpider.parse callback is not defined
2025-02-07 20:46:08 [scrapy.core.scraper] ERROR: Spider error processing <GET https://www.amazon.com//Best-Sellers-Baby-Baby-Activity-Entertainment-Products/zgbs/baby-products/239225011/ref=zg_bs_nav_baby-products_1?_encoding=UTF8&pg=2> (referer: None)
Traceback (most recent call last):
  File "E:\AAA-CODE\AcquireData\.venv\Lib\site-packages\twisted\internet\defer.py", line 1088, in _runCallbacks
    current.result = callback(  # type: ignore[misc]
                     ^^^^^^^^^^^^^^^^^^^^^^^^^^^^^^^
  File "E:\AAA-CODE\AcquireData\.venv\Lib\site-packages\scrapy\spiders\__init__.py", line 93, in parse
    raise NotImplementedError(
NotImplementedError: ProductPidSpider.parse callback is not defined
2025-02-07 20:46:08 [scrapy.core.scraper] ERROR: Spider error processing <GET https://www.amazon.com//Best-Sellers-Baby-Baby-Travel-Gear/zgbs/baby-products/17726796011/ref=zg_bs_nav_baby-products_1> (referer: None)
Traceback (most recent call last):
  File "E:\AAA-CODE\AcquireData\.venv\Lib\site-packages\twisted\internet\defer.py", line 1088, in _runCallbacks
    current.result = callback(  # type: ignore[misc]
                     ^^^^^^^^^^^^^^^^^^^^^^^^^^^^^^^
  File "E:\AAA-CODE\AcquireData\.venv\Lib\site-packages\scrapy\spiders\__init__.py", line 93, in parse
    raise NotImplementedError(
NotImplementedError: ProductPidSpider.parse callback is not defined
2025-02-07 20:46:09 [scrapy.core.scraper] ERROR: Spider error processing <GET https://www.amazon.com//Best-Sellers-Baby-Baby-Travel-Gear/zgbs/baby-products/17726796011/ref=zg_bs_nav_baby-products_1?_encoding=UTF8&pg=2> (referer: None)
Traceback (most recent call last):
  File "E:\AAA-CODE\AcquireData\.venv\Lib\site-packages\twisted\internet\defer.py", line 1088, in _runCallbacks
    current.result = callback(  # type: ignore[misc]
                     ^^^^^^^^^^^^^^^^^^^^^^^^^^^^^^^
  File "E:\AAA-CODE\AcquireData\.venv\Lib\site-packages\scrapy\spiders\__init__.py", line 93, in parse
    raise NotImplementedError(
NotImplementedError: ProductPidSpider.parse callback is not defined
2025-02-07 20:46:09 [scrapy.core.scraper] ERROR: Spider error processing <GET https://www.amazon.com//Best-Sellers-Arts-Crafts-Sewing-Craft-Supplies-Materials/zgbs/arts-crafts/378733011/ref=zg_bs_nav_arts-crafts_1> (referer: None)
Traceback (most recent call last):
  File "E:\AAA-CODE\AcquireData\.venv\Lib\site-packages\twisted\internet\defer.py", line 1088, in _runCallbacks
    current.result = callback(  # type: ignore[misc]
                     ^^^^^^^^^^^^^^^^^^^^^^^^^^^^^^^
  File "E:\AAA-CODE\AcquireData\.venv\Lib\site-packages\scrapy\spiders\__init__.py", line 93, in parse
    raise NotImplementedError(
NotImplementedError: ProductPidSpider.parse callback is not defined
2025-02-07 20:46:10 [scrapy.core.scraper] ERROR: Spider error processing <GET https://www.amazon.com//Best-Sellers-Arts-Crafts-Sewing-Craft-Hobby-Fabric/zgbs/arts-crafts/12899121/ref=zg_bs_nav_arts-crafts_1?_encoding=UTF8&pg=2> (referer: None)
Traceback (most recent call last):
  File "E:\AAA-CODE\AcquireData\.venv\Lib\site-packages\twisted\internet\defer.py", line 1088, in _runCallbacks
    current.result = callback(  # type: ignore[misc]
                     ^^^^^^^^^^^^^^^^^^^^^^^^^^^^^^^
  File "E:\AAA-CODE\AcquireData\.venv\Lib\site-packages\scrapy\spiders\__init__.py", line 93, in parse
    raise NotImplementedError(
NotImplementedError: ProductPidSpider.parse callback is not defined
2025-02-07 20:46:10 [scrapy.core.scraper] ERROR: Spider error processing <GET https://www.amazon.com//Best-Sellers-Arts-Crafts-Sewing-Beading-Jewelry-Making/zgbs/arts-crafts/12896081/ref=zg_bs_nav_arts-crafts_1> (referer: None)
Traceback (most recent call last):
  File "E:\AAA-CODE\AcquireData\.venv\Lib\site-packages\twisted\internet\defer.py", line 1088, in _runCallbacks
    current.result = callback(  # type: ignore[misc]
                     ^^^^^^^^^^^^^^^^^^^^^^^^^^^^^^^
  File "E:\AAA-CODE\AcquireData\.venv\Lib\site-packages\scrapy\spiders\__init__.py", line 93, in parse
    raise NotImplementedError(
NotImplementedError: ProductPidSpider.parse callback is not defined
2025-02-07 20:46:10 [scrapy.core.scraper] ERROR: Spider error processing <GET https://www.amazon.com//Best-Sellers-Arts-Crafts-Sewing-Knitting-Crochet-Supplies/zgbs/arts-crafts/12897221/ref=zg_bs_nav_arts-crafts_1?_encoding=UTF8&pg=2> (referer: None)
Traceback (most recent call last):
  File "E:\AAA-CODE\AcquireData\.venv\Lib\site-packages\twisted\internet\defer.py", line 1088, in _runCallbacks
    current.result = callback(  # type: ignore[misc]
                     ^^^^^^^^^^^^^^^^^^^^^^^^^^^^^^^
  File "E:\AAA-CODE\AcquireData\.venv\Lib\site-packages\scrapy\spiders\__init__.py", line 93, in parse
    raise NotImplementedError(
NotImplementedError: ProductPidSpider.parse callback is not defined
2025-02-07 20:46:10 [scrapy.core.scraper] ERROR: Spider error processing <GET https://www.amazon.com//Best-Sellers-Arts-Crafts-Sewing-Beading-Jewelry-Making/zgbs/arts-crafts/12896081/ref=zg_bs_nav_arts-crafts_1?_encoding=UTF8&pg=2> (referer: None)
Traceback (most recent call last):
  File "E:\AAA-CODE\AcquireData\.venv\Lib\site-packages\twisted\internet\defer.py", line 1088, in _runCallbacks
    current.result = callback(  # type: ignore[misc]
                     ^^^^^^^^^^^^^^^^^^^^^^^^^^^^^^^
  File "E:\AAA-CODE\AcquireData\.venv\Lib\site-packages\scrapy\spiders\__init__.py", line 93, in parse
    raise NotImplementedError(
NotImplementedError: ProductPidSpider.parse callback is not defined
2025-02-07 20:46:11 [scrapy.core.scraper] ERROR: Spider error processing <GET https://www.amazon.com//Best-Sellers-Arts-Crafts-Sewing-Fabric-Decorating/zgbs/arts-crafts/12896841/ref=zg_bs_nav_arts-crafts_1> (referer: None)
Traceback (most recent call last):
  File "E:\AAA-CODE\AcquireData\.venv\Lib\site-packages\twisted\internet\defer.py", line 1088, in _runCallbacks
    current.result = callback(  # type: ignore[misc]
                     ^^^^^^^^^^^^^^^^^^^^^^^^^^^^^^^
  File "E:\AAA-CODE\AcquireData\.venv\Lib\site-packages\scrapy\spiders\__init__.py", line 93, in parse
    raise NotImplementedError(
NotImplementedError: ProductPidSpider.parse callback is not defined
2025-02-07 20:46:11 [scrapy.core.scraper] ERROR: Spider error processing <GET https://www.amazon.com//Best-Sellers-Baby-Baby-Safety-Products/zgbs/baby-products/166863011/ref=zg_bs_nav_baby-products_1> (referer: None)
Traceback (most recent call last):
  File "E:\AAA-CODE\AcquireData\.venv\Lib\site-packages\twisted\internet\defer.py", line 1088, in _runCallbacks
    current.result = callback(  # type: ignore[misc]
                     ^^^^^^^^^^^^^^^^^^^^^^^^^^^^^^^
  File "E:\AAA-CODE\AcquireData\.venv\Lib\site-packages\scrapy\spiders\__init__.py", line 93, in parse
    raise NotImplementedError(
NotImplementedError: ProductPidSpider.parse callback is not defined
2025-02-07 20:46:11 [scrapy.core.scraper] ERROR: Spider error processing <GET https://www.amazon.com//Best-Sellers-Arts-Crafts-Sewing-Needlework-Supplies/zgbs/arts-crafts/2237329011/ref=zg_bs_nav_arts-crafts_1> (referer: None)
Traceback (most recent call last):
  File "E:\AAA-CODE\AcquireData\.venv\Lib\site-packages\twisted\internet\defer.py", line 1088, in _runCallbacks
    current.result = callback(  # type: ignore[misc]
                     ^^^^^^^^^^^^^^^^^^^^^^^^^^^^^^^
  File "E:\AAA-CODE\AcquireData\.venv\Lib\site-packages\scrapy\spiders\__init__.py", line 93, in parse
    raise NotImplementedError(
NotImplementedError: ProductPidSpider.parse callback is not defined
2025-02-07 20:46:11 [scrapy.core.scraper] ERROR: Spider error processing <GET https://www.amazon.com//Best-Sellers-Amazon-Devices-Accessories-Amazon-Device-Accessories/zgbs/amazon-devices/370783011/ref=zg_bs_nav_amazon-devices_1?_encoding=UTF8&pg=2> (referer: None)
Traceback (most recent call last):
  File "E:\AAA-CODE\AcquireData\.venv\Lib\site-packages\twisted\internet\defer.py", line 1088, in _runCallbacks
    current.result = callback(  # type: ignore[misc]
                     ^^^^^^^^^^^^^^^^^^^^^^^^^^^^^^^
  File "E:\AAA-CODE\AcquireData\.venv\Lib\site-packages\scrapy\spiders\__init__.py", line 93, in parse
    raise NotImplementedError(
NotImplementedError: ProductPidSpider.parse callback is not defined
2025-02-07 20:46:11 [scrapy.core.scraper] ERROR: Spider error processing <GET https://www.amazon.com//Best-Sellers-Arts-Crafts-Sewing-Needlework-Supplies/zgbs/arts-crafts/2237329011/ref=zg_bs_nav_arts-crafts_1?_encoding=UTF8&pg=2> (referer: None)
Traceback (most recent call last):
  File "E:\AAA-CODE\AcquireData\.venv\Lib\site-packages\twisted\internet\defer.py", line 1088, in _runCallbacks
    current.result = callback(  # type: ignore[misc]
                     ^^^^^^^^^^^^^^^^^^^^^^^^^^^^^^^
  File "E:\AAA-CODE\AcquireData\.venv\Lib\site-packages\scrapy\spiders\__init__.py", line 93, in parse
    raise NotImplementedError(
NotImplementedError: ProductPidSpider.parse callback is not defined
2025-02-07 20:46:11 [scrapy.core.scraper] ERROR: Spider error processing <GET https://www.amazon.com//Best-Sellers-Arts-Crafts-Sewing-Arts-Crafts-Sewing-Storage/zgbs/arts-crafts/2237594011/ref=zg_bs_nav_arts-crafts_1> (referer: None)
Traceback (most recent call last):
  File "E:\AAA-CODE\AcquireData\.venv\Lib\site-packages\twisted\internet\defer.py", line 1088, in _runCallbacks
    current.result = callback(  # type: ignore[misc]
                     ^^^^^^^^^^^^^^^^^^^^^^^^^^^^^^^
  File "E:\AAA-CODE\AcquireData\.venv\Lib\site-packages\scrapy\spiders\__init__.py", line 93, in parse
    raise NotImplementedError(
NotImplementedError: ProductPidSpider.parse callback is not defined
2025-02-07 20:46:12 [scrapy.core.scraper] ERROR: Spider error processing <GET https://www.amazon.com//Best-Sellers-Arts-Crafts-Sewing-Knitting-Crochet-Supplies/zgbs/arts-crafts/12897221/ref=zg_bs_nav_arts-crafts_1> (referer: None)
Traceback (most recent call last):
  File "E:\AAA-CODE\AcquireData\.venv\Lib\site-packages\twisted\internet\defer.py", line 1088, in _runCallbacks
    current.result = callback(  # type: ignore[misc]
                     ^^^^^^^^^^^^^^^^^^^^^^^^^^^^^^^
  File "E:\AAA-CODE\AcquireData\.venv\Lib\site-packages\scrapy\spiders\__init__.py", line 93, in parse
    raise NotImplementedError(
NotImplementedError: ProductPidSpider.parse callback is not defined
2025-02-07 20:46:12 [scrapy.core.scraper] ERROR: Spider error processing <GET https://www.amazon.com//Best-Sellers-Arts-Crafts-Sewing-Fabric-Decorating/zgbs/arts-crafts/12896841/ref=zg_bs_nav_arts-crafts_1?_encoding=UTF8&pg=2> (referer: None)
Traceback (most recent call last):
  File "E:\AAA-CODE\AcquireData\.venv\Lib\site-packages\twisted\internet\defer.py", line 1088, in _runCallbacks
    current.result = callback(  # type: ignore[misc]
                     ^^^^^^^^^^^^^^^^^^^^^^^^^^^^^^^
  File "E:\AAA-CODE\AcquireData\.venv\Lib\site-packages\scrapy\spiders\__init__.py", line 93, in parse
    raise NotImplementedError(
NotImplementedError: ProductPidSpider.parse callback is not defined
2025-02-07 20:46:12 [scrapy.core.scraper] ERROR: Spider error processing <GET https://www.amazon.com//Best-Sellers-Arts-Crafts-Sewing-Scrapbooking-Photo-Transfer-Coloring/zgbs/arts-crafts/12898411/ref=zg_bs_nav_arts-crafts_1?_encoding=UTF8&pg=2> (referer: None)
Traceback (most recent call last):
  File "E:\AAA-CODE\AcquireData\.venv\Lib\site-packages\twisted\internet\defer.py", line 1088, in _runCallbacks
    current.result = callback(  # type: ignore[misc]
                     ^^^^^^^^^^^^^^^^^^^^^^^^^^^^^^^
  File "E:\AAA-CODE\AcquireData\.venv\Lib\site-packages\scrapy\spiders\__init__.py", line 93, in parse
    raise NotImplementedError(
NotImplementedError: ProductPidSpider.parse callback is not defined
2025-02-07 20:46:12 [scrapy.core.scraper] ERROR: Spider error processing <GET https://www.amazon.com//Best-Sellers-Arts-Crafts-Sewing-Painting-Drawing-Art-Supplies/zgbs/arts-crafts/2747968011/ref=zg_bs_nav_arts-crafts_1?_encoding=UTF8&pg=2> (referer: None)
Traceback (most recent call last):
  File "E:\AAA-CODE\AcquireData\.venv\Lib\site-packages\twisted\internet\defer.py", line 1088, in _runCallbacks
    current.result = callback(  # type: ignore[misc]
                     ^^^^^^^^^^^^^^^^^^^^^^^^^^^^^^^
  File "E:\AAA-CODE\AcquireData\.venv\Lib\site-packages\scrapy\spiders\__init__.py", line 93, in parse
    raise NotImplementedError(
NotImplementedError: ProductPidSpider.parse callback is not defined
2025-02-07 20:46:12 [scrapy.core.scraper] ERROR: Spider error processing <GET https://www.amazon.com//Best-Sellers-Arts-Crafts-Sewing-Printmaking-Supplies/zgbs/arts-crafts/12898451/ref=zg_bs_nav_arts-crafts_1> (referer: None)
Traceback (most recent call last):
  File "E:\AAA-CODE\AcquireData\.venv\Lib\site-packages\twisted\internet\defer.py", line 1088, in _runCallbacks
    current.result = callback(  # type: ignore[misc]
                     ^^^^^^^^^^^^^^^^^^^^^^^^^^^^^^^
  File "E:\AAA-CODE\AcquireData\.venv\Lib\site-packages\scrapy\spiders\__init__.py", line 93, in parse
    raise NotImplementedError(
NotImplementedError: ProductPidSpider.parse callback is not defined
2025-02-07 20:46:13 [scrapy.core.scraper] ERROR: Spider error processing <GET https://www.amazon.com//Best-Sellers-Arts-Crafts-Sewing-Scrapbooking-Photo-Transfer-Coloring/zgbs/arts-crafts/12898411/ref=zg_bs_nav_arts-crafts_1> (referer: None)
Traceback (most recent call last):
  File "E:\AAA-CODE\AcquireData\.venv\Lib\site-packages\twisted\internet\defer.py", line 1088, in _runCallbacks
    current.result = callback(  # type: ignore[misc]
                     ^^^^^^^^^^^^^^^^^^^^^^^^^^^^^^^
  File "E:\AAA-CODE\AcquireData\.venv\Lib\site-packages\scrapy\spiders\__init__.py", line 93, in parse
    raise NotImplementedError(
NotImplementedError: ProductPidSpider.parse callback is not defined
2025-02-07 20:46:13 [scrapy.core.scraper] ERROR: Spider error processing <GET https://www.amazon.com//Best-Sellers-Arts-Crafts-Sewing-Painting-Drawing-Art-Supplies/zgbs/arts-crafts/2747968011/ref=zg_bs_nav_arts-crafts_1> (referer: None)
Traceback (most recent call last):
  File "E:\AAA-CODE\AcquireData\.venv\Lib\site-packages\twisted\internet\defer.py", line 1088, in _runCallbacks
    current.result = callback(  # type: ignore[misc]
                     ^^^^^^^^^^^^^^^^^^^^^^^^^^^^^^^
  File "E:\AAA-CODE\AcquireData\.venv\Lib\site-packages\scrapy\spiders\__init__.py", line 93, in parse
    raise NotImplementedError(
NotImplementedError: ProductPidSpider.parse callback is not defined
2025-02-07 20:46:13 [scrapy.core.scraper] ERROR: Spider error processing <GET https://www.amazon.com//Best-Sellers-Arts-Crafts-Sewing-Arts-Crafts-Sewing-Storage/zgbs/arts-crafts/2237594011/ref=zg_bs_nav_arts-crafts_1?_encoding=UTF8&pg=2> (referer: None)
Traceback (most recent call last):
  File "E:\AAA-CODE\AcquireData\.venv\Lib\site-packages\twisted\internet\defer.py", line 1088, in _runCallbacks
    current.result = callback(  # type: ignore[misc]
                     ^^^^^^^^^^^^^^^^^^^^^^^^^^^^^^^
  File "E:\AAA-CODE\AcquireData\.venv\Lib\site-packages\scrapy\spiders\__init__.py", line 93, in parse
    raise NotImplementedError(
NotImplementedError: ProductPidSpider.parse callback is not defined
2025-02-07 20:46:14 [scrapy.core.scraper] ERROR: Spider error processing <GET https://www.amazon.com//Best-Sellers-Arts-Crafts-Sewing-Printmaking-Supplies/zgbs/arts-crafts/12898451/ref=zg_bs_nav_arts-crafts_1?_encoding=UTF8&pg=2> (referer: None)
Traceback (most recent call last):
  File "E:\AAA-CODE\AcquireData\.venv\Lib\site-packages\twisted\internet\defer.py", line 1088, in _runCallbacks
    current.result = callback(  # type: ignore[misc]
                     ^^^^^^^^^^^^^^^^^^^^^^^^^^^^^^^
  File "E:\AAA-CODE\AcquireData\.venv\Lib\site-packages\scrapy\spiders\__init__.py", line 93, in parse
    raise NotImplementedError(
NotImplementedError: ProductPidSpider.parse callback is not defined
2025-02-07 20:46:14 [scrapy.core.scraper] ERROR: Spider error processing <GET https://www.amazon.com//Best-Sellers-Arts-Crafts-Sewing-Craft-Supplies-Materials/zgbs/arts-crafts/378733011/ref=zg_bs_nav_arts-crafts_1?_encoding=UTF8&pg=2> (referer: None)
Traceback (most recent call last):
  File "E:\AAA-CODE\AcquireData\.venv\Lib\site-packages\twisted\internet\defer.py", line 1088, in _runCallbacks
    current.result = callback(  # type: ignore[misc]
                     ^^^^^^^^^^^^^^^^^^^^^^^^^^^^^^^
  File "E:\AAA-CODE\AcquireData\.venv\Lib\site-packages\scrapy\spiders\__init__.py", line 93, in parse
    raise NotImplementedError(
NotImplementedError: ProductPidSpider.parse callback is not defined
2025-02-07 20:46:14 [scrapy.core.scraper] ERROR: Spider error processing <GET https://www.amazon.com//Best-Sellers-Arts-Crafts-Sewing-Scrapbooking-Stamping-Supplies/zgbs/arts-crafts/12898821/ref=zg_bs_nav_arts-crafts_1> (referer: None)
Traceback (most recent call last):
  File "E:\AAA-CODE\AcquireData\.venv\Lib\site-packages\twisted\internet\defer.py", line 1088, in _runCallbacks
    current.result = callback(  # type: ignore[misc]
                     ^^^^^^^^^^^^^^^^^^^^^^^^^^^^^^^
  File "E:\AAA-CODE\AcquireData\.venv\Lib\site-packages\scrapy\spiders\__init__.py", line 93, in parse
    raise NotImplementedError(
NotImplementedError: ProductPidSpider.parse callback is not defined
2025-02-07 20:46:14 [scrapy.core.scraper] ERROR: Spider error processing <GET https://www.amazon.com//Best-Sellers-Arts-Crafts-Sewing-Sewing-Products/zgbs/arts-crafts/12899091/ref=zg_bs_nav_arts-crafts_1> (referer: None)
Traceback (most recent call last):
  File "E:\AAA-CODE\AcquireData\.venv\Lib\site-packages\twisted\internet\defer.py", line 1088, in _runCallbacks
    current.result = callback(  # type: ignore[misc]
                     ^^^^^^^^^^^^^^^^^^^^^^^^^^^^^^^
  File "E:\AAA-CODE\AcquireData\.venv\Lib\site-packages\scrapy\spiders\__init__.py", line 93, in parse
    raise NotImplementedError(
NotImplementedError: ProductPidSpider.parse callback is not defined
2025-02-07 20:46:14 [scrapy.core.scraper] ERROR: Spider error processing <GET https://www.amazon.com//Best-Sellers-Arts-Crafts-Sewing-Craft-Hobby-Fabric/zgbs/arts-crafts/12899121/ref=zg_bs_nav_arts-crafts_1> (referer: None)
Traceback (most recent call last):
  File "E:\AAA-CODE\AcquireData\.venv\Lib\site-packages\twisted\internet\defer.py", line 1088, in _runCallbacks
    current.result = callback(  # type: ignore[misc]
                     ^^^^^^^^^^^^^^^^^^^^^^^^^^^^^^^
  File "E:\AAA-CODE\AcquireData\.venv\Lib\site-packages\scrapy\spiders\__init__.py", line 93, in parse
    raise NotImplementedError(
NotImplementedError: ProductPidSpider.parse callback is not defined
2025-02-07 20:46:14 [scrapy.core.scraper] ERROR: Spider error processing <GET https://www.amazon.com//Best-Sellers-Arts-Crafts-Sewing-Scrapbooking-Stamping-Supplies/zgbs/arts-crafts/12898821/ref=zg_bs_nav_arts-crafts_1?_encoding=UTF8&pg=2> (referer: None)
Traceback (most recent call last):
  File "E:\AAA-CODE\AcquireData\.venv\Lib\site-packages\twisted\internet\defer.py", line 1088, in _runCallbacks
    current.result = callback(  # type: ignore[misc]
                     ^^^^^^^^^^^^^^^^^^^^^^^^^^^^^^^
  File "E:\AAA-CODE\AcquireData\.venv\Lib\site-packages\scrapy\spiders\__init__.py", line 93, in parse
    raise NotImplementedError(
NotImplementedError: ProductPidSpider.parse callback is not defined
2025-02-07 20:46:15 [scrapy.core.scraper] ERROR: Spider error processing <GET https://www.amazon.com//Best-Sellers-Arts-Crafts-Sewing-Sewing-Thread-Floss/zgbs/arts-crafts/12897331/ref=zg_bs_nav_arts-crafts_1?_encoding=UTF8&pg=2> (referer: None)
Traceback (most recent call last):
  File "E:\AAA-CODE\AcquireData\.venv\Lib\site-packages\twisted\internet\defer.py", line 1088, in _runCallbacks
    current.result = callback(  # type: ignore[misc]
                     ^^^^^^^^^^^^^^^^^^^^^^^^^^^^^^^
  File "E:\AAA-CODE\AcquireData\.venv\Lib\site-packages\scrapy\spiders\__init__.py", line 93, in parse
    raise NotImplementedError(
NotImplementedError: ProductPidSpider.parse callback is not defined
2025-02-07 20:46:15 [scrapy.core.scraper] ERROR: Spider error processing <GET https://www.amazon.com//Best-Sellers-Apps-Games-Communication/zgbs/mobile-apps/9408466011/ref=zg_bs_nav_mobile-apps_1> (referer: None)
Traceback (most recent call last):
  File "E:\AAA-CODE\AcquireData\.venv\Lib\site-packages\twisted\internet\defer.py", line 1088, in _runCallbacks
    current.result = callback(  # type: ignore[misc]
                     ^^^^^^^^^^^^^^^^^^^^^^^^^^^^^^^
  File "E:\AAA-CODE\AcquireData\.venv\Lib\site-packages\scrapy\spiders\__init__.py", line 93, in parse
    raise NotImplementedError(
NotImplementedError: ProductPidSpider.parse callback is not defined
2025-02-07 20:46:15 [scrapy.core.scraper] ERROR: Spider error processing <GET https://www.amazon.com//Best-Sellers-Apps-Games-Business/zgbs/mobile-apps/10298305011/ref=zg_bs_nav_mobile-apps_1?_encoding=UTF8&pg=2> (referer: None)
Traceback (most recent call last):
  File "E:\AAA-CODE\AcquireData\.venv\Lib\site-packages\twisted\internet\defer.py", line 1088, in _runCallbacks
    current.result = callback(  # type: ignore[misc]
                     ^^^^^^^^^^^^^^^^^^^^^^^^^^^^^^^
  File "E:\AAA-CODE\AcquireData\.venv\Lib\site-packages\scrapy\spiders\__init__.py", line 93, in parse
    raise NotImplementedError(
NotImplementedError: ProductPidSpider.parse callback is not defined
2025-02-07 20:46:16 [scrapy.core.scraper] ERROR: Spider error processing <GET https://www.amazon.com//Best-Sellers-Apps-Games-Customization/zgbs/mobile-apps/9408481011/ref=zg_bs_nav_mobile-apps_1> (referer: None)
Traceback (most recent call last):
  File "E:\AAA-CODE\AcquireData\.venv\Lib\site-packages\twisted\internet\defer.py", line 1088, in _runCallbacks
    current.result = callback(  # type: ignore[misc]
                     ^^^^^^^^^^^^^^^^^^^^^^^^^^^^^^^
  File "E:\AAA-CODE\AcquireData\.venv\Lib\site-packages\scrapy\spiders\__init__.py", line 93, in parse
    raise NotImplementedError(
NotImplementedError: ProductPidSpider.parse callback is not defined
2025-02-07 20:46:16 [scrapy.core.scraper] ERROR: Spider error processing <GET https://www.amazon.com//Best-Sellers-Apps-Games-Books-Comics/zgbs/mobile-apps/9408444011/ref=zg_bs_nav_mobile-apps_1> (referer: None)
Traceback (most recent call last):
  File "E:\AAA-CODE\AcquireData\.venv\Lib\site-packages\twisted\internet\defer.py", line 1088, in _runCallbacks
    current.result = callback(  # type: ignore[misc]
                     ^^^^^^^^^^^^^^^^^^^^^^^^^^^^^^^
  File "E:\AAA-CODE\AcquireData\.venv\Lib\site-packages\scrapy\spiders\__init__.py", line 93, in parse
    raise NotImplementedError(
NotImplementedError: ProductPidSpider.parse callback is not defined
2025-02-07 20:46:16 [scrapy.core.scraper] ERROR: Spider error processing <GET https://www.amazon.com//Best-Sellers-Arts-Crafts-Sewing-Sewing-Thread-Floss/zgbs/arts-crafts/12897331/ref=zg_bs_nav_arts-crafts_1> (referer: None)
Traceback (most recent call last):
  File "E:\AAA-CODE\AcquireData\.venv\Lib\site-packages\twisted\internet\defer.py", line 1088, in _runCallbacks
    current.result = callback(  # type: ignore[misc]
                     ^^^^^^^^^^^^^^^^^^^^^^^^^^^^^^^
  File "E:\AAA-CODE\AcquireData\.venv\Lib\site-packages\scrapy\spiders\__init__.py", line 93, in parse
    raise NotImplementedError(
NotImplementedError: ProductPidSpider.parse callback is not defined
2025-02-07 20:46:16 [scrapy.core.scraper] ERROR: Spider error processing <GET https://www.amazon.com//Best-Sellers-Apps-Games-Customization/zgbs/mobile-apps/9408481011/ref=zg_bs_nav_mobile-apps_1?_encoding=UTF8&pg=2> (referer: None)
Traceback (most recent call last):
  File "E:\AAA-CODE\AcquireData\.venv\Lib\site-packages\twisted\internet\defer.py", line 1088, in _runCallbacks
    current.result = callback(  # type: ignore[misc]
                     ^^^^^^^^^^^^^^^^^^^^^^^^^^^^^^^
  File "E:\AAA-CODE\AcquireData\.venv\Lib\site-packages\scrapy\spiders\__init__.py", line 93, in parse
    raise NotImplementedError(
NotImplementedError: ProductPidSpider.parse callback is not defined
2025-02-07 20:46:16 [scrapy.core.scraper] ERROR: Spider error processing <GET https://www.amazon.com//Best-Sellers-Arts-Crafts-Sewing-Sewing-Products/zgbs/arts-crafts/12899091/ref=zg_bs_nav_arts-crafts_1?_encoding=UTF8&pg=2> (referer: None)
Traceback (most recent call last):
  File "E:\AAA-CODE\AcquireData\.venv\Lib\site-packages\twisted\internet\defer.py", line 1088, in _runCallbacks
    current.result = callback(  # type: ignore[misc]
                     ^^^^^^^^^^^^^^^^^^^^^^^^^^^^^^^
  File "E:\AAA-CODE\AcquireData\.venv\Lib\site-packages\scrapy\spiders\__init__.py", line 93, in parse
    raise NotImplementedError(
NotImplementedError: ProductPidSpider.parse callback is not defined
2025-02-07 20:46:17 [scrapy.core.scraper] ERROR: Spider error processing <GET https://www.amazon.com//Best-Sellers-Apps-Games-Education/zgbs/mobile-apps/9408490011/ref=zg_bs_nav_mobile-apps_1> (referer: None)
Traceback (most recent call last):
  File "E:\AAA-CODE\AcquireData\.venv\Lib\site-packages\twisted\internet\defer.py", line 1088, in _runCallbacks
    current.result = callback(  # type: ignore[misc]
                     ^^^^^^^^^^^^^^^^^^^^^^^^^^^^^^^
  File "E:\AAA-CODE\AcquireData\.venv\Lib\site-packages\scrapy\spiders\__init__.py", line 93, in parse
    raise NotImplementedError(
NotImplementedError: ProductPidSpider.parse callback is not defined
2025-02-07 20:46:17 [scrapy.core.scraper] ERROR: Spider error processing <GET https://www.amazon.com//Best-Sellers-Apps-Games-Business/zgbs/mobile-apps/10298305011/ref=zg_bs_nav_mobile-apps_1> (referer: None)
Traceback (most recent call last):
  File "E:\AAA-CODE\AcquireData\.venv\Lib\site-packages\twisted\internet\defer.py", line 1088, in _runCallbacks
    current.result = callback(  # type: ignore[misc]
                     ^^^^^^^^^^^^^^^^^^^^^^^^^^^^^^^
  File "E:\AAA-CODE\AcquireData\.venv\Lib\site-packages\scrapy\spiders\__init__.py", line 93, in parse
    raise NotImplementedError(
NotImplementedError: ProductPidSpider.parse callback is not defined
2025-02-07 20:46:17 [scrapy.core.scraper] ERROR: Spider error processing <GET https://www.amazon.com//Best-Sellers-Apps-Games-Education/zgbs/mobile-apps/9408490011/ref=zg_bs_nav_mobile-apps_1?_encoding=UTF8&pg=2> (referer: None)
Traceback (most recent call last):
  File "E:\AAA-CODE\AcquireData\.venv\Lib\site-packages\twisted\internet\defer.py", line 1088, in _runCallbacks
    current.result = callback(  # type: ignore[misc]
                     ^^^^^^^^^^^^^^^^^^^^^^^^^^^^^^^
  File "E:\AAA-CODE\AcquireData\.venv\Lib\site-packages\scrapy\spiders\__init__.py", line 93, in parse
    raise NotImplementedError(
NotImplementedError: ProductPidSpider.parse callback is not defined
2025-02-07 20:46:17 [scrapy.core.scraper] ERROR: Spider error processing <GET https://www.amazon.com//Best-Sellers-Apps-Games-Finance/zgbs/mobile-apps/9408433011/ref=zg_bs_nav_mobile-apps_1> (referer: None)
Traceback (most recent call last):
  File "E:\AAA-CODE\AcquireData\.venv\Lib\site-packages\twisted\internet\defer.py", line 1088, in _runCallbacks
    current.result = callback(  # type: ignore[misc]
                     ^^^^^^^^^^^^^^^^^^^^^^^^^^^^^^^
  File "E:\AAA-CODE\AcquireData\.venv\Lib\site-packages\scrapy\spiders\__init__.py", line 93, in parse
    raise NotImplementedError(
NotImplementedError: ProductPidSpider.parse callback is not defined
2025-02-07 20:46:17 [scrapy.downloadermiddlewares.retry] ERROR: Gave up retrying <GET https://www.amazon.com//Best-Sellers-Arts-Crafts-Sewing-Yarn/zgbs/arts-crafts/262625011/ref=zg_bs_nav_arts-crafts_1> (failed 3 times): 429 Unknown Status
2025-02-07 20:46:17 [scrapy.core.scraper] ERROR: Spider error processing <GET https://www.amazon.com//Best-Sellers-Apps-Games-Finance/zgbs/mobile-apps/9408433011/ref=zg_bs_nav_mobile-apps_1?_encoding=UTF8&pg=2> (referer: None)
Traceback (most recent call last):
  File "E:\AAA-CODE\AcquireData\.venv\Lib\site-packages\twisted\internet\defer.py", line 1088, in _runCallbacks
    current.result = callback(  # type: ignore[misc]
                     ^^^^^^^^^^^^^^^^^^^^^^^^^^^^^^^
  File "E:\AAA-CODE\AcquireData\.venv\Lib\site-packages\scrapy\spiders\__init__.py", line 93, in parse
    raise NotImplementedError(
NotImplementedError: ProductPidSpider.parse callback is not defined
2025-02-07 20:46:18 [scrapy.core.scraper] ERROR: Spider error processing <GET https://www.amazon.com//Best-Sellers-Apps-Games-Books-Comics/zgbs/mobile-apps/9408444011/ref=zg_bs_nav_mobile-apps_1?_encoding=UTF8&pg=2> (referer: None)
Traceback (most recent call last):
  File "E:\AAA-CODE\AcquireData\.venv\Lib\site-packages\twisted\internet\defer.py", line 1088, in _runCallbacks
    current.result = callback(  # type: ignore[misc]
                     ^^^^^^^^^^^^^^^^^^^^^^^^^^^^^^^
  File "E:\AAA-CODE\AcquireData\.venv\Lib\site-packages\scrapy\spiders\__init__.py", line 93, in parse
    raise NotImplementedError(
NotImplementedError: ProductPidSpider.parse callback is not defined
2025-02-07 20:46:18 [scrapy.core.scraper] ERROR: Spider error processing <GET https://www.amazon.com//Best-Sellers-Apps-Games-Food-Drink/zgbs/mobile-apps/9408523011/ref=zg_bs_nav_mobile-apps_1?_encoding=UTF8&pg=2> (referer: None)
Traceback (most recent call last):
  File "E:\AAA-CODE\AcquireData\.venv\Lib\site-packages\twisted\internet\defer.py", line 1088, in _runCallbacks
    current.result = callback(  # type: ignore[misc]
                     ^^^^^^^^^^^^^^^^^^^^^^^^^^^^^^^
  File "E:\AAA-CODE\AcquireData\.venv\Lib\site-packages\scrapy\spiders\__init__.py", line 93, in parse
    raise NotImplementedError(
NotImplementedError: ProductPidSpider.parse callback is not defined
2025-02-07 20:46:18 [scrapy.core.scraper] ERROR: Spider error processing <GET https://www.amazon.com//Best-Sellers-Apps-Games-Communication/zgbs/mobile-apps/9408466011/ref=zg_bs_nav_mobile-apps_1?_encoding=UTF8&pg=2> (referer: None)
Traceback (most recent call last):
  File "E:\AAA-CODE\AcquireData\.venv\Lib\site-packages\twisted\internet\defer.py", line 1088, in _runCallbacks
    current.result = callback(  # type: ignore[misc]
                     ^^^^^^^^^^^^^^^^^^^^^^^^^^^^^^^
  File "E:\AAA-CODE\AcquireData\.venv\Lib\site-packages\scrapy\spiders\__init__.py", line 93, in parse
    raise NotImplementedError(
NotImplementedError: ProductPidSpider.parse callback is not defined
2025-02-07 20:46:18 [scrapy.core.scraper] ERROR: Spider error processing <GET https://www.amazon.com//Best-Sellers-Arts-Crafts-Sewing-Yarn/zgbs/arts-crafts/262625011/ref=zg_bs_nav_arts-crafts_1?_encoding=UTF8&pg=2> (referer: None)
Traceback (most recent call last):
  File "E:\AAA-CODE\AcquireData\.venv\Lib\site-packages\twisted\internet\defer.py", line 1088, in _runCallbacks
    current.result = callback(  # type: ignore[misc]
                     ^^^^^^^^^^^^^^^^^^^^^^^^^^^^^^^
  File "E:\AAA-CODE\AcquireData\.venv\Lib\site-packages\scrapy\spiders\__init__.py", line 93, in parse
    raise NotImplementedError(
NotImplementedError: ProductPidSpider.parse callback is not defined
2025-02-07 20:46:19 [scrapy.core.scraper] ERROR: Spider error processing <GET https://www.amazon.com//Best-Sellers-Apps-Games-Health-Wellness/zgbs/mobile-apps/9408749011/ref=zg_bs_nav_mobile-apps_1> (referer: None)
Traceback (most recent call last):
  File "E:\AAA-CODE\AcquireData\.venv\Lib\site-packages\twisted\internet\defer.py", line 1088, in _runCallbacks
    current.result = callback(  # type: ignore[misc]
                     ^^^^^^^^^^^^^^^^^^^^^^^^^^^^^^^
  File "E:\AAA-CODE\AcquireData\.venv\Lib\site-packages\scrapy\spiders\__init__.py", line 93, in parse
    raise NotImplementedError(
NotImplementedError: ProductPidSpider.parse callback is not defined
2025-02-07 20:46:19 [scrapy.core.scraper] ERROR: Spider error processing <GET https://www.amazon.com//Best-Sellers-Apps-Games-Kids/zgbs/mobile-apps/9408582011/ref=zg_bs_nav_mobile-apps_1> (referer: None)
Traceback (most recent call last):
  File "E:\AAA-CODE\AcquireData\.venv\Lib\site-packages\twisted\internet\defer.py", line 1088, in _runCallbacks
    current.result = callback(  # type: ignore[misc]
                     ^^^^^^^^^^^^^^^^^^^^^^^^^^^^^^^
  File "E:\AAA-CODE\AcquireData\.venv\Lib\site-packages\scrapy\spiders\__init__.py", line 93, in parse
    raise NotImplementedError(
NotImplementedError: ProductPidSpider.parse callback is not defined
2025-02-07 20:46:19 [scrapy.core.scraper] ERROR: Spider error processing <GET https://www.amazon.com//Best-Sellers-Apps-Games-Games/zgbs/mobile-apps/9209902011/ref=zg_bs_nav_mobile-apps_1?_encoding=UTF8&pg=2> (referer: None)
Traceback (most recent call last):
  File "E:\AAA-CODE\AcquireData\.venv\Lib\site-packages\twisted\internet\defer.py", line 1088, in _runCallbacks
    current.result = callback(  # type: ignore[misc]
                     ^^^^^^^^^^^^^^^^^^^^^^^^^^^^^^^
  File "E:\AAA-CODE\AcquireData\.venv\Lib\site-packages\scrapy\spiders\__init__.py", line 93, in parse
    raise NotImplementedError(
NotImplementedError: ProductPidSpider.parse callback is not defined
2025-02-07 20:46:19 [scrapy.core.scraper] ERROR: Spider error processing <GET https://www.amazon.com//Best-Sellers-Apps-Games-Health-Wellness/zgbs/mobile-apps/9408749011/ref=zg_bs_nav_mobile-apps_1?_encoding=UTF8&pg=2> (referer: None)
Traceback (most recent call last):
  File "E:\AAA-CODE\AcquireData\.venv\Lib\site-packages\twisted\internet\defer.py", line 1088, in _runCallbacks
    current.result = callback(  # type: ignore[misc]
                     ^^^^^^^^^^^^^^^^^^^^^^^^^^^^^^^
  File "E:\AAA-CODE\AcquireData\.venv\Lib\site-packages\scrapy\spiders\__init__.py", line 93, in parse
    raise NotImplementedError(
NotImplementedError: ProductPidSpider.parse callback is not defined
2025-02-07 20:46:20 [scrapy.core.scraper] ERROR: Spider error processing <GET https://www.amazon.com//Best-Sellers-Apps-Games-Food-Drink/zgbs/mobile-apps/9408523011/ref=zg_bs_nav_mobile-apps_1> (referer: None)
Traceback (most recent call last):
  File "E:\AAA-CODE\AcquireData\.venv\Lib\site-packages\twisted\internet\defer.py", line 1088, in _runCallbacks
    current.result = callback(  # type: ignore[misc]
                     ^^^^^^^^^^^^^^^^^^^^^^^^^^^^^^^
  File "E:\AAA-CODE\AcquireData\.venv\Lib\site-packages\scrapy\spiders\__init__.py", line 93, in parse
    raise NotImplementedError(
NotImplementedError: ProductPidSpider.parse callback is not defined
2025-02-07 20:46:20 [scrapy.core.scraper] ERROR: Spider error processing <GET https://www.amazon.com//Best-Sellers-Apps-Games-Kids/zgbs/mobile-apps/9408582011/ref=zg_bs_nav_mobile-apps_1?_encoding=UTF8&pg=2> (referer: None)
Traceback (most recent call last):
  File "E:\AAA-CODE\AcquireData\.venv\Lib\site-packages\twisted\internet\defer.py", line 1088, in _runCallbacks
    current.result = callback(  # type: ignore[misc]
                     ^^^^^^^^^^^^^^^^^^^^^^^^^^^^^^^
  File "E:\AAA-CODE\AcquireData\.venv\Lib\site-packages\scrapy\spiders\__init__.py", line 93, in parse
    raise NotImplementedError(
NotImplementedError: ProductPidSpider.parse callback is not defined
2025-02-07 20:46:20 [scrapy.core.scraper] ERROR: Spider error processing <GET https://www.amazon.com//Best-Sellers-Apps-Games-Games/zgbs/mobile-apps/9209902011/ref=zg_bs_nav_mobile-apps_1> (referer: None)
Traceback (most recent call last):
  File "E:\AAA-CODE\AcquireData\.venv\Lib\site-packages\twisted\internet\defer.py", line 1088, in _runCallbacks
    current.result = callback(  # type: ignore[misc]
                     ^^^^^^^^^^^^^^^^^^^^^^^^^^^^^^^
  File "E:\AAA-CODE\AcquireData\.venv\Lib\site-packages\scrapy\spiders\__init__.py", line 93, in parse
    raise NotImplementedError(
NotImplementedError: ProductPidSpider.parse callback is not defined
2025-02-07 20:46:21 [scrapy.core.scraper] ERROR: Spider error processing <GET https://www.amazon.com//Best-Sellers-Apps-Games-Magazines/zgbs/mobile-apps/9408805011/ref=zg_bs_nav_mobile-apps_1?_encoding=UTF8&pg=2> (referer: None)
Traceback (most recent call last):
  File "E:\AAA-CODE\AcquireData\.venv\Lib\site-packages\twisted\internet\defer.py", line 1088, in _runCallbacks
    current.result = callback(  # type: ignore[misc]
                     ^^^^^^^^^^^^^^^^^^^^^^^^^^^^^^^
  File "E:\AAA-CODE\AcquireData\.venv\Lib\site-packages\scrapy\spiders\__init__.py", line 93, in parse
    raise NotImplementedError(
NotImplementedError: ProductPidSpider.parse callback is not defined
2025-02-07 20:46:21 [scrapy.core.scraper] ERROR: Spider error processing <GET https://www.amazon.com//Best-Sellers-Apps-Games-Medical/zgbs/mobile-apps/10298306011/ref=zg_bs_nav_mobile-apps_1> (referer: None)
Traceback (most recent call last):
  File "E:\AAA-CODE\AcquireData\.venv\Lib\site-packages\twisted\internet\defer.py", line 1088, in _runCallbacks
    current.result = callback(  # type: ignore[misc]
                     ^^^^^^^^^^^^^^^^^^^^^^^^^^^^^^^
  File "E:\AAA-CODE\AcquireData\.venv\Lib\site-packages\scrapy\spiders\__init__.py", line 93, in parse
    raise NotImplementedError(
NotImplementedError: ProductPidSpider.parse callback is not defined
2025-02-07 20:46:21 [scrapy.core.scraper] ERROR: Spider error processing <GET https://www.amazon.com//Best-Sellers-Apps-Games-Magazines/zgbs/mobile-apps/9408805011/ref=zg_bs_nav_mobile-apps_1> (referer: None)
Traceback (most recent call last):
  File "E:\AAA-CODE\AcquireData\.venv\Lib\site-packages\twisted\internet\defer.py", line 1088, in _runCallbacks
    current.result = callback(  # type: ignore[misc]
                     ^^^^^^^^^^^^^^^^^^^^^^^^^^^^^^^
  File "E:\AAA-CODE\AcquireData\.venv\Lib\site-packages\scrapy\spiders\__init__.py", line 93, in parse
    raise NotImplementedError(
NotImplementedError: ProductPidSpider.parse callback is not defined
2025-02-07 20:46:21 [scrapy.core.scraper] ERROR: Spider error processing <GET https://www.amazon.com//Best-Sellers-Apps-Games-Movies-TV/zgbs/mobile-apps/9408765011/ref=zg_bs_nav_mobile-apps_1> (referer: None)
Traceback (most recent call last):
  File "E:\AAA-CODE\AcquireData\.venv\Lib\site-packages\twisted\internet\defer.py", line 1088, in _runCallbacks
    current.result = callback(  # type: ignore[misc]
                     ^^^^^^^^^^^^^^^^^^^^^^^^^^^^^^^
  File "E:\AAA-CODE\AcquireData\.venv\Lib\site-packages\scrapy\spiders\__init__.py", line 93, in parse
    raise NotImplementedError(
NotImplementedError: ProductPidSpider.parse callback is not defined
2025-02-07 20:46:21 [scrapy.core.scraper] ERROR: Spider error processing <GET https://www.amazon.com//Best-Sellers-Apps-Games-Local/zgbs/mobile-apps/10298309011/ref=zg_bs_nav_mobile-apps_1> (referer: None)
Traceback (most recent call last):
  File "E:\AAA-CODE\AcquireData\.venv\Lib\site-packages\twisted\internet\defer.py", line 1088, in _runCallbacks
    current.result = callback(  # type: ignore[misc]
                     ^^^^^^^^^^^^^^^^^^^^^^^^^^^^^^^
  File "E:\AAA-CODE\AcquireData\.venv\Lib\site-packages\scrapy\spiders\__init__.py", line 93, in parse
    raise NotImplementedError(
NotImplementedError: ProductPidSpider.parse callback is not defined
2025-02-07 20:46:21 [scrapy.core.scraper] ERROR: Spider error processing <GET https://www.amazon.com//Best-Sellers-Apps-Games-Lifestyle/zgbs/mobile-apps/9408710011/ref=zg_bs_nav_mobile-apps_1> (referer: None)
Traceback (most recent call last):
  File "E:\AAA-CODE\AcquireData\.venv\Lib\site-packages\twisted\internet\defer.py", line 1088, in _runCallbacks
    current.result = callback(  # type: ignore[misc]
                     ^^^^^^^^^^^^^^^^^^^^^^^^^^^^^^^
  File "E:\AAA-CODE\AcquireData\.venv\Lib\site-packages\scrapy\spiders\__init__.py", line 93, in parse
    raise NotImplementedError(
NotImplementedError: ProductPidSpider.parse callback is not defined
2025-02-07 20:46:21 [scrapy.core.scraper] ERROR: Spider error processing <GET https://www.amazon.com//Best-Sellers-Apps-Games-Lifestyle/zgbs/mobile-apps/9408710011/ref=zg_bs_nav_mobile-apps_1?_encoding=UTF8&pg=2> (referer: None)
Traceback (most recent call last):
  File "E:\AAA-CODE\AcquireData\.venv\Lib\site-packages\twisted\internet\defer.py", line 1088, in _runCallbacks
    current.result = callback(  # type: ignore[misc]
                     ^^^^^^^^^^^^^^^^^^^^^^^^^^^^^^^
  File "E:\AAA-CODE\AcquireData\.venv\Lib\site-packages\scrapy\spiders\__init__.py", line 93, in parse
    raise NotImplementedError(
NotImplementedError: ProductPidSpider.parse callback is not defined
2025-02-07 20:46:22 [scrapy.core.scraper] ERROR: Spider error processing <GET https://www.amazon.com//Best-Sellers-Apps-Games-News/zgbs/mobile-apps/9408802011/ref=zg_bs_nav_mobile-apps_1> (referer: None)
Traceback (most recent call last):
  File "E:\AAA-CODE\AcquireData\.venv\Lib\site-packages\twisted\internet\defer.py", line 1088, in _runCallbacks
    current.result = callback(  # type: ignore[misc]
                     ^^^^^^^^^^^^^^^^^^^^^^^^^^^^^^^
  File "E:\AAA-CODE\AcquireData\.venv\Lib\site-packages\scrapy\spiders\__init__.py", line 93, in parse
    raise NotImplementedError(
NotImplementedError: ProductPidSpider.parse callback is not defined
2025-02-07 20:46:22 [scrapy.core.scraper] ERROR: Spider error processing <GET https://www.amazon.com//Best-Sellers-Apps-Games-News/zgbs/mobile-apps/9408802011/ref=zg_bs_nav_mobile-apps_1?_encoding=UTF8&pg=2> (referer: None)
Traceback (most recent call last):
  File "E:\AAA-CODE\AcquireData\.venv\Lib\site-packages\twisted\internet\defer.py", line 1088, in _runCallbacks
    current.result = callback(  # type: ignore[misc]
                     ^^^^^^^^^^^^^^^^^^^^^^^^^^^^^^^
  File "E:\AAA-CODE\AcquireData\.venv\Lib\site-packages\scrapy\spiders\__init__.py", line 93, in parse
    raise NotImplementedError(
NotImplementedError: ProductPidSpider.parse callback is not defined
2025-02-07 20:46:22 [scrapy.core.scraper] ERROR: Spider error processing <GET https://www.amazon.com//Best-Sellers-Apps-Games-Medical/zgbs/mobile-apps/10298306011/ref=zg_bs_nav_mobile-apps_1?_encoding=UTF8&pg=2> (referer: None)
Traceback (most recent call last):
  File "E:\AAA-CODE\AcquireData\.venv\Lib\site-packages\twisted\internet\defer.py", line 1088, in _runCallbacks
    current.result = callback(  # type: ignore[misc]
                     ^^^^^^^^^^^^^^^^^^^^^^^^^^^^^^^
  File "E:\AAA-CODE\AcquireData\.venv\Lib\site-packages\scrapy\spiders\__init__.py", line 93, in parse
    raise NotImplementedError(
NotImplementedError: ProductPidSpider.parse callback is not defined
2025-02-07 20:46:22 [scrapy.core.scraper] ERROR: Spider error processing <GET https://www.amazon.com//Best-Sellers-Apps-Games-Novelty/zgbs/mobile-apps/9408852011/ref=zg_bs_nav_mobile-apps_1?_encoding=UTF8&pg=2> (referer: None)
Traceback (most recent call last):
  File "E:\AAA-CODE\AcquireData\.venv\Lib\site-packages\twisted\internet\defer.py", line 1088, in _runCallbacks
    current.result = callback(  # type: ignore[misc]
                     ^^^^^^^^^^^^^^^^^^^^^^^^^^^^^^^
  File "E:\AAA-CODE\AcquireData\.venv\Lib\site-packages\scrapy\spiders\__init__.py", line 93, in parse
    raise NotImplementedError(
NotImplementedError: ProductPidSpider.parse callback is not defined
2025-02-07 20:46:23 [scrapy.core.scraper] ERROR: Spider error processing <GET https://www.amazon.com//Best-Sellers-Apps-Games-Music-Audio/zgbs/mobile-apps/9408771011/ref=zg_bs_nav_mobile-apps_1> (referer: None)
Traceback (most recent call last):
  File "E:\AAA-CODE\AcquireData\.venv\Lib\site-packages\twisted\internet\defer.py", line 1088, in _runCallbacks
    current.result = callback(  # type: ignore[misc]
                     ^^^^^^^^^^^^^^^^^^^^^^^^^^^^^^^
  File "E:\AAA-CODE\AcquireData\.venv\Lib\site-packages\scrapy\spiders\__init__.py", line 93, in parse
    raise NotImplementedError(
NotImplementedError: ProductPidSpider.parse callback is not defined
2025-02-07 20:46:23 [scrapy.core.scraper] ERROR: Spider error processing <GET https://www.amazon.com//Best-Sellers-Apps-Games-Local/zgbs/mobile-apps/10298309011/ref=zg_bs_nav_mobile-apps_1?_encoding=UTF8&pg=2> (referer: None)
Traceback (most recent call last):
  File "E:\AAA-CODE\AcquireData\.venv\Lib\site-packages\twisted\internet\defer.py", line 1088, in _runCallbacks
    current.result = callback(  # type: ignore[misc]
                     ^^^^^^^^^^^^^^^^^^^^^^^^^^^^^^^
  File "E:\AAA-CODE\AcquireData\.venv\Lib\site-packages\scrapy\spiders\__init__.py", line 93, in parse
    raise NotImplementedError(
NotImplementedError: ProductPidSpider.parse callback is not defined
2025-02-07 20:46:23 [scrapy.downloadermiddlewares.retry] ERROR: Gave up retrying <GET https://www.amazon.com//Best-Sellers-Apps-Games-Movies-TV/zgbs/mobile-apps/9408765011/ref=zg_bs_nav_mobile-apps_1?_encoding=UTF8&pg=2> (failed 3 times): 429 Unknown Status
2025-02-07 20:46:23 [scrapy.core.scraper] ERROR: Spider error processing <GET https://www.amazon.com//Best-Sellers-Apps-Games-Music-Audio/zgbs/mobile-apps/9408771011/ref=zg_bs_nav_mobile-apps_1?_encoding=UTF8&pg=2> (referer: None)
Traceback (most recent call last):
  File "E:\AAA-CODE\AcquireData\.venv\Lib\site-packages\twisted\internet\defer.py", line 1088, in _runCallbacks
    current.result = callback(  # type: ignore[misc]
                     ^^^^^^^^^^^^^^^^^^^^^^^^^^^^^^^
  File "E:\AAA-CODE\AcquireData\.venv\Lib\site-packages\scrapy\spiders\__init__.py", line 93, in parse
    raise NotImplementedError(
NotImplementedError: ProductPidSpider.parse callback is not defined
2025-02-07 20:46:24 [scrapy.core.scraper] ERROR: Spider error processing <GET https://www.amazon.com//Best-Sellers-Apps-Games-Productivity/zgbs/mobile-apps/9408449011/ref=zg_bs_nav_mobile-apps_1> (referer: None)
Traceback (most recent call last):
  File "E:\AAA-CODE\AcquireData\.venv\Lib\site-packages\twisted\internet\defer.py", line 1088, in _runCallbacks
    current.result = callback(  # type: ignore[misc]
                     ^^^^^^^^^^^^^^^^^^^^^^^^^^^^^^^
  File "E:\AAA-CODE\AcquireData\.venv\Lib\site-packages\scrapy\spiders\__init__.py", line 93, in parse
    raise NotImplementedError(
NotImplementedError: ProductPidSpider.parse callback is not defined
2025-02-07 20:46:24 [scrapy.core.scraper] ERROR: Spider error processing <GET https://www.amazon.com//Best-Sellers-Apps-Games-Reference/zgbs/mobile-apps/9408491011/ref=zg_bs_nav_mobile-apps_1> (referer: None)
Traceback (most recent call last):
  File "E:\AAA-CODE\AcquireData\.venv\Lib\site-packages\twisted\internet\defer.py", line 1088, in _runCallbacks
    current.result = callback(  # type: ignore[misc]
                     ^^^^^^^^^^^^^^^^^^^^^^^^^^^^^^^
  File "E:\AAA-CODE\AcquireData\.venv\Lib\site-packages\scrapy\spiders\__init__.py", line 93, in parse
    raise NotImplementedError(
NotImplementedError: ProductPidSpider.parse callback is not defined
2025-02-07 20:46:24 [scrapy.core.scraper] ERROR: Spider error processing <GET https://www.amazon.com//Best-Sellers-Apps-Games-Shopping/zgbs/mobile-apps/9408875011/ref=zg_bs_nav_mobile-apps_1> (referer: None)
Traceback (most recent call last):
  File "E:\AAA-CODE\AcquireData\.venv\Lib\site-packages\twisted\internet\defer.py", line 1088, in _runCallbacks
    current.result = callback(  # type: ignore[misc]
                     ^^^^^^^^^^^^^^^^^^^^^^^^^^^^^^^
  File "E:\AAA-CODE\AcquireData\.venv\Lib\site-packages\scrapy\spiders\__init__.py", line 93, in parse
    raise NotImplementedError(
NotImplementedError: ProductPidSpider.parse callback is not defined
2025-02-07 20:46:24 [scrapy.core.scraper] ERROR: Spider error processing <GET https://www.amazon.com//Best-Sellers-Apps-Games-Novelty/zgbs/mobile-apps/9408852011/ref=zg_bs_nav_mobile-apps_1> (referer: None)
Traceback (most recent call last):
  File "E:\AAA-CODE\AcquireData\.venv\Lib\site-packages\twisted\internet\defer.py", line 1088, in _runCallbacks
    current.result = callback(  # type: ignore[misc]
                     ^^^^^^^^^^^^^^^^^^^^^^^^^^^^^^^
  File "E:\AAA-CODE\AcquireData\.venv\Lib\site-packages\scrapy\spiders\__init__.py", line 93, in parse
    raise NotImplementedError(
NotImplementedError: ProductPidSpider.parse callback is not defined
2025-02-07 20:46:24 [scrapy.core.scraper] ERROR: Spider error processing <GET https://www.amazon.com//Best-Sellers-Apps-Games-Photo-Video/zgbs/mobile-apps/9408874011/ref=zg_bs_nav_mobile-apps_1> (referer: None)
Traceback (most recent call last):
  File "E:\AAA-CODE\AcquireData\.venv\Lib\site-packages\twisted\internet\defer.py", line 1088, in _runCallbacks
    current.result = callback(  # type: ignore[misc]
                     ^^^^^^^^^^^^^^^^^^^^^^^^^^^^^^^
  File "E:\AAA-CODE\AcquireData\.venv\Lib\site-packages\scrapy\spiders\__init__.py", line 93, in parse
    raise NotImplementedError(
NotImplementedError: ProductPidSpider.parse callback is not defined
2025-02-07 20:46:24 [scrapy.core.scraper] ERROR: Spider error processing <GET https://www.amazon.com//Best-Sellers-Apps-Games-Photo-Video/zgbs/mobile-apps/9408874011/ref=zg_bs_nav_mobile-apps_1?_encoding=UTF8&pg=2> (referer: None)
Traceback (most recent call last):
  File "E:\AAA-CODE\AcquireData\.venv\Lib\site-packages\twisted\internet\defer.py", line 1088, in _runCallbacks
    current.result = callback(  # type: ignore[misc]
                     ^^^^^^^^^^^^^^^^^^^^^^^^^^^^^^^
  File "E:\AAA-CODE\AcquireData\.venv\Lib\site-packages\scrapy\spiders\__init__.py", line 93, in parse
    raise NotImplementedError(
NotImplementedError: ProductPidSpider.parse callback is not defined
2025-02-07 20:46:24 [scrapy.core.scraper] ERROR: Spider error processing <GET https://www.amazon.com//Best-Sellers-Apps-Games-Shopping/zgbs/mobile-apps/9408875011/ref=zg_bs_nav_mobile-apps_1?_encoding=UTF8&pg=2> (referer: None)
Traceback (most recent call last):
  File "E:\AAA-CODE\AcquireData\.venv\Lib\site-packages\twisted\internet\defer.py", line 1088, in _runCallbacks
    current.result = callback(  # type: ignore[misc]
                     ^^^^^^^^^^^^^^^^^^^^^^^^^^^^^^^
  File "E:\AAA-CODE\AcquireData\.venv\Lib\site-packages\scrapy\spiders\__init__.py", line 93, in parse
    raise NotImplementedError(
NotImplementedError: ProductPidSpider.parse callback is not defined
2025-02-07 20:46:25 [scrapy.core.scraper] ERROR: Spider error processing <GET https://www.amazon.com//Best-Sellers-Apps-Games-Productivity/zgbs/mobile-apps/9408449011/ref=zg_bs_nav_mobile-apps_1?_encoding=UTF8&pg=2> (referer: None)
Traceback (most recent call last):
  File "E:\AAA-CODE\AcquireData\.venv\Lib\site-packages\twisted\internet\defer.py", line 1088, in _runCallbacks
    current.result = callback(  # type: ignore[misc]
                     ^^^^^^^^^^^^^^^^^^^^^^^^^^^^^^^
  File "E:\AAA-CODE\AcquireData\.venv\Lib\site-packages\scrapy\spiders\__init__.py", line 93, in parse
    raise NotImplementedError(
NotImplementedError: ProductPidSpider.parse callback is not defined
2025-02-07 20:46:25 [scrapy.core.scraper] ERROR: Spider error processing <GET https://www.amazon.com//Best-Sellers-Apps-Games-Social/zgbs/mobile-apps/9408464011/ref=zg_bs_nav_mobile-apps_1?_encoding=UTF8&pg=2> (referer: None)
Traceback (most recent call last):
  File "E:\AAA-CODE\AcquireData\.venv\Lib\site-packages\twisted\internet\defer.py", line 1088, in _runCallbacks
    current.result = callback(  # type: ignore[misc]
                     ^^^^^^^^^^^^^^^^^^^^^^^^^^^^^^^
  File "E:\AAA-CODE\AcquireData\.venv\Lib\site-packages\scrapy\spiders\__init__.py", line 93, in parse
    raise NotImplementedError(
NotImplementedError: ProductPidSpider.parse callback is not defined
2025-02-07 20:46:26 [scrapy.core.scraper] ERROR: Spider error processing <GET https://www.amazon.com//Best-Sellers-Apps-Games-Transportation/zgbs/mobile-apps/10298308011/ref=zg_bs_nav_mobile-apps_1?_encoding=UTF8&pg=2> (referer: None)
Traceback (most recent call last):
  File "E:\AAA-CODE\AcquireData\.venv\Lib\site-packages\twisted\internet\defer.py", line 1088, in _runCallbacks
    current.result = callback(  # type: ignore[misc]
                     ^^^^^^^^^^^^^^^^^^^^^^^^^^^^^^^
  File "E:\AAA-CODE\AcquireData\.venv\Lib\site-packages\scrapy\spiders\__init__.py", line 93, in parse
    raise NotImplementedError(
NotImplementedError: ProductPidSpider.parse callback is not defined
2025-02-07 20:46:26 [scrapy.core.scraper] ERROR: Spider error processing <GET https://www.amazon.com//Best-Sellers-Apps-Games-Travel/zgbs/mobile-apps/9408785011/ref=zg_bs_nav_mobile-apps_1?_encoding=UTF8&pg=2> (referer: None)
Traceback (most recent call last):
  File "E:\AAA-CODE\AcquireData\.venv\Lib\site-packages\twisted\internet\defer.py", line 1088, in _runCallbacks
    current.result = callback(  # type: ignore[misc]
                     ^^^^^^^^^^^^^^^^^^^^^^^^^^^^^^^
  File "E:\AAA-CODE\AcquireData\.venv\Lib\site-packages\scrapy\spiders\__init__.py", line 93, in parse
    raise NotImplementedError(
NotImplementedError: ProductPidSpider.parse callback is not defined
2025-02-07 20:46:26 [scrapy.core.scraper] ERROR: Spider error processing <GET https://www.amazon.com//Best-Sellers-Apps-Games-Travel/zgbs/mobile-apps/9408785011/ref=zg_bs_nav_mobile-apps_1> (referer: None)
Traceback (most recent call last):
  File "E:\AAA-CODE\AcquireData\.venv\Lib\site-packages\twisted\internet\defer.py", line 1088, in _runCallbacks
    current.result = callback(  # type: ignore[misc]
                     ^^^^^^^^^^^^^^^^^^^^^^^^^^^^^^^
  File "E:\AAA-CODE\AcquireData\.venv\Lib\site-packages\scrapy\spiders\__init__.py", line 93, in parse
    raise NotImplementedError(
NotImplementedError: ProductPidSpider.parse callback is not defined
2025-02-07 20:46:26 [scrapy.core.scraper] ERROR: Spider error processing <GET https://www.amazon.com//Best-Sellers-Apps-Games-Social/zgbs/mobile-apps/9408464011/ref=zg_bs_nav_mobile-apps_1> (referer: None)
Traceback (most recent call last):
  File "E:\AAA-CODE\AcquireData\.venv\Lib\site-packages\twisted\internet\defer.py", line 1088, in _runCallbacks
    current.result = callback(  # type: ignore[misc]
                     ^^^^^^^^^^^^^^^^^^^^^^^^^^^^^^^
  File "E:\AAA-CODE\AcquireData\.venv\Lib\site-packages\scrapy\spiders\__init__.py", line 93, in parse
    raise NotImplementedError(
NotImplementedError: ProductPidSpider.parse callback is not defined
2025-02-07 20:46:26 [scrapy.core.scraper] ERROR: Spider error processing <GET https://www.amazon.com//Best-Sellers-Apps-Games-Reference/zgbs/mobile-apps/9408491011/ref=zg_bs_nav_mobile-apps_1?_encoding=UTF8&pg=2> (referer: None)
Traceback (most recent call last):
  File "E:\AAA-CODE\AcquireData\.venv\Lib\site-packages\twisted\internet\defer.py", line 1088, in _runCallbacks
    current.result = callback(  # type: ignore[misc]
                     ^^^^^^^^^^^^^^^^^^^^^^^^^^^^^^^
  File "E:\AAA-CODE\AcquireData\.venv\Lib\site-packages\scrapy\spiders\__init__.py", line 93, in parse
    raise NotImplementedError(
NotImplementedError: ProductPidSpider.parse callback is not defined
2025-02-07 20:46:27 [scrapy.core.scraper] ERROR: Spider error processing <GET https://www.amazon.com//Best-Sellers-Apps-Games-Sports-Fitness/zgbs/mobile-apps/9408876011/ref=zg_bs_nav_mobile-apps_1?_encoding=UTF8&pg=2> (referer: None)
Traceback (most recent call last):
  File "E:\AAA-CODE\AcquireData\.venv\Lib\site-packages\twisted\internet\defer.py", line 1088, in _runCallbacks
    current.result = callback(  # type: ignore[misc]
                     ^^^^^^^^^^^^^^^^^^^^^^^^^^^^^^^
  File "E:\AAA-CODE\AcquireData\.venv\Lib\site-packages\scrapy\spiders\__init__.py", line 93, in parse
    raise NotImplementedError(
NotImplementedError: ProductPidSpider.parse callback is not defined
2025-02-07 20:46:27 [scrapy.core.scraper] ERROR: Spider error processing <GET https://www.amazon.com//Best-Sellers-Apps-Games-Transportation/zgbs/mobile-apps/10298308011/ref=zg_bs_nav_mobile-apps_1> (referer: None)
Traceback (most recent call last):
  File "E:\AAA-CODE\AcquireData\.venv\Lib\site-packages\twisted\internet\defer.py", line 1088, in _runCallbacks
    current.result = callback(  # type: ignore[misc]
                     ^^^^^^^^^^^^^^^^^^^^^^^^^^^^^^^
  File "E:\AAA-CODE\AcquireData\.venv\Lib\site-packages\scrapy\spiders\__init__.py", line 93, in parse
    raise NotImplementedError(
NotImplementedError: ProductPidSpider.parse callback is not defined
2025-02-07 20:46:27 [scrapy.downloadermiddlewares.retry] ERROR: Gave up retrying <GET https://www.amazon.com//Best-Sellers-Apps-Games-Sports-Fitness/zgbs/mobile-apps/9408876011/ref=zg_bs_nav_mobile-apps_1> (failed 3 times): 429 Unknown Status
2025-02-07 20:46:27 [scrapy.core.scraper] ERROR: Spider error processing <GET https://www.amazon.com//Best-Sellers-Audible-Books-Originals-Arts-Entertainment/zgbs/audible/18571910011/ref=zg_bs_nav_audible_1?_encoding=UTF8&pg=2> (referer: None)
Traceback (most recent call last):
  File "E:\AAA-CODE\AcquireData\.venv\Lib\site-packages\twisted\internet\defer.py", line 1088, in _runCallbacks
    current.result = callback(  # type: ignore[misc]
                     ^^^^^^^^^^^^^^^^^^^^^^^^^^^^^^^
  File "E:\AAA-CODE\AcquireData\.venv\Lib\site-packages\scrapy\spiders\__init__.py", line 93, in parse
    raise NotImplementedError(
NotImplementedError: ProductPidSpider.parse callback is not defined
2025-02-07 20:46:27 [scrapy.core.scraper] ERROR: Spider error processing <GET https://www.amazon.com//Best-Sellers-Audible-Books-Originals-Biographies-Memoirs/zgbs/audible/18571951011/ref=zg_bs_nav_audible_1?_encoding=UTF8&pg=2> (referer: None)
Traceback (most recent call last):
  File "E:\AAA-CODE\AcquireData\.venv\Lib\site-packages\twisted\internet\defer.py", line 1088, in _runCallbacks
    current.result = callback(  # type: ignore[misc]
                     ^^^^^^^^^^^^^^^^^^^^^^^^^^^^^^^
  File "E:\AAA-CODE\AcquireData\.venv\Lib\site-packages\scrapy\spiders\__init__.py", line 93, in parse
    raise NotImplementedError(
NotImplementedError: ProductPidSpider.parse callback is not defined
2025-02-07 20:46:28 [scrapy.core.scraper] ERROR: Spider error processing <GET https://www.amazon.com//Best-Sellers-Apps-Games-Utilities/zgbs/mobile-apps/9408914011/ref=zg_bs_nav_mobile-apps_1?_encoding=UTF8&pg=2> (referer: None)
Traceback (most recent call last):
  File "E:\AAA-CODE\AcquireData\.venv\Lib\site-packages\twisted\internet\defer.py", line 1088, in _runCallbacks
    current.result = callback(  # type: ignore[misc]
                     ^^^^^^^^^^^^^^^^^^^^^^^^^^^^^^^
  File "E:\AAA-CODE\AcquireData\.venv\Lib\site-packages\scrapy\spiders\__init__.py", line 93, in parse
    raise NotImplementedError(
NotImplementedError: ProductPidSpider.parse callback is not defined
2025-02-07 20:46:28 [scrapy.core.scraper] ERROR: Spider error processing <GET https://www.amazon.com//Best-Sellers-Apps-Games-Weather/zgbs/mobile-apps/9408850011/ref=zg_bs_nav_mobile-apps_1> (referer: None)
Traceback (most recent call last):
  File "E:\AAA-CODE\AcquireData\.venv\Lib\site-packages\twisted\internet\defer.py", line 1088, in _runCallbacks
    current.result = callback(  # type: ignore[misc]
                     ^^^^^^^^^^^^^^^^^^^^^^^^^^^^^^^
  File "E:\AAA-CODE\AcquireData\.venv\Lib\site-packages\scrapy\spiders\__init__.py", line 93, in parse
    raise NotImplementedError(
NotImplementedError: ProductPidSpider.parse callback is not defined
2025-02-07 20:46:28 [scrapy.core.scraper] ERROR: Spider error processing <GET https://www.amazon.com//Best-Sellers-Audible-Books-Originals-Arts-Entertainment/zgbs/audible/18571910011/ref=zg_bs_nav_audible_1> (referer: None)
Traceback (most recent call last):
  File "E:\AAA-CODE\AcquireData\.venv\Lib\site-packages\twisted\internet\defer.py", line 1088, in _runCallbacks
    current.result = callback(  # type: ignore[misc]
                     ^^^^^^^^^^^^^^^^^^^^^^^^^^^^^^^
  File "E:\AAA-CODE\AcquireData\.venv\Lib\site-packages\scrapy\spiders\__init__.py", line 93, in parse
    raise NotImplementedError(
NotImplementedError: ProductPidSpider.parse callback is not defined
2025-02-07 20:46:28 [scrapy.core.scraper] ERROR: Spider error processing <GET https://www.amazon.com//Best-Sellers-Audible-Books-Originals-Business-Careers/zgbs/audible/18572029011/ref=zg_bs_nav_audible_1> (referer: None)
Traceback (most recent call last):
  File "E:\AAA-CODE\AcquireData\.venv\Lib\site-packages\twisted\internet\defer.py", line 1088, in _runCallbacks
    current.result = callback(  # type: ignore[misc]
                     ^^^^^^^^^^^^^^^^^^^^^^^^^^^^^^^
  File "E:\AAA-CODE\AcquireData\.venv\Lib\site-packages\scrapy\spiders\__init__.py", line 93, in parse
    raise NotImplementedError(
NotImplementedError: ProductPidSpider.parse callback is not defined
2025-02-07 20:46:29 [scrapy.core.scraper] ERROR: Spider error processing <GET https://www.amazon.com//Best-Sellers-Audible-Books-Originals-Audiobooks-for-Children/zgbs/audible/18572091011/ref=zg_bs_nav_audible_1> (referer: None)
Traceback (most recent call last):
  File "E:\AAA-CODE\AcquireData\.venv\Lib\site-packages\twisted\internet\defer.py", line 1088, in _runCallbacks
    current.result = callback(  # type: ignore[misc]
                     ^^^^^^^^^^^^^^^^^^^^^^^^^^^^^^^
  File "E:\AAA-CODE\AcquireData\.venv\Lib\site-packages\scrapy\spiders\__init__.py", line 93, in parse
    raise NotImplementedError(
NotImplementedError: ProductPidSpider.parse callback is not defined
2025-02-07 20:46:29 [scrapy.core.scraper] ERROR: Spider error processing <GET https://www.amazon.com//Best-Sellers-Audible-Books-Originals-Audiobooks-for-Children/zgbs/audible/18572091011/ref=zg_bs_nav_audible_1?_encoding=UTF8&pg=2> (referer: None)
Traceback (most recent call last):
  File "E:\AAA-CODE\AcquireData\.venv\Lib\site-packages\twisted\internet\defer.py", line 1088, in _runCallbacks
    current.result = callback(  # type: ignore[misc]
                     ^^^^^^^^^^^^^^^^^^^^^^^^^^^^^^^
  File "E:\AAA-CODE\AcquireData\.venv\Lib\site-packages\scrapy\spiders\__init__.py", line 93, in parse
    raise NotImplementedError(
NotImplementedError: ProductPidSpider.parse callback is not defined
2025-02-07 20:46:29 [scrapy.core.scraper] ERROR: Spider error processing <GET https://www.amazon.com//Best-Sellers-Audible-Books-Originals-Comedy-Humor/zgbs/audible/24427740011/ref=zg_bs_nav_audible_1> (referer: None)
Traceback (most recent call last):
  File "E:\AAA-CODE\AcquireData\.venv\Lib\site-packages\twisted\internet\defer.py", line 1088, in _runCallbacks
    current.result = callback(  # type: ignore[misc]
                     ^^^^^^^^^^^^^^^^^^^^^^^^^^^^^^^
  File "E:\AAA-CODE\AcquireData\.venv\Lib\site-packages\scrapy\spiders\__init__.py", line 93, in parse
    raise NotImplementedError(
NotImplementedError: ProductPidSpider.parse callback is not defined
2025-02-07 20:46:29 [scrapy.core.scraper] ERROR: Spider error processing <GET https://www.amazon.com//Best-Sellers-Audible-Books-Originals-Computers-Technology/zgbs/audible/18573211011/ref=zg_bs_nav_audible_1> (referer: None)
Traceback (most recent call last):
  File "E:\AAA-CODE\AcquireData\.venv\Lib\site-packages\twisted\internet\defer.py", line 1088, in _runCallbacks
    current.result = callback(  # type: ignore[misc]
                     ^^^^^^^^^^^^^^^^^^^^^^^^^^^^^^^
  File "E:\AAA-CODE\AcquireData\.venv\Lib\site-packages\scrapy\spiders\__init__.py", line 93, in parse
    raise NotImplementedError(
NotImplementedError: ProductPidSpider.parse callback is not defined
2025-02-07 20:46:30 [scrapy.downloadermiddlewares.retry] ERROR: Gave up retrying <GET https://www.amazon.com//Best-Sellers-Audible-Books-Originals-Biographies-Memoirs/zgbs/audible/18571951011/ref=zg_bs_nav_audible_1> (failed 3 times): 429 Unknown Status
2025-02-07 20:46:30 [scrapy.core.scraper] ERROR: Spider error processing <GET https://www.amazon.com//Best-Sellers-Apps-Games-Utilities/zgbs/mobile-apps/9408914011/ref=zg_bs_nav_mobile-apps_1> (referer: None)
Traceback (most recent call last):
  File "E:\AAA-CODE\AcquireData\.venv\Lib\site-packages\twisted\internet\defer.py", line 1088, in _runCallbacks
    current.result = callback(  # type: ignore[misc]
                     ^^^^^^^^^^^^^^^^^^^^^^^^^^^^^^^
  File "E:\AAA-CODE\AcquireData\.venv\Lib\site-packages\scrapy\spiders\__init__.py", line 93, in parse
    raise NotImplementedError(
NotImplementedError: ProductPidSpider.parse callback is not defined
2025-02-07 20:46:30 [scrapy.core.scraper] ERROR: Spider error processing <GET https://www.amazon.com//Best-Sellers-Audible-Books-Originals-Computers-Technology/zgbs/audible/18573211011/ref=zg_bs_nav_audible_1?_encoding=UTF8&pg=2> (referer: None)
Traceback (most recent call last):
  File "E:\AAA-CODE\AcquireData\.venv\Lib\site-packages\twisted\internet\defer.py", line 1088, in _runCallbacks
    current.result = callback(  # type: ignore[misc]
                     ^^^^^^^^^^^^^^^^^^^^^^^^^^^^^^^
  File "E:\AAA-CODE\AcquireData\.venv\Lib\site-packages\scrapy\spiders\__init__.py", line 93, in parse
    raise NotImplementedError(
NotImplementedError: ProductPidSpider.parse callback is not defined
2025-02-07 20:46:30 [scrapy.core.scraper] ERROR: Spider error processing <GET https://www.amazon.com//Best-Sellers-Audible-Books-Originals-Education-Learning/zgbs/audible/18573267011/ref=zg_bs_nav_audible_1> (referer: None)
Traceback (most recent call last):
  File "E:\AAA-CODE\AcquireData\.venv\Lib\site-packages\twisted\internet\defer.py", line 1088, in _runCallbacks
    current.result = callback(  # type: ignore[misc]
                     ^^^^^^^^^^^^^^^^^^^^^^^^^^^^^^^
  File "E:\AAA-CODE\AcquireData\.venv\Lib\site-packages\scrapy\spiders\__init__.py", line 93, in parse
    raise NotImplementedError(
NotImplementedError: ProductPidSpider.parse callback is not defined
2025-02-07 20:46:30 [scrapy.core.scraper] ERROR: Spider error processing <GET https://www.amazon.com//Best-Sellers-Apps-Games-Weather/zgbs/mobile-apps/9408850011/ref=zg_bs_nav_mobile-apps_1?_encoding=UTF8&pg=2> (referer: None)
Traceback (most recent call last):
  File "E:\AAA-CODE\AcquireData\.venv\Lib\site-packages\twisted\internet\defer.py", line 1088, in _runCallbacks
    current.result = callback(  # type: ignore[misc]
                     ^^^^^^^^^^^^^^^^^^^^^^^^^^^^^^^
  File "E:\AAA-CODE\AcquireData\.venv\Lib\site-packages\scrapy\spiders\__init__.py", line 93, in parse
    raise NotImplementedError(
NotImplementedError: ProductPidSpider.parse callback is not defined
2025-02-07 20:46:30 [scrapy.core.scraper] ERROR: Spider error processing <GET https://www.amazon.com//Best-Sellers-Audible-Books-Originals-Education-Learning/zgbs/audible/18573267011/ref=zg_bs_nav_audible_1?_encoding=UTF8&pg=2> (referer: None)
Traceback (most recent call last):
  File "E:\AAA-CODE\AcquireData\.venv\Lib\site-packages\twisted\internet\defer.py", line 1088, in _runCallbacks
    current.result = callback(  # type: ignore[misc]
                     ^^^^^^^^^^^^^^^^^^^^^^^^^^^^^^^
  File "E:\AAA-CODE\AcquireData\.venv\Lib\site-packages\scrapy\spiders\__init__.py", line 93, in parse
    raise NotImplementedError(
NotImplementedError: ProductPidSpider.parse callback is not defined
2025-02-07 20:46:30 [scrapy.core.scraper] ERROR: Spider error processing <GET https://www.amazon.com//Best-Sellers-Audible-Books-Originals-Erotica/zgbs/audible/18573351011/ref=zg_bs_nav_audible_1?_encoding=UTF8&pg=2> (referer: None)
Traceback (most recent call last):
  File "E:\AAA-CODE\AcquireData\.venv\Lib\site-packages\twisted\internet\defer.py", line 1088, in _runCallbacks
    current.result = callback(  # type: ignore[misc]
                     ^^^^^^^^^^^^^^^^^^^^^^^^^^^^^^^
  File "E:\AAA-CODE\AcquireData\.venv\Lib\site-packages\scrapy\spiders\__init__.py", line 93, in parse
    raise NotImplementedError(
NotImplementedError: ProductPidSpider.parse callback is not defined
2025-02-07 20:46:31 [scrapy.core.scraper] ERROR: Spider error processing <GET https://www.amazon.com//Best-Sellers-Audible-Books-Originals-Health-Wellness/zgbs/audible/18573370011/ref=zg_bs_nav_audible_1?_encoding=UTF8&pg=2> (referer: None)
Traceback (most recent call last):
  File "E:\AAA-CODE\AcquireData\.venv\Lib\site-packages\twisted\internet\defer.py", line 1088, in _runCallbacks
    current.result = callback(  # type: ignore[misc]
                     ^^^^^^^^^^^^^^^^^^^^^^^^^^^^^^^
  File "E:\AAA-CODE\AcquireData\.venv\Lib\site-packages\scrapy\spiders\__init__.py", line 93, in parse
    raise NotImplementedError(
NotImplementedError: ProductPidSpider.parse callback is not defined
2025-02-07 20:46:31 [scrapy.core.scraper] ERROR: Spider error processing <GET https://www.amazon.com//Best-Sellers-Audible-Books-Originals-Health-Wellness/zgbs/audible/18573370011/ref=zg_bs_nav_audible_1> (referer: None)
Traceback (most recent call last):
  File "E:\AAA-CODE\AcquireData\.venv\Lib\site-packages\twisted\internet\defer.py", line 1088, in _runCallbacks
    current.result = callback(  # type: ignore[misc]
                     ^^^^^^^^^^^^^^^^^^^^^^^^^^^^^^^
  File "E:\AAA-CODE\AcquireData\.venv\Lib\site-packages\scrapy\spiders\__init__.py", line 93, in parse
    raise NotImplementedError(
NotImplementedError: ProductPidSpider.parse callback is not defined
2025-02-07 20:46:31 [scrapy.core.scraper] ERROR: Spider error processing <GET https://www.amazon.com//Best-Sellers-Audible-Books-Originals-History/zgbs/audible/18573518011/ref=zg_bs_nav_audible_1> (referer: None)
Traceback (most recent call last):
  File "E:\AAA-CODE\AcquireData\.venv\Lib\site-packages\twisted\internet\defer.py", line 1088, in _runCallbacks
    current.result = callback(  # type: ignore[misc]
                     ^^^^^^^^^^^^^^^^^^^^^^^^^^^^^^^
  File "E:\AAA-CODE\AcquireData\.venv\Lib\site-packages\scrapy\spiders\__init__.py", line 93, in parse
    raise NotImplementedError(
NotImplementedError: ProductPidSpider.parse callback is not defined
2025-02-07 20:46:32 [scrapy.core.scraper] ERROR: Spider error processing <GET https://www.amazon.com//Best-Sellers-Audible-Books-Originals-Erotica/zgbs/audible/18573351011/ref=zg_bs_nav_audible_1> (referer: None)
Traceback (most recent call last):
  File "E:\AAA-CODE\AcquireData\.venv\Lib\site-packages\twisted\internet\defer.py", line 1088, in _runCallbacks
    current.result = callback(  # type: ignore[misc]
                     ^^^^^^^^^^^^^^^^^^^^^^^^^^^^^^^
  File "E:\AAA-CODE\AcquireData\.venv\Lib\site-packages\scrapy\spiders\__init__.py", line 93, in parse
    raise NotImplementedError(
NotImplementedError: ProductPidSpider.parse callback is not defined
2025-02-07 20:46:32 [scrapy.core.scraper] ERROR: Spider error processing <GET https://www.amazon.com//Best-Sellers-Audible-Books-Originals-History/zgbs/audible/18573518011/ref=zg_bs_nav_audible_1?_encoding=UTF8&pg=2> (referer: None)
Traceback (most recent call last):
  File "E:\AAA-CODE\AcquireData\.venv\Lib\site-packages\twisted\internet\defer.py", line 1088, in _runCallbacks
    current.result = callback(  # type: ignore[misc]
                     ^^^^^^^^^^^^^^^^^^^^^^^^^^^^^^^
  File "E:\AAA-CODE\AcquireData\.venv\Lib\site-packages\scrapy\spiders\__init__.py", line 93, in parse
    raise NotImplementedError(
NotImplementedError: ProductPidSpider.parse callback is not defined
2025-02-07 20:46:32 [scrapy.core.scraper] ERROR: Spider error processing <GET https://www.amazon.com//Best-Sellers-Audible-Books-Originals-LGBTQ/zgbs/audible/18573743011/ref=zg_bs_nav_audible_1> (referer: None)
Traceback (most recent call last):
  File "E:\AAA-CODE\AcquireData\.venv\Lib\site-packages\twisted\internet\defer.py", line 1088, in _runCallbacks
    current.result = callback(  # type: ignore[misc]
                     ^^^^^^^^^^^^^^^^^^^^^^^^^^^^^^^
  File "E:\AAA-CODE\AcquireData\.venv\Lib\site-packages\scrapy\spiders\__init__.py", line 93, in parse
    raise NotImplementedError(
NotImplementedError: ProductPidSpider.parse callback is not defined
2025-02-07 20:46:32 [scrapy.core.scraper] ERROR: Spider error processing <GET https://www.amazon.com//Best-Sellers-Audible-Books-Originals-Home-Garden/zgbs/audible/18573701011/ref=zg_bs_nav_audible_1?_encoding=UTF8&pg=2> (referer: None)
Traceback (most recent call last):
  File "E:\AAA-CODE\AcquireData\.venv\Lib\site-packages\twisted\internet\defer.py", line 1088, in _runCallbacks
    current.result = callback(  # type: ignore[misc]
                     ^^^^^^^^^^^^^^^^^^^^^^^^^^^^^^^
  File "E:\AAA-CODE\AcquireData\.venv\Lib\site-packages\scrapy\spiders\__init__.py", line 93, in parse
    raise NotImplementedError(
NotImplementedError: ProductPidSpider.parse callback is not defined
2025-02-07 20:46:33 [scrapy.core.scraper] ERROR: Spider error processing <GET https://www.amazon.com//Best-Sellers-Audible-Books-Originals-Money-Finance/zgbs/audible/18574547011/ref=zg_bs_nav_audible_1> (referer: None)
Traceback (most recent call last):
  File "E:\AAA-CODE\AcquireData\.venv\Lib\site-packages\twisted\internet\defer.py", line 1088, in _runCallbacks
    current.result = callback(  # type: ignore[misc]
                     ^^^^^^^^^^^^^^^^^^^^^^^^^^^^^^^
  File "E:\AAA-CODE\AcquireData\.venv\Lib\site-packages\scrapy\spiders\__init__.py", line 93, in parse
    raise NotImplementedError(
NotImplementedError: ProductPidSpider.parse callback is not defined
2025-02-07 20:46:33 [scrapy.core.scraper] ERROR: Spider error processing <GET https://www.amazon.com//Best-Sellers-Audible-Books-Originals-Literature-Fiction/zgbs/audible/18574426011/ref=zg_bs_nav_audible_1> (referer: None)
Traceback (most recent call last):
  File "E:\AAA-CODE\AcquireData\.venv\Lib\site-packages\twisted\internet\defer.py", line 1088, in _runCallbacks
    current.result = callback(  # type: ignore[misc]
                     ^^^^^^^^^^^^^^^^^^^^^^^^^^^^^^^
  File "E:\AAA-CODE\AcquireData\.venv\Lib\site-packages\scrapy\spiders\__init__.py", line 93, in parse
    raise NotImplementedError(
NotImplementedError: ProductPidSpider.parse callback is not defined
2025-02-07 20:46:33 [scrapy.core.scraper] ERROR: Spider error processing <GET https://www.amazon.com//Best-Sellers-Audible-Books-Originals-Literature-Fiction/zgbs/audible/18574426011/ref=zg_bs_nav_audible_1?_encoding=UTF8&pg=2> (referer: None)
Traceback (most recent call last):
  File "E:\AAA-CODE\AcquireData\.venv\Lib\site-packages\twisted\internet\defer.py", line 1088, in _runCallbacks
    current.result = callback(  # type: ignore[misc]
                     ^^^^^^^^^^^^^^^^^^^^^^^^^^^^^^^
  File "E:\AAA-CODE\AcquireData\.venv\Lib\site-packages\scrapy\spiders\__init__.py", line 93, in parse
    raise NotImplementedError(
NotImplementedError: ProductPidSpider.parse callback is not defined
2025-02-07 20:46:33 [scrapy.core.scraper] ERROR: Spider error processing <GET https://www.amazon.com//Best-Sellers-Audible-Books-Originals-Mystery-Thriller-Suspense/zgbs/audible/18574597011/ref=zg_bs_nav_audible_1> (referer: None)
Traceback (most recent call last):
  File "E:\AAA-CODE\AcquireData\.venv\Lib\site-packages\twisted\internet\defer.py", line 1088, in _runCallbacks
    current.result = callback(  # type: ignore[misc]
                     ^^^^^^^^^^^^^^^^^^^^^^^^^^^^^^^
  File "E:\AAA-CODE\AcquireData\.venv\Lib\site-packages\scrapy\spiders\__init__.py", line 93, in parse
    raise NotImplementedError(
NotImplementedError: ProductPidSpider.parse callback is not defined
2025-02-07 20:46:33 [scrapy.core.scraper] ERROR: Spider error processing <GET https://www.amazon.com//Best-Sellers-Audible-Books-Originals-Money-Finance/zgbs/audible/18574547011/ref=zg_bs_nav_audible_1?_encoding=UTF8&pg=2> (referer: None)
Traceback (most recent call last):
  File "E:\AAA-CODE\AcquireData\.venv\Lib\site-packages\twisted\internet\defer.py", line 1088, in _runCallbacks
    current.result = callback(  # type: ignore[misc]
                     ^^^^^^^^^^^^^^^^^^^^^^^^^^^^^^^
  File "E:\AAA-CODE\AcquireData\.venv\Lib\site-packages\scrapy\spiders\__init__.py", line 93, in parse
    raise NotImplementedError(
NotImplementedError: ProductPidSpider.parse callback is not defined
2025-02-07 20:46:33 [scrapy.core.scraper] ERROR: Spider error processing <GET https://www.amazon.com//Best-Sellers-Audible-Books-Originals-Comedy-Humor/zgbs/audible/24427740011/ref=zg_bs_nav_audible_1?_encoding=UTF8&pg=2> (referer: None)
Traceback (most recent call last):
  File "E:\AAA-CODE\AcquireData\.venv\Lib\site-packages\twisted\internet\defer.py", line 1088, in _runCallbacks
    current.result = callback(  # type: ignore[misc]
                     ^^^^^^^^^^^^^^^^^^^^^^^^^^^^^^^
  File "E:\AAA-CODE\AcquireData\.venv\Lib\site-packages\scrapy\spiders\__init__.py", line 93, in parse
    raise NotImplementedError(
NotImplementedError: ProductPidSpider.parse callback is not defined
2025-02-07 20:46:33 [scrapy.core.scraper] ERROR: Spider error processing <GET https://www.amazon.com//Best-Sellers-Audible-Books-Originals-Business-Careers/zgbs/audible/18572029011/ref=zg_bs_nav_audible_1?_encoding=UTF8&pg=2> (referer: None)
Traceback (most recent call last):
  File "E:\AAA-CODE\AcquireData\.venv\Lib\site-packages\twisted\internet\defer.py", line 1088, in _runCallbacks
    current.result = callback(  # type: ignore[misc]
                     ^^^^^^^^^^^^^^^^^^^^^^^^^^^^^^^
  File "E:\AAA-CODE\AcquireData\.venv\Lib\site-packages\scrapy\spiders\__init__.py", line 93, in parse
    raise NotImplementedError(
NotImplementedError: ProductPidSpider.parse callback is not defined
2025-02-07 20:46:34 [scrapy.core.scraper] ERROR: Spider error processing <GET https://www.amazon.com//Best-Sellers-Audible-Books-Originals-LGBTQ/zgbs/audible/18573743011/ref=zg_bs_nav_audible_1?_encoding=UTF8&pg=2> (referer: None)
Traceback (most recent call last):
  File "E:\AAA-CODE\AcquireData\.venv\Lib\site-packages\twisted\internet\defer.py", line 1088, in _runCallbacks
    current.result = callback(  # type: ignore[misc]
                     ^^^^^^^^^^^^^^^^^^^^^^^^^^^^^^^
  File "E:\AAA-CODE\AcquireData\.venv\Lib\site-packages\scrapy\spiders\__init__.py", line 93, in parse
    raise NotImplementedError(
NotImplementedError: ProductPidSpider.parse callback is not defined
2025-02-07 20:46:35 [scrapy.core.scraper] ERROR: Spider error processing <GET https://www.amazon.com//Best-Sellers-Audible-Books-Originals-Religion-Spirituality/zgbs/audible/18574839011/ref=zg_bs_nav_audible_1> (referer: None)
Traceback (most recent call last):
  File "E:\AAA-CODE\AcquireData\.venv\Lib\site-packages\twisted\internet\defer.py", line 1088, in _runCallbacks
    current.result = callback(  # type: ignore[misc]
                     ^^^^^^^^^^^^^^^^^^^^^^^^^^^^^^^
  File "E:\AAA-CODE\AcquireData\.venv\Lib\site-packages\scrapy\spiders\__init__.py", line 93, in parse
    raise NotImplementedError(
NotImplementedError: ProductPidSpider.parse callback is not defined
2025-02-07 20:46:35 [scrapy.core.scraper] ERROR: Spider error processing <GET https://www.amazon.com//Best-Sellers-Audible-Books-Originals-Science-Engineering/zgbs/audible/18580540011/ref=zg_bs_nav_audible_1?_encoding=UTF8&pg=2> (referer: None)
Traceback (most recent call last):
  File "E:\AAA-CODE\AcquireData\.venv\Lib\site-packages\twisted\internet\defer.py", line 1088, in _runCallbacks
    current.result = callback(  # type: ignore[misc]
                     ^^^^^^^^^^^^^^^^^^^^^^^^^^^^^^^
  File "E:\AAA-CODE\AcquireData\.venv\Lib\site-packages\scrapy\spiders\__init__.py", line 93, in parse
    raise NotImplementedError(
NotImplementedError: ProductPidSpider.parse callback is not defined
2025-02-07 20:46:35 [scrapy.core.scraper] ERROR: Spider error processing <GET https://www.amazon.com//Best-Sellers-Audible-Books-Originals-Science-Fiction-Fantasy/zgbs/audible/18580606011/ref=zg_bs_nav_audible_1> (referer: None)
Traceback (most recent call last):
  File "E:\AAA-CODE\AcquireData\.venv\Lib\site-packages\twisted\internet\defer.py", line 1088, in _runCallbacks
    current.result = callback(  # type: ignore[misc]
                     ^^^^^^^^^^^^^^^^^^^^^^^^^^^^^^^
  File "E:\AAA-CODE\AcquireData\.venv\Lib\site-packages\scrapy\spiders\__init__.py", line 93, in parse
    raise NotImplementedError(
NotImplementedError: ProductPidSpider.parse callback is not defined
2025-02-07 20:46:35 [scrapy.core.scraper] ERROR: Spider error processing <GET https://www.amazon.com//Best-Sellers-Audible-Books-Originals-Religion-Spirituality/zgbs/audible/18574839011/ref=zg_bs_nav_audible_1?_encoding=UTF8&pg=2> (referer: None)
Traceback (most recent call last):
  File "E:\AAA-CODE\AcquireData\.venv\Lib\site-packages\twisted\internet\defer.py", line 1088, in _runCallbacks
    current.result = callback(  # type: ignore[misc]
                     ^^^^^^^^^^^^^^^^^^^^^^^^^^^^^^^
  File "E:\AAA-CODE\AcquireData\.venv\Lib\site-packages\scrapy\spiders\__init__.py", line 93, in parse
    raise NotImplementedError(
NotImplementedError: ProductPidSpider.parse callback is not defined
2025-02-07 20:46:35 [scrapy.core.scraper] ERROR: Spider error processing <GET https://www.amazon.com//Best-Sellers-Audible-Books-Originals-Home-Garden/zgbs/audible/18573701011/ref=zg_bs_nav_audible_1> (referer: None)
Traceback (most recent call last):
  File "E:\AAA-CODE\AcquireData\.venv\Lib\site-packages\twisted\internet\defer.py", line 1088, in _runCallbacks
    current.result = callback(  # type: ignore[misc]
                     ^^^^^^^^^^^^^^^^^^^^^^^^^^^^^^^
  File "E:\AAA-CODE\AcquireData\.venv\Lib\site-packages\scrapy\spiders\__init__.py", line 93, in parse
    raise NotImplementedError(
NotImplementedError: ProductPidSpider.parse callback is not defined
2025-02-07 20:46:36 [scrapy.core.scraper] ERROR: Spider error processing <GET https://www.amazon.com//Best-Sellers-Audible-Books-Originals-Science-Fiction-Fantasy/zgbs/audible/18580606011/ref=zg_bs_nav_audible_1?_encoding=UTF8&pg=2> (referer: None)
Traceback (most recent call last):
  File "E:\AAA-CODE\AcquireData\.venv\Lib\site-packages\twisted\internet\defer.py", line 1088, in _runCallbacks
    current.result = callback(  # type: ignore[misc]
                     ^^^^^^^^^^^^^^^^^^^^^^^^^^^^^^^
  File "E:\AAA-CODE\AcquireData\.venv\Lib\site-packages\scrapy\spiders\__init__.py", line 93, in parse
    raise NotImplementedError(
NotImplementedError: ProductPidSpider.parse callback is not defined
2025-02-07 20:46:36 [scrapy.core.scraper] ERROR: Spider error processing <GET https://www.amazon.com//Best-Sellers-Audible-Books-Originals-Politics-Social-Sciences/zgbs/audible/18574641011/ref=zg_bs_nav_audible_1> (referer: None)
Traceback (most recent call last):
  File "E:\AAA-CODE\AcquireData\.venv\Lib\site-packages\twisted\internet\defer.py", line 1088, in _runCallbacks
    current.result = callback(  # type: ignore[misc]
                     ^^^^^^^^^^^^^^^^^^^^^^^^^^^^^^^
  File "E:\AAA-CODE\AcquireData\.venv\Lib\site-packages\scrapy\spiders\__init__.py", line 93, in parse
    raise NotImplementedError(
NotImplementedError: ProductPidSpider.parse callback is not defined
2025-02-07 20:46:36 [scrapy.core.scraper] ERROR: Spider error processing <GET https://www.amazon.com//Best-Sellers-Audible-Books-Originals-Romance/zgbs/audible/18580518011/ref=zg_bs_nav_audible_1> (referer: None)
Traceback (most recent call last):
  File "E:\AAA-CODE\AcquireData\.venv\Lib\site-packages\twisted\internet\defer.py", line 1088, in _runCallbacks
    current.result = callback(  # type: ignore[misc]
                     ^^^^^^^^^^^^^^^^^^^^^^^^^^^^^^^
  File "E:\AAA-CODE\AcquireData\.venv\Lib\site-packages\scrapy\spiders\__init__.py", line 93, in parse
    raise NotImplementedError(
NotImplementedError: ProductPidSpider.parse callback is not defined
2025-02-07 20:46:36 [scrapy.core.scraper] ERROR: Spider error processing <GET https://www.amazon.com//Best-Sellers-Audible-Books-Originals-Politics-Social-Sciences/zgbs/audible/18574641011/ref=zg_bs_nav_audible_1?_encoding=UTF8&pg=2> (referer: None)
Traceback (most recent call last):
  File "E:\AAA-CODE\AcquireData\.venv\Lib\site-packages\twisted\internet\defer.py", line 1088, in _runCallbacks
    current.result = callback(  # type: ignore[misc]
                     ^^^^^^^^^^^^^^^^^^^^^^^^^^^^^^^
  File "E:\AAA-CODE\AcquireData\.venv\Lib\site-packages\scrapy\spiders\__init__.py", line 93, in parse
    raise NotImplementedError(
NotImplementedError: ProductPidSpider.parse callback is not defined
2025-02-07 20:46:36 [scrapy.core.scraper] ERROR: Spider error processing <GET https://www.amazon.com//Best-Sellers-Audible-Books-Originals-Relationships-Parenting-Personal-Development/zgbs/audible/18574784011/ref=zg_bs_nav_audible_1> (referer: None)
Traceback (most recent call last):
  File "E:\AAA-CODE\AcquireData\.venv\Lib\site-packages\twisted\internet\defer.py", line 1088, in _runCallbacks
    current.result = callback(  # type: ignore[misc]
                     ^^^^^^^^^^^^^^^^^^^^^^^^^^^^^^^
  File "E:\AAA-CODE\AcquireData\.venv\Lib\site-packages\scrapy\spiders\__init__.py", line 93, in parse
    raise NotImplementedError(
NotImplementedError: ProductPidSpider.parse callback is not defined
2025-02-07 20:46:37 [scrapy.core.scraper] ERROR: Spider error processing <GET https://www.amazon.com//Best-Sellers-Audible-Books-Originals-Science-Engineering/zgbs/audible/18580540011/ref=zg_bs_nav_audible_1> (referer: None)
Traceback (most recent call last):
  File "E:\AAA-CODE\AcquireData\.venv\Lib\site-packages\twisted\internet\defer.py", line 1088, in _runCallbacks
    current.result = callback(  # type: ignore[misc]
                     ^^^^^^^^^^^^^^^^^^^^^^^^^^^^^^^
  File "E:\AAA-CODE\AcquireData\.venv\Lib\site-packages\scrapy\spiders\__init__.py", line 93, in parse
    raise NotImplementedError(
NotImplementedError: ProductPidSpider.parse callback is not defined
2025-02-07 20:46:37 [scrapy.core.scraper] ERROR: Spider error processing <GET https://www.amazon.com//Best-Sellers-Audible-Books-Originals-Sports-Outdoors/zgbs/audible/18580648011/ref=zg_bs_nav_audible_1?_encoding=UTF8&pg=2> (referer: None)
Traceback (most recent call last):
  File "E:\AAA-CODE\AcquireData\.venv\Lib\site-packages\twisted\internet\defer.py", line 1088, in _runCallbacks
    current.result = callback(  # type: ignore[misc]
                     ^^^^^^^^^^^^^^^^^^^^^^^^^^^^^^^
  File "E:\AAA-CODE\AcquireData\.venv\Lib\site-packages\scrapy\spiders\__init__.py", line 93, in parse
    raise NotImplementedError(
NotImplementedError: ProductPidSpider.parse callback is not defined
2025-02-07 20:46:37 [scrapy.core.scraper] ERROR: Spider error processing <GET https://www.amazon.com//Best-Sellers-Audible-Books-Originals-Mystery-Thriller-Suspense/zgbs/audible/18574597011/ref=zg_bs_nav_audible_1?_encoding=UTF8&pg=2> (referer: None)
Traceback (most recent call last):
  File "E:\AAA-CODE\AcquireData\.venv\Lib\site-packages\twisted\internet\defer.py", line 1088, in _runCallbacks
    current.result = callback(  # type: ignore[misc]
                     ^^^^^^^^^^^^^^^^^^^^^^^^^^^^^^^
  File "E:\AAA-CODE\AcquireData\.venv\Lib\site-packages\scrapy\spiders\__init__.py", line 93, in parse
    raise NotImplementedError(
NotImplementedError: ProductPidSpider.parse callback is not defined
2025-02-07 20:46:37 [scrapy.core.scraper] ERROR: Spider error processing <GET https://www.amazon.com//Best-Sellers-Audible-Books-Originals-Teen-Young-Adult/zgbs/audible/18580715011/ref=zg_bs_nav_audible_1> (referer: None)
Traceback (most recent call last):
  File "E:\AAA-CODE\AcquireData\.venv\Lib\site-packages\twisted\internet\defer.py", line 1088, in _runCallbacks
    current.result = callback(  # type: ignore[misc]
                     ^^^^^^^^^^^^^^^^^^^^^^^^^^^^^^^
  File "E:\AAA-CODE\AcquireData\.venv\Lib\site-packages\scrapy\spiders\__init__.py", line 93, in parse
    raise NotImplementedError(
NotImplementedError: ProductPidSpider.parse callback is not defined
2025-02-07 20:46:38 [scrapy.core.scraper] ERROR: Spider error processing <GET https://www.amazon.com//Best-Sellers-Audible-Books-Originals-Relationships-Parenting-Personal-Development/zgbs/audible/18574784011/ref=zg_bs_nav_audible_1?_encoding=UTF8&pg=2> (referer: None)
Traceback (most recent call last):
  File "E:\AAA-CODE\AcquireData\.venv\Lib\site-packages\twisted\internet\defer.py", line 1088, in _runCallbacks
    current.result = callback(  # type: ignore[misc]
                     ^^^^^^^^^^^^^^^^^^^^^^^^^^^^^^^
  File "E:\AAA-CODE\AcquireData\.venv\Lib\site-packages\scrapy\spiders\__init__.py", line 93, in parse
    raise NotImplementedError(
NotImplementedError: ProductPidSpider.parse callback is not defined
2025-02-07 20:46:38 [scrapy.core.scraper] ERROR: Spider error processing <GET https://www.amazon.com//Best-Sellers-Automotive-Car-Care/zgbs/automotive/15718271/ref=zg_bs_nav_automotive_1?_encoding=UTF8&pg=2> (referer: None)
Traceback (most recent call last):
  File "E:\AAA-CODE\AcquireData\.venv\Lib\site-packages\twisted\internet\defer.py", line 1088, in _runCallbacks
    current.result = callback(  # type: ignore[misc]
                     ^^^^^^^^^^^^^^^^^^^^^^^^^^^^^^^
  File "E:\AAA-CODE\AcquireData\.venv\Lib\site-packages\scrapy\spiders\__init__.py", line 93, in parse
    raise NotImplementedError(
NotImplementedError: ProductPidSpider.parse callback is not defined
2025-02-07 20:46:38 [scrapy.core.scraper] ERROR: Spider error processing <GET https://www.amazon.com//Best-Sellers-Audible-Books-Originals-Romance/zgbs/audible/18580518011/ref=zg_bs_nav_audible_1?_encoding=UTF8&pg=2> (referer: None)
Traceback (most recent call last):
  File "E:\AAA-CODE\AcquireData\.venv\Lib\site-packages\twisted\internet\defer.py", line 1088, in _runCallbacks
    current.result = callback(  # type: ignore[misc]
                     ^^^^^^^^^^^^^^^^^^^^^^^^^^^^^^^
  File "E:\AAA-CODE\AcquireData\.venv\Lib\site-packages\scrapy\spiders\__init__.py", line 93, in parse
    raise NotImplementedError(
NotImplementedError: ProductPidSpider.parse callback is not defined
2025-02-07 20:46:39 [scrapy.core.scraper] ERROR: Spider error processing <GET https://www.amazon.com//Best-Sellers-Automotive-Automotive-Lights-Bulbs-Indicators/zgbs/automotive/15736321/ref=zg_bs_nav_automotive_1> (referer: None)
Traceback (most recent call last):
  File "E:\AAA-CODE\AcquireData\.venv\Lib\site-packages\twisted\internet\defer.py", line 1088, in _runCallbacks
    current.result = callback(  # type: ignore[misc]
                     ^^^^^^^^^^^^^^^^^^^^^^^^^^^^^^^
  File "E:\AAA-CODE\AcquireData\.venv\Lib\site-packages\scrapy\spiders\__init__.py", line 93, in parse
    raise NotImplementedError(
NotImplementedError: ProductPidSpider.parse callback is not defined
2025-02-07 20:46:39 [scrapy.core.scraper] ERROR: Spider error processing <GET https://www.amazon.com//Best-Sellers-Audible-Books-Originals-Teen-Young-Adult/zgbs/audible/18580715011/ref=zg_bs_nav_audible_1?_encoding=UTF8&pg=2> (referer: None)
Traceback (most recent call last):
  File "E:\AAA-CODE\AcquireData\.venv\Lib\site-packages\twisted\internet\defer.py", line 1088, in _runCallbacks
    current.result = callback(  # type: ignore[misc]
                     ^^^^^^^^^^^^^^^^^^^^^^^^^^^^^^^
  File "E:\AAA-CODE\AcquireData\.venv\Lib\site-packages\scrapy\spiders\__init__.py", line 93, in parse
    raise NotImplementedError(
NotImplementedError: ProductPidSpider.parse callback is not defined
2025-02-07 20:46:39 [scrapy.core.scraper] ERROR: Spider error processing <GET https://www.amazon.com//Best-Sellers-Automotive-Automotive-Interior-Accessories/zgbs/automotive/15857501/ref=zg_bs_nav_automotive_1?_encoding=UTF8&pg=2> (referer: None)
Traceback (most recent call last):
  File "E:\AAA-CODE\AcquireData\.venv\Lib\site-packages\twisted\internet\defer.py", line 1088, in _runCallbacks
    current.result = callback(  # type: ignore[misc]
                     ^^^^^^^^^^^^^^^^^^^^^^^^^^^^^^^
  File "E:\AAA-CODE\AcquireData\.venv\Lib\site-packages\scrapy\spiders\__init__.py", line 93, in parse
    raise NotImplementedError(
NotImplementedError: ProductPidSpider.parse callback is not defined
2025-02-07 20:46:39 [scrapy.core.scraper] ERROR: Spider error processing <GET https://www.amazon.com//Best-Sellers-Audible-Books-Originals-Travel-Tourism/zgbs/audible/18581095011/ref=zg_bs_nav_audible_1> (referer: None)
Traceback (most recent call last):
  File "E:\AAA-CODE\AcquireData\.venv\Lib\site-packages\twisted\internet\defer.py", line 1088, in _runCallbacks
    current.result = callback(  # type: ignore[misc]
                     ^^^^^^^^^^^^^^^^^^^^^^^^^^^^^^^
  File "E:\AAA-CODE\AcquireData\.venv\Lib\site-packages\scrapy\spiders\__init__.py", line 93, in parse
    raise NotImplementedError(
NotImplementedError: ProductPidSpider.parse callback is not defined
2025-02-07 20:46:39 [scrapy.core.scraper] ERROR: Spider error processing <GET https://www.amazon.com//Best-Sellers-Audible-Books-Originals-Sports-Outdoors/zgbs/audible/18580648011/ref=zg_bs_nav_audible_1> (referer: None)
Traceback (most recent call last):
  File "E:\AAA-CODE\AcquireData\.venv\Lib\site-packages\twisted\internet\defer.py", line 1088, in _runCallbacks
    current.result = callback(  # type: ignore[misc]
                     ^^^^^^^^^^^^^^^^^^^^^^^^^^^^^^^
  File "E:\AAA-CODE\AcquireData\.venv\Lib\site-packages\scrapy\spiders\__init__.py", line 93, in parse
    raise NotImplementedError(
NotImplementedError: ProductPidSpider.parse callback is not defined
2025-02-07 20:46:40 [scrapy.core.scraper] ERROR: Spider error processing <GET https://www.amazon.com//Best-Sellers-Automotive-Automotive-Lights-Bulbs-Indicators/zgbs/automotive/15736321/ref=zg_bs_nav_automotive_1?_encoding=UTF8&pg=2> (referer: None)
Traceback (most recent call last):
  File "E:\AAA-CODE\AcquireData\.venv\Lib\site-packages\twisted\internet\defer.py", line 1088, in _runCallbacks
    current.result = callback(  # type: ignore[misc]
                     ^^^^^^^^^^^^^^^^^^^^^^^^^^^^^^^
  File "E:\AAA-CODE\AcquireData\.venv\Lib\site-packages\scrapy\spiders\__init__.py", line 93, in parse
    raise NotImplementedError(
NotImplementedError: ProductPidSpider.parse callback is not defined
2025-02-07 20:46:40 [scrapy.core.scraper] ERROR: Spider error processing <GET https://www.amazon.com//Best-Sellers-Automotive-Motorcycle-Powersports/zgbs/automotive/346333011/ref=zg_bs_nav_automotive_1> (referer: None)
Traceback (most recent call last):
  File "E:\AAA-CODE\AcquireData\.venv\Lib\site-packages\twisted\internet\defer.py", line 1088, in _runCallbacks
    current.result = callback(  # type: ignore[misc]
                     ^^^^^^^^^^^^^^^^^^^^^^^^^^^^^^^
  File "E:\AAA-CODE\AcquireData\.venv\Lib\site-packages\scrapy\spiders\__init__.py", line 93, in parse
    raise NotImplementedError(
NotImplementedError: ProductPidSpider.parse callback is not defined
2025-02-07 20:46:40 [scrapy.core.scraper] ERROR: Spider error processing <GET https://www.amazon.com//Best-Sellers-Automotive-Motorcycle-Powersports/zgbs/automotive/346333011/ref=zg_bs_nav_automotive_1?_encoding=UTF8&pg=2> (referer: None)
Traceback (most recent call last):
  File "E:\AAA-CODE\AcquireData\.venv\Lib\site-packages\twisted\internet\defer.py", line 1088, in _runCallbacks
    current.result = callback(  # type: ignore[misc]
                     ^^^^^^^^^^^^^^^^^^^^^^^^^^^^^^^
  File "E:\AAA-CODE\AcquireData\.venv\Lib\site-packages\scrapy\spiders\__init__.py", line 93, in parse
    raise NotImplementedError(
NotImplementedError: ProductPidSpider.parse callback is not defined
2025-02-07 20:46:41 [scrapy.core.scraper] ERROR: Spider error processing <GET https://www.amazon.com//Best-Sellers-Automotive-Automotive-Interior-Accessories/zgbs/automotive/15857501/ref=zg_bs_nav_automotive_1> (referer: None)
Traceback (most recent call last):
  File "E:\AAA-CODE\AcquireData\.venv\Lib\site-packages\twisted\internet\defer.py", line 1088, in _runCallbacks
    current.result = callback(  # type: ignore[misc]
                     ^^^^^^^^^^^^^^^^^^^^^^^^^^^^^^^
  File "E:\AAA-CODE\AcquireData\.venv\Lib\site-packages\scrapy\spiders\__init__.py", line 93, in parse
    raise NotImplementedError(
NotImplementedError: ProductPidSpider.parse callback is not defined
2025-02-07 20:46:41 [scrapy.core.scraper] ERROR: Spider error processing <GET https://www.amazon.com//Best-Sellers-Automotive-Automotive-Exterior-Accessories/zgbs/automotive/15857511/ref=zg_bs_nav_automotive_1> (referer: None)
Traceback (most recent call last):
  File "E:\AAA-CODE\AcquireData\.venv\Lib\site-packages\twisted\internet\defer.py", line 1088, in _runCallbacks
    current.result = callback(  # type: ignore[misc]
                     ^^^^^^^^^^^^^^^^^^^^^^^^^^^^^^^
  File "E:\AAA-CODE\AcquireData\.venv\Lib\site-packages\scrapy\spiders\__init__.py", line 93, in parse
    raise NotImplementedError(
NotImplementedError: ProductPidSpider.parse callback is not defined
2025-02-07 20:46:41 [scrapy.core.scraper] ERROR: Spider error processing <GET https://www.amazon.com//Best-Sellers-Automotive-Automotive-Exterior-Accessories/zgbs/automotive/15857511/ref=zg_bs_nav_automotive_1?_encoding=UTF8&pg=2> (referer: None)
Traceback (most recent call last):
  File "E:\AAA-CODE\AcquireData\.venv\Lib\site-packages\twisted\internet\defer.py", line 1088, in _runCallbacks
    current.result = callback(  # type: ignore[misc]
                     ^^^^^^^^^^^^^^^^^^^^^^^^^^^^^^^
  File "E:\AAA-CODE\AcquireData\.venv\Lib\site-packages\scrapy\spiders\__init__.py", line 93, in parse
    raise NotImplementedError(
NotImplementedError: ProductPidSpider.parse callback is not defined
2025-02-07 20:46:42 [scrapy.core.scraper] ERROR: Spider error processing <GET https://www.amazon.com//Best-Sellers-Audible-Books-Originals-Travel-Tourism/zgbs/audible/18581095011/ref=zg_bs_nav_audible_1?_encoding=UTF8&pg=2> (referer: None)
Traceback (most recent call last):
  File "E:\AAA-CODE\AcquireData\.venv\Lib\site-packages\twisted\internet\defer.py", line 1088, in _runCallbacks
    current.result = callback(  # type: ignore[misc]
                     ^^^^^^^^^^^^^^^^^^^^^^^^^^^^^^^
  File "E:\AAA-CODE\AcquireData\.venv\Lib\site-packages\scrapy\spiders\__init__.py", line 93, in parse
    raise NotImplementedError(
NotImplementedError: ProductPidSpider.parse callback is not defined
2025-02-07 20:46:42 [scrapy.core.scraper] ERROR: Spider error processing <GET https://www.amazon.com//Best-Sellers-Automotive-Car-Care/zgbs/automotive/15718271/ref=zg_bs_nav_automotive_1> (referer: None)
Traceback (most recent call last):
  File "E:\AAA-CODE\AcquireData\.venv\Lib\site-packages\twisted\internet\defer.py", line 1088, in _runCallbacks
    current.result = callback(  # type: ignore[misc]
                     ^^^^^^^^^^^^^^^^^^^^^^^^^^^^^^^
  File "E:\AAA-CODE\AcquireData\.venv\Lib\site-packages\scrapy\spiders\__init__.py", line 93, in parse
    raise NotImplementedError(
NotImplementedError: ProductPidSpider.parse callback is not defined
2025-02-07 20:46:42 [scrapy.core.scraper] ERROR: Spider error processing <GET https://www.amazon.com//Best-Sellers-Automotive-Automotive-Performance-Parts-Accessories/zgbs/automotive/15710351/ref=zg_bs_nav_automotive_1?_encoding=UTF8&pg=2> (referer: None)
Traceback (most recent call last):
  File "E:\AAA-CODE\AcquireData\.venv\Lib\site-packages\twisted\internet\defer.py", line 1088, in _runCallbacks
    current.result = callback(  # type: ignore[misc]
                     ^^^^^^^^^^^^^^^^^^^^^^^^^^^^^^^
  File "E:\AAA-CODE\AcquireData\.venv\Lib\site-packages\scrapy\spiders\__init__.py", line 93, in parse
    raise NotImplementedError(
NotImplementedError: ProductPidSpider.parse callback is not defined
2025-02-07 20:46:42 [scrapy.core.scraper] ERROR: Spider error processing <GET https://www.amazon.com//Best-Sellers-Automotive-Automotive-Replacement-Parts/zgbs/automotive/15719731/ref=zg_bs_nav_automotive_1?_encoding=UTF8&pg=2> (referer: None)
Traceback (most recent call last):
  File "E:\AAA-CODE\AcquireData\.venv\Lib\site-packages\twisted\internet\defer.py", line 1088, in _runCallbacks
    current.result = callback(  # type: ignore[misc]
                     ^^^^^^^^^^^^^^^^^^^^^^^^^^^^^^^
  File "E:\AAA-CODE\AcquireData\.venv\Lib\site-packages\scrapy\spiders\__init__.py", line 93, in parse
    raise NotImplementedError(
NotImplementedError: ProductPidSpider.parse callback is not defined
2025-02-07 20:46:42 [scrapy.core.scraper] ERROR: Spider error processing <GET https://www.amazon.com//Best-Sellers-Automotive-Automotive-Replacement-Parts/zgbs/automotive/15719731/ref=zg_bs_nav_automotive_1> (referer: None)
Traceback (most recent call last):
  File "E:\AAA-CODE\AcquireData\.venv\Lib\site-packages\twisted\internet\defer.py", line 1088, in _runCallbacks
    current.result = callback(  # type: ignore[misc]
                     ^^^^^^^^^^^^^^^^^^^^^^^^^^^^^^^
  File "E:\AAA-CODE\AcquireData\.venv\Lib\site-packages\scrapy\spiders\__init__.py", line 93, in parse
    raise NotImplementedError(
NotImplementedError: ProductPidSpider.parse callback is not defined
2025-02-07 20:46:43 [scrapy.core.scraper] ERROR: Spider error processing <GET https://www.amazon.com//Best-Sellers-Automotive-Oils-Fluids/zgbs/automotive/15718791/ref=zg_bs_nav_automotive_1> (referer: None)
Traceback (most recent call last):
  File "E:\AAA-CODE\AcquireData\.venv\Lib\site-packages\twisted\internet\defer.py", line 1088, in _runCallbacks
    current.result = callback(  # type: ignore[misc]
                     ^^^^^^^^^^^^^^^^^^^^^^^^^^^^^^^
  File "E:\AAA-CODE\AcquireData\.venv\Lib\site-packages\scrapy\spiders\__init__.py", line 93, in parse
    raise NotImplementedError(
NotImplementedError: ProductPidSpider.parse callback is not defined
2025-02-07 20:46:43 [scrapy.core.scraper] ERROR: Spider error processing <GET https://www.amazon.com//Best-Sellers-Automotive-RV-Parts-Accessories/zgbs/automotive/2258019011/ref=zg_bs_nav_automotive_1?_encoding=UTF8&pg=2> (referer: None)
Traceback (most recent call last):
  File "E:\AAA-CODE\AcquireData\.venv\Lib\site-packages\twisted\internet\defer.py", line 1088, in _runCallbacks
    current.result = callback(  # type: ignore[misc]
                     ^^^^^^^^^^^^^^^^^^^^^^^^^^^^^^^
  File "E:\AAA-CODE\AcquireData\.venv\Lib\site-packages\scrapy\spiders\__init__.py", line 93, in parse
    raise NotImplementedError(
NotImplementedError: ProductPidSpider.parse callback is not defined
2025-02-07 20:46:43 [scrapy.core.scraper] ERROR: Spider error processing <GET https://www.amazon.com//Best-Sellers-Automotive-Oils-Fluids/zgbs/automotive/15718791/ref=zg_bs_nav_automotive_1?_encoding=UTF8&pg=2> (referer: None)
Traceback (most recent call last):
  File "E:\AAA-CODE\AcquireData\.venv\Lib\site-packages\twisted\internet\defer.py", line 1088, in _runCallbacks
    current.result = callback(  # type: ignore[misc]
                     ^^^^^^^^^^^^^^^^^^^^^^^^^^^^^^^
  File "E:\AAA-CODE\AcquireData\.venv\Lib\site-packages\scrapy\spiders\__init__.py", line 93, in parse
    raise NotImplementedError(
NotImplementedError: ProductPidSpider.parse callback is not defined
2025-02-07 20:46:43 [scrapy.core.scraper] ERROR: Spider error processing <GET https://www.amazon.com//Best-Sellers-Automotive-RV-Parts-Accessories/zgbs/automotive/2258019011/ref=zg_bs_nav_automotive_1> (referer: None)
Traceback (most recent call last):
  File "E:\AAA-CODE\AcquireData\.venv\Lib\site-packages\twisted\internet\defer.py", line 1088, in _runCallbacks
    current.result = callback(  # type: ignore[misc]
                     ^^^^^^^^^^^^^^^^^^^^^^^^^^^^^^^
  File "E:\AAA-CODE\AcquireData\.venv\Lib\site-packages\scrapy\spiders\__init__.py", line 93, in parse
    raise NotImplementedError(
NotImplementedError: ProductPidSpider.parse callback is not defined
2025-02-07 20:46:43 [scrapy.core.scraper] ERROR: Spider error processing <GET https://www.amazon.com//Best-Sellers-Automotive-Automotive-Tools-Equipment/zgbs/automotive/15706941/ref=zg_bs_nav_automotive_1?_encoding=UTF8&pg=2> (referer: None)
Traceback (most recent call last):
  File "E:\AAA-CODE\AcquireData\.venv\Lib\site-packages\twisted\internet\defer.py", line 1088, in _runCallbacks
    current.result = callback(  # type: ignore[misc]
                     ^^^^^^^^^^^^^^^^^^^^^^^^^^^^^^^
  File "E:\AAA-CODE\AcquireData\.venv\Lib\site-packages\scrapy\spiders\__init__.py", line 93, in parse
    raise NotImplementedError(
NotImplementedError: ProductPidSpider.parse callback is not defined
2025-02-07 20:46:44 [scrapy.core.scraper] ERROR: Spider error processing <GET https://www.amazon.com//Best-Sellers-Automotive-Automotive-Paint-Paint-Supplies/zgbs/automotive/13591416011/ref=zg_bs_nav_automotive_1?_encoding=UTF8&pg=2> (referer: None)
Traceback (most recent call last):
  File "E:\AAA-CODE\AcquireData\.venv\Lib\site-packages\twisted\internet\defer.py", line 1088, in _runCallbacks
    current.result = callback(  # type: ignore[misc]
                     ^^^^^^^^^^^^^^^^^^^^^^^^^^^^^^^
  File "E:\AAA-CODE\AcquireData\.venv\Lib\site-packages\scrapy\spiders\__init__.py", line 93, in parse
    raise NotImplementedError(
NotImplementedError: ProductPidSpider.parse callback is not defined
2025-02-07 20:46:44 [scrapy.core.scraper] ERROR: Spider error processing <GET https://www.amazon.com//Best-Sellers-Automotive-Automotive-Paint-Paint-Supplies/zgbs/automotive/13591416011/ref=zg_bs_nav_automotive_1> (referer: None)
Traceback (most recent call last):
  File "E:\AAA-CODE\AcquireData\.venv\Lib\site-packages\twisted\internet\defer.py", line 1088, in _runCallbacks
    current.result = callback(  # type: ignore[misc]
                     ^^^^^^^^^^^^^^^^^^^^^^^^^^^^^^^
  File "E:\AAA-CODE\AcquireData\.venv\Lib\site-packages\scrapy\spiders\__init__.py", line 93, in parse
    raise NotImplementedError(
NotImplementedError: ProductPidSpider.parse callback is not defined
2025-02-07 20:46:45 [scrapy.core.scraper] ERROR: Spider error processing <GET https://www.amazon.com//Best-Sellers-Beauty-Personal-Care-Foot-Hand-Nail-Care-Products/zgbs/beauty/17242866011/ref=zg_bs_nav_beauty_1> (referer: None)
Traceback (most recent call last):
  File "E:\AAA-CODE\AcquireData\.venv\Lib\site-packages\twisted\internet\defer.py", line 1088, in _runCallbacks
    current.result = callback(  # type: ignore[misc]
                     ^^^^^^^^^^^^^^^^^^^^^^^^^^^^^^^
  File "E:\AAA-CODE\AcquireData\.venv\Lib\site-packages\scrapy\spiders\__init__.py", line 93, in parse
    raise NotImplementedError(
NotImplementedError: ProductPidSpider.parse callback is not defined
2025-02-07 20:46:45 [scrapy.core.scraper] ERROR: Spider error processing <GET https://www.amazon.com//Best-Sellers-Automotive-Automotive-Performance-Parts-Accessories/zgbs/automotive/15710351/ref=zg_bs_nav_automotive_1> (referer: None)
Traceback (most recent call last):
  File "E:\AAA-CODE\AcquireData\.venv\Lib\site-packages\twisted\internet\defer.py", line 1088, in _runCallbacks
    current.result = callback(  # type: ignore[misc]
                     ^^^^^^^^^^^^^^^^^^^^^^^^^^^^^^^
  File "E:\AAA-CODE\AcquireData\.venv\Lib\site-packages\scrapy\spiders\__init__.py", line 93, in parse
    raise NotImplementedError(
NotImplementedError: ProductPidSpider.parse callback is not defined
2025-02-07 20:46:45 [scrapy.core.scraper] ERROR: Spider error processing <GET https://www.amazon.com//Best-Sellers-Beauty-Personal-Care-Perfumes-Fragrances/zgbs/beauty/11056591/ref=zg_bs_nav_beauty_1> (referer: None)
Traceback (most recent call last):
  File "E:\AAA-CODE\AcquireData\.venv\Lib\site-packages\twisted\internet\defer.py", line 1088, in _runCallbacks
    current.result = callback(  # type: ignore[misc]
                     ^^^^^^^^^^^^^^^^^^^^^^^^^^^^^^^
  File "E:\AAA-CODE\AcquireData\.venv\Lib\site-packages\scrapy\spiders\__init__.py", line 93, in parse
    raise NotImplementedError(
NotImplementedError: ProductPidSpider.parse callback is not defined
2025-02-07 20:46:45 [scrapy.core.scraper] ERROR: Spider error processing <GET https://www.amazon.com//Best-Sellers-Beauty-Personal-Care-Beauty-Gift-Sets/zgbs/beauty/120225719011/ref=zg_bs_nav_beauty_1?_encoding=UTF8&pg=2> (referer: None)
Traceback (most recent call last):
  File "E:\AAA-CODE\AcquireData\.venv\Lib\site-packages\twisted\internet\defer.py", line 1088, in _runCallbacks
    current.result = callback(  # type: ignore[misc]
                     ^^^^^^^^^^^^^^^^^^^^^^^^^^^^^^^
  File "E:\AAA-CODE\AcquireData\.venv\Lib\site-packages\scrapy\spiders\__init__.py", line 93, in parse
    raise NotImplementedError(
NotImplementedError: ProductPidSpider.parse callback is not defined
2025-02-07 20:46:46 [scrapy.core.scraper] ERROR: Spider error processing <GET https://www.amazon.com//Best-Sellers-Automotive-Automotive-Tools-Equipment/zgbs/automotive/15706941/ref=zg_bs_nav_automotive_1> (referer: None)
Traceback (most recent call last):
  File "E:\AAA-CODE\AcquireData\.venv\Lib\site-packages\twisted\internet\defer.py", line 1088, in _runCallbacks
    current.result = callback(  # type: ignore[misc]
                     ^^^^^^^^^^^^^^^^^^^^^^^^^^^^^^^
  File "E:\AAA-CODE\AcquireData\.venv\Lib\site-packages\scrapy\spiders\__init__.py", line 93, in parse
    raise NotImplementedError(
NotImplementedError: ProductPidSpider.parse callback is not defined
2025-02-07 20:46:46 [scrapy.core.scraper] ERROR: Spider error processing <GET https://www.amazon.com//Best-Sellers-Automotive-Automotive-Tires-Wheels/zgbs/automotive/15706571/ref=zg_bs_nav_automotive_1?_encoding=UTF8&pg=2> (referer: None)
Traceback (most recent call last):
  File "E:\AAA-CODE\AcquireData\.venv\Lib\site-packages\twisted\internet\defer.py", line 1088, in _runCallbacks
    current.result = callback(  # type: ignore[misc]
                     ^^^^^^^^^^^^^^^^^^^^^^^^^^^^^^^
  File "E:\AAA-CODE\AcquireData\.venv\Lib\site-packages\scrapy\spiders\__init__.py", line 93, in parse
    raise NotImplementedError(
NotImplementedError: ProductPidSpider.parse callback is not defined
2025-02-07 20:46:46 [scrapy.core.scraper] ERROR: Spider error processing <GET https://www.amazon.com//Best-Sellers-Beauty-Personal-Care-Hair-Care-Products/zgbs/beauty/11057241/ref=zg_bs_nav_beauty_1> (referer: None)
Traceback (most recent call last):
  File "E:\AAA-CODE\AcquireData\.venv\Lib\site-packages\twisted\internet\defer.py", line 1088, in _runCallbacks
    current.result = callback(  # type: ignore[misc]
                     ^^^^^^^^^^^^^^^^^^^^^^^^^^^^^^^
  File "E:\AAA-CODE\AcquireData\.venv\Lib\site-packages\scrapy\spiders\__init__.py", line 93, in parse
    raise NotImplementedError(
NotImplementedError: ProductPidSpider.parse callback is not defined
2025-02-07 20:46:47 [scrapy.core.scraper] ERROR: Spider error processing <GET https://www.amazon.com//Best-Sellers-Beauty-Personal-Care-Beauty-Gift-Sets/zgbs/beauty/120225719011/ref=zg_bs_nav_beauty_1> (referer: None)
Traceback (most recent call last):
  File "E:\AAA-CODE\AcquireData\.venv\Lib\site-packages\twisted\internet\defer.py", line 1088, in _runCallbacks
    current.result = callback(  # type: ignore[misc]
                     ^^^^^^^^^^^^^^^^^^^^^^^^^^^^^^^
  File "E:\AAA-CODE\AcquireData\.venv\Lib\site-packages\scrapy\spiders\__init__.py", line 93, in parse
    raise NotImplementedError(
NotImplementedError: ProductPidSpider.parse callback is not defined
2025-02-07 20:46:47 [scrapy.core.scraper] ERROR: Spider error processing <GET https://www.amazon.com//Best-Sellers-Beauty-Personal-Care-Makeup/zgbs/beauty/11058281/ref=zg_bs_nav_beauty_1> (referer: None)
Traceback (most recent call last):
  File "E:\AAA-CODE\AcquireData\.venv\Lib\site-packages\twisted\internet\defer.py", line 1088, in _runCallbacks
    current.result = callback(  # type: ignore[misc]
                     ^^^^^^^^^^^^^^^^^^^^^^^^^^^^^^^
  File "E:\AAA-CODE\AcquireData\.venv\Lib\site-packages\scrapy\spiders\__init__.py", line 93, in parse
    raise NotImplementedError(
NotImplementedError: ProductPidSpider.parse callback is not defined
2025-02-07 20:46:47 [scrapy.core.scraper] ERROR: Spider error processing <GET https://www.amazon.com//Best-Sellers-Beauty-Personal-Care-Hair-Care-Products/zgbs/beauty/11057241/ref=zg_bs_nav_beauty_1?_encoding=UTF8&pg=2> (referer: None)
Traceback (most recent call last):
  File "E:\AAA-CODE\AcquireData\.venv\Lib\site-packages\twisted\internet\defer.py", line 1088, in _runCallbacks
    current.result = callback(  # type: ignore[misc]
                     ^^^^^^^^^^^^^^^^^^^^^^^^^^^^^^^
  File "E:\AAA-CODE\AcquireData\.venv\Lib\site-packages\scrapy\spiders\__init__.py", line 93, in parse
    raise NotImplementedError(
NotImplementedError: ProductPidSpider.parse callback is not defined
2025-02-07 20:46:47 [scrapy.core.scraper] ERROR: Spider error processing <GET https://www.amazon.com//Best-Sellers-Beauty-Personal-Care-Makeup/zgbs/beauty/11058281/ref=zg_bs_nav_beauty_1?_encoding=UTF8&pg=2> (referer: None)
Traceback (most recent call last):
  File "E:\AAA-CODE\AcquireData\.venv\Lib\site-packages\twisted\internet\defer.py", line 1088, in _runCallbacks
    current.result = callback(  # type: ignore[misc]
                     ^^^^^^^^^^^^^^^^^^^^^^^^^^^^^^^
  File "E:\AAA-CODE\AcquireData\.venv\Lib\site-packages\scrapy\spiders\__init__.py", line 93, in parse
    raise NotImplementedError(
NotImplementedError: ProductPidSpider.parse callback is not defined
2025-02-07 20:46:48 [scrapy.core.scraper] ERROR: Spider error processing <GET https://www.amazon.com//Best-Sellers-Beauty-Personal-Care-Salon-Spa-Equipment/zgbs/beauty/15144566011/ref=zg_bs_nav_beauty_1> (referer: None)
Traceback (most recent call last):
  File "E:\AAA-CODE\AcquireData\.venv\Lib\site-packages\twisted\internet\defer.py", line 1088, in _runCallbacks
    current.result = callback(  # type: ignore[misc]
                     ^^^^^^^^^^^^^^^^^^^^^^^^^^^^^^^
  File "E:\AAA-CODE\AcquireData\.venv\Lib\site-packages\scrapy\spiders\__init__.py", line 93, in parse
    raise NotImplementedError(
NotImplementedError: ProductPidSpider.parse callback is not defined
2025-02-07 20:46:48 [scrapy.core.scraper] ERROR: Spider error processing <GET https://www.amazon.com//Best-Sellers-Beauty-Personal-Care-Shaving-Hair-Removal-Products/zgbs/beauty/3778591/ref=zg_bs_nav_beauty_1> (referer: None)
Traceback (most recent call last):
  File "E:\AAA-CODE\AcquireData\.venv\Lib\site-packages\twisted\internet\defer.py", line 1088, in _runCallbacks
    current.result = callback(  # type: ignore[misc]
                     ^^^^^^^^^^^^^^^^^^^^^^^^^^^^^^^
  File "E:\AAA-CODE\AcquireData\.venv\Lib\site-packages\scrapy\spiders\__init__.py", line 93, in parse
    raise NotImplementedError(
NotImplementedError: ProductPidSpider.parse callback is not defined
2025-02-07 20:46:48 [scrapy.core.scraper] ERROR: Spider error processing <GET https://www.amazon.com//Best-Sellers-Beauty-Personal-Care-Beauty-Tools-Accessories/zgbs/beauty/11062741/ref=zg_bs_nav_beauty_1> (referer: None)
Traceback (most recent call last):
  File "E:\AAA-CODE\AcquireData\.venv\Lib\site-packages\twisted\internet\defer.py", line 1088, in _runCallbacks
    current.result = callback(  # type: ignore[misc]
                     ^^^^^^^^^^^^^^^^^^^^^^^^^^^^^^^
  File "E:\AAA-CODE\AcquireData\.venv\Lib\site-packages\scrapy\spiders\__init__.py", line 93, in parse
    raise NotImplementedError(
NotImplementedError: ProductPidSpider.parse callback is not defined
2025-02-07 20:46:48 [scrapy.core.scraper] ERROR: Spider error processing <GET https://www.amazon.com//Best-Sellers-Beauty-Personal-Care-Shaving-Hair-Removal-Products/zgbs/beauty/3778591/ref=zg_bs_nav_beauty_1?_encoding=UTF8&pg=2> (referer: None)
Traceback (most recent call last):
  File "E:\AAA-CODE\AcquireData\.venv\Lib\site-packages\twisted\internet\defer.py", line 1088, in _runCallbacks
    current.result = callback(  # type: ignore[misc]
                     ^^^^^^^^^^^^^^^^^^^^^^^^^^^^^^^
  File "E:\AAA-CODE\AcquireData\.venv\Lib\site-packages\scrapy\spiders\__init__.py", line 93, in parse
    raise NotImplementedError(
NotImplementedError: ProductPidSpider.parse callback is not defined
2025-02-07 20:46:49 [scrapy.core.scraper] ERROR: Spider error processing <GET https://www.amazon.com//Best-Sellers-Beauty-Personal-Care-Perfumes-Fragrances/zgbs/beauty/11056591/ref=zg_bs_nav_beauty_1?_encoding=UTF8&pg=2> (referer: None)
Traceback (most recent call last):
  File "E:\AAA-CODE\AcquireData\.venv\Lib\site-packages\twisted\internet\defer.py", line 1088, in _runCallbacks
    current.result = callback(  # type: ignore[misc]
                     ^^^^^^^^^^^^^^^^^^^^^^^^^^^^^^^
  File "E:\AAA-CODE\AcquireData\.venv\Lib\site-packages\scrapy\spiders\__init__.py", line 93, in parse
    raise NotImplementedError(
NotImplementedError: ProductPidSpider.parse callback is not defined
2025-02-07 20:46:49 [scrapy.core.scraper] ERROR: Spider error processing <GET https://www.amazon.com//Best-Sellers-Beauty-Personal-Care-Skin-Care-Products/zgbs/beauty/11060451/ref=zg_bs_nav_beauty_1?_encoding=UTF8&pg=2> (referer: None)
Traceback (most recent call last):
  File "E:\AAA-CODE\AcquireData\.venv\Lib\site-packages\twisted\internet\defer.py", line 1088, in _runCallbacks
    current.result = callback(  # type: ignore[misc]
                     ^^^^^^^^^^^^^^^^^^^^^^^^^^^^^^^
  File "E:\AAA-CODE\AcquireData\.venv\Lib\site-packages\scrapy\spiders\__init__.py", line 93, in parse
    raise NotImplementedError(
NotImplementedError: ProductPidSpider.parse callback is not defined
2025-02-07 20:46:49 [scrapy.core.scraper] ERROR: Spider error processing <GET https://www.amazon.com//Best-Sellers-Beauty-Personal-Care-Personal-Care-Products/zgbs/beauty/3777891/ref=zg_bs_nav_beauty_1> (referer: None)
Traceback (most recent call last):
  File "E:\AAA-CODE\AcquireData\.venv\Lib\site-packages\twisted\internet\defer.py", line 1088, in _runCallbacks
    current.result = callback(  # type: ignore[misc]
                     ^^^^^^^^^^^^^^^^^^^^^^^^^^^^^^^
  File "E:\AAA-CODE\AcquireData\.venv\Lib\site-packages\scrapy\spiders\__init__.py", line 93, in parse
    raise NotImplementedError(
NotImplementedError: ProductPidSpider.parse callback is not defined
2025-02-07 20:46:50 [scrapy.core.scraper] ERROR: Spider error processing <GET https://www.amazon.com//Best-Sellers-Beauty-Personal-Care-Beauty-Tools-Accessories/zgbs/beauty/11062741/ref=zg_bs_nav_beauty_1?_encoding=UTF8&pg=2> (referer: None)
Traceback (most recent call last):
  File "E:\AAA-CODE\AcquireData\.venv\Lib\site-packages\twisted\internet\defer.py", line 1088, in _runCallbacks
    current.result = callback(  # type: ignore[misc]
                     ^^^^^^^^^^^^^^^^^^^^^^^^^^^^^^^
  File "E:\AAA-CODE\AcquireData\.venv\Lib\site-packages\scrapy\spiders\__init__.py", line 93, in parse
    raise NotImplementedError(
NotImplementedError: ProductPidSpider.parse callback is not defined
2025-02-07 20:46:50 [scrapy.core.scraper] ERROR: Spider error processing <GET https://www.amazon.com//Best-Sellers-Camera-Photo-Products-Camera-Photo-Accessories/zgbs/photo/172435/ref=zg_bs_nav_photo_1> (referer: None)
Traceback (most recent call last):
  File "E:\AAA-CODE\AcquireData\.venv\Lib\site-packages\twisted\internet\defer.py", line 1088, in _runCallbacks
    current.result = callback(  # type: ignore[misc]
                     ^^^^^^^^^^^^^^^^^^^^^^^^^^^^^^^
  File "E:\AAA-CODE\AcquireData\.venv\Lib\site-packages\scrapy\spiders\__init__.py", line 93, in parse
    raise NotImplementedError(
NotImplementedError: ProductPidSpider.parse callback is not defined
2025-02-07 20:46:50 [scrapy.core.scraper] ERROR: Spider error processing <GET https://www.amazon.com//Best-Sellers-Automotive-Automotive-Tires-Wheels/zgbs/automotive/15706571/ref=zg_bs_nav_automotive_1> (referer: None)
Traceback (most recent call last):
  File "E:\AAA-CODE\AcquireData\.venv\Lib\site-packages\twisted\internet\defer.py", line 1088, in _runCallbacks
    current.result = callback(  # type: ignore[misc]
                     ^^^^^^^^^^^^^^^^^^^^^^^^^^^^^^^
  File "E:\AAA-CODE\AcquireData\.venv\Lib\site-packages\scrapy\spiders\__init__.py", line 93, in parse
    raise NotImplementedError(
NotImplementedError: ProductPidSpider.parse callback is not defined
2025-02-07 20:46:50 [scrapy.core.scraper] ERROR: Spider error processing <GET https://www.amazon.com//Best-Sellers-Beauty-Personal-Care-Foot-Hand-Nail-Care-Products/zgbs/beauty/17242866011/ref=zg_bs_nav_beauty_1?_encoding=UTF8&pg=2> (referer: None)
Traceback (most recent call last):
  File "E:\AAA-CODE\AcquireData\.venv\Lib\site-packages\twisted\internet\defer.py", line 1088, in _runCallbacks
    current.result = callback(  # type: ignore[misc]
                     ^^^^^^^^^^^^^^^^^^^^^^^^^^^^^^^
  File "E:\AAA-CODE\AcquireData\.venv\Lib\site-packages\scrapy\spiders\__init__.py", line 93, in parse
    raise NotImplementedError(
NotImplementedError: ProductPidSpider.parse callback is not defined
2025-02-07 20:46:50 [scrapy.core.scraper] ERROR: Spider error processing <GET https://www.amazon.com//Best-Sellers-Camera-Photo-Products-Camera-Photo-Accessories/zgbs/photo/172435/ref=zg_bs_nav_photo_1?_encoding=UTF8&pg=2> (referer: None)
Traceback (most recent call last):
  File "E:\AAA-CODE\AcquireData\.venv\Lib\site-packages\twisted\internet\defer.py", line 1088, in _runCallbacks
    current.result = callback(  # type: ignore[misc]
                     ^^^^^^^^^^^^^^^^^^^^^^^^^^^^^^^
  File "E:\AAA-CODE\AcquireData\.venv\Lib\site-packages\scrapy\spiders\__init__.py", line 93, in parse
    raise NotImplementedError(
NotImplementedError: ProductPidSpider.parse callback is not defined
2025-02-07 20:46:50 [scrapy.core.scraper] ERROR: Spider error processing <GET https://www.amazon.com//Best-Sellers-Beauty-Personal-Care-Salon-Spa-Equipment/zgbs/beauty/15144566011/ref=zg_bs_nav_beauty_1?_encoding=UTF8&pg=2> (referer: None)
Traceback (most recent call last):
  File "E:\AAA-CODE\AcquireData\.venv\Lib\site-packages\twisted\internet\defer.py", line 1088, in _runCallbacks
    current.result = callback(  # type: ignore[misc]
                     ^^^^^^^^^^^^^^^^^^^^^^^^^^^^^^^
  File "E:\AAA-CODE\AcquireData\.venv\Lib\site-packages\scrapy\spiders\__init__.py", line 93, in parse
    raise NotImplementedError(
NotImplementedError: ProductPidSpider.parse callback is not defined
2025-02-07 20:46:50 [scrapy.downloadermiddlewares.retry] ERROR: Gave up retrying <GET https://www.amazon.com//Best-Sellers-Beauty-Personal-Care-Personal-Care-Products/zgbs/beauty/3777891/ref=zg_bs_nav_beauty_1?_encoding=UTF8&pg=2> (failed 3 times): 429 Unknown Status
2025-02-07 20:46:50 [scrapy.core.scraper] ERROR: Spider error processing <GET https://www.amazon.com//Best-Sellers-Camera-Photo-Products-Camera-Bags-Cases/zgbs/photo/172437/ref=zg_bs_nav_photo_1> (referer: None)
Traceback (most recent call last):
  File "E:\AAA-CODE\AcquireData\.venv\Lib\site-packages\twisted\internet\defer.py", line 1088, in _runCallbacks
    current.result = callback(  # type: ignore[misc]
                     ^^^^^^^^^^^^^^^^^^^^^^^^^^^^^^^
  File "E:\AAA-CODE\AcquireData\.venv\Lib\site-packages\scrapy\spiders\__init__.py", line 93, in parse
    raise NotImplementedError(
NotImplementedError: ProductPidSpider.parse callback is not defined
2025-02-07 20:46:51 [scrapy.core.scraper] ERROR: Spider error processing <GET https://www.amazon.com//Best-Sellers-Camera-Photo-Products-Camera-Bags-Cases/zgbs/photo/172437/ref=zg_bs_nav_photo_1?_encoding=UTF8&pg=2> (referer: None)
Traceback (most recent call last):
  File "E:\AAA-CODE\AcquireData\.venv\Lib\site-packages\twisted\internet\defer.py", line 1088, in _runCallbacks
    current.result = callback(  # type: ignore[misc]
                     ^^^^^^^^^^^^^^^^^^^^^^^^^^^^^^^
  File "E:\AAA-CODE\AcquireData\.venv\Lib\site-packages\scrapy\spiders\__init__.py", line 93, in parse
    raise NotImplementedError(
NotImplementedError: ProductPidSpider.parse callback is not defined
2025-02-07 20:46:51 [scrapy.core.scraper] ERROR: Spider error processing <GET https://www.amazon.com//Best-Sellers-Camera-Photo-Products-Binoculars-Telescopes-Optics/zgbs/photo/499320/ref=zg_bs_nav_photo_1> (referer: None)
Traceback (most recent call last):
  File "E:\AAA-CODE\AcquireData\.venv\Lib\site-packages\twisted\internet\defer.py", line 1088, in _runCallbacks
    current.result = callback(  # type: ignore[misc]
                     ^^^^^^^^^^^^^^^^^^^^^^^^^^^^^^^
  File "E:\AAA-CODE\AcquireData\.venv\Lib\site-packages\scrapy\spiders\__init__.py", line 93, in parse
    raise NotImplementedError(
NotImplementedError: ProductPidSpider.parse callback is not defined
2025-02-07 20:46:52 [scrapy.core.scraper] ERROR: Spider error processing <GET https://www.amazon.com//Best-Sellers-Camera-Photo-Products-DSLR-Cameras/zgbs/photo/3017941/ref=zg_bs_nav_photo_1> (referer: None)
Traceback (most recent call last):
  File "E:\AAA-CODE\AcquireData\.venv\Lib\site-packages\twisted\internet\defer.py", line 1088, in _runCallbacks
    current.result = callback(  # type: ignore[misc]
                     ^^^^^^^^^^^^^^^^^^^^^^^^^^^^^^^
  File "E:\AAA-CODE\AcquireData\.venv\Lib\site-packages\scrapy\spiders\__init__.py", line 93, in parse
    raise NotImplementedError(
NotImplementedError: ProductPidSpider.parse callback is not defined
2025-02-07 20:46:52 [scrapy.core.scraper] ERROR: Spider error processing <GET https://www.amazon.com//Best-Sellers-Camera-Photo-Products-Digital-Picture-Frames/zgbs/photo/525460/ref=zg_bs_nav_photo_1?_encoding=UTF8&pg=2> (referer: None)
Traceback (most recent call last):
  File "E:\AAA-CODE\AcquireData\.venv\Lib\site-packages\twisted\internet\defer.py", line 1088, in _runCallbacks
    current.result = callback(  # type: ignore[misc]
                     ^^^^^^^^^^^^^^^^^^^^^^^^^^^^^^^
  File "E:\AAA-CODE\AcquireData\.venv\Lib\site-packages\scrapy\spiders\__init__.py", line 93, in parse
    raise NotImplementedError(
NotImplementedError: ProductPidSpider.parse callback is not defined
2025-02-07 20:46:52 [scrapy.core.scraper] ERROR: Spider error processing <GET https://www.amazon.com//Best-Sellers-Camera-Photo-Products-Digital-Picture-Frames/zgbs/photo/525460/ref=zg_bs_nav_photo_1> (referer: None)
Traceback (most recent call last):
  File "E:\AAA-CODE\AcquireData\.venv\Lib\site-packages\twisted\internet\defer.py", line 1088, in _runCallbacks
    current.result = callback(  # type: ignore[misc]
                     ^^^^^^^^^^^^^^^^^^^^^^^^^^^^^^^
  File "E:\AAA-CODE\AcquireData\.venv\Lib\site-packages\scrapy\spiders\__init__.py", line 93, in parse
    raise NotImplementedError(
NotImplementedError: ProductPidSpider.parse callback is not defined
2025-02-07 20:46:52 [scrapy.core.scraper] ERROR: Spider error processing <GET https://www.amazon.com//Best-Sellers-Camera-Photo-Products-DSLR-Cameras/zgbs/photo/3017941/ref=zg_bs_nav_photo_1?_encoding=UTF8&pg=2> (referer: None)
Traceback (most recent call last):
  File "E:\AAA-CODE\AcquireData\.venv\Lib\site-packages\twisted\internet\defer.py", line 1088, in _runCallbacks
    current.result = callback(  # type: ignore[misc]
                     ^^^^^^^^^^^^^^^^^^^^^^^^^^^^^^^
  File "E:\AAA-CODE\AcquireData\.venv\Lib\site-packages\scrapy\spiders\__init__.py", line 93, in parse
    raise NotImplementedError(
NotImplementedError: ProductPidSpider.parse callback is not defined
2025-02-07 20:46:52 [scrapy.core.scraper] ERROR: Spider error processing <GET https://www.amazon.com//Best-Sellers-Camera-Photo-Products-Camcorder-Camera-Lenses/zgbs/photo/499248/ref=zg_bs_nav_photo_1> (referer: None)
Traceback (most recent call last):
  File "E:\AAA-CODE\AcquireData\.venv\Lib\site-packages\twisted\internet\defer.py", line 1088, in _runCallbacks
    current.result = callback(  # type: ignore[misc]
                     ^^^^^^^^^^^^^^^^^^^^^^^^^^^^^^^
  File "E:\AAA-CODE\AcquireData\.venv\Lib\site-packages\scrapy\spiders\__init__.py", line 93, in parse
    raise NotImplementedError(
NotImplementedError: ProductPidSpider.parse callback is not defined
2025-02-07 20:46:53 [scrapy.core.scraper] ERROR: Spider error processing <GET https://www.amazon.com//Best-Sellers-Camera-Photo-Products-Camcorders/zgbs/photo/172421/ref=zg_bs_nav_photo_1> (referer: None)
Traceback (most recent call last):
  File "E:\AAA-CODE\AcquireData\.venv\Lib\site-packages\twisted\internet\defer.py", line 1088, in _runCallbacks
    current.result = callback(  # type: ignore[misc]
                     ^^^^^^^^^^^^^^^^^^^^^^^^^^^^^^^
  File "E:\AAA-CODE\AcquireData\.venv\Lib\site-packages\scrapy\spiders\__init__.py", line 93, in parse
    raise NotImplementedError(
NotImplementedError: ProductPidSpider.parse callback is not defined
2025-02-07 20:46:53 [scrapy.core.scraper] ERROR: Spider error processing <GET https://www.amazon.com//Best-Sellers-Camera-Photo-Products-Digital-Point-Shoot-Cameras/zgbs/photo/330405011/ref=zg_bs_nav_photo_1> (referer: None)
Traceback (most recent call last):
  File "E:\AAA-CODE\AcquireData\.venv\Lib\site-packages\twisted\internet\defer.py", line 1088, in _runCallbacks
    current.result = callback(  # type: ignore[misc]
                     ^^^^^^^^^^^^^^^^^^^^^^^^^^^^^^^
  File "E:\AAA-CODE\AcquireData\.venv\Lib\site-packages\scrapy\spiders\__init__.py", line 93, in parse
    raise NotImplementedError(
NotImplementedError: ProductPidSpider.parse callback is not defined
2025-02-07 20:46:53 [scrapy.core.scraper] ERROR: Spider error processing <GET https://www.amazon.com//Best-Sellers-Books-Arts-Photography/zgbs/books/1/ref=zg_bs_nav_books_1> (referer: None)
Traceback (most recent call last):
  File "E:\AAA-CODE\AcquireData\.venv\Lib\site-packages\twisted\internet\defer.py", line 1088, in _runCallbacks
    current.result = callback(  # type: ignore[misc]
                     ^^^^^^^^^^^^^^^^^^^^^^^^^^^^^^^
  File "E:\AAA-CODE\AcquireData\.venv\Lib\site-packages\scrapy\spiders\__init__.py", line 93, in parse
    raise NotImplementedError(
NotImplementedError: ProductPidSpider.parse callback is not defined
2025-02-07 20:46:53 [scrapy.core.scraper] ERROR: Spider error processing <GET https://www.amazon.com//Best-Sellers-Camera-Photo-Products-Binoculars-Telescopes-Optics/zgbs/photo/499320/ref=zg_bs_nav_photo_1?_encoding=UTF8&pg=2> (referer: None)
Traceback (most recent call last):
  File "E:\AAA-CODE\AcquireData\.venv\Lib\site-packages\twisted\internet\defer.py", line 1088, in _runCallbacks
    current.result = callback(  # type: ignore[misc]
                     ^^^^^^^^^^^^^^^^^^^^^^^^^^^^^^^
  File "E:\AAA-CODE\AcquireData\.venv\Lib\site-packages\scrapy\spiders\__init__.py", line 93, in parse
    raise NotImplementedError(
NotImplementedError: ProductPidSpider.parse callback is not defined
2025-02-07 20:46:54 [scrapy.core.scraper] ERROR: Spider error processing <GET https://www.amazon.com//Best-Sellers-Camera-Photo-Products-Surveillance-Security-Cameras/zgbs/photo/898400/ref=zg_bs_nav_photo_1> (referer: None)
Traceback (most recent call last):
  File "E:\AAA-CODE\AcquireData\.venv\Lib\site-packages\twisted\internet\defer.py", line 1088, in _runCallbacks
    current.result = callback(  # type: ignore[misc]
                     ^^^^^^^^^^^^^^^^^^^^^^^^^^^^^^^
  File "E:\AAA-CODE\AcquireData\.venv\Lib\site-packages\scrapy\spiders\__init__.py", line 93, in parse
    raise NotImplementedError(
NotImplementedError: ProductPidSpider.parse callback is not defined
2025-02-07 20:46:54 [scrapy.core.scraper] ERROR: Spider error processing <GET https://www.amazon.com//Best-Sellers-Beauty-Personal-Care-Skin-Care-Products/zgbs/beauty/11060451/ref=zg_bs_nav_beauty_1> (referer: None)
Traceback (most recent call last):
  File "E:\AAA-CODE\AcquireData\.venv\Lib\site-packages\twisted\internet\defer.py", line 1088, in _runCallbacks
    current.result = callback(  # type: ignore[misc]
                     ^^^^^^^^^^^^^^^^^^^^^^^^^^^^^^^
  File "E:\AAA-CODE\AcquireData\.venv\Lib\site-packages\scrapy\spiders\__init__.py", line 93, in parse
    raise NotImplementedError(
NotImplementedError: ProductPidSpider.parse callback is not defined
2025-02-07 20:46:54 [scrapy.core.scraper] ERROR: Spider error processing <GET https://www.amazon.com//Best-Sellers-Camera-Photo-Products-Camcorder-Camera-Lenses/zgbs/photo/499248/ref=zg_bs_nav_photo_1?_encoding=UTF8&pg=2> (referer: None)
Traceback (most recent call last):
  File "E:\AAA-CODE\AcquireData\.venv\Lib\site-packages\twisted\internet\defer.py", line 1088, in _runCallbacks
    current.result = callback(  # type: ignore[misc]
                     ^^^^^^^^^^^^^^^^^^^^^^^^^^^^^^^
  File "E:\AAA-CODE\AcquireData\.venv\Lib\site-packages\scrapy\spiders\__init__.py", line 93, in parse
    raise NotImplementedError(
NotImplementedError: ProductPidSpider.parse callback is not defined
2025-02-07 20:46:54 [scrapy.core.scraper] ERROR: Spider error processing <GET https://www.amazon.com//Best-Sellers-Books-Arts-Photography/zgbs/books/1/ref=zg_bs_nav_books_1?_encoding=UTF8&pg=2> (referer: None)
Traceback (most recent call last):
  File "E:\AAA-CODE\AcquireData\.venv\Lib\site-packages\twisted\internet\defer.py", line 1088, in _runCallbacks
    current.result = callback(  # type: ignore[misc]
                     ^^^^^^^^^^^^^^^^^^^^^^^^^^^^^^^
  File "E:\AAA-CODE\AcquireData\.venv\Lib\site-packages\scrapy\spiders\__init__.py", line 93, in parse
    raise NotImplementedError(
NotImplementedError: ProductPidSpider.parse callback is not defined
2025-02-07 20:46:54 [scrapy.downloadermiddlewares.retry] ERROR: Gave up retrying <GET https://www.amazon.com//Best-Sellers-Camera-Photo-Products-Camcorders/zgbs/photo/172421/ref=zg_bs_nav_photo_1?_encoding=UTF8&pg=2> (failed 3 times): 429 Unknown Status
2025-02-07 20:46:54 [scrapy.core.scraper] ERROR: Spider error processing <GET https://www.amazon.com//Best-Sellers-Books-Biographies/zgbs/books/2/ref=zg_bs_nav_books_1?_encoding=UTF8&pg=2> (referer: None)
Traceback (most recent call last):
  File "E:\AAA-CODE\AcquireData\.venv\Lib\site-packages\twisted\internet\defer.py", line 1088, in _runCallbacks
    current.result = callback(  # type: ignore[misc]
                     ^^^^^^^^^^^^^^^^^^^^^^^^^^^^^^^
  File "E:\AAA-CODE\AcquireData\.venv\Lib\site-packages\scrapy\spiders\__init__.py", line 93, in parse
    raise NotImplementedError(
NotImplementedError: ProductPidSpider.parse callback is not defined
2025-02-07 20:46:55 [scrapy.core.scraper] ERROR: Spider error processing <GET https://www.amazon.com//Best-Sellers-Books-Books-on-CD/zgbs/books/69724/ref=zg_bs_nav_books_1> (referer: None)
Traceback (most recent call last):
  File "E:\AAA-CODE\AcquireData\.venv\Lib\site-packages\twisted\internet\defer.py", line 1088, in _runCallbacks
    current.result = callback(  # type: ignore[misc]
                     ^^^^^^^^^^^^^^^^^^^^^^^^^^^^^^^
  File "E:\AAA-CODE\AcquireData\.venv\Lib\site-packages\scrapy\spiders\__init__.py", line 93, in parse
    raise NotImplementedError(
NotImplementedError: ProductPidSpider.parse callback is not defined
2025-02-07 20:46:55 [scrapy.core.scraper] ERROR: Spider error processing <GET https://www.amazon.com//Best-Sellers-Books-Books-on-CD/zgbs/books/69724/ref=zg_bs_nav_books_1?_encoding=UTF8&pg=2> (referer: None)
Traceback (most recent call last):
  File "E:\AAA-CODE\AcquireData\.venv\Lib\site-packages\twisted\internet\defer.py", line 1088, in _runCallbacks
    current.result = callback(  # type: ignore[misc]
                     ^^^^^^^^^^^^^^^^^^^^^^^^^^^^^^^
  File "E:\AAA-CODE\AcquireData\.venv\Lib\site-packages\scrapy\spiders\__init__.py", line 93, in parse
    raise NotImplementedError(
NotImplementedError: ProductPidSpider.parse callback is not defined
2025-02-07 20:46:55 [scrapy.core.scraper] ERROR: Spider error processing <GET https://www.amazon.com//Best-Sellers-Books-Biographies/zgbs/books/2/ref=zg_bs_nav_books_1> (referer: None)
Traceback (most recent call last):
  File "E:\AAA-CODE\AcquireData\.venv\Lib\site-packages\twisted\internet\defer.py", line 1088, in _runCallbacks
    current.result = callback(  # type: ignore[misc]
                     ^^^^^^^^^^^^^^^^^^^^^^^^^^^^^^^
  File "E:\AAA-CODE\AcquireData\.venv\Lib\site-packages\scrapy\spiders\__init__.py", line 93, in parse
    raise NotImplementedError(
NotImplementedError: ProductPidSpider.parse callback is not defined
2025-02-07 20:46:56 [scrapy.core.scraper] ERROR: Spider error processing <GET https://www.amazon.com//Best-Sellers-Books-Calendars/zgbs/books/3248857011/ref=zg_bs_nav_books_1?_encoding=UTF8&pg=2> (referer: None)
Traceback (most recent call last):
  File "E:\AAA-CODE\AcquireData\.venv\Lib\site-packages\twisted\internet\defer.py", line 1088, in _runCallbacks
    current.result = callback(  # type: ignore[misc]
                     ^^^^^^^^^^^^^^^^^^^^^^^^^^^^^^^
  File "E:\AAA-CODE\AcquireData\.venv\Lib\site-packages\scrapy\spiders\__init__.py", line 93, in parse
    raise NotImplementedError(
NotImplementedError: ProductPidSpider.parse callback is not defined
2025-02-07 20:46:56 [scrapy.core.scraper] ERROR: Spider error processing <GET https://www.amazon.com//Best-Sellers-Books-Business-Money/zgbs/books/3/ref=zg_bs_nav_books_1?_encoding=UTF8&pg=2> (referer: None)
Traceback (most recent call last):
  File "E:\AAA-CODE\AcquireData\.venv\Lib\site-packages\twisted\internet\defer.py", line 1088, in _runCallbacks
    current.result = callback(  # type: ignore[misc]
                     ^^^^^^^^^^^^^^^^^^^^^^^^^^^^^^^
  File "E:\AAA-CODE\AcquireData\.venv\Lib\site-packages\scrapy\spiders\__init__.py", line 93, in parse
    raise NotImplementedError(
NotImplementedError: ProductPidSpider.parse callback is not defined
2025-02-07 20:46:56 [scrapy.downloadermiddlewares.retry] ERROR: Gave up retrying <GET https://www.amazon.com//Best-Sellers-Camera-Photo-Products-Digital-Point-Shoot-Cameras/zgbs/photo/330405011/ref=zg_bs_nav_photo_1?_encoding=UTF8&pg=2> (failed 3 times): 429 Unknown Status
2025-02-07 20:46:56 [scrapy.core.scraper] ERROR: Spider error processing <GET https://www.amazon.com//Best-Sellers-Books-Christian-Books-Bibles/zgbs/books/12290/ref=zg_bs_nav_books_1?_encoding=UTF8&pg=2> (referer: None)
Traceback (most recent call last):
  File "E:\AAA-CODE\AcquireData\.venv\Lib\site-packages\twisted\internet\defer.py", line 1088, in _runCallbacks
    current.result = callback(  # type: ignore[misc]
                     ^^^^^^^^^^^^^^^^^^^^^^^^^^^^^^^
  File "E:\AAA-CODE\AcquireData\.venv\Lib\site-packages\scrapy\spiders\__init__.py", line 93, in parse
    raise NotImplementedError(
NotImplementedError: ProductPidSpider.parse callback is not defined
2025-02-07 20:46:56 [scrapy.core.scraper] ERROR: Spider error processing <GET https://www.amazon.com//Best-Sellers-Camera-Photo-Products-Surveillance-Security-Cameras/zgbs/photo/898400/ref=zg_bs_nav_photo_1?_encoding=UTF8&pg=2> (referer: None)
Traceback (most recent call last):
  File "E:\AAA-CODE\AcquireData\.venv\Lib\site-packages\twisted\internet\defer.py", line 1088, in _runCallbacks
    current.result = callback(  # type: ignore[misc]
                     ^^^^^^^^^^^^^^^^^^^^^^^^^^^^^^^
  File "E:\AAA-CODE\AcquireData\.venv\Lib\site-packages\scrapy\spiders\__init__.py", line 93, in parse
    raise NotImplementedError(
NotImplementedError: ProductPidSpider.parse callback is not defined
2025-02-07 20:46:57 [scrapy.core.scraper] ERROR: Spider error processing <GET https://www.amazon.com//Best-Sellers-Books-Business-Money/zgbs/books/3/ref=zg_bs_nav_books_1> (referer: None)
Traceback (most recent call last):
  File "E:\AAA-CODE\AcquireData\.venv\Lib\site-packages\twisted\internet\defer.py", line 1088, in _runCallbacks
    current.result = callback(  # type: ignore[misc]
                     ^^^^^^^^^^^^^^^^^^^^^^^^^^^^^^^
  File "E:\AAA-CODE\AcquireData\.venv\Lib\site-packages\scrapy\spiders\__init__.py", line 93, in parse
    raise NotImplementedError(
NotImplementedError: ProductPidSpider.parse callback is not defined
2025-02-07 20:46:57 [scrapy.core.scraper] ERROR: Spider error processing <GET https://www.amazon.com//Best-Sellers-Books-Comics-Graphic-Novels/zgbs/books/4366/ref=zg_bs_nav_books_1?_encoding=UTF8&pg=2> (referer: None)
Traceback (most recent call last):
  File "E:\AAA-CODE\AcquireData\.venv\Lib\site-packages\twisted\internet\defer.py", line 1088, in _runCallbacks
    current.result = callback(  # type: ignore[misc]
                     ^^^^^^^^^^^^^^^^^^^^^^^^^^^^^^^
  File "E:\AAA-CODE\AcquireData\.venv\Lib\site-packages\scrapy\spiders\__init__.py", line 93, in parse
    raise NotImplementedError(
NotImplementedError: ProductPidSpider.parse callback is not defined
2025-02-07 20:48:32 [py.warnings] WARNING: E:\AAA-CODE\AcquireData\.venv\Lib\site-packages\scrapy\utils\request.py:120: ScrapyDeprecationWarning: 'REQUEST_FINGERPRINTER_IMPLEMENTATION' is a deprecated setting.
It will be removed in a future version of Scrapy.
  return cls(crawler)

2025-02-07 20:48:35 [scrapy.core.scraper] ERROR: Spider error processing <GET https://www.amazon.com//Best-Sellers-Amazon-Devices-Accessories-Amazon-Device-Accessories/zgbs/amazon-devices/370783011/ref=zg_bs_nav_amazon-devices_1> (referer: None)
Traceback (most recent call last):
  File "E:\AAA-CODE\AcquireData\.venv\Lib\site-packages\twisted\internet\defer.py", line 1088, in _runCallbacks
    current.result = callback(  # type: ignore[misc]
                     ^^^^^^^^^^^^^^^^^^^^^^^^^^^^^^^
  File "E:\AAA-CODE\AcquireData\.venv\Lib\site-packages\scrapy\spiders\__init__.py", line 93, in parse
    raise NotImplementedError(
NotImplementedError: ProductPidSpider.parse callback is not defined
2025-02-07 20:48:36 [scrapy.core.scraper] ERROR: Spider error processing <GET https://www.amazon.com//Best-Sellers-Baby-Baby-Activity-Entertainment-Products/zgbs/baby-products/239225011/ref=zg_bs_nav_baby-products_1> (referer: None)
Traceback (most recent call last):
  File "E:\AAA-CODE\AcquireData\.venv\Lib\site-packages\twisted\internet\defer.py", line 1088, in _runCallbacks
    current.result = callback(  # type: ignore[misc]
                     ^^^^^^^^^^^^^^^^^^^^^^^^^^^^^^^
  File "E:\AAA-CODE\AcquireData\.venv\Lib\site-packages\scrapy\spiders\__init__.py", line 93, in parse
    raise NotImplementedError(
NotImplementedError: ProductPidSpider.parse callback is not defined
2025-02-07 20:48:36 [scrapy.core.scraper] ERROR: Spider error processing <GET https://www.amazon.com//Best-Sellers-Amazon-Devices-Accessories-Amazon-Devices/zgbs/amazon-devices/2102313011/ref=zg_bs_nav_amazon-devices_1?_encoding=UTF8&pg=2> (referer: None)
Traceback (most recent call last):
  File "E:\AAA-CODE\AcquireData\.venv\Lib\site-packages\twisted\internet\defer.py", line 1088, in _runCallbacks
    current.result = callback(  # type: ignore[misc]
                     ^^^^^^^^^^^^^^^^^^^^^^^^^^^^^^^
  File "E:\AAA-CODE\AcquireData\.venv\Lib\site-packages\scrapy\spiders\__init__.py", line 93, in parse
    raise NotImplementedError(
NotImplementedError: ProductPidSpider.parse callback is not defined
2025-02-07 20:48:36 [scrapy.core.scraper] ERROR: Spider error processing <GET https://www.amazon.com//Best-Sellers-Amazon-Devices-Accessories-Amazon-Device-Subscriptions/zgbs/amazon-devices/121475272011/ref=zg_bs_nav_amazon-devices_1?_encoding=UTF8&pg=2> (referer: None)
Traceback (most recent call last):
  File "E:\AAA-CODE\AcquireData\.venv\Lib\site-packages\twisted\internet\defer.py", line 1088, in _runCallbacks
    current.result = callback(  # type: ignore[misc]
                     ^^^^^^^^^^^^^^^^^^^^^^^^^^^^^^^
  File "E:\AAA-CODE\AcquireData\.venv\Lib\site-packages\scrapy\spiders\__init__.py", line 93, in parse
    raise NotImplementedError(
NotImplementedError: ProductPidSpider.parse callback is not defined
2025-02-07 20:48:36 [scrapy.core.scraper] ERROR: Spider error processing <GET https://www.amazon.com//Best-Sellers-Baby-Baby-Care-Products/zgbs/baby-products/17720255011/ref=zg_bs_nav_baby-products_1?_encoding=UTF8&pg=2> (referer: None)
Traceback (most recent call last):
  File "E:\AAA-CODE\AcquireData\.venv\Lib\site-packages\twisted\internet\defer.py", line 1088, in _runCallbacks
    current.result = callback(  # type: ignore[misc]
                     ^^^^^^^^^^^^^^^^^^^^^^^^^^^^^^^
  File "E:\AAA-CODE\AcquireData\.venv\Lib\site-packages\scrapy\spiders\__init__.py", line 93, in parse
    raise NotImplementedError(
NotImplementedError: ProductPidSpider.parse callback is not defined
2025-02-07 20:48:36 [scrapy.core.scraper] ERROR: Spider error processing <GET https://www.amazon.com//Best-Sellers-Baby-Baby-Care-Products/zgbs/baby-products/17720255011/ref=zg_bs_nav_baby-products_1> (referer: None)
Traceback (most recent call last):
  File "E:\AAA-CODE\AcquireData\.venv\Lib\site-packages\twisted\internet\defer.py", line 1088, in _runCallbacks
    current.result = callback(  # type: ignore[misc]
                     ^^^^^^^^^^^^^^^^^^^^^^^^^^^^^^^
  File "E:\AAA-CODE\AcquireData\.venv\Lib\site-packages\scrapy\spiders\__init__.py", line 93, in parse
    raise NotImplementedError(
NotImplementedError: ProductPidSpider.parse callback is not defined
2025-02-07 20:48:37 [scrapy.core.scraper] ERROR: Spider error processing <GET https://www.amazon.com//Best-Sellers-Baby-Child-Safety-Car-Seats-Accessories/zgbs/baby-products/166835011/ref=zg_bs_nav_baby-products_1?_encoding=UTF8&pg=2> (referer: None)
Traceback (most recent call last):
  File "E:\AAA-CODE\AcquireData\.venv\Lib\site-packages\twisted\internet\defer.py", line 1088, in _runCallbacks
    current.result = callback(  # type: ignore[misc]
                     ^^^^^^^^^^^^^^^^^^^^^^^^^^^^^^^
  File "E:\AAA-CODE\AcquireData\.venv\Lib\site-packages\scrapy\spiders\__init__.py", line 93, in parse
    raise NotImplementedError(
NotImplementedError: ProductPidSpider.parse callback is not defined
2025-02-07 20:48:37 [scrapy.core.scraper] ERROR: Spider error processing <GET https://www.amazon.com//Best-Sellers-Baby-Baby-Diapering-Products/zgbs/baby-products/166764011/ref=zg_bs_nav_baby-products_1?_encoding=UTF8&pg=2> (referer: None)
Traceback (most recent call last):
  File "E:\AAA-CODE\AcquireData\.venv\Lib\site-packages\twisted\internet\defer.py", line 1088, in _runCallbacks
    current.result = callback(  # type: ignore[misc]
                     ^^^^^^^^^^^^^^^^^^^^^^^^^^^^^^^
  File "E:\AAA-CODE\AcquireData\.venv\Lib\site-packages\scrapy\spiders\__init__.py", line 93, in parse
    raise NotImplementedError(
NotImplementedError: ProductPidSpider.parse callback is not defined
2025-02-07 20:48:37 [scrapy.core.scraper] ERROR: Spider error processing <GET https://www.amazon.com//Best-Sellers-Baby-Baby-Diapering-Products/zgbs/baby-products/166764011/ref=zg_bs_nav_baby-products_1> (referer: None)
Traceback (most recent call last):
  File "E:\AAA-CODE\AcquireData\.venv\Lib\site-packages\twisted\internet\defer.py", line 1088, in _runCallbacks
    current.result = callback(  # type: ignore[misc]
                     ^^^^^^^^^^^^^^^^^^^^^^^^^^^^^^^
  File "E:\AAA-CODE\AcquireData\.venv\Lib\site-packages\scrapy\spiders\__init__.py", line 93, in parse
    raise NotImplementedError(
NotImplementedError: ProductPidSpider.parse callback is not defined
2025-02-07 20:48:37 [scrapy.core.scraper] ERROR: Spider error processing <GET https://www.amazon.com//Best-Sellers-Amazon-Devices-Accessories-Amazon-Devices/zgbs/amazon-devices/2102313011/ref=zg_bs_nav_amazon-devices_1> (referer: None)
Traceback (most recent call last):
  File "E:\AAA-CODE\AcquireData\.venv\Lib\site-packages\twisted\internet\defer.py", line 1088, in _runCallbacks
    current.result = callback(  # type: ignore[misc]
                     ^^^^^^^^^^^^^^^^^^^^^^^^^^^^^^^
  File "E:\AAA-CODE\AcquireData\.venv\Lib\site-packages\scrapy\spiders\__init__.py", line 93, in parse
    raise NotImplementedError(
NotImplementedError: ProductPidSpider.parse callback is not defined
2025-02-07 20:48:38 [scrapy.core.scraper] ERROR: Spider error processing <GET https://www.amazon.com//Best-Sellers-Baby-Baby-Toddler-Feeding-Supplies/zgbs/baby-products/166777011/ref=zg_bs_nav_baby-products_1?_encoding=UTF8&pg=2> (referer: None)
Traceback (most recent call last):
  File "E:\AAA-CODE\AcquireData\.venv\Lib\site-packages\twisted\internet\defer.py", line 1088, in _runCallbacks
    current.result = callback(  # type: ignore[misc]
                     ^^^^^^^^^^^^^^^^^^^^^^^^^^^^^^^
  File "E:\AAA-CODE\AcquireData\.venv\Lib\site-packages\scrapy\spiders\__init__.py", line 93, in parse
    raise NotImplementedError(
NotImplementedError: ProductPidSpider.parse callback is not defined
2025-02-07 20:48:38 [scrapy.core.scraper] ERROR: Spider error processing <GET https://www.amazon.com//Best-Sellers-Baby-Child-Safety-Car-Seats-Accessories/zgbs/baby-products/166835011/ref=zg_bs_nav_baby-products_1> (referer: None)
Traceback (most recent call last):
  File "E:\AAA-CODE\AcquireData\.venv\Lib\site-packages\twisted\internet\defer.py", line 1088, in _runCallbacks
    current.result = callback(  # type: ignore[misc]
                     ^^^^^^^^^^^^^^^^^^^^^^^^^^^^^^^
  File "E:\AAA-CODE\AcquireData\.venv\Lib\site-packages\scrapy\spiders\__init__.py", line 93, in parse
    raise NotImplementedError(
NotImplementedError: ProductPidSpider.parse callback is not defined
2025-02-07 20:48:38 [scrapy.core.scraper] ERROR: Spider error processing <GET https://www.amazon.com//Best-Sellers-Baby-Baby-Gifts/zgbs/baby-products/239226011/ref=zg_bs_nav_baby-products_1> (referer: None)
Traceback (most recent call last):
  File "E:\AAA-CODE\AcquireData\.venv\Lib\site-packages\twisted\internet\defer.py", line 1088, in _runCallbacks
    current.result = callback(  # type: ignore[misc]
                     ^^^^^^^^^^^^^^^^^^^^^^^^^^^^^^^
  File "E:\AAA-CODE\AcquireData\.venv\Lib\site-packages\scrapy\spiders\__init__.py", line 93, in parse
    raise NotImplementedError(
NotImplementedError: ProductPidSpider.parse callback is not defined
2025-02-07 20:48:38 [scrapy.core.scraper] ERROR: Spider error processing <GET https://www.amazon.com//Best-Sellers-Baby-Baby-Gifts/zgbs/baby-products/239226011/ref=zg_bs_nav_baby-products_1?_encoding=UTF8&pg=2> (referer: None)
Traceback (most recent call last):
  File "E:\AAA-CODE\AcquireData\.venv\Lib\site-packages\twisted\internet\defer.py", line 1088, in _runCallbacks
    current.result = callback(  # type: ignore[misc]
                     ^^^^^^^^^^^^^^^^^^^^^^^^^^^^^^^
  File "E:\AAA-CODE\AcquireData\.venv\Lib\site-packages\scrapy\spiders\__init__.py", line 93, in parse
    raise NotImplementedError(
NotImplementedError: ProductPidSpider.parse callback is not defined
2025-02-07 20:48:38 [scrapy.core.scraper] ERROR: Spider error processing <GET https://www.amazon.com//Best-Sellers-Amazon-Devices-Accessories-Amazon-Device-Subscriptions/zgbs/amazon-devices/121475272011/ref=zg_bs_nav_amazon-devices_1> (referer: None)
Traceback (most recent call last):
  File "E:\AAA-CODE\AcquireData\.venv\Lib\site-packages\twisted\internet\defer.py", line 1088, in _runCallbacks
    current.result = callback(  # type: ignore[misc]
                     ^^^^^^^^^^^^^^^^^^^^^^^^^^^^^^^
  File "E:\AAA-CODE\AcquireData\.venv\Lib\site-packages\scrapy\spiders\__init__.py", line 93, in parse
    raise NotImplementedError(
NotImplementedError: ProductPidSpider.parse callback is not defined
2025-02-07 20:48:38 [scrapy.core.scraper] ERROR: Spider error processing <GET https://www.amazon.com//Best-Sellers-Baby-Baby-Toddler-Feeding-Supplies/zgbs/baby-products/166777011/ref=zg_bs_nav_baby-products_1> (referer: None)
Traceback (most recent call last):
  File "E:\AAA-CODE\AcquireData\.venv\Lib\site-packages\twisted\internet\defer.py", line 1088, in _runCallbacks
    current.result = callback(  # type: ignore[misc]
                     ^^^^^^^^^^^^^^^^^^^^^^^^^^^^^^^
  File "E:\AAA-CODE\AcquireData\.venv\Lib\site-packages\scrapy\spiders\__init__.py", line 93, in parse
    raise NotImplementedError(
NotImplementedError: ProductPidSpider.parse callback is not defined
2025-02-07 20:48:38 [scrapy.core.scraper] ERROR: Spider error processing <GET https://www.amazon.com//Best-Sellers-Baby-Nursery-Furniture-Bedding-Dcor/zgbs/baby-products/695338011/ref=zg_bs_nav_baby-products_1> (referer: None)
Traceback (most recent call last):
  File "E:\AAA-CODE\AcquireData\.venv\Lib\site-packages\twisted\internet\defer.py", line 1088, in _runCallbacks
    current.result = callback(  # type: ignore[misc]
                     ^^^^^^^^^^^^^^^^^^^^^^^^^^^^^^^
  File "E:\AAA-CODE\AcquireData\.venv\Lib\site-packages\scrapy\spiders\__init__.py", line 93, in parse
    raise NotImplementedError(
NotImplementedError: ProductPidSpider.parse callback is not defined
2025-02-07 20:48:39 [scrapy.core.scraper] ERROR: Spider error processing <GET https://www.amazon.com//Best-Sellers-Baby-Nursery-Furniture-Bedding-Dcor/zgbs/baby-products/695338011/ref=zg_bs_nav_baby-products_1?_encoding=UTF8&pg=2> (referer: None)
Traceback (most recent call last):
  File "E:\AAA-CODE\AcquireData\.venv\Lib\site-packages\twisted\internet\defer.py", line 1088, in _runCallbacks
    current.result = callback(  # type: ignore[misc]
                     ^^^^^^^^^^^^^^^^^^^^^^^^^^^^^^^
  File "E:\AAA-CODE\AcquireData\.venv\Lib\site-packages\scrapy\spiders\__init__.py", line 93, in parse
    raise NotImplementedError(
NotImplementedError: ProductPidSpider.parse callback is not defined
2025-02-07 20:48:39 [scrapy.core.scraper] ERROR: Spider error processing <GET https://www.amazon.com//Best-Sellers-Baby-Toilet-Training-Products/zgbs/baby-products/166887011/ref=zg_bs_nav_baby-products_1?_encoding=UTF8&pg=2> (referer: None)
Traceback (most recent call last):
  File "E:\AAA-CODE\AcquireData\.venv\Lib\site-packages\twisted\internet\defer.py", line 1088, in _runCallbacks
    current.result = callback(  # type: ignore[misc]
                     ^^^^^^^^^^^^^^^^^^^^^^^^^^^^^^^
  File "E:\AAA-CODE\AcquireData\.venv\Lib\site-packages\scrapy\spiders\__init__.py", line 93, in parse
    raise NotImplementedError(
NotImplementedError: ProductPidSpider.parse callback is not defined
2025-02-07 20:48:39 [scrapy.core.scraper] ERROR: Spider error processing <GET https://www.amazon.com//Best-Sellers-Baby-Pregnancy-Maternity-Products/zgbs/baby-products/166804011/ref=zg_bs_nav_baby-products_1> (referer: None)
Traceback (most recent call last):
  File "E:\AAA-CODE\AcquireData\.venv\Lib\site-packages\twisted\internet\defer.py", line 1088, in _runCallbacks
    current.result = callback(  # type: ignore[misc]
                     ^^^^^^^^^^^^^^^^^^^^^^^^^^^^^^^
  File "E:\AAA-CODE\AcquireData\.venv\Lib\site-packages\scrapy\spiders\__init__.py", line 93, in parse
    raise NotImplementedError(
NotImplementedError: ProductPidSpider.parse callback is not defined
2025-02-07 20:48:39 [scrapy.core.scraper] ERROR: Spider error processing <GET https://www.amazon.com//Best-Sellers-Baby-Baby-Activity-Entertainment-Products/zgbs/baby-products/239225011/ref=zg_bs_nav_baby-products_1?_encoding=UTF8&pg=2> (referer: None)
Traceback (most recent call last):
  File "E:\AAA-CODE\AcquireData\.venv\Lib\site-packages\twisted\internet\defer.py", line 1088, in _runCallbacks
    current.result = callback(  # type: ignore[misc]
                     ^^^^^^^^^^^^^^^^^^^^^^^^^^^^^^^
  File "E:\AAA-CODE\AcquireData\.venv\Lib\site-packages\scrapy\spiders\__init__.py", line 93, in parse
    raise NotImplementedError(
NotImplementedError: ProductPidSpider.parse callback is not defined
2025-02-07 20:48:40 [scrapy.core.scraper] ERROR: Spider error processing <GET https://www.amazon.com//Best-Sellers-Baby-Pregnancy-Maternity-Products/zgbs/baby-products/166804011/ref=zg_bs_nav_baby-products_1?_encoding=UTF8&pg=2> (referer: None)
Traceback (most recent call last):
  File "E:\AAA-CODE\AcquireData\.venv\Lib\site-packages\twisted\internet\defer.py", line 1088, in _runCallbacks
    current.result = callback(  # type: ignore[misc]
                     ^^^^^^^^^^^^^^^^^^^^^^^^^^^^^^^
  File "E:\AAA-CODE\AcquireData\.venv\Lib\site-packages\scrapy\spiders\__init__.py", line 93, in parse
    raise NotImplementedError(
NotImplementedError: ProductPidSpider.parse callback is not defined
2025-02-07 20:48:40 [scrapy.core.scraper] ERROR: Spider error processing <GET https://www.amazon.com//Best-Sellers-Baby-Baby-Strollers/zgbs/baby-products/166842011/ref=zg_bs_nav_baby-products_1?_encoding=UTF8&pg=2> (referer: None)
Traceback (most recent call last):
  File "E:\AAA-CODE\AcquireData\.venv\Lib\site-packages\twisted\internet\defer.py", line 1088, in _runCallbacks
    current.result = callback(  # type: ignore[misc]
                     ^^^^^^^^^^^^^^^^^^^^^^^^^^^^^^^
  File "E:\AAA-CODE\AcquireData\.venv\Lib\site-packages\scrapy\spiders\__init__.py", line 93, in parse
    raise NotImplementedError(
NotImplementedError: ProductPidSpider.parse callback is not defined
2025-02-07 20:48:40 [scrapy.core.scraper] ERROR: Spider error processing <GET https://www.amazon.com//Best-Sellers-Baby-Toilet-Training-Products/zgbs/baby-products/166887011/ref=zg_bs_nav_baby-products_1> (referer: None)
Traceback (most recent call last):
  File "E:\AAA-CODE\AcquireData\.venv\Lib\site-packages\twisted\internet\defer.py", line 1088, in _runCallbacks
    current.result = callback(  # type: ignore[misc]
                     ^^^^^^^^^^^^^^^^^^^^^^^^^^^^^^^
  File "E:\AAA-CODE\AcquireData\.venv\Lib\site-packages\scrapy\spiders\__init__.py", line 93, in parse
    raise NotImplementedError(
NotImplementedError: ProductPidSpider.parse callback is not defined
2025-02-07 20:48:41 [scrapy.core.scraper] ERROR: Spider error processing <GET https://www.amazon.com//Best-Sellers-Baby-Baby-Safety-Products/zgbs/baby-products/166863011/ref=zg_bs_nav_baby-products_1> (referer: None)
Traceback (most recent call last):
  File "E:\AAA-CODE\AcquireData\.venv\Lib\site-packages\twisted\internet\defer.py", line 1088, in _runCallbacks
    current.result = callback(  # type: ignore[misc]
                     ^^^^^^^^^^^^^^^^^^^^^^^^^^^^^^^
  File "E:\AAA-CODE\AcquireData\.venv\Lib\site-packages\scrapy\spiders\__init__.py", line 93, in parse
    raise NotImplementedError(
NotImplementedError: ProductPidSpider.parse callback is not defined
2025-02-07 20:48:41 [scrapy.core.scraper] ERROR: Spider error processing <GET https://www.amazon.com//Best-Sellers-Arts-Crafts-Sewing-Beading-Jewelry-Making/zgbs/arts-crafts/12896081/ref=zg_bs_nav_arts-crafts_1> (referer: None)
Traceback (most recent call last):
  File "E:\AAA-CODE\AcquireData\.venv\Lib\site-packages\twisted\internet\defer.py", line 1088, in _runCallbacks
    current.result = callback(  # type: ignore[misc]
                     ^^^^^^^^^^^^^^^^^^^^^^^^^^^^^^^
  File "E:\AAA-CODE\AcquireData\.venv\Lib\site-packages\scrapy\spiders\__init__.py", line 93, in parse
    raise NotImplementedError(
NotImplementedError: ProductPidSpider.parse callback is not defined
2025-02-07 20:48:41 [scrapy.core.scraper] ERROR: Spider error processing <GET https://www.amazon.com//Best-Sellers-Baby-Baby-Travel-Gear/zgbs/baby-products/17726796011/ref=zg_bs_nav_baby-products_1> (referer: None)
Traceback (most recent call last):
  File "E:\AAA-CODE\AcquireData\.venv\Lib\site-packages\twisted\internet\defer.py", line 1088, in _runCallbacks
    current.result = callback(  # type: ignore[misc]
                     ^^^^^^^^^^^^^^^^^^^^^^^^^^^^^^^
  File "E:\AAA-CODE\AcquireData\.venv\Lib\site-packages\scrapy\spiders\__init__.py", line 93, in parse
    raise NotImplementedError(
NotImplementedError: ProductPidSpider.parse callback is not defined
2025-02-07 20:48:41 [scrapy.core.scraper] ERROR: Spider error processing <GET https://www.amazon.com//Best-Sellers-Arts-Crafts-Sewing-Beading-Jewelry-Making/zgbs/arts-crafts/12896081/ref=zg_bs_nav_arts-crafts_1?_encoding=UTF8&pg=2> (referer: None)
Traceback (most recent call last):
  File "E:\AAA-CODE\AcquireData\.venv\Lib\site-packages\twisted\internet\defer.py", line 1088, in _runCallbacks
    current.result = callback(  # type: ignore[misc]
                     ^^^^^^^^^^^^^^^^^^^^^^^^^^^^^^^
  File "E:\AAA-CODE\AcquireData\.venv\Lib\site-packages\scrapy\spiders\__init__.py", line 93, in parse
    raise NotImplementedError(
NotImplementedError: ProductPidSpider.parse callback is not defined
2025-02-07 20:48:41 [scrapy.core.scraper] ERROR: Spider error processing <GET https://www.amazon.com//Best-Sellers-Arts-Crafts-Sewing-Craft-Supplies-Materials/zgbs/arts-crafts/378733011/ref=zg_bs_nav_arts-crafts_1> (referer: None)
Traceback (most recent call last):
  File "E:\AAA-CODE\AcquireData\.venv\Lib\site-packages\twisted\internet\defer.py", line 1088, in _runCallbacks
    current.result = callback(  # type: ignore[misc]
                     ^^^^^^^^^^^^^^^^^^^^^^^^^^^^^^^
  File "E:\AAA-CODE\AcquireData\.venv\Lib\site-packages\scrapy\spiders\__init__.py", line 93, in parse
    raise NotImplementedError(
NotImplementedError: ProductPidSpider.parse callback is not defined
2025-02-07 20:48:42 [scrapy.core.scraper] ERROR: Spider error processing <GET https://www.amazon.com//Best-Sellers-Arts-Crafts-Sewing-Craft-Supplies-Materials/zgbs/arts-crafts/378733011/ref=zg_bs_nav_arts-crafts_1?_encoding=UTF8&pg=2> (referer: None)
Traceback (most recent call last):
  File "E:\AAA-CODE\AcquireData\.venv\Lib\site-packages\twisted\internet\defer.py", line 1088, in _runCallbacks
    current.result = callback(  # type: ignore[misc]
                     ^^^^^^^^^^^^^^^^^^^^^^^^^^^^^^^
  File "E:\AAA-CODE\AcquireData\.venv\Lib\site-packages\scrapy\spiders\__init__.py", line 93, in parse
    raise NotImplementedError(
NotImplementedError: ProductPidSpider.parse callback is not defined
2025-02-07 20:48:42 [scrapy.core.scraper] ERROR: Spider error processing <GET https://www.amazon.com//Best-Sellers-Baby-Baby-Strollers/zgbs/baby-products/166842011/ref=zg_bs_nav_baby-products_1> (referer: None)
Traceback (most recent call last):
  File "E:\AAA-CODE\AcquireData\.venv\Lib\site-packages\twisted\internet\defer.py", line 1088, in _runCallbacks
    current.result = callback(  # type: ignore[misc]
                     ^^^^^^^^^^^^^^^^^^^^^^^^^^^^^^^
  File "E:\AAA-CODE\AcquireData\.venv\Lib\site-packages\scrapy\spiders\__init__.py", line 93, in parse
    raise NotImplementedError(
NotImplementedError: ProductPidSpider.parse callback is not defined
2025-02-07 20:48:42 [scrapy.core.scraper] ERROR: Spider error processing <GET https://www.amazon.com//Best-Sellers-Arts-Crafts-Sewing-Craft-Hobby-Fabric/zgbs/arts-crafts/12899121/ref=zg_bs_nav_arts-crafts_1?_encoding=UTF8&pg=2> (referer: None)
Traceback (most recent call last):
  File "E:\AAA-CODE\AcquireData\.venv\Lib\site-packages\twisted\internet\defer.py", line 1088, in _runCallbacks
    current.result = callback(  # type: ignore[misc]
                     ^^^^^^^^^^^^^^^^^^^^^^^^^^^^^^^
  File "E:\AAA-CODE\AcquireData\.venv\Lib\site-packages\scrapy\spiders\__init__.py", line 93, in parse
    raise NotImplementedError(
NotImplementedError: ProductPidSpider.parse callback is not defined
2025-02-07 20:48:42 [scrapy.core.scraper] ERROR: Spider error processing <GET https://www.amazon.com//Best-Sellers-Baby-Baby-Travel-Gear/zgbs/baby-products/17726796011/ref=zg_bs_nav_baby-products_1?_encoding=UTF8&pg=2> (referer: None)
Traceback (most recent call last):
  File "E:\AAA-CODE\AcquireData\.venv\Lib\site-packages\twisted\internet\defer.py", line 1088, in _runCallbacks
    current.result = callback(  # type: ignore[misc]
                     ^^^^^^^^^^^^^^^^^^^^^^^^^^^^^^^
  File "E:\AAA-CODE\AcquireData\.venv\Lib\site-packages\scrapy\spiders\__init__.py", line 93, in parse
    raise NotImplementedError(
NotImplementedError: ProductPidSpider.parse callback is not defined
2025-02-07 20:48:42 [scrapy.core.scraper] ERROR: Spider error processing <GET https://www.amazon.com//Best-Sellers-Arts-Crafts-Sewing-Fabric-Decorating/zgbs/arts-crafts/12896841/ref=zg_bs_nav_arts-crafts_1> (referer: None)
Traceback (most recent call last):
  File "E:\AAA-CODE\AcquireData\.venv\Lib\site-packages\twisted\internet\defer.py", line 1088, in _runCallbacks
    current.result = callback(  # type: ignore[misc]
                     ^^^^^^^^^^^^^^^^^^^^^^^^^^^^^^^
  File "E:\AAA-CODE\AcquireData\.venv\Lib\site-packages\scrapy\spiders\__init__.py", line 93, in parse
    raise NotImplementedError(
NotImplementedError: ProductPidSpider.parse callback is not defined
2025-02-07 20:48:42 [scrapy.core.scraper] ERROR: Spider error processing <GET https://www.amazon.com//Best-Sellers-Arts-Crafts-Sewing-Craft-Hobby-Fabric/zgbs/arts-crafts/12899121/ref=zg_bs_nav_arts-crafts_1> (referer: None)
Traceback (most recent call last):
  File "E:\AAA-CODE\AcquireData\.venv\Lib\site-packages\twisted\internet\defer.py", line 1088, in _runCallbacks
    current.result = callback(  # type: ignore[misc]
                     ^^^^^^^^^^^^^^^^^^^^^^^^^^^^^^^
  File "E:\AAA-CODE\AcquireData\.venv\Lib\site-packages\scrapy\spiders\__init__.py", line 93, in parse
    raise NotImplementedError(
NotImplementedError: ProductPidSpider.parse callback is not defined
2025-02-07 20:48:42 [scrapy.core.scraper] ERROR: Spider error processing <GET https://www.amazon.com//Best-Sellers-Arts-Crafts-Sewing-Fabric-Decorating/zgbs/arts-crafts/12896841/ref=zg_bs_nav_arts-crafts_1?_encoding=UTF8&pg=2> (referer: None)
Traceback (most recent call last):
  File "E:\AAA-CODE\AcquireData\.venv\Lib\site-packages\twisted\internet\defer.py", line 1088, in _runCallbacks
    current.result = callback(  # type: ignore[misc]
                     ^^^^^^^^^^^^^^^^^^^^^^^^^^^^^^^
  File "E:\AAA-CODE\AcquireData\.venv\Lib\site-packages\scrapy\spiders\__init__.py", line 93, in parse
    raise NotImplementedError(
NotImplementedError: ProductPidSpider.parse callback is not defined
2025-02-07 20:48:43 [scrapy.downloadermiddlewares.retry] ERROR: Gave up retrying <GET https://www.amazon.com//Best-Sellers-Baby-Baby-Safety-Products/zgbs/baby-products/166863011/ref=zg_bs_nav_baby-products_1?_encoding=UTF8&pg=2> (failed 3 times): 429 Unknown Status
2025-02-07 20:48:43 [scrapy.core.scraper] ERROR: Spider error processing <GET https://www.amazon.com//Best-Sellers-Arts-Crafts-Sewing-Knitting-Crochet-Supplies/zgbs/arts-crafts/12897221/ref=zg_bs_nav_arts-crafts_1> (referer: None)
Traceback (most recent call last):
  File "E:\AAA-CODE\AcquireData\.venv\Lib\site-packages\twisted\internet\defer.py", line 1088, in _runCallbacks
    current.result = callback(  # type: ignore[misc]
                     ^^^^^^^^^^^^^^^^^^^^^^^^^^^^^^^
  File "E:\AAA-CODE\AcquireData\.venv\Lib\site-packages\scrapy\spiders\__init__.py", line 93, in parse
    raise NotImplementedError(
NotImplementedError: ProductPidSpider.parse callback is not defined
2025-02-07 20:48:43 [scrapy.core.scraper] ERROR: Spider error processing <GET https://www.amazon.com//Best-Sellers-Arts-Crafts-Sewing-Needlework-Supplies/zgbs/arts-crafts/2237329011/ref=zg_bs_nav_arts-crafts_1> (referer: None)
Traceback (most recent call last):
  File "E:\AAA-CODE\AcquireData\.venv\Lib\site-packages\twisted\internet\defer.py", line 1088, in _runCallbacks
    current.result = callback(  # type: ignore[misc]
                     ^^^^^^^^^^^^^^^^^^^^^^^^^^^^^^^
  File "E:\AAA-CODE\AcquireData\.venv\Lib\site-packages\scrapy\spiders\__init__.py", line 93, in parse
    raise NotImplementedError(
NotImplementedError: ProductPidSpider.parse callback is not defined
2025-02-07 20:48:43 [scrapy.core.scraper] ERROR: Spider error processing <GET https://www.amazon.com//Best-Sellers-Arts-Crafts-Sewing-Arts-Crafts-Sewing-Storage/zgbs/arts-crafts/2237594011/ref=zg_bs_nav_arts-crafts_1?_encoding=UTF8&pg=2> (referer: None)
Traceback (most recent call last):
  File "E:\AAA-CODE\AcquireData\.venv\Lib\site-packages\twisted\internet\defer.py", line 1088, in _runCallbacks
    current.result = callback(  # type: ignore[misc]
                     ^^^^^^^^^^^^^^^^^^^^^^^^^^^^^^^
  File "E:\AAA-CODE\AcquireData\.venv\Lib\site-packages\scrapy\spiders\__init__.py", line 93, in parse
    raise NotImplementedError(
NotImplementedError: ProductPidSpider.parse callback is not defined
2025-02-07 20:48:44 [scrapy.core.scraper] ERROR: Spider error processing <GET https://www.amazon.com//Best-Sellers-Arts-Crafts-Sewing-Arts-Crafts-Sewing-Storage/zgbs/arts-crafts/2237594011/ref=zg_bs_nav_arts-crafts_1> (referer: None)
Traceback (most recent call last):
  File "E:\AAA-CODE\AcquireData\.venv\Lib\site-packages\twisted\internet\defer.py", line 1088, in _runCallbacks
    current.result = callback(  # type: ignore[misc]
                     ^^^^^^^^^^^^^^^^^^^^^^^^^^^^^^^
  File "E:\AAA-CODE\AcquireData\.venv\Lib\site-packages\scrapy\spiders\__init__.py", line 93, in parse
    raise NotImplementedError(
NotImplementedError: ProductPidSpider.parse callback is not defined
2025-02-07 20:48:44 [scrapy.core.scraper] ERROR: Spider error processing <GET https://www.amazon.com//Best-Sellers-Arts-Crafts-Sewing-Knitting-Crochet-Supplies/zgbs/arts-crafts/12897221/ref=zg_bs_nav_arts-crafts_1?_encoding=UTF8&pg=2> (referer: None)
Traceback (most recent call last):
  File "E:\AAA-CODE\AcquireData\.venv\Lib\site-packages\twisted\internet\defer.py", line 1088, in _runCallbacks
    current.result = callback(  # type: ignore[misc]
                     ^^^^^^^^^^^^^^^^^^^^^^^^^^^^^^^
  File "E:\AAA-CODE\AcquireData\.venv\Lib\site-packages\scrapy\spiders\__init__.py", line 93, in parse
    raise NotImplementedError(
NotImplementedError: ProductPidSpider.parse callback is not defined
2025-02-07 20:48:44 [scrapy.core.scraper] ERROR: Spider error processing <GET https://www.amazon.com//Best-Sellers-Amazon-Devices-Accessories-Amazon-Device-Accessories/zgbs/amazon-devices/370783011/ref=zg_bs_nav_amazon-devices_1?_encoding=UTF8&pg=2> (referer: None)
Traceback (most recent call last):
  File "E:\AAA-CODE\AcquireData\.venv\Lib\site-packages\twisted\internet\defer.py", line 1088, in _runCallbacks
    current.result = callback(  # type: ignore[misc]
                     ^^^^^^^^^^^^^^^^^^^^^^^^^^^^^^^
  File "E:\AAA-CODE\AcquireData\.venv\Lib\site-packages\scrapy\spiders\__init__.py", line 93, in parse
    raise NotImplementedError(
NotImplementedError: ProductPidSpider.parse callback is not defined
2025-02-07 20:48:44 [scrapy.core.scraper] ERROR: Spider error processing <GET https://www.amazon.com//Best-Sellers-Arts-Crafts-Sewing-Scrapbooking-Stamping-Supplies/zgbs/arts-crafts/12898821/ref=zg_bs_nav_arts-crafts_1> (referer: None)
Traceback (most recent call last):
  File "E:\AAA-CODE\AcquireData\.venv\Lib\site-packages\twisted\internet\defer.py", line 1088, in _runCallbacks
    current.result = callback(  # type: ignore[misc]
                     ^^^^^^^^^^^^^^^^^^^^^^^^^^^^^^^
  File "E:\AAA-CODE\AcquireData\.venv\Lib\site-packages\scrapy\spiders\__init__.py", line 93, in parse
    raise NotImplementedError(
NotImplementedError: ProductPidSpider.parse callback is not defined
2025-02-07 20:48:45 [scrapy.core.scraper] ERROR: Spider error processing <GET https://www.amazon.com//Best-Sellers-Arts-Crafts-Sewing-Printmaking-Supplies/zgbs/arts-crafts/12898451/ref=zg_bs_nav_arts-crafts_1> (referer: None)
Traceback (most recent call last):
  File "E:\AAA-CODE\AcquireData\.venv\Lib\site-packages\twisted\internet\defer.py", line 1088, in _runCallbacks
    current.result = callback(  # type: ignore[misc]
                     ^^^^^^^^^^^^^^^^^^^^^^^^^^^^^^^
  File "E:\AAA-CODE\AcquireData\.venv\Lib\site-packages\scrapy\spiders\__init__.py", line 93, in parse
    raise NotImplementedError(
NotImplementedError: ProductPidSpider.parse callback is not defined
2025-02-07 20:48:45 [scrapy.core.scraper] ERROR: Spider error processing <GET https://www.amazon.com//Best-Sellers-Arts-Crafts-Sewing-Printmaking-Supplies/zgbs/arts-crafts/12898451/ref=zg_bs_nav_arts-crafts_1?_encoding=UTF8&pg=2> (referer: None)
Traceback (most recent call last):
  File "E:\AAA-CODE\AcquireData\.venv\Lib\site-packages\twisted\internet\defer.py", line 1088, in _runCallbacks
    current.result = callback(  # type: ignore[misc]
                     ^^^^^^^^^^^^^^^^^^^^^^^^^^^^^^^
  File "E:\AAA-CODE\AcquireData\.venv\Lib\site-packages\scrapy\spiders\__init__.py", line 93, in parse
    raise NotImplementedError(
NotImplementedError: ProductPidSpider.parse callback is not defined
2025-02-07 20:48:45 [scrapy.core.scraper] ERROR: Spider error processing <GET https://www.amazon.com//Best-Sellers-Arts-Crafts-Sewing-Needlework-Supplies/zgbs/arts-crafts/2237329011/ref=zg_bs_nav_arts-crafts_1?_encoding=UTF8&pg=2> (referer: None)
Traceback (most recent call last):
  File "E:\AAA-CODE\AcquireData\.venv\Lib\site-packages\twisted\internet\defer.py", line 1088, in _runCallbacks
    current.result = callback(  # type: ignore[misc]
                     ^^^^^^^^^^^^^^^^^^^^^^^^^^^^^^^
  File "E:\AAA-CODE\AcquireData\.venv\Lib\site-packages\scrapy\spiders\__init__.py", line 93, in parse
    raise NotImplementedError(
NotImplementedError: ProductPidSpider.parse callback is not defined
2025-02-07 20:48:45 [scrapy.core.scraper] ERROR: Spider error processing <GET https://www.amazon.com//Best-Sellers-Arts-Crafts-Sewing-Painting-Drawing-Art-Supplies/zgbs/arts-crafts/2747968011/ref=zg_bs_nav_arts-crafts_1> (referer: None)
Traceback (most recent call last):
  File "E:\AAA-CODE\AcquireData\.venv\Lib\site-packages\twisted\internet\defer.py", line 1088, in _runCallbacks
    current.result = callback(  # type: ignore[misc]
                     ^^^^^^^^^^^^^^^^^^^^^^^^^^^^^^^
  File "E:\AAA-CODE\AcquireData\.venv\Lib\site-packages\scrapy\spiders\__init__.py", line 93, in parse
    raise NotImplementedError(
NotImplementedError: ProductPidSpider.parse callback is not defined
2025-02-07 20:48:45 [scrapy.core.scraper] ERROR: Spider error processing <GET https://www.amazon.com//Best-Sellers-Arts-Crafts-Sewing-Sewing-Products/zgbs/arts-crafts/12899091/ref=zg_bs_nav_arts-crafts_1> (referer: None)
Traceback (most recent call last):
  File "E:\AAA-CODE\AcquireData\.venv\Lib\site-packages\twisted\internet\defer.py", line 1088, in _runCallbacks
    current.result = callback(  # type: ignore[misc]
                     ^^^^^^^^^^^^^^^^^^^^^^^^^^^^^^^
  File "E:\AAA-CODE\AcquireData\.venv\Lib\site-packages\scrapy\spiders\__init__.py", line 93, in parse
    raise NotImplementedError(
NotImplementedError: ProductPidSpider.parse callback is not defined
2025-02-07 20:48:45 [scrapy.core.scraper] ERROR: Spider error processing <GET https://www.amazon.com//Best-Sellers-Arts-Crafts-Sewing-Scrapbooking-Stamping-Supplies/zgbs/arts-crafts/12898821/ref=zg_bs_nav_arts-crafts_1?_encoding=UTF8&pg=2> (referer: None)
Traceback (most recent call last):
  File "E:\AAA-CODE\AcquireData\.venv\Lib\site-packages\twisted\internet\defer.py", line 1088, in _runCallbacks
    current.result = callback(  # type: ignore[misc]
                     ^^^^^^^^^^^^^^^^^^^^^^^^^^^^^^^
  File "E:\AAA-CODE\AcquireData\.venv\Lib\site-packages\scrapy\spiders\__init__.py", line 93, in parse
    raise NotImplementedError(
NotImplementedError: ProductPidSpider.parse callback is not defined
2025-02-07 20:48:46 [scrapy.core.scraper] ERROR: Spider error processing <GET https://www.amazon.com//Best-Sellers-Arts-Crafts-Sewing-Sewing-Thread-Floss/zgbs/arts-crafts/12897331/ref=zg_bs_nav_arts-crafts_1> (referer: None)
Traceback (most recent call last):
  File "E:\AAA-CODE\AcquireData\.venv\Lib\site-packages\twisted\internet\defer.py", line 1088, in _runCallbacks
    current.result = callback(  # type: ignore[misc]
                     ^^^^^^^^^^^^^^^^^^^^^^^^^^^^^^^
  File "E:\AAA-CODE\AcquireData\.venv\Lib\site-packages\scrapy\spiders\__init__.py", line 93, in parse
    raise NotImplementedError(
NotImplementedError: ProductPidSpider.parse callback is not defined
2025-02-07 20:48:46 [scrapy.core.scraper] ERROR: Spider error processing <GET https://www.amazon.com//Best-Sellers-Arts-Crafts-Sewing-Scrapbooking-Photo-Transfer-Coloring/zgbs/arts-crafts/12898411/ref=zg_bs_nav_arts-crafts_1> (referer: None)
Traceback (most recent call last):
  File "E:\AAA-CODE\AcquireData\.venv\Lib\site-packages\twisted\internet\defer.py", line 1088, in _runCallbacks
    current.result = callback(  # type: ignore[misc]
                     ^^^^^^^^^^^^^^^^^^^^^^^^^^^^^^^
  File "E:\AAA-CODE\AcquireData\.venv\Lib\site-packages\scrapy\spiders\__init__.py", line 93, in parse
    raise NotImplementedError(
NotImplementedError: ProductPidSpider.parse callback is not defined
2025-02-07 20:48:46 [scrapy.core.scraper] ERROR: Spider error processing <GET https://www.amazon.com//Best-Sellers-Arts-Crafts-Sewing-Sewing-Thread-Floss/zgbs/arts-crafts/12897331/ref=zg_bs_nav_arts-crafts_1?_encoding=UTF8&pg=2> (referer: None)
Traceback (most recent call last):
  File "E:\AAA-CODE\AcquireData\.venv\Lib\site-packages\twisted\internet\defer.py", line 1088, in _runCallbacks
    current.result = callback(  # type: ignore[misc]
                     ^^^^^^^^^^^^^^^^^^^^^^^^^^^^^^^
  File "E:\AAA-CODE\AcquireData\.venv\Lib\site-packages\scrapy\spiders\__init__.py", line 93, in parse
    raise NotImplementedError(
NotImplementedError: ProductPidSpider.parse callback is not defined
2025-02-07 20:48:46 [scrapy.core.scraper] ERROR: Spider error processing <GET https://www.amazon.com//Best-Sellers-Apps-Games-Books-Comics/zgbs/mobile-apps/9408444011/ref=zg_bs_nav_mobile-apps_1> (referer: None)
Traceback (most recent call last):
  File "E:\AAA-CODE\AcquireData\.venv\Lib\site-packages\twisted\internet\defer.py", line 1088, in _runCallbacks
    current.result = callback(  # type: ignore[misc]
                     ^^^^^^^^^^^^^^^^^^^^^^^^^^^^^^^
  File "E:\AAA-CODE\AcquireData\.venv\Lib\site-packages\scrapy\spiders\__init__.py", line 93, in parse
    raise NotImplementedError(
NotImplementedError: ProductPidSpider.parse callback is not defined
2025-02-07 20:48:46 [scrapy.core.scraper] ERROR: Spider error processing <GET https://www.amazon.com//Best-Sellers-Arts-Crafts-Sewing-Yarn/zgbs/arts-crafts/262625011/ref=zg_bs_nav_arts-crafts_1?_encoding=UTF8&pg=2> (referer: None)
Traceback (most recent call last):
  File "E:\AAA-CODE\AcquireData\.venv\Lib\site-packages\twisted\internet\defer.py", line 1088, in _runCallbacks
    current.result = callback(  # type: ignore[misc]
                     ^^^^^^^^^^^^^^^^^^^^^^^^^^^^^^^
  File "E:\AAA-CODE\AcquireData\.venv\Lib\site-packages\scrapy\spiders\__init__.py", line 93, in parse
    raise NotImplementedError(
NotImplementedError: ProductPidSpider.parse callback is not defined
2025-02-07 20:48:47 [scrapy.core.scraper] ERROR: Spider error processing <GET https://www.amazon.com//Best-Sellers-Arts-Crafts-Sewing-Yarn/zgbs/arts-crafts/262625011/ref=zg_bs_nav_arts-crafts_1> (referer: None)
Traceback (most recent call last):
  File "E:\AAA-CODE\AcquireData\.venv\Lib\site-packages\twisted\internet\defer.py", line 1088, in _runCallbacks
    current.result = callback(  # type: ignore[misc]
                     ^^^^^^^^^^^^^^^^^^^^^^^^^^^^^^^
  File "E:\AAA-CODE\AcquireData\.venv\Lib\site-packages\scrapy\spiders\__init__.py", line 93, in parse
    raise NotImplementedError(
NotImplementedError: ProductPidSpider.parse callback is not defined
2025-02-07 20:48:47 [scrapy.core.scraper] ERROR: Spider error processing <GET https://www.amazon.com//Best-Sellers-Arts-Crafts-Sewing-Painting-Drawing-Art-Supplies/zgbs/arts-crafts/2747968011/ref=zg_bs_nav_arts-crafts_1?_encoding=UTF8&pg=2> (referer: None)
Traceback (most recent call last):
  File "E:\AAA-CODE\AcquireData\.venv\Lib\site-packages\twisted\internet\defer.py", line 1088, in _runCallbacks
    current.result = callback(  # type: ignore[misc]
                     ^^^^^^^^^^^^^^^^^^^^^^^^^^^^^^^
  File "E:\AAA-CODE\AcquireData\.venv\Lib\site-packages\scrapy\spiders\__init__.py", line 93, in parse
    raise NotImplementedError(
NotImplementedError: ProductPidSpider.parse callback is not defined
2025-02-07 20:48:47 [scrapy.core.scraper] ERROR: Spider error processing <GET https://www.amazon.com//Best-Sellers-Apps-Games-Business/zgbs/mobile-apps/10298305011/ref=zg_bs_nav_mobile-apps_1> (referer: None)
Traceback (most recent call last):
  File "E:\AAA-CODE\AcquireData\.venv\Lib\site-packages\twisted\internet\defer.py", line 1088, in _runCallbacks
    current.result = callback(  # type: ignore[misc]
                     ^^^^^^^^^^^^^^^^^^^^^^^^^^^^^^^
  File "E:\AAA-CODE\AcquireData\.venv\Lib\site-packages\scrapy\spiders\__init__.py", line 93, in parse
    raise NotImplementedError(
NotImplementedError: ProductPidSpider.parse callback is not defined
2025-02-07 20:48:47 [scrapy.core.scraper] ERROR: Spider error processing <GET https://www.amazon.com//Best-Sellers-Apps-Games-Communication/zgbs/mobile-apps/9408466011/ref=zg_bs_nav_mobile-apps_1> (referer: None)
Traceback (most recent call last):
  File "E:\AAA-CODE\AcquireData\.venv\Lib\site-packages\twisted\internet\defer.py", line 1088, in _runCallbacks
    current.result = callback(  # type: ignore[misc]
                     ^^^^^^^^^^^^^^^^^^^^^^^^^^^^^^^
  File "E:\AAA-CODE\AcquireData\.venv\Lib\site-packages\scrapy\spiders\__init__.py", line 93, in parse
    raise NotImplementedError(
NotImplementedError: ProductPidSpider.parse callback is not defined
2025-02-07 20:48:47 [scrapy.core.scraper] ERROR: Spider error processing <GET https://www.amazon.com//Best-Sellers-Apps-Games-Communication/zgbs/mobile-apps/9408466011/ref=zg_bs_nav_mobile-apps_1?_encoding=UTF8&pg=2> (referer: None)
Traceback (most recent call last):
  File "E:\AAA-CODE\AcquireData\.venv\Lib\site-packages\twisted\internet\defer.py", line 1088, in _runCallbacks
    current.result = callback(  # type: ignore[misc]
                     ^^^^^^^^^^^^^^^^^^^^^^^^^^^^^^^
  File "E:\AAA-CODE\AcquireData\.venv\Lib\site-packages\scrapy\spiders\__init__.py", line 93, in parse
    raise NotImplementedError(
NotImplementedError: ProductPidSpider.parse callback is not defined
2025-02-07 20:48:48 [scrapy.core.scraper] ERROR: Spider error processing <GET https://www.amazon.com//Best-Sellers-Apps-Games-Customization/zgbs/mobile-apps/9408481011/ref=zg_bs_nav_mobile-apps_1?_encoding=UTF8&pg=2> (referer: None)
Traceback (most recent call last):
  File "E:\AAA-CODE\AcquireData\.venv\Lib\site-packages\twisted\internet\defer.py", line 1088, in _runCallbacks
    current.result = callback(  # type: ignore[misc]
                     ^^^^^^^^^^^^^^^^^^^^^^^^^^^^^^^
  File "E:\AAA-CODE\AcquireData\.venv\Lib\site-packages\scrapy\spiders\__init__.py", line 93, in parse
    raise NotImplementedError(
NotImplementedError: ProductPidSpider.parse callback is not defined
2025-02-07 20:48:48 [scrapy.core.scraper] ERROR: Spider error processing <GET https://www.amazon.com//Best-Sellers-Apps-Games-Education/zgbs/mobile-apps/9408490011/ref=zg_bs_nav_mobile-apps_1> (referer: None)
Traceback (most recent call last):
  File "E:\AAA-CODE\AcquireData\.venv\Lib\site-packages\twisted\internet\defer.py", line 1088, in _runCallbacks
    current.result = callback(  # type: ignore[misc]
                     ^^^^^^^^^^^^^^^^^^^^^^^^^^^^^^^
  File "E:\AAA-CODE\AcquireData\.venv\Lib\site-packages\scrapy\spiders\__init__.py", line 93, in parse
    raise NotImplementedError(
NotImplementedError: ProductPidSpider.parse callback is not defined
2025-02-07 20:48:48 [scrapy.core.scraper] ERROR: Spider error processing <GET https://www.amazon.com//Best-Sellers-Apps-Games-Books-Comics/zgbs/mobile-apps/9408444011/ref=zg_bs_nav_mobile-apps_1?_encoding=UTF8&pg=2> (referer: None)
Traceback (most recent call last):
  File "E:\AAA-CODE\AcquireData\.venv\Lib\site-packages\twisted\internet\defer.py", line 1088, in _runCallbacks
    current.result = callback(  # type: ignore[misc]
                     ^^^^^^^^^^^^^^^^^^^^^^^^^^^^^^^
  File "E:\AAA-CODE\AcquireData\.venv\Lib\site-packages\scrapy\spiders\__init__.py", line 93, in parse
    raise NotImplementedError(
NotImplementedError: ProductPidSpider.parse callback is not defined
2025-02-07 20:48:48 [scrapy.core.scraper] ERROR: Spider error processing <GET https://www.amazon.com//Best-Sellers-Arts-Crafts-Sewing-Scrapbooking-Photo-Transfer-Coloring/zgbs/arts-crafts/12898411/ref=zg_bs_nav_arts-crafts_1?_encoding=UTF8&pg=2> (referer: None)
Traceback (most recent call last):
  File "E:\AAA-CODE\AcquireData\.venv\Lib\site-packages\twisted\internet\defer.py", line 1088, in _runCallbacks
    current.result = callback(  # type: ignore[misc]
                     ^^^^^^^^^^^^^^^^^^^^^^^^^^^^^^^
  File "E:\AAA-CODE\AcquireData\.venv\Lib\site-packages\scrapy\spiders\__init__.py", line 93, in parse
    raise NotImplementedError(
NotImplementedError: ProductPidSpider.parse callback is not defined
2025-02-07 20:48:49 [scrapy.core.scraper] ERROR: Spider error processing <GET https://www.amazon.com//Best-Sellers-Arts-Crafts-Sewing-Sewing-Products/zgbs/arts-crafts/12899091/ref=zg_bs_nav_arts-crafts_1?_encoding=UTF8&pg=2> (referer: None)
Traceback (most recent call last):
  File "E:\AAA-CODE\AcquireData\.venv\Lib\site-packages\twisted\internet\defer.py", line 1088, in _runCallbacks
    current.result = callback(  # type: ignore[misc]
                     ^^^^^^^^^^^^^^^^^^^^^^^^^^^^^^^
  File "E:\AAA-CODE\AcquireData\.venv\Lib\site-packages\scrapy\spiders\__init__.py", line 93, in parse
    raise NotImplementedError(
NotImplementedError: ProductPidSpider.parse callback is not defined
2025-02-07 20:48:49 [scrapy.core.scraper] ERROR: Spider error processing <GET https://www.amazon.com//Best-Sellers-Apps-Games-Food-Drink/zgbs/mobile-apps/9408523011/ref=zg_bs_nav_mobile-apps_1> (referer: None)
Traceback (most recent call last):
  File "E:\AAA-CODE\AcquireData\.venv\Lib\site-packages\twisted\internet\defer.py", line 1088, in _runCallbacks
    current.result = callback(  # type: ignore[misc]
                     ^^^^^^^^^^^^^^^^^^^^^^^^^^^^^^^
  File "E:\AAA-CODE\AcquireData\.venv\Lib\site-packages\scrapy\spiders\__init__.py", line 93, in parse
    raise NotImplementedError(
NotImplementedError: ProductPidSpider.parse callback is not defined
2025-02-07 20:48:49 [scrapy.downloadermiddlewares.retry] ERROR: Gave up retrying <GET https://www.amazon.com//Best-Sellers-Apps-Games-Business/zgbs/mobile-apps/10298305011/ref=zg_bs_nav_mobile-apps_1?_encoding=UTF8&pg=2> (failed 3 times): 429 Unknown Status
2025-02-07 20:48:49 [scrapy.core.scraper] ERROR: Spider error processing <GET https://www.amazon.com//Best-Sellers-Apps-Games-Finance/zgbs/mobile-apps/9408433011/ref=zg_bs_nav_mobile-apps_1?_encoding=UTF8&pg=2> (referer: None)
Traceback (most recent call last):
  File "E:\AAA-CODE\AcquireData\.venv\Lib\site-packages\twisted\internet\defer.py", line 1088, in _runCallbacks
    current.result = callback(  # type: ignore[misc]
                     ^^^^^^^^^^^^^^^^^^^^^^^^^^^^^^^
  File "E:\AAA-CODE\AcquireData\.venv\Lib\site-packages\scrapy\spiders\__init__.py", line 93, in parse
    raise NotImplementedError(
NotImplementedError: ProductPidSpider.parse callback is not defined
2025-02-07 20:48:49 [scrapy.core.scraper] ERROR: Spider error processing <GET https://www.amazon.com//Best-Sellers-Apps-Games-Games/zgbs/mobile-apps/9209902011/ref=zg_bs_nav_mobile-apps_1> (referer: None)
Traceback (most recent call last):
  File "E:\AAA-CODE\AcquireData\.venv\Lib\site-packages\twisted\internet\defer.py", line 1088, in _runCallbacks
    current.result = callback(  # type: ignore[misc]
                     ^^^^^^^^^^^^^^^^^^^^^^^^^^^^^^^
  File "E:\AAA-CODE\AcquireData\.venv\Lib\site-packages\scrapy\spiders\__init__.py", line 93, in parse
    raise NotImplementedError(
NotImplementedError: ProductPidSpider.parse callback is not defined
2025-02-07 20:48:49 [scrapy.core.scraper] ERROR: Spider error processing <GET https://www.amazon.com//Best-Sellers-Apps-Games-Education/zgbs/mobile-apps/9408490011/ref=zg_bs_nav_mobile-apps_1?_encoding=UTF8&pg=2> (referer: None)
Traceback (most recent call last):
  File "E:\AAA-CODE\AcquireData\.venv\Lib\site-packages\twisted\internet\defer.py", line 1088, in _runCallbacks
    current.result = callback(  # type: ignore[misc]
                     ^^^^^^^^^^^^^^^^^^^^^^^^^^^^^^^
  File "E:\AAA-CODE\AcquireData\.venv\Lib\site-packages\scrapy\spiders\__init__.py", line 93, in parse
    raise NotImplementedError(
NotImplementedError: ProductPidSpider.parse callback is not defined
2025-02-07 20:48:50 [scrapy.core.scraper] ERROR: Spider error processing <GET https://www.amazon.com//Best-Sellers-Apps-Games-Food-Drink/zgbs/mobile-apps/9408523011/ref=zg_bs_nav_mobile-apps_1?_encoding=UTF8&pg=2> (referer: None)
Traceback (most recent call last):
  File "E:\AAA-CODE\AcquireData\.venv\Lib\site-packages\twisted\internet\defer.py", line 1088, in _runCallbacks
    current.result = callback(  # type: ignore[misc]
                     ^^^^^^^^^^^^^^^^^^^^^^^^^^^^^^^
  File "E:\AAA-CODE\AcquireData\.venv\Lib\site-packages\scrapy\spiders\__init__.py", line 93, in parse
    raise NotImplementedError(
NotImplementedError: ProductPidSpider.parse callback is not defined
2025-02-07 20:48:50 [scrapy.core.scraper] ERROR: Spider error processing <GET https://www.amazon.com//Best-Sellers-Apps-Games-Customization/zgbs/mobile-apps/9408481011/ref=zg_bs_nav_mobile-apps_1> (referer: None)
Traceback (most recent call last):
  File "E:\AAA-CODE\AcquireData\.venv\Lib\site-packages\twisted\internet\defer.py", line 1088, in _runCallbacks
    current.result = callback(  # type: ignore[misc]
                     ^^^^^^^^^^^^^^^^^^^^^^^^^^^^^^^
  File "E:\AAA-CODE\AcquireData\.venv\Lib\site-packages\scrapy\spiders\__init__.py", line 93, in parse
    raise NotImplementedError(
NotImplementedError: ProductPidSpider.parse callback is not defined
2025-02-07 20:48:50 [scrapy.core.scraper] ERROR: Spider error processing <GET https://www.amazon.com//Best-Sellers-Apps-Games-Finance/zgbs/mobile-apps/9408433011/ref=zg_bs_nav_mobile-apps_1> (referer: None)
Traceback (most recent call last):
  File "E:\AAA-CODE\AcquireData\.venv\Lib\site-packages\twisted\internet\defer.py", line 1088, in _runCallbacks
    current.result = callback(  # type: ignore[misc]
                     ^^^^^^^^^^^^^^^^^^^^^^^^^^^^^^^
  File "E:\AAA-CODE\AcquireData\.venv\Lib\site-packages\scrapy\spiders\__init__.py", line 93, in parse
    raise NotImplementedError(
NotImplementedError: ProductPidSpider.parse callback is not defined
2025-02-07 20:48:50 [scrapy.core.scraper] ERROR: Spider error processing <GET https://www.amazon.com//Best-Sellers-Apps-Games-Health-Wellness/zgbs/mobile-apps/9408749011/ref=zg_bs_nav_mobile-apps_1> (referer: None)
Traceback (most recent call last):
  File "E:\AAA-CODE\AcquireData\.venv\Lib\site-packages\twisted\internet\defer.py", line 1088, in _runCallbacks
    current.result = callback(  # type: ignore[misc]
                     ^^^^^^^^^^^^^^^^^^^^^^^^^^^^^^^
  File "E:\AAA-CODE\AcquireData\.venv\Lib\site-packages\scrapy\spiders\__init__.py", line 93, in parse
    raise NotImplementedError(
NotImplementedError: ProductPidSpider.parse callback is not defined
2025-02-07 20:48:51 [scrapy.core.scraper] ERROR: Spider error processing <GET https://www.amazon.com//Best-Sellers-Apps-Games-Local/zgbs/mobile-apps/10298309011/ref=zg_bs_nav_mobile-apps_1> (referer: None)
Traceback (most recent call last):
  File "E:\AAA-CODE\AcquireData\.venv\Lib\site-packages\twisted\internet\defer.py", line 1088, in _runCallbacks
    current.result = callback(  # type: ignore[misc]
                     ^^^^^^^^^^^^^^^^^^^^^^^^^^^^^^^
  File "E:\AAA-CODE\AcquireData\.venv\Lib\site-packages\scrapy\spiders\__init__.py", line 93, in parse
    raise NotImplementedError(
NotImplementedError: ProductPidSpider.parse callback is not defined
2025-02-07 20:48:51 [scrapy.core.scraper] ERROR: Spider error processing <GET https://www.amazon.com//Best-Sellers-Apps-Games-Local/zgbs/mobile-apps/10298309011/ref=zg_bs_nav_mobile-apps_1?_encoding=UTF8&pg=2> (referer: None)
Traceback (most recent call last):
  File "E:\AAA-CODE\AcquireData\.venv\Lib\site-packages\twisted\internet\defer.py", line 1088, in _runCallbacks
    current.result = callback(  # type: ignore[misc]
                     ^^^^^^^^^^^^^^^^^^^^^^^^^^^^^^^
  File "E:\AAA-CODE\AcquireData\.venv\Lib\site-packages\scrapy\spiders\__init__.py", line 93, in parse
    raise NotImplementedError(
NotImplementedError: ProductPidSpider.parse callback is not defined
2025-02-07 20:48:51 [scrapy.core.scraper] ERROR: Spider error processing <GET https://www.amazon.com//Best-Sellers-Apps-Games-Games/zgbs/mobile-apps/9209902011/ref=zg_bs_nav_mobile-apps_1?_encoding=UTF8&pg=2> (referer: None)
Traceback (most recent call last):
  File "E:\AAA-CODE\AcquireData\.venv\Lib\site-packages\twisted\internet\defer.py", line 1088, in _runCallbacks
    current.result = callback(  # type: ignore[misc]
                     ^^^^^^^^^^^^^^^^^^^^^^^^^^^^^^^
  File "E:\AAA-CODE\AcquireData\.venv\Lib\site-packages\scrapy\spiders\__init__.py", line 93, in parse
    raise NotImplementedError(
NotImplementedError: ProductPidSpider.parse callback is not defined
2025-02-07 20:48:51 [scrapy.core.scraper] ERROR: Spider error processing <GET https://www.amazon.com//Best-Sellers-Apps-Games-Kids/zgbs/mobile-apps/9408582011/ref=zg_bs_nav_mobile-apps_1?_encoding=UTF8&pg=2> (referer: None)
Traceback (most recent call last):
  File "E:\AAA-CODE\AcquireData\.venv\Lib\site-packages\twisted\internet\defer.py", line 1088, in _runCallbacks
    current.result = callback(  # type: ignore[misc]
                     ^^^^^^^^^^^^^^^^^^^^^^^^^^^^^^^
  File "E:\AAA-CODE\AcquireData\.venv\Lib\site-packages\scrapy\spiders\__init__.py", line 93, in parse
    raise NotImplementedError(
NotImplementedError: ProductPidSpider.parse callback is not defined
2025-02-07 20:48:51 [scrapy.downloadermiddlewares.retry] ERROR: Gave up retrying <GET https://www.amazon.com//Best-Sellers-Apps-Games-Kids/zgbs/mobile-apps/9408582011/ref=zg_bs_nav_mobile-apps_1> (failed 3 times): 429 Unknown Status
2025-02-07 20:48:51 [scrapy.core.scraper] ERROR: Spider error processing <GET https://www.amazon.com//Best-Sellers-Apps-Games-Magazines/zgbs/mobile-apps/9408805011/ref=zg_bs_nav_mobile-apps_1> (referer: None)
Traceback (most recent call last):
  File "E:\AAA-CODE\AcquireData\.venv\Lib\site-packages\twisted\internet\defer.py", line 1088, in _runCallbacks
    current.result = callback(  # type: ignore[misc]
                     ^^^^^^^^^^^^^^^^^^^^^^^^^^^^^^^
  File "E:\AAA-CODE\AcquireData\.venv\Lib\site-packages\scrapy\spiders\__init__.py", line 93, in parse
    raise NotImplementedError(
NotImplementedError: ProductPidSpider.parse callback is not defined
2025-02-07 20:48:52 [scrapy.core.scraper] ERROR: Spider error processing <GET https://www.amazon.com//Best-Sellers-Apps-Games-Movies-TV/zgbs/mobile-apps/9408765011/ref=zg_bs_nav_mobile-apps_1?_encoding=UTF8&pg=2> (referer: None)
Traceback (most recent call last):
  File "E:\AAA-CODE\AcquireData\.venv\Lib\site-packages\twisted\internet\defer.py", line 1088, in _runCallbacks
    current.result = callback(  # type: ignore[misc]
                     ^^^^^^^^^^^^^^^^^^^^^^^^^^^^^^^
  File "E:\AAA-CODE\AcquireData\.venv\Lib\site-packages\scrapy\spiders\__init__.py", line 93, in parse
    raise NotImplementedError(
NotImplementedError: ProductPidSpider.parse callback is not defined
2025-02-07 20:48:52 [scrapy.core.scraper] ERROR: Spider error processing <GET https://www.amazon.com//Best-Sellers-Apps-Games-Movies-TV/zgbs/mobile-apps/9408765011/ref=zg_bs_nav_mobile-apps_1> (referer: None)
Traceback (most recent call last):
  File "E:\AAA-CODE\AcquireData\.venv\Lib\site-packages\twisted\internet\defer.py", line 1088, in _runCallbacks
    current.result = callback(  # type: ignore[misc]
                     ^^^^^^^^^^^^^^^^^^^^^^^^^^^^^^^
  File "E:\AAA-CODE\AcquireData\.venv\Lib\site-packages\scrapy\spiders\__init__.py", line 93, in parse
    raise NotImplementedError(
NotImplementedError: ProductPidSpider.parse callback is not defined
2025-02-07 20:48:52 [scrapy.core.scraper] ERROR: Spider error processing <GET https://www.amazon.com//Best-Sellers-Apps-Games-Music-Audio/zgbs/mobile-apps/9408771011/ref=zg_bs_nav_mobile-apps_1?_encoding=UTF8&pg=2> (referer: None)
Traceback (most recent call last):
  File "E:\AAA-CODE\AcquireData\.venv\Lib\site-packages\twisted\internet\defer.py", line 1088, in _runCallbacks
    current.result = callback(  # type: ignore[misc]
                     ^^^^^^^^^^^^^^^^^^^^^^^^^^^^^^^
  File "E:\AAA-CODE\AcquireData\.venv\Lib\site-packages\scrapy\spiders\__init__.py", line 93, in parse
    raise NotImplementedError(
NotImplementedError: ProductPidSpider.parse callback is not defined
2025-02-07 20:48:52 [scrapy.core.scraper] ERROR: Spider error processing <GET https://www.amazon.com//Best-Sellers-Apps-Games-Lifestyle/zgbs/mobile-apps/9408710011/ref=zg_bs_nav_mobile-apps_1?_encoding=UTF8&pg=2> (referer: None)
Traceback (most recent call last):
  File "E:\AAA-CODE\AcquireData\.venv\Lib\site-packages\twisted\internet\defer.py", line 1088, in _runCallbacks
    current.result = callback(  # type: ignore[misc]
                     ^^^^^^^^^^^^^^^^^^^^^^^^^^^^^^^
  File "E:\AAA-CODE\AcquireData\.venv\Lib\site-packages\scrapy\spiders\__init__.py", line 93, in parse
    raise NotImplementedError(
NotImplementedError: ProductPidSpider.parse callback is not defined
2025-02-07 20:48:52 [scrapy.core.scraper] ERROR: Spider error processing <GET https://www.amazon.com//Best-Sellers-Apps-Games-Medical/zgbs/mobile-apps/10298306011/ref=zg_bs_nav_mobile-apps_1> (referer: None)
Traceback (most recent call last):
  File "E:\AAA-CODE\AcquireData\.venv\Lib\site-packages\twisted\internet\defer.py", line 1088, in _runCallbacks
    current.result = callback(  # type: ignore[misc]
                     ^^^^^^^^^^^^^^^^^^^^^^^^^^^^^^^
  File "E:\AAA-CODE\AcquireData\.venv\Lib\site-packages\scrapy\spiders\__init__.py", line 93, in parse
    raise NotImplementedError(
NotImplementedError: ProductPidSpider.parse callback is not defined
2025-02-07 20:48:52 [scrapy.core.scraper] ERROR: Spider error processing <GET https://www.amazon.com//Best-Sellers-Apps-Games-Health-Wellness/zgbs/mobile-apps/9408749011/ref=zg_bs_nav_mobile-apps_1?_encoding=UTF8&pg=2> (referer: None)
Traceback (most recent call last):
  File "E:\AAA-CODE\AcquireData\.venv\Lib\site-packages\twisted\internet\defer.py", line 1088, in _runCallbacks
    current.result = callback(  # type: ignore[misc]
                     ^^^^^^^^^^^^^^^^^^^^^^^^^^^^^^^
  File "E:\AAA-CODE\AcquireData\.venv\Lib\site-packages\scrapy\spiders\__init__.py", line 93, in parse
    raise NotImplementedError(
NotImplementedError: ProductPidSpider.parse callback is not defined
2025-02-07 20:48:52 [scrapy.core.scraper] ERROR: Spider error processing <GET https://www.amazon.com//Best-Sellers-Apps-Games-Magazines/zgbs/mobile-apps/9408805011/ref=zg_bs_nav_mobile-apps_1?_encoding=UTF8&pg=2> (referer: None)
Traceback (most recent call last):
  File "E:\AAA-CODE\AcquireData\.venv\Lib\site-packages\twisted\internet\defer.py", line 1088, in _runCallbacks
    current.result = callback(  # type: ignore[misc]
                     ^^^^^^^^^^^^^^^^^^^^^^^^^^^^^^^
  File "E:\AAA-CODE\AcquireData\.venv\Lib\site-packages\scrapy\spiders\__init__.py", line 93, in parse
    raise NotImplementedError(
NotImplementedError: ProductPidSpider.parse callback is not defined
2025-02-07 20:48:53 [scrapy.core.scraper] ERROR: Spider error processing <GET https://www.amazon.com//Best-Sellers-Apps-Games-Lifestyle/zgbs/mobile-apps/9408710011/ref=zg_bs_nav_mobile-apps_1> (referer: None)
Traceback (most recent call last):
  File "E:\AAA-CODE\AcquireData\.venv\Lib\site-packages\twisted\internet\defer.py", line 1088, in _runCallbacks
    current.result = callback(  # type: ignore[misc]
                     ^^^^^^^^^^^^^^^^^^^^^^^^^^^^^^^
  File "E:\AAA-CODE\AcquireData\.venv\Lib\site-packages\scrapy\spiders\__init__.py", line 93, in parse
    raise NotImplementedError(
NotImplementedError: ProductPidSpider.parse callback is not defined
2025-02-07 20:48:53 [scrapy.downloadermiddlewares.retry] ERROR: Gave up retrying <GET https://www.amazon.com//Best-Sellers-Apps-Games-Medical/zgbs/mobile-apps/10298306011/ref=zg_bs_nav_mobile-apps_1?_encoding=UTF8&pg=2> (failed 3 times): 429 Unknown Status
2025-02-07 20:48:53 [scrapy.core.scraper] ERROR: Spider error processing <GET https://www.amazon.com//Best-Sellers-Apps-Games-Photo-Video/zgbs/mobile-apps/9408874011/ref=zg_bs_nav_mobile-apps_1> (referer: None)
Traceback (most recent call last):
  File "E:\AAA-CODE\AcquireData\.venv\Lib\site-packages\twisted\internet\defer.py", line 1088, in _runCallbacks
    current.result = callback(  # type: ignore[misc]
                     ^^^^^^^^^^^^^^^^^^^^^^^^^^^^^^^
  File "E:\AAA-CODE\AcquireData\.venv\Lib\site-packages\scrapy\spiders\__init__.py", line 93, in parse
    raise NotImplementedError(
NotImplementedError: ProductPidSpider.parse callback is not defined
2025-02-07 20:48:54 [scrapy.core.scraper] ERROR: Spider error processing <GET https://www.amazon.com//Best-Sellers-Apps-Games-Music-Audio/zgbs/mobile-apps/9408771011/ref=zg_bs_nav_mobile-apps_1> (referer: None)
Traceback (most recent call last):
  File "E:\AAA-CODE\AcquireData\.venv\Lib\site-packages\twisted\internet\defer.py", line 1088, in _runCallbacks
    current.result = callback(  # type: ignore[misc]
                     ^^^^^^^^^^^^^^^^^^^^^^^^^^^^^^^
  File "E:\AAA-CODE\AcquireData\.venv\Lib\site-packages\scrapy\spiders\__init__.py", line 93, in parse
    raise NotImplementedError(
NotImplementedError: ProductPidSpider.parse callback is not defined
2025-02-07 20:48:54 [scrapy.downloadermiddlewares.retry] ERROR: Gave up retrying <GET https://www.amazon.com//Best-Sellers-Apps-Games-News/zgbs/mobile-apps/9408802011/ref=zg_bs_nav_mobile-apps_1> (failed 3 times): 429 Unknown Status
2025-02-07 20:48:54 [scrapy.core.scraper] ERROR: Spider error processing <GET https://www.amazon.com//Best-Sellers-Apps-Games-Shopping/zgbs/mobile-apps/9408875011/ref=zg_bs_nav_mobile-apps_1> (referer: None)
Traceback (most recent call last):
  File "E:\AAA-CODE\AcquireData\.venv\Lib\site-packages\twisted\internet\defer.py", line 1088, in _runCallbacks
    current.result = callback(  # type: ignore[misc]
                     ^^^^^^^^^^^^^^^^^^^^^^^^^^^^^^^
  File "E:\AAA-CODE\AcquireData\.venv\Lib\site-packages\scrapy\spiders\__init__.py", line 93, in parse
    raise NotImplementedError(
NotImplementedError: ProductPidSpider.parse callback is not defined
2025-02-07 20:48:54 [scrapy.core.scraper] ERROR: Spider error processing <GET https://www.amazon.com//Best-Sellers-Apps-Games-Reference/zgbs/mobile-apps/9408491011/ref=zg_bs_nav_mobile-apps_1?_encoding=UTF8&pg=2> (referer: None)
Traceback (most recent call last):
  File "E:\AAA-CODE\AcquireData\.venv\Lib\site-packages\twisted\internet\defer.py", line 1088, in _runCallbacks
    current.result = callback(  # type: ignore[misc]
                     ^^^^^^^^^^^^^^^^^^^^^^^^^^^^^^^
  File "E:\AAA-CODE\AcquireData\.venv\Lib\site-packages\scrapy\spiders\__init__.py", line 93, in parse
    raise NotImplementedError(
NotImplementedError: ProductPidSpider.parse callback is not defined
2025-02-07 20:49:36 [py.warnings] WARNING: E:\AAA-CODE\AcquireData\.venv\Lib\site-packages\scrapy\utils\request.py:120: ScrapyDeprecationWarning: 'REQUEST_FINGERPRINTER_IMPLEMENTATION' is a deprecated setting.
It will be removed in a future version of Scrapy.
  return cls(crawler)

2025-02-07 20:49:41 [scrapy.core.scraper] ERROR: Spider error processing <GET https://www.amazon.com//Best-Sellers-Digital-Educational-Resources/zgbs/digital-educational-resources/ref=zg_bs_nav_digital-educational-resources_0> (referer: None)
Traceback (most recent call last):
  File "E:\AAA-CODE\AcquireData\.venv\Lib\site-packages\scrapy\utils\defer.py", line 327, in iter_errback
    yield next(it)
          ^^^^^^^^
  File "E:\AAA-CODE\AcquireData\.venv\Lib\site-packages\scrapy\utils\python.py", line 368, in __next__
    return next(self.data)
           ^^^^^^^^^^^^^^^
  File "E:\AAA-CODE\AcquireData\.venv\Lib\site-packages\scrapy\utils\python.py", line 368, in __next__
    return next(self.data)
           ^^^^^^^^^^^^^^^
  File "E:\AAA-CODE\AcquireData\.venv\Lib\site-packages\scrapy\core\spidermw.py", line 106, in process_sync
    yield from iterable
  File "E:\AAA-CODE\AcquireData\.venv\Lib\site-packages\scrapy\spidermiddlewares\referer.py", line 379, in <genexpr>
    return (self._set_referer(r, response) for r in result)
                                                    ^^^^^^
  File "E:\AAA-CODE\AcquireData\.venv\Lib\site-packages\scrapy\core\spidermw.py", line 106, in process_sync
    yield from iterable
  File "E:\AAA-CODE\AcquireData\.venv\Lib\site-packages\scrapy\spidermiddlewares\urllength.py", line 57, in <genexpr>
    return (r for r in result if self._filter(r, spider))
                       ^^^^^^
  File "E:\AAA-CODE\AcquireData\.venv\Lib\site-packages\scrapy\core\spidermw.py", line 106, in process_sync
    yield from iterable
  File "E:\AAA-CODE\AcquireData\.venv\Lib\site-packages\scrapy\spidermiddlewares\depth.py", line 54, in <genexpr>
    return (r for r in result if self._filter(r, response, spider))
                       ^^^^^^
  File "E:\AAA-CODE\AcquireData\.venv\Lib\site-packages\scrapy\core\spidermw.py", line 106, in process_sync
    yield from iterable
  File "E:\AAA-CODE\AcquireData\classification\classification\spiders\second_href.py", line 44, in parse
    with open(log_path, 'a') as f:
         ^^^^^^^^^^^^^^^^^^^
FileNotFoundError: [Errno 2] No such file or directory: 'E:\\AAA-CODE\\AcquireData\\classification\\classification\\log\\second-href.txt'
2025-02-07 20:49:44 [scrapy.core.scraper] ERROR: Spider error processing <GET https://www.amazon.com//Best-Sellers-Handmade-Products/zgbs/handmade/ref=zg_bs_nav_handmade_0> (referer: None)
Traceback (most recent call last):
  File "E:\AAA-CODE\AcquireData\.venv\Lib\site-packages\scrapy\utils\defer.py", line 327, in iter_errback
    yield next(it)
          ^^^^^^^^
  File "E:\AAA-CODE\AcquireData\.venv\Lib\site-packages\scrapy\utils\python.py", line 368, in __next__
    return next(self.data)
           ^^^^^^^^^^^^^^^
  File "E:\AAA-CODE\AcquireData\.venv\Lib\site-packages\scrapy\utils\python.py", line 368, in __next__
    return next(self.data)
           ^^^^^^^^^^^^^^^
  File "E:\AAA-CODE\AcquireData\.venv\Lib\site-packages\scrapy\core\spidermw.py", line 106, in process_sync
    yield from iterable
  File "E:\AAA-CODE\AcquireData\.venv\Lib\site-packages\scrapy\spidermiddlewares\referer.py", line 379, in <genexpr>
    return (self._set_referer(r, response) for r in result)
                                                    ^^^^^^
  File "E:\AAA-CODE\AcquireData\.venv\Lib\site-packages\scrapy\core\spidermw.py", line 106, in process_sync
    yield from iterable
  File "E:\AAA-CODE\AcquireData\.venv\Lib\site-packages\scrapy\spidermiddlewares\urllength.py", line 57, in <genexpr>
    return (r for r in result if self._filter(r, spider))
                       ^^^^^^
  File "E:\AAA-CODE\AcquireData\.venv\Lib\site-packages\scrapy\core\spidermw.py", line 106, in process_sync
    yield from iterable
  File "E:\AAA-CODE\AcquireData\.venv\Lib\site-packages\scrapy\spidermiddlewares\depth.py", line 54, in <genexpr>
    return (r for r in result if self._filter(r, response, spider))
                       ^^^^^^
  File "E:\AAA-CODE\AcquireData\.venv\Lib\site-packages\scrapy\core\spidermw.py", line 106, in process_sync
    yield from iterable
  File "E:\AAA-CODE\AcquireData\classification\classification\spiders\second_href.py", line 44, in parse
    with open(log_path, 'a') as f:
         ^^^^^^^^^^^^^^^^^^^
FileNotFoundError: [Errno 2] No such file or directory: 'E:\\AAA-CODE\\AcquireData\\classification\\classification\\log\\second-href.txt'
2025-02-07 20:49:45 [scrapy.downloadermiddlewares.retry] ERROR: Gave up retrying <GET https://www.amazon.com//Best-Sellers-Electronics/zgbs/electronics/ref=zg_bs_nav_electronics_0> (failed 3 times): 429 Unknown Status
2025-02-07 20:49:45 [scrapy.core.scraper] ERROR: Spider error processing <GET https://www.amazon.com//Best-Sellers-Digital-Music/zgbs/dmusic/ref=zg_bs_nav_dmusic_0> (referer: None)
Traceback (most recent call last):
  File "E:\AAA-CODE\AcquireData\.venv\Lib\site-packages\scrapy\utils\defer.py", line 327, in iter_errback
    yield next(it)
          ^^^^^^^^
  File "E:\AAA-CODE\AcquireData\.venv\Lib\site-packages\scrapy\utils\python.py", line 368, in __next__
    return next(self.data)
           ^^^^^^^^^^^^^^^
  File "E:\AAA-CODE\AcquireData\.venv\Lib\site-packages\scrapy\utils\python.py", line 368, in __next__
    return next(self.data)
           ^^^^^^^^^^^^^^^
  File "E:\AAA-CODE\AcquireData\.venv\Lib\site-packages\scrapy\core\spidermw.py", line 106, in process_sync
    yield from iterable
  File "E:\AAA-CODE\AcquireData\.venv\Lib\site-packages\scrapy\spidermiddlewares\referer.py", line 379, in <genexpr>
    return (self._set_referer(r, response) for r in result)
                                                    ^^^^^^
  File "E:\AAA-CODE\AcquireData\.venv\Lib\site-packages\scrapy\core\spidermw.py", line 106, in process_sync
    yield from iterable
  File "E:\AAA-CODE\AcquireData\.venv\Lib\site-packages\scrapy\spidermiddlewares\urllength.py", line 57, in <genexpr>
    return (r for r in result if self._filter(r, spider))
                       ^^^^^^
  File "E:\AAA-CODE\AcquireData\.venv\Lib\site-packages\scrapy\core\spidermw.py", line 106, in process_sync
    yield from iterable
  File "E:\AAA-CODE\AcquireData\.venv\Lib\site-packages\scrapy\spidermiddlewares\depth.py", line 54, in <genexpr>
    return (r for r in result if self._filter(r, response, spider))
                       ^^^^^^
  File "E:\AAA-CODE\AcquireData\.venv\Lib\site-packages\scrapy\core\spidermw.py", line 106, in process_sync
    yield from iterable
  File "E:\AAA-CODE\AcquireData\classification\classification\spiders\second_href.py", line 44, in parse
    with open(log_path, 'a') as f:
         ^^^^^^^^^^^^^^^^^^^
FileNotFoundError: [Errno 2] No such file or directory: 'E:\\AAA-CODE\\AcquireData\\classification\\classification\\log\\second-href.txt'
2025-02-07 20:49:47 [scrapy.core.scraper] ERROR: Spider error processing <GET https://www.amazon.com//Best-Sellers-Unique-Finds/zgbs/boost/ref=zg_bs_nav_boost_0> (referer: None)
Traceback (most recent call last):
  File "E:\AAA-CODE\AcquireData\.venv\Lib\site-packages\scrapy\utils\defer.py", line 327, in iter_errback
    yield next(it)
          ^^^^^^^^
  File "E:\AAA-CODE\AcquireData\.venv\Lib\site-packages\scrapy\utils\python.py", line 368, in __next__
    return next(self.data)
           ^^^^^^^^^^^^^^^
  File "E:\AAA-CODE\AcquireData\.venv\Lib\site-packages\scrapy\utils\python.py", line 368, in __next__
    return next(self.data)
           ^^^^^^^^^^^^^^^
  File "E:\AAA-CODE\AcquireData\.venv\Lib\site-packages\scrapy\core\spidermw.py", line 106, in process_sync
    yield from iterable
  File "E:\AAA-CODE\AcquireData\.venv\Lib\site-packages\scrapy\spidermiddlewares\referer.py", line 379, in <genexpr>
    return (self._set_referer(r, response) for r in result)
                                                    ^^^^^^
  File "E:\AAA-CODE\AcquireData\.venv\Lib\site-packages\scrapy\core\spidermw.py", line 106, in process_sync
    yield from iterable
  File "E:\AAA-CODE\AcquireData\.venv\Lib\site-packages\scrapy\spidermiddlewares\urllength.py", line 57, in <genexpr>
    return (r for r in result if self._filter(r, spider))
                       ^^^^^^
  File "E:\AAA-CODE\AcquireData\.venv\Lib\site-packages\scrapy\core\spidermw.py", line 106, in process_sync
    yield from iterable
  File "E:\AAA-CODE\AcquireData\.venv\Lib\site-packages\scrapy\spidermiddlewares\depth.py", line 54, in <genexpr>
    return (r for r in result if self._filter(r, response, spider))
                       ^^^^^^
  File "E:\AAA-CODE\AcquireData\.venv\Lib\site-packages\scrapy\core\spidermw.py", line 106, in process_sync
    yield from iterable
  File "E:\AAA-CODE\AcquireData\classification\classification\spiders\second_href.py", line 44, in parse
    with open(log_path, 'a') as f:
         ^^^^^^^^^^^^^^^^^^^
FileNotFoundError: [Errno 2] No such file or directory: 'E:\\AAA-CODE\\AcquireData\\classification\\classification\\log\\second-href.txt'
