Pid,Classification
B093J2B3KZ,Home Brewing & Winemaking
B01N9Y0LDT,Home Brewing & Winemaking
B0CFDGBRC5,Home Brewing & Winemaking
B0DQSKNC1V,Home Brewing & Winemaking
B00LJ7HAX8,Home Brewing & Winemaking
B01B58V32Y,Home Brewing & Winemaking
B09DRMBRCS,Home Brewing & Winemaking
B0DPNDL2BG,Home Brewing & Winemaking
B00ZPVLRZ6,Home Brewing & Winemaking
B07JMNRGKJ,Home Brewing & Winemaking
B0038O8LVU,Home Brewing & Winemaking
B0BG3KX33T,Home Brewing & Winemaking
B07ZL1BY88,Home Brewing & Winemaking
B014B6FFPI,Home Brewing & Winemaking
B07PDNG5X4,Home Brewing & Winemaking
B0BG3FTF14,Home Brewing & Winemaking
B07PDNGDHG,Home Brewing & Winemaking
B07JMW6MR4,Home Brewing & Winemaking
B0C1CT79L5,Home Brewing & Winemaking
B07ZWHTM4W,Home Brewing & Winemaking
B0BHV3HGP3,Home Brewing & Winemaking
B004RCSWGG,Home Brewing & Winemaking
B0CFDFTQLF,Home Brewing & Winemaking
B07254CZVF,Home Brewing & Winemaking
B0CFDHCC57,Home Brewing & Winemaking
B0CGN2XQLK,Home Brewing & Winemaking
B0BG3HG52J,Home Brewing & Winemaking
B019QQKQKW,Home Brewing & Winemaking
B00ZPVJ30M,Home Brewing & Winemaking
B07NLRP5C1,Home Brewing & Winemaking
B0CJ5PPPVB,Home Brewing & Winemaking
B07NQ1T8NM,Home Brewing & Winemaking
B08KFF2ZVK,Home Brewing & Winemaking
B0D9LJPWX9,Accessories & Supplies
B0D1XD1ZV3,Accessories & Supplies
B0CWXNS552,Accessories & Supplies
B0CJMJS3DS,Accessories & Supplies
B0D54JZTHY,Accessories & Supplies
B0DGHMNQ5Z,Accessories & Supplies
B0B283QP2N,Accessories & Supplies
B07CZDXDG8,Accessories & Supplies
B07H2V5YLH,Accessories & Supplies
B08412PTS8,Accessories & Supplies
B0C8HHV9DK,Accessories & Supplies
B09F2JY5FF,Accessories & Supplies
B07WRBDXZ8,Accessories & Supplies
B08412HXK9,Accessories & Supplies
B09KR8P3L5,Accessories & Supplies
B0DPKHTQRB,Accessories & Supplies
B0CZ9M6X8Q,Accessories & Supplies
B0CCYNCW8G,Accessories & Supplies
B079KL4C91,Accessories & Supplies
B08P25VBY1,Accessories & Supplies
B08TJRVWV1,Accessories & Supplies
B0831BF1FH,Accessories & Supplies
B08R6S1M1K,Accessories & Supplies
B0D9LL9BKW,Accessories & Supplies
B07DD5YHMH,Accessories & Supplies
B0DCH8VDXF,Accessories & Supplies
B088NRLMPV,Accessories & Supplies
B0C1Y8Z6VT,Accessories & Supplies
B0DNVQNBRP,Accessories & Supplies
B0DGJ7HYG1,Accessories & Supplies
B0CZPLV566,Accessories & Supplies
B0D4215HCX,Accessories & Supplies
B09TQY66NH,Accessories & Supplies
B07PHSF8DP,Accessories & Supplies
B092J8LPWR,Accessories & Supplies
B0CZPGX972,Accessories & Supplies
B0B768XC42,Accessories & Supplies
B0CMTP8ZKG,Accessories & Supplies
B0BFCC18FS,Accessories & Supplies
B07P29XQR4,Accessories & Supplies
B07N3FYTW5,Accessories & Supplies
B0D6NPL7XC,Accessories & Supplies
B08LVSFN4X,Accessories & Supplies
B09CSSP9C1,Accessories & Supplies
B0DJFW7PNM,Accessories & Supplies
B09VH599VG,Accessories & Supplies
B0DCK3Q1XT,Accessories & Supplies
B0B2R7G9ML,Accessories & Supplies
B0CHYBKQPM,Accessories & Supplies
B09SG2Q23M,Accessories & Supplies
B0D1XD1ZV3,Headphones
B0DGHMNQ5Z,Headphones
B0DCH8VDXF,Headphones
B0DGJ7HYG1,Headphones
B0CZPLV566,Headphones
B0CZPGX972,Headphones
B0BTYCRJSS,Headphones
B0BQPNMXQV,Headphones
B0CZPHPJLN,Headphones
B09LYF2ST7,Headphones
B0DD41G2NZ,Headphones
B0C8PR4W22,Headphones
B0DN9XTK3S,Headphones
B08WM3LMJF,Headphones
B0D3J85SX4,Headphones
B0DN9VSM5L,Headphones
B09FT58QQP,Headphones
B07RGZ5NKS,Headphones
B0D635YLCT,Headphones
B0CX1SZPH3,Headphones
B0D17TFVTF,Headphones
B0DC95VBG5,Headphones
B09K4WZGVD,Headphones
B07TKBTCVS,Headphones
B096SV8SJG,Headphones
B0D95134GD,Headphones
B0C8PSMPTH,Headphones
B08L6ZYW21,Headphones
B0C5NQSPMN,Headphones
B0BTYCJXBK,Headphones
B09DT48V16,Headphones
B0D951B4HJ,Headphones
B0D3JBRJ27,Headphones
B0D7RJTH4B,Headphones
B0CSXV3GK4,Headphones
B0D3JB14QS,Headphones
B0BS1PRC4L,Headphones
B07KY8G9NM,Headphones
B0BTYDLTM3,Headphones
B0BS1RT9S2,Headphones
B09FLNSYDZ,Headphones
B0CF7GYNW2,Headphones
B01M0GB8CC,Headphones
B00JG2WRUO,Headphones
B09BF64J55,Headphones
B0D9K5K5M3,Headphones
B0DLKB5V35,Headphones
B0C8PT7DF5,Headphones
B0C3W4MNN1,Headphones
B0D5HG7TC3,Headphones
B0CQXMXJC5,Headphones
B0C3HCD34R,Headphones
B09BFFGQ5N,Headphones
B0BR9SSP86,Headphones
B07R5QD598,Headphones
B0CXGXT6W8,Headphones
B0C9MYNRWC,Headphones
B09QRPDQWR,Headphones
B0C8PWSW7T,Headphones
B0B1LVC5VZ,Headphones
B08WM1V5P1,Headphones
B0BS1QCFHX,Headphones
B0CRGR2TS5,Headphones
B0BQPGJ9LQ,Headphones
B0BM4HGSFJ,Headphones
B09NNBBY8F,Headphones
B092CP8ZH4,Headphones
B08HMWZBXC,Headphones
B0CRTYZG5C,Headphones
B09MQGTP7Y,Headphones
B0DN1K945D,Headphones
B0CTBCDD6D,Headphones
B0CFV9XR2Q,Headphones
B0BSYFB99D,Headphones
B075F6TB7F,Headphones
B07J2Z5DBM,Headphones
B0DLH2WRF4,Headphones
B0CTD56NJ2,Headphones
B0CRT6HQ82,Headphones
B0DMSS64K9,Headphones
B0863TXGM3,Headphones
B098TNK4YM,Headphones
B0CX1TJ228,Headphones
B09LD2D1TV,Headphones
B0D83FXFGZ,Headphones
B0DGKWQMSM,Headphones
B0DPKVJGN6,Headphones
B07HH1QSLB,Headphones
B0C3KWT5V6,Headphones
B0DJTBTYL2,Headphones
B0170RBJ9Q,Headphones
B0CQXG17RL,Headphones
B09KGLRF8J,Headphones
B0CYNFWD2R,Headphones
B0BS1QB15L,Headphones
B088Z22VYF,Headphones
B0C1F6QKD2,Headphones
B0DTHMW887,Headphones
B0BMLXSNG8,Headphones
B0CLGDP8VW,Headphones
B0CD2BS3QX,Camera & Photo
B0C6DXY5KC,Camera & Photo
B0DHRQRLYW,Camera & Photo
B0D3T44YZ2,Camera & Photo
B0B15LHF3K,Camera & Photo
B0CZZQM27Z,Camera & Photo
B0C23NHY65,Camera & Photo
B09N6D5SDX,Camera & Photo
B07QB79SN6,Camera & Photo
B0BW2CYQZJ,Camera & Photo
B0B5VLCL1N,Camera & Photo
B08C72V1LB,Camera & Photo
B0DF2J2WLZ,Camera & Photo
B00JDOCW3M,Camera & Photo
B0B75T6CTH,Camera & Photo
B0D2HZ8NN1,Camera & Photo
B0CBBT5RMP,Camera & Photo
B08R59YH7W,Camera & Photo
B084S748F9,Camera & Photo
B0B28G5Y4R,Camera & Photo
B010O189RU,Camera & Photo
B0BTM72KLT,Camera & Photo
B015IY34FA,Camera & Photo
B08J3XK62C,Camera & Photo
B07CVFWVF5,Camera & Photo
B0D9M21LYR,Camera & Photo
B0DC83BGLY,Camera & Photo
B0CG2WNRHF,Camera & Photo
B0DLBFVT55,Camera & Photo
B0CB5GHG3L,Camera & Photo
B0DBVZC1CX,Camera & Photo
B0CG19QXWD,Camera & Photo
B07FWMYFXS,Camera & Photo
B09CKN55DW,Camera & Photo
B0BRM31SQ1,Camera & Photo
B0B198XD6X,Camera & Photo
B0CG6VFFVL,Camera & Photo
B0D5V13FWQ,Camera & Photo
B07YB8HZ8T,Camera & Photo
B0CHSK6M21,Camera & Photo
B07GFP7H8C,Camera & Photo
B0D488BBJX,Camera & Photo
B0CCYP6KFM,Camera & Photo
B0BZ55JZ4S,Camera & Photo
B0CD3285ZJ,Camera & Photo
B0CYYVBXTV,Camera & Photo
B0BVNMK48Q,Camera & Photo
B0C8SZ8LHB,Camera & Photo
B0CRBC2QT9,Camera & Photo
B09ZRN1N3Z,Camera & Photo
B07K6S5DSZ,Meat Substitutes
B07P715GQ5,Meat Substitutes
B07WZH9QCJ,Meat Substitutes
B0118YGM3A,Meat Substitutes
B0118YG2Q2,Meat Substitutes
B0035T92JS,Meat Substitutes
B08GGV6TV6,Meat Substitutes
B07JNMMNHH,Meat Substitutes
B01LXRQ8X4,Meat Substitutes
B07LFPSHVW,Meat Substitutes
B0BXNS26N9,Meat Substitutes
B085R8RP1T,Meat Substitutes
B0725R44QV,Meat Substitutes
B001UJF0L4,Meat Substitutes
B0BRLCZ4MM,Meat Substitutes
B07K6ZYCFY,Meat Substitutes
B0118YGUN2,Meat Substitutes
B09J1Q3BDR,Meat Substitutes
B07K71D9P5,Meat Substitutes
B07VM5956H,Meat Substitutes
B07K6ZDRPT,Meat Substitutes
B08CBYCLWZ,Meat Substitutes
B08L9N1DZJ,Meat Substitutes
B0DDRCSS88,Meat Substitutes
B0BHBTKYC6,Meat Substitutes
B071WC228D,Meat Substitutes
B0DDR874X2,Meat Substitutes
B0118YGLFE,Meat Substitutes
B0DQ99ZVL9,Meat Substitutes
B0B742264Z,Meat Substitutes
B0118YFTXY,Meat Substitutes
B0872FQ6LS,Meat Substitutes
B07YVMCSZW,Meat Substitutes
B093225GJM,Meat Substitutes
B0000AV27T,Meat Substitutes
B000SKI5EU,Meat Substitutes
B0CGVV2CMY,Meat Substitutes
B0CP9JM4TX,Meat Substitutes
B0B9S1GN5D,Meat Substitutes
B0118YGU14,Meat Substitutes
B09W9HM3SV,Meat Substitutes
B076QKP6BF,Meat Substitutes
B07M8Q4LNT,Meat Substitutes
B07K6TNGGF,Meat Substitutes
B0001H1RJU,Meat Substitutes
B000SKP4OE,Meat Substitutes
B000VHRNY8,Meat Substitutes
B0CY5Q2DTM,Meat Substitutes
B0CW2WDG3M,Meat Substitutes
B0CQGDWWJX,Meat Substitutes
B09Z6Q2MLC,Home Audio & Theater
B0CQF6T2K1,Home Audio & Theater
B0B7B6KLH3,Home Audio & Theater
B08M9HND4F,Home Audio & Theater
B0BQS9Y69G,Home Audio & Theater
B09B8V1LZ3,Home Audio & Theater
B0C38WDX79,Home Audio & Theater
B0CLLTPW3H,Home Audio & Theater
B08CZ1FYBD,Home Audio & Theater
B015OW3M1W,Home Audio & Theater
B095P7C4ZH,Home Audio & Theater
B09WNK39JN,Home Audio & Theater
B0B5HX9CQW,Home Audio & Theater
B0D7FF5Y3X,Home Audio & Theater
B014I8SIJY,Home Audio & Theater
B099ZRBW2N,Home Audio & Theater
B0BFC7WQ6R,Home Audio & Theater
B09RX4HKTD,Home Audio & Theater
B08PK7TBFD,Home Audio & Theater
B09VRLJD7J,Home Audio & Theater
B0D2R4GS19,Home Audio & Theater
B09B94RL1R,Home Audio & Theater
B09B93ZDG4,Home Audio & Theater
B0D6GFNFJY,Home Audio & Theater
B0BQF87G62,Home Audio & Theater
B093SY5RRT,Home Audio & Theater
B0BDRSY88T,Home Audio & Theater
B0C3QQ4X6F,Home Audio & Theater
B07X37CG9V,Home Audio & Theater
B091GWJPJ5,Home Audio & Theater
B07HR21CD5,Home Audio & Theater
B07K2NZX8L,Home Audio & Theater
B01I0SI1SG,Home Audio & Theater
B09ZXLRRHY,Home Audio & Theater
B09ZXJDSL5,Home Audio & Theater
B014I8SSD0,Home Audio & Theater
B015OW3GJK,Home Audio & Theater
B09ZX1LRXX,Home Audio & Theater
B0DLSRTWN2,Home Audio & Theater
B08KSY32VR,Home Audio & Theater
B0CTBD4X55,Home Audio & Theater
B0CJM49QLR,Home Audio & Theater
B08ZKMJWJH,Home Audio & Theater
B08FQTYZ52,Home Audio & Theater
B091BD6KJR,Home Audio & Theater
B07T4N7NTX,Home Audio & Theater
B0CNGCGQST,Home Audio & Theater
B08BS181P2,Home Audio & Theater
B081CHLF46,Home Audio & Theater
B0856WDDJB,Home Audio & Theater
B0856WDDJB,Home Audio & Theater
B0837K8Y14,Home Audio & Theater
B008U7SL8I,Home Audio & Theater
B08NX5CZTF,Home Audio & Theater
B083Z8QBJ5,Home Audio & Theater
B08TGG316Z,Home Audio & Theater
B0D49HKPMG,Home Audio & Theater
B0B4R9Y8S2,Home Audio & Theater
B0D1FSGXHB,Home Audio & Theater
B0CT2M293W,Home Audio & Theater
B0D4V95RZK,Home Audio & Theater
B01AQ6OWAG,Home Audio & Theater
B0797MY6JB,Home Audio & Theater
B07TDH11BJ,Home Audio & Theater
B08BFRFJQJ,Home Audio & Theater
B0DCKHXDC3,Home Audio & Theater
B0BCFHS1MT,Home Audio & Theater
B0C6SW85HM,Home Audio & Theater
B09YWNYDYG,Home Audio & Theater
B083M1BLT5,Home Audio & Theater
B0BCQ1DGML,Home Audio & Theater
B07ZQK4GF4,Home Audio & Theater
B09939CLQX,Home Audio & Theater
B09GY8YCS2,Home Audio & Theater
B09ZWV1WQ1,Home Audio & Theater
B09Y14JSFH,Home Audio & Theater
B0DDZN76T9,Home Audio & Theater
B01JB7ZU5M,Home Audio & Theater
B0CKPKDD96,Home Audio & Theater
B006LW0W5Y,Home Audio & Theater
B0BNYZCC66,Home Audio & Theater
B00V7SFR8Y,Home Audio & Theater
B0CL2GD64Y,Home Audio & Theater
B07ZQ7K6S1,Home Audio & Theater
B0CWYRFP79,Home Audio & Theater
B07N3WYLKZ,Home Audio & Theater
B00FRODUR4,Home Audio & Theater
B0B5KYTR7M,Home Audio & Theater
B08GC1K9TF,Home Audio & Theater
B00LM2Y2U4,Home Audio & Theater
B0B8SGKCKC,Home Audio & Theater
B0C6K956T6,Home Audio & Theater
B0CZZXXS6N,Home Audio & Theater
B08TGSSHP4,Home Audio & Theater
B0CJT6JBM8,Home Audio & Theater
B0093162RM,Home Audio & Theater
B093GTBH55,Home Audio & Theater
B08HQ8VY3Q,Home Audio & Theater
B016P9HJIA,Home Audio & Theater
B088KRPCQJ,Home Audio & Theater
B091GKH7XL,Marine Electronics
B08J16G6RG,Marine Electronics
B00022OBNS,Marine Electronics
B0B99FDTRQ,Marine Electronics
B017NI17HQ,Marine Electronics
B076DPJZ9L,Marine Electronics
B0000AZANV,Marine Electronics
B07BFRMC87,Marine Electronics
B08HPVW5KW,Marine Electronics
B01FFAMDPO,Marine Electronics
B08LDZWMKF,Marine Electronics
B07WVQYKZ9,Marine Electronics
B006IWFP2C,Marine Electronics
B01FFAMH78,Marine Electronics
B017NI1IJI,Marine Electronics
B0C1K3FS7Q,Marine Electronics
B01G4EDVLA,Marine Electronics
B078YNJYN8,Marine Electronics
B08LF13X8B,Marine Electronics
B00VV6Y7O2,Marine Electronics
B09BD7YYBJ,Marine Electronics
B00AJVMVQQ,Marine Electronics
B0DL5NKMZY,Marine Electronics
B077PDL6GR,Marine Electronics
B08LF2NML8,Marine Electronics
B0CHMH2K7V,Marine Electronics
B078JFCLPJ,Marine Electronics
B000ZKR4I6,Marine Electronics
B0D7PDWFWT,Marine Electronics
B0DDWFQ393,Marine Electronics
B0DGXBX3T4,Marine Electronics
B076W2N5TH,Marine Electronics
B076H97K4G,Marine Electronics
B0BG686N2H,Marine Electronics
B06XFHFT64,Marine Electronics
B08LDZR6WH,Marine Electronics
B00LEA2FS0,Marine Electronics
B0072L5PIC,Marine Electronics
B01FFOS9PS,Marine Electronics
B06W2GCRTB,Marine Electronics
B07SS96C7M,Marine Electronics
B01MTDGIRR,Marine Electronics
B004HSND3M,Marine Electronics
B09B1P15ZN,Marine Electronics
B07N8SCGVT,Marine Electronics
B00FPQZ95K,Marine Electronics
B000MPMHK4,Marine Electronics
B077PDL4DQ,Marine Electronics
B07PZL9SB7,Marine Electronics
B07WP2N1KR,Marine Electronics
B076DHZQ42,Marine Electronics
B07WP2N1KR,Marine Electronics
B074CJ7G57,Marine Electronics
B07VMB2SGT,Marine Electronics
B0CG2MXZJJ,Marine Electronics
B00I4CUNDA,Marine Electronics
B0D3DQYBF4,Marine Electronics
B08HBZ61FN,Marine Electronics
B09B1NVX9V,Marine Electronics
B0CYLTZFLP,Marine Electronics
B0BBT6MH5Y,Marine Electronics
B000N5T0T4,Marine Electronics
B000KKB5YK,Marine Electronics
B0CYLRK81D,Marine Electronics
B07DNKS5YF,Marine Electronics
B0725KPBR1,Marine Electronics
B001J5MQ20,Marine Electronics
B000N5UW8M,Marine Electronics
B076W9JSK1,Marine Electronics
B06Y1SS49M,Marine Electronics
B09SGT9T88,Marine Electronics
B0CD2NLTJF,Marine Electronics
B07481GG2T,Marine Electronics
B01MFAV2WK,Marine Electronics
B0BMPLS2WH,Marine Electronics
B0B99HCRGV,Marine Electronics
B0B9G4C7BD,Marine Electronics
B082XLK43P,Marine Electronics
B01MDP3DPB,Marine Electronics
B0CGXBQQVB,Marine Electronics
B07BR2FQZN,Marine Electronics
B000230L9A,Marine Electronics
B0DM8SD5VR,Marine Electronics
B00L1YMB88,Marine Electronics
B08NPBX9D5,Marine Electronics
B0CMM29LKF,Marine Electronics
B01EG52PWK,Marine Electronics
B07KTB3J4C,Marine Electronics
B0D7PB2P15,Marine Electronics
B01M2WZ31X,Marine Electronics
B06XD6WJFW,Marine Electronics
B0747ZHK7D,Marine Electronics
B0DSBN3145,Marine Electronics
B00CJJ9Y5M,Marine Electronics
B07D1WFK3J,Marine Electronics
B075TJ4HKQ,Marine Electronics
B0007L8A7M,Marine Electronics
B079H3ZFGG,Marine Electronics
B0C9F7VC3S,Marine Electronics
B000N2Y86W,Marine Electronics
B08412PTS8,Office Electronics
B08412HXK9,Office Electronics
B079KL4C91,Office Electronics
B08XYP6BJV,Office Electronics
B00000JBNX,Office Electronics
B0C6LZ8S34,Office Electronics
B07N3FYTW5,Office Electronics
B07N3G1P55,Office Electronics
B075X7TFY5,Office Electronics
B00WR23X5I,Office Electronics
B00WR23VRI,Office Electronics
B01BYKUI9C,Office Electronics
B08Y999HBF,Office Electronics
B08XZRJMHF,Office Electronics
B0C3L93F2Q,Office Electronics
B0101S7K6C,Office Electronics
B007VBXB48,Office Electronics
B07MCYDD62,Office Electronics
B01BYKV7I8,Office Electronics
B06ZY9LP74,Office Electronics
B00CBAWIIY,Office Electronics
B071Y72MNW,Office Electronics
B07MK5DG9V,Office Electronics
B01AV8PPOQ,Office Electronics
B003H2GBM4,Office Electronics
B01B6QGJ42,Office Electronics
B071YHCML6,Office Electronics
B08HV3MPFD,Office Electronics
B07SZKCGFJ,Office Electronics
B08412TYML,Office Electronics
B07T2S3D6J,Office Electronics
B08R6VTVJG,Office Electronics
B08XYRDSL7,Office Electronics
B0CPDFYYJK,Office Electronics
B00WJDWGA8,Office Electronics
B01644VWZM,Office Electronics
B01GQHHYFE,Office Electronics
B00L1G7K50,Office Electronics
B01BYKD628,Office Electronics
B0D22FDNPX,Office Electronics
B096N8DN2H,Office Electronics
B07N3FH92G,Office Electronics
B0765MNPBL,Office Electronics
B00L1G7LBI,Office Electronics
B0722C491T,Office Electronics
B086QB7WZ1,Office Electronics
B082F13J55,Office Electronics
B01BYKEEFQ,Office Electronics
B01BYKV8FK,Office Electronics
B09471X83K,Office Electronics
B0CFM7BTW8,Office Electronics
B003YT6RNS,Office Electronics
B08DX9DNSJ,Office Electronics
B0CT2R7199,Office Electronics
B088JZNBL1,Office Electronics
B08XZQ8B8V,Office Electronics
B0D6YJGZV6,Office Electronics
B005WTSEGG,Office Electronics
B074RFMST8,Office Electronics
B08SWN848G,Office Electronics
B0CKLZ2336,Office Electronics
B00006IBO5,Office Electronics
B0DR5MBXCS,Office Electronics
B002GHBUTK,Office Electronics
B0CPLFTPCV,Office Electronics
B01HCP9K10,Office Electronics
B08XW7LT9P,Office Electronics
B0DGTHLCGN,Office Electronics
B004NBZB2Y,Office Electronics
B0CJCG8QKB,Office Electronics
B000PDFQ6K,Office Electronics
B0843HV9V1,Office Electronics
B0843HSL56,Office Electronics
B005VC8D88,Office Electronics
B003UATQDO,Office Electronics
B003822IRA,Office Electronics
B00L1G7OMO,Office Electronics
B0BMQ4KLY2,Office Electronics
B08N6STC94,Office Electronics
B0DDKKSJ1M,Office Electronics
B0BTL78Z5F,Office Electronics
B0101SI6W4,Office Electronics
B0CFM82NS2,Office Electronics
B001GXM68Y,Office Electronics
B00E58RQ4Q,Office Electronics
B09N4Z8DNL,Office Electronics
B00E58RQ8M,Office Electronics
B0B4F68L4S,Office Electronics
B09TG52XT4,Office Electronics
B07QZ4ZKYG,Office Electronics
B00TFYYWQA,Office Electronics
B01BYKB774,Office Electronics
B07YBRGLGW,Office Electronics
B00T22R3CU,Office Electronics
B07166SPDK,Office Electronics
B01410YNAM,Office Electronics
B0D7LDQ7FR,Office Electronics
B0CJ8YPCHV,Office Electronics
B0836MYJSD,Office Electronics
B09M9J7HJZ,Office Electronics
B0BRKPVZB4,Portable Audio & Video
B09B8V1LZ3,Portable Audio & Video
B01MTB55WH,Portable Audio & Video
B0BFC7WQ6R,Portable Audio & Video
B09B94RL1R,Portable Audio & Video
B09B93ZDG4,Portable Audio & Video
B01MFCFKG5,Portable Audio & Video
B07FKYHTWP,Portable Audio & Video
B08MKT9B7X,Portable Audio & Video
B08FDPW8KR,Portable Audio & Video
B07HMFMWGG,Portable Audio & Video
B07QK2SPP7,Portable Audio & Video
B08GC1G4Y9,Portable Audio & Video
B08KW1KR5H,Portable Audio & Video
B08HK5SXH1,Portable Audio & Video
B0CCVJ1LX6,Portable Audio & Video
B083TLZN7G,Portable Audio & Video
B0CTNWBT1Z,Portable Audio & Video
B0B3R6YW2J,Portable Audio & Video
B08X4YMTPM,Portable Audio & Video
B07TSH7ZN5,Portable Audio & Video
B0CZX48H2Z,Portable Audio & Video
B0D65YLZTX,Portable Audio & Video
B083WNRH45,Portable Audio & Video
B09KBX1BHF,Portable Audio & Video
B00007KDX6,Portable Audio & Video
B0CY2656MV,Portable Audio & Video
B0CTP56C5R,Portable Audio & Video
B08LC4JWJ9,Portable Audio & Video
B015QIC1PW,Portable Audio & Video
B08T1FB7J3,Portable Audio & Video
B0D3JLV5K6,Portable Audio & Video
B09LQJBCT7,Portable Audio & Video
B010OYASRG,Portable Audio & Video
B07KRK3FZ9,Portable Audio & Video
B0B9H9JWCJ,Portable Audio & Video
B0DB1753RZ,Portable Audio & Video
B0CW2QQGXD,Portable Audio & Video
B07XKF5RM3,Portable Audio & Video
B0CX1FRR27,Portable Audio & Video
B0DL9WQ4Z4,Portable Audio & Video
B0CTNTFBNX,Portable Audio & Video
B08CC3D4NS,Portable Audio & Video
B098SM9FVL,Portable Audio & Video
B07Q3SXPFY,Portable Audio & Video
B0DHSS2NNF,Portable Audio & Video
B0C61K2QY5,Portable Audio & Video
B074XPB313,Portable Audio & Video
B00KHX9MCW,Portable Audio & Video
B088GQMX45,Portable Audio & Video
B0BZWRSRWV,Security & Surveillance
B07X6C9RMF,Security & Surveillance
B08GHX9G5L,Security & Surveillance
B0866S3D82,Security & Surveillance
B0B6GLQJMV,Security & Surveillance
B0C5QRZ47P,Security & Surveillance
B09JZ5BG26,Security & Surveillance
B0CJ9YX7DG,Security & Surveillance
B08F6GPQQ7,Security & Surveillance
B07WML2XTD,Security & Surveillance
B08CKHPP52,Security & Surveillance
B0B1N5FK48,Security & Surveillance
B0CD31RLDK,Security & Surveillance
B09Y8C185M,Security & Surveillance
B0CG2VS5FD,Security & Surveillance
B0B6GJBKRK,Security & Surveillance
B0B1N4LM4J,Security & Surveillance
B0B1N7LJD3,Security & Surveillance
B0B1N6B8QT,Security & Surveillance
B0829KDY9X,Security & Surveillance
B0B5GRGB58,Security & Surveillance
B0B1N5HW22,Security & Surveillance
B0BBX45V5B,Security & Surveillance
B09YL5G1Y8,Security & Surveillance
B0CH45HPZT,Security & Surveillance
B0856W45VL,Security & Surveillance
B09DRX62ZV,Security & Surveillance
B0B28H2DFZ,Security & Surveillance
B0CFX8T281,Security & Surveillance
B0BY8KN5CG,Security & Surveillance
B0C5QRYBJB,Security & Surveillance
B09N6D5SDX,Security & Surveillance
B0C23NHY65,Security & Surveillance
B0CZZQM27Z,Security & Surveillance
B0B5VLCL1N,Security & Surveillance
B09J6Y8Y73,Security & Surveillance
B0B75T6CTH,Security & Surveillance
B0BW2CYQZJ,Security & Surveillance
B0CBBT5RMP,Security & Surveillance
B0D2HZ8NN1,Security & Surveillance
B08R59YH7W,Security & Surveillance
B0BWSPP9HH,Security & Surveillance
B0DLBFVT55,Security & Surveillance
B0CG2WNRHF,Security & Surveillance
B09CKN55DW,Security & Surveillance
B0CG6VFFVL,Security & Surveillance
B0D934JSBF,Security & Surveillance
B0D5V13FWQ,Security & Surveillance
B07YB8HZ8T,Security & Surveillance
B0CHSK6M21,Security & Surveillance
B07BGT9MSJ,Portable Audio & Video
B07KBWN8L1,Portable Audio & Video
B0BRKPK85W,Portable Audio & Video
B0C9TH3H64,Portable Audio & Video
B00176T9OY,Portable Audio & Video
B07S1V2V3F,Portable Audio & Video
B00KDZHLNG,Portable Audio & Video
B07TXL4XJP,Portable Audio & Video
B09GJVTRNZ,Portable Audio & Video
B007B5QVTG,Portable Audio & Video
B0D4SX9RC6,Portable Audio & Video
B08LQNL42Z,Portable Audio & Video
B09LQL5RBD,Portable Audio & Video
B0C9L7RKM6,Portable Audio & Video
B09WJSWGGZ,Portable Audio & Video
B085HK4KL6,Portable Audio & Video
B07Q8WH9TX,Portable Audio & Video
B0CH9WWWHN,Portable Audio & Video
B087F3GHSW,Portable Audio & Video
B084KQMH6V,Portable Audio & Video
B087MXMWHN,Portable Audio & Video
B07XVFB67J,Portable Audio & Video
B0B49P5YP1,Portable Audio & Video
B0CLNVNJDR,Portable Audio & Video
B08J2MTTWY,Portable Audio & Video
B0CQ53RVTW,Portable Audio & Video
B07CTBHCWS,Portable Audio & Video
B08KVZ6X3P,Portable Audio & Video
B083933VFT,Portable Audio & Video
B0CTNWKGM2,Portable Audio & Video
B01NAPDHAV,Portable Audio & Video
B07G9Y3ZMC,Portable Audio & Video
B088ZQ5DYQ,Portable Audio & Video
B0CZWQV8P5,Portable Audio & Video
B0DF653HPZ,Portable Audio & Video
B08KHL5KKL,Portable Audio & Video
B07DLFGFM5,Portable Audio & Video
B0CTNMJL8G,Portable Audio & Video
B01CQOV3YO,Portable Audio & Video
B0BRKQDS3S,Portable Audio & Video
B091YBXS88,Portable Audio & Video
B07HKQ6YGX,Portable Audio & Video
B08THWWDTC,Portable Audio & Video
B07594HZ6Y,Portable Audio & Video
B09GJZKQ3K,Portable Audio & Video
B09XXW54QG,Portable Audio & Video
B07WQB1X3B,Portable Audio & Video
B07GBDMF12,Portable Audio & Video
B099T738ZC,Portable Audio & Video
B0CTNYC4BS,Portable Audio & Video
B08QDXM34K,Service & Replacement Plans
B08QF144R4,Service & Replacement Plans
B016YQ8LCC,Service & Replacement Plans
B06VSSZZWN,Service & Replacement Plans
B08DQHTH11,Service & Replacement Plans
B07W4XT3JK,Service & Replacement Plans
B08GL41ND6,Service & Replacement Plans
B07WDLC1WL,Service & Replacement Plans
B08DPZ2YDC,Service & Replacement Plans
B08QDXNC6Y,Service & Replacement Plans
B07PB59GHP,Service & Replacement Plans
B01J8YFPOO,Service & Replacement Plans
B08DQ3B9KH,Service & Replacement Plans
B08QDTW7VS,Service & Replacement Plans
B07PB4DNMP,Service & Replacement Plans
B009RS23BK,Service & Replacement Plans
B08GL1QFDW,Service & Replacement Plans
B07W86Q9D4,Service & Replacement Plans
B07BT5RLNL,Service & Replacement Plans
B00WH4DATK,Service & Replacement Plans
B074JJ48B5,Service & Replacement Plans
B08DPYJ31C,Service & Replacement Plans
B07BT1QKCT,Service & Replacement Plans
B01KPA6VSY,Service & Replacement Plans
B01KPA7JTY,Service & Replacement Plans
B08DQGM1H1,Service & Replacement Plans
B06VSVCTD5,Service & Replacement Plans
B00WH4FJRG,Service & Replacement Plans
B07WGQ9VBL,Service & Replacement Plans
B0CFG5GR7J,Service & Replacement Plans
B08DQ5SFXY,Service & Replacement Plans
B07W4XT4QX,Service & Replacement Plans
B08QDX3DKK,Service & Replacement Plans
B07PB5QB49,Service & Replacement Plans
B08DQGJ8PG,Service & Replacement Plans
B01BSZD8K4,Service & Replacement Plans
B07BSS58QD,Service & Replacement Plans
B01BSZEC90,Service & Replacement Plans
B07B433CJ4,Service & Replacement Plans
B08QDYRYD7,Service & Replacement Plans
B01GWFE7JG,Service & Replacement Plans
B08QDYR4QT,Service & Replacement Plans
B07BSRHM87,Service & Replacement Plans
B08H6XTQTX,Service & Replacement Plans
B07B43H86N,Service & Replacement Plans
B0CFG4W7JY,Service & Replacement Plans
B08QF19CDB,Service & Replacement Plans
B01LXDGF4J,Service & Replacement Plans
B06W2GCKT9,Service & Replacement Plans
B01LZZ7VKJ,Service & Replacement Plans
B0CJM1GNFQ,Televisions & Video
B0CQMRKRV5,Televisions & Video
B0BP9SNVH9,Televisions & Video
B07DD5YHMH,Televisions & Video
B088NRLMPV,Televisions & Video
B0BCH5H2R3,Televisions & Video
B09BKCDXZC,Televisions & Video
B00SFSU53G,Televisions & Video
B09Z6Q2MLC,Televisions & Video
B0CQF6T2K1,Televisions & Video
B0B7B6KLH3,Televisions & Video
B08M9HND4F,Televisions & Video
B091G4YP57,Televisions & Video
B0BQS9Y69G,Televisions & Video
B09LCJPZ1P,Televisions & Video
B07SHFPD8S,Televisions & Video
B08C1W5N87,Televisions & Video
B08FYNN55Z,Televisions & Video
B0DHRK73KP,Televisions & Video
B00NKYYMAW,Televisions & Video
B0C38WDX79,Televisions & Video
B0CSYG2CP3,Televisions & Video
B01KBEOL5E,Televisions & Video
B0BJMDHRPS,Televisions & Video
B0CLLTPW3H,Televisions & Video
B07DC5PPFV,Televisions & Video
B015OW3M1W,Televisions & Video
B08CZ1FYBD,Televisions & Video
B089DM4KDW,Televisions & Video
B0CFQ5T5F6,Televisions & Video
B00RBQ0524,Televisions & Video
B082Z1YYRK,Televisions & Video
B0D9NZTGLF,Televisions & Video
B08PVPTNZL,Televisions & Video
B07VVJZJ2P,Televisions & Video
B088FSHMQ3,Televisions & Video
B0BPCZLFS4,Televisions & Video
B0DF44RTTP,Televisions & Video
B09ZLTMWWH,Televisions & Video
B07RQRMGKB,Televisions & Video
B014I8SIJY,Televisions & Video
B0CXG3HMX1,Televisions & Video
B0916TKFF2,Televisions & Video
B099ZRBW2N,Televisions & Video
B072LY7465,Televisions & Video
B0CL4WP7BP,Televisions & Video
B0997HW4JP,Televisions & Video
B09RX4HKTD,Televisions & Video
B08T5WPC53,Televisions & Video
B07SMNZK8H,Televisions & Video
B08PK7TBFD,Televisions & Video
B07YJ4TKFM,Televisions & Video
B0CL26CTYG,Televisions & Video
B00NH13DV2,Televisions & Video
B0DPZSP49P,Televisions & Video
B0D2R4GS19,Televisions & Video
B07CXF452P,Televisions & Video
B07RYWPCG8,Televisions & Video
B09492HXH7,Televisions & Video
B0C5DFLGZG,Televisions & Video
B0BTTVRWPR,Televisions & Video
B0D6GFNFJY,Televisions & Video
B093SY5RRT,Televisions & Video
B0D72WK9H7,Televisions & Video
B0CMXNMNJ9,Televisions & Video
B0BDRSY88T,Televisions & Video
B088NMR44C,Televisions & Video
B0CR18G7RQ,Televisions & Video
B01GGKYO1I,Televisions & Video
B00DI89WDW,Televisions & Video
B07X37CG9V,Televisions & Video
B0CVS1XHJL,Televisions & Video
B07ZV6FHWF,Televisions & Video
B07HR21CD5,Televisions & Video
B091GWJPJ5,Televisions & Video
B0B58F43XG,Televisions & Video
B0BJQ93CS9,Televisions & Video
B07P5PRK7J,Televisions & Video
B00NH11KIK,Televisions & Video
B00M77HMU0,Televisions & Video
B0D7W3R7T9,Televisions & Video
B07MZ7M13M,Televisions & Video
B0732MD43P,Televisions & Video
B0DDQ9HSRJ,Televisions & Video
B07CTK4TH4,Televisions & Video
B07RX69KR8,Televisions & Video
B015OW3GJK,Televisions & Video
B0DLSRTWN2,Televisions & Video
B0BPC6TTNX,Televisions & Video
B014I8SSD0,Televisions & Video
B0CCRNJ7Y4,Televisions & Video
B08KSY32VR,Televisions & Video
B00NH13S44,Televisions & Video
B0CZ3C93XD,Televisions & Video
B0CTBD4X55,Televisions & Video
B0BG1RF2CV,Televisions & Video
B01JRNIWJG,Televisions & Video
B0CJM49QLR,Televisions & Video
B0C4FDJ8F7,Televisions & Video
B08FQTYZ52,Televisions & Video
B0C5DCRRN7,Video Game Consoles & Accessories
B09QHJH89D,Video Game Consoles & Accessories
B09Y5VSTQ8,Video Game Consoles & Accessories
B016P09VFS,Video Game Consoles & Accessories
B0C7FSKPK2,Video Game Consoles & Accessories
B01NAWKYZ0,Video Game Consoles & Accessories
B07VGRJDFY,Video Game Consoles & Accessories
B07GD8TN2M,Video Game Consoles & Accessories
B0DH689JGY,Video Game Consoles & Accessories
B07V4GCFP9,Video Game Consoles & Accessories
B07WQXBZ41,Video Game Consoles & Accessories
B08R8DT7X6,Video Game Consoles & Accessories
B09HH443GV,Video Game Consoles & Accessories
B0BZDMK99T,Video Game Consoles & Accessories
B08LBK5J49,Video Game Consoles & Accessories
B09MLSJHN2,Video Game Consoles & Accessories
B00ZC3S818,Video Game Consoles & Accessories
B0BY3LT3Z9,Video Game Consoles & Accessories
B0BNTK5C8B,Video Game Consoles & Accessories
B07DVFQ1SV,Video Game Consoles & Accessories
B0CLV1YDYS,Video Game Consoles & Accessories
B09Z2B2LRX,Video Game Consoles & Accessories
B098RKWHHZ,Video Game Consoles & Accessories
B016P0BVH4,Video Game Consoles & Accessories
B07ZF8T63K,Video Game Consoles & Accessories
B0DB96KTGL,Video Game Consoles & Accessories
B09DVMW6GS,Video Game Consoles & Accessories
B07WD4TSNQ,Video Game Consoles & Accessories
B087JLL5KP,Video Game Consoles & Accessories
B08HQBC678,Video Game Consoles & Accessories
B0BJ64DBKM,Video Game Consoles & Accessories
B0BVL1K5JQ,Video Game Consoles & Accessories
B0CCX469QG,Video Game Consoles & Accessories
B0DB9HZVZV,Video Game Consoles & Accessories
B0C7VQ8P8M,Video Game Consoles & Accessories
B0CD864PM3,Video Game Consoles & Accessories
B0C9HKYXSH,Video Game Consoles & Accessories
B0CZLB3S83,Video Game Consoles & Accessories
B08N6LXHHQ,Video Game Consoles & Accessories
B097XLJX89,Video Game Consoles & Accessories
B07XV4NHHN,Video Game Consoles & Accessories
B01NAUKS62,Video Game Consoles & Accessories
B0DR91J72Y,Video Game Consoles & Accessories
B09M8CVMYF,Video Game Consoles & Accessories
B0CM8WK2VJ,Video Game Consoles & Accessories
B01N7RUZ49,Video Game Consoles & Accessories
B0CCSTWB9R,Video Game Consoles & Accessories
B0BRK96DJX,Video Game Consoles & Accessories
B08ZNQN1FP,Video Game Consoles & Accessories
B0CQCD63ZV,Video Game Consoles & Accessories
B0D9LJPWX9,Cell Phones & Accessories
B0D1XD1ZV3,Cell Phones & Accessories
B0CWXNS552,Cell Phones & Accessories
B0CJMJS3DS,Cell Phones & Accessories
B0D54JZTHY,Cell Phones & Accessories
B0DGHMNQ5Z,Cell Phones & Accessories
B0B283QP2N,Cell Phones & Accessories
B07CZDXDG8,Cell Phones & Accessories
B07H2V5YLH,Cell Phones & Accessories
B0C8HHV9DK,Cell Phones & Accessories
B09F2JY5FF,Cell Phones & Accessories
B07WRBDXZ8,Cell Phones & Accessories
B0DPKHTQRB,Cell Phones & Accessories
B0CZ9M6X8Q,Cell Phones & Accessories
B09KR8P3L5,Cell Phones & Accessories
B0CCYNCW8G,Cell Phones & Accessories
B08P25VBY1,Cell Phones & Accessories
B08TJRVWV1,Cell Phones & Accessories
B0831BF1FH,Cell Phones & Accessories
B0D9LL9BKW,Cell Phones & Accessories
B07DD5YHMH,Cell Phones & Accessories
B0DCH8VDXF,Cell Phones & Accessories
B088NRLMPV,Cell Phones & Accessories
B0C1Y8Z6VT,Cell Phones & Accessories
B0DNVQNBRP,Cell Phones & Accessories
B0DGJ7HYG1,Cell Phones & Accessories
B0CZPLV566,Cell Phones & Accessories
B0D4215HCX,Cell Phones & Accessories
B09TQY66NH,Cell Phones & Accessories
B07PHSF8DP,Cell Phones & Accessories
B0CZPGX972,Cell Phones & Accessories
B0B768XC42,Cell Phones & Accessories
B0CMTP8ZKG,Cell Phones & Accessories
B0BFCC18FS,Cell Phones & Accessories
B07P29XQR4,Cell Phones & Accessories
B0D6NPL7XC,Cell Phones & Accessories
B08LVSFN4X,Cell Phones & Accessories
B09CSSP9C1,Cell Phones & Accessories
B0DJFW7PNM,Cell Phones & Accessories
B0B2R7G9ML,Cell Phones & Accessories
B09VH599VG,Cell Phones & Accessories
B0DCK3Q1XT,Cell Phones & Accessories
B0CHYBKQPM,Cell Phones & Accessories
B0B2WLSY9D,Cell Phones & Accessories
B0D2XKTM2P,Cell Phones & Accessories
B08D6TPP5Y,Cell Phones & Accessories
B0C2BMNHW2,Cell Phones & Accessories
B0B14VQ5GQ,Cell Phones & Accessories
B0CPSBD68W,Cell Phones & Accessories
B07TK6MPNB,Cell Phones & Accessories
B082F13J55,Video Projectors
B07YBRGLGW,Video Projectors
B0DCFBYG99,Video Projectors
B0CD2BS3QX,Video Projectors
B0D3T44YZ2,Video Projectors
B0B28G5Y4R,Video Projectors
B0D638S3KG,Video Projectors
B07MTCMHZX,Video Projectors
B099N4NSSD,Video Projectors
B0BG2GFCGD,Video Projectors
B0CZ6TVK4Y,Video Projectors
B0DHRQLCWD,Video Projectors
B07QMRRHPY,Video Projectors
B0DP2D2238,Video Projectors
B0DGKY3Q71,Video Projectors
B0D5M44Y5G,Video Projectors
B0BMQCFBC2,Video Projectors
B0DG4WZZ4H,Video Projectors
B07YY87FXP,Video Projectors
B0CLG8L3GB,Video Projectors
B0D2DD71SD,Video Projectors
B0DGGHM7TB,Video Projectors
B0D8BCJ1PV,Video Projectors
B09HT8LL87,Video Projectors
B0D66D792T,Video Projectors
B0CYZNF3DY,Video Projectors
B09Q5GJ7J7,Video Projectors
B0DBY95KKP,Video Projectors
B0BTHDPTSG,Video Projectors
B0991YNM7B,Video Projectors
B089NHQZGD,Video Projectors
B09TJFW6T3,Video Projectors
B0DN6CKXP3,Video Projectors
B0CFFL912Q,Video Projectors
B0DJXRGJ66,Video Projectors
B09984Z7W5,Video Projectors
B0DPW49T3T,Video Projectors
B0DQXLC35N,Video Projectors
B0BNSNLJ56,Video Projectors
B0D2MWJR59,Video Projectors
B0D45QB8BV,Video Projectors
B0DMDCWK9T,Video Projectors
B0CSDPBW2S,Video Projectors
B0C9M72FG8,Video Projectors
B0DBYZJWMS,Video Projectors
B0CCSF3VSY,Video Projectors
B0D8KFC85K,Video Projectors
B0CFQRFRJL,Video Projectors
B0D2L2DMN5,Video Projectors
B01HRFBOWI,Video Projectors
B07WRBDXZ8,Wearable Technology
B0DGHQ2QH6,Wearable Technology
B0B2R7G9ML,Wearable Technology
B0B14VQ5GQ,Wearable Technology
B0B5F9SZW7,Wearable Technology
B0B2ZYHJKP,Wearable Technology
B0DGJ73CFS,Wearable Technology
B09THCBHQ4,Wearable Technology
B0BGH2V2Q9,Wearable Technology
B0BR93H51V,Wearable Technology
B09D7XHBJC,Wearable Technology
B0CT5B4PTF,Wearable Technology
B0CC62ZG1M,Wearable Technology
B09V5N5SPY,Wearable Technology
B095K58Z9Y,Wearable Technology
B0CB5TXHMW,Wearable Technology
B09JP22MLJ,Wearable Technology
B0CYH4HRJ6,Wearable Technology
B09KGM1VM1,Wearable Technology
B0C859YMN6,Wearable Technology
B0CCSRR1T3,Wearable Technology
B0CCNDJMVZ,Wearable Technology
B0DDWH41HB,Wearable Technology
B0DGJ736JM,Wearable Technology
B09131JLC1,Wearable Technology
B093H67JL5,Wearable Technology
B0DFG31G1P,Wearable Technology
B0CTH4VRZF,Wearable Technology
B0D6W7ZBJJ,Wearable Technology
B0CCKSX2Y5,Wearable Technology
B08HRKRWST,Wearable Technology
B09N3F4PPW,Wearable Technology
B09HH33YDL,Wearable Technology
B0BYRM9QF8,Wearable Technology
B09CLC9WFD,Wearable Technology
B0B1HHSMDD,Wearable Technology
B0DBLQN4Y9,Wearable Technology
B0CHX5CS34,Wearable Technology
B07F1RRQXQ,Wearable Technology
B083M8DP6X,Wearable Technology
B0CL9QM731,Wearable Technology
B0CLR93Z6X,Wearable Technology
B0BR444LRS,Wearable Technology
B0B2DTQ3NY,Wearable Technology
B0BGHP3LT5,Wearable Technology
B09TK5SKF3,Wearable Technology
B07TC5T515,Wearable Technology
B0B4MWCFV4,Wearable Technology
B096RY7KTN,Wearable Technology
B0D7GV2MQ8,Wearable Technology
B0BGXKQ4MP,Video Projectors
B0DMDJY8NT,Video Projectors
B0DK8J1MWF,Video Projectors
B0CRKLJ8HC,Video Projectors
B0DFLRZBH4,Video Projectors
B078NCG82N,Video Projectors
B0D2QYT17Y,Video Projectors
B0D1G442BM,Video Projectors
B0DF2VXW3Z,Video Projectors
B0DHRJZZDM,Video Projectors
B0D6FSHMXM,Video Projectors
B0D9QDYLGN,Video Projectors
B0D83GKZZ7,Video Projectors
B0BMT184BM,Video Projectors
B0D6QGRNP4,Video Projectors
B0D69M55YM,Video Projectors
B0CC4D6BNK,Video Projectors
B0DL61FDFS,Video Projectors
B0DLGCYX6G,Video Projectors
B07RLXZ88F,Video Projectors
B093Q2V436,Video Projectors
B09813LFNK,Video Projectors
B0DJX49NFR,Video Projectors
B0BDQ84L6Z,Video Projectors
B08P58JXJ9,Video Projectors
B0BCPS4PSZ,Video Projectors
B0D95Q4KKH,Video Projectors
B0D48GQSDV,Video Projectors
B0DD6SKL57,Video Projectors
B0CHW168LV,Video Projectors
B0DJY3CRRH,Video Projectors
B0B4SGVY6Z,Video Projectors
B0BJD2G2SJ,Video Projectors
B09DCKJBCH,Video Projectors
B0D2CSS5MY,Video Projectors
B0BWQB77LX,Video Projectors
B0DMSZQL6W,Video Projectors
B0DK572GWV,Video Projectors
B0CSSKZ4S6,Video Projectors
B08P59KNM4,Video Projectors
B0CHW11C8H,Video Projectors
B0D4VDJPSN,Video Projectors
B09JFJKD4Q,Video Projectors
B0CJZP5KL4,Video Projectors
B0CSFH3XD3,Video Projectors
B0BGLQC6F8,Video Projectors
B0D8HRH431,Video Projectors
B07HNX276T,Video Projectors
B0D1C477LN,Video Projectors
B0C87Q4R51,Video Projectors
B0DFPJGQW4,Wearable Technology
B0CJ98L1X3,Wearable Technology
B0CDBL6KN8,Wearable Technology
B095W1SBNB,Wearable Technology
B0DFY9VGW9,Wearable Technology
B07ZFVYNRQ,Wearable Technology
B0CGV5HMMP,Wearable Technology
B0BCW654FC,Wearable Technology
B0B2QQLMX8,Wearable Technology
B0CPDFX35C,Wearable Technology
B08FDB3LVR,Wearable Technology
B0BPS842DH,Wearable Technology
B09HH3V9HD,Wearable Technology
B09XBCD65P,Wearable Technology
B0BG6X2XMB,Wearable Technology
B08PKJ5H7Q,Wearable Technology
B09CLJPBPK,Wearable Technology
B099N6V2H8,Wearable Technology
B0D4DK3XZ7,Wearable Technology
B0CM2W96CQ,Wearable Technology
B09WK8FG6F,Wearable Technology
B08RB6NNBN,Wearable Technology
B09KLT2ZSP,Wearable Technology
B0CMCWCFSN,Wearable Technology
B0CHVRX6QG,Wearable Technology
B0BDDWZPY6,Wearable Technology
B0CC8P66PR,Wearable Technology
B0CD3S1N35,Wearable Technology
B0CBX2V3BQ,Wearable Technology
B07JGN3B3D,Wearable Technology
B0BGLDV1C9,Wearable Technology
B0CH9R86DJ,Wearable Technology
B0DHYJ9CGH,Wearable Technology
B0BXGVC84Q,Wearable Technology
B09933XT8M,Wearable Technology
B0963WF6C8,Wearable Technology
B0BRN1MQM8,Wearable Technology
B0BD5GHY6Z,Wearable Technology
B088T9WKV3,Wearable Technology
B0BG5WNVBX,Wearable Technology
B0CC9DXVPF,Wearable Technology
B0DCNGJ4VZ,Wearable Technology
B0DK4NB7HJ,Wearable Technology
B0BQD8PDG4,Wearable Technology
B092ZR7K3V,Wearable Technology
B0D292P3LL,Wearable Technology
B07HQ5R5CT,Wearable Technology
B082NVYCW5,Wearable Technology
B0DNJK84HN,Wearable Technology
B0CPJ72QDS,Wearable Technology
B074MDTWQR,Abrasive & Finishing Products
B08L7JFSSC,Abrasive & Finishing Products
B08279QR75,Abrasive & Finishing Products
B0CZ9BTYG9,Abrasive & Finishing Products
B0BLGKLLCG,Abrasive & Finishing Products
B09DFGPSZZ,Abrasive & Finishing Products
B07HHY6MKY,Abrasive & Finishing Products
B0CYPXWNR9,Abrasive & Finishing Products
B0886BPP97,Abrasive & Finishing Products
B08HDMGN77,Abrasive & Finishing Products
B091Y7S71L,Abrasive & Finishing Products
B0894N7QT2,Abrasive & Finishing Products
B07T8FDKD3,Abrasive & Finishing Products
B00002N6FF,Abrasive & Finishing Products
B005B8LZCI,Abrasive & Finishing Products
B07KNLBM7B,Abrasive & Finishing Products
B01D0HA3LK,Abrasive & Finishing Products
B09M3QG4LZ,Abrasive & Finishing Products
B001B1IUFO,Abrasive & Finishing Products
B0828K5RH1,Abrasive & Finishing Products
B07X54YXXM,Abrasive & Finishing Products
B0CWNQRQ39,Abrasive & Finishing Products
B07RP9X98J,Abrasive & Finishing Products
B07WZSG4D9,Abrasive & Finishing Products
B07FT71TLC,Abrasive & Finishing Products
B09WMNMXWK,Abrasive & Finishing Products
B09DYQD55R,Abrasive & Finishing Products
B09Z73PD6J,Abrasive & Finishing Products
B0018SCH2W,Abrasive & Finishing Products
B0DD449Y6N,Abrasive & Finishing Products
B07Q5GH7Z6,Abrasive & Finishing Products
B0C1GJ2ZKT,Abrasive & Finishing Products
B0CFM3P7LZ,Abrasive & Finishing Products
B0CC98BB5K,Abrasive & Finishing Products
B0981YQVJ8,Abrasive & Finishing Products
B0CGKPTCQZ,Abrasive & Finishing Products
B07S1Q6DGT,Abrasive & Finishing Products
B08DTRRDT8,Abrasive & Finishing Products
B001SBJFVA,Abrasive & Finishing Products
B0B5ZSB4PW,Abrasive & Finishing Products
B07QX2RTS8,Abrasive & Finishing Products
B074V5YNXB,Abrasive & Finishing Products
B09T6Z9Y2Z,Abrasive & Finishing Products
B07DTFSQVF,Abrasive & Finishing Products
B002XUL0SG,Abrasive & Finishing Products
B07WDCBJ1G,Abrasive & Finishing Products
B0B5G43X3H,Abrasive & Finishing Products
B00GE1UTA0,Abrasive & Finishing Products
B0972VC32P,Abrasive & Finishing Products
B07WGSK4V7,Abrasive & Finishing Products
B0D488BBJX,Security & Surveillance
B0CCYP6KFM,Security & Surveillance
B0BZ55JZ4S,Security & Surveillance
B0CD3285ZJ,Security & Surveillance
B08M125RNW,Security & Surveillance
B0C8SZ8LHB,Security & Surveillance
B08YMBQJ49,Security & Surveillance
B08NYH9JL4,Security & Surveillance
B0DDRT2T87,Security & Surveillance
B0CKW5WK3X,Security & Surveillance
B0BRKJ3323,Security & Surveillance
B00FGPM1SS,Security & Surveillance
B0C9VYBBST,Security & Surveillance
B0B1N6CR7X,Security & Surveillance
B08RS4C67L,Security & Surveillance
B0D4YQY1PG,Security & Surveillance
B09G4CTT4G,Security & Surveillance
B0CYTZZGSB,Security & Surveillance
B0CHVXJSSQ,Security & Surveillance
B0CFXY32Y1,Security & Surveillance
B0CLJ5SP3M,Security & Surveillance
B0CW9W3X73,Security & Surveillance
B0BTDYTRP4,Security & Surveillance
B0BKG4Z1NK,Security & Surveillance
B093Z8FPG6,Security & Surveillance
B0CTY9CG8N,Security & Surveillance
B09CH4L7M4,Security & Surveillance
B09CKQ7KW1,Security & Surveillance
B0CGNGX88G,Security & Surveillance
B0BD5VXKGW,Security & Surveillance
B0B9ZTZRBX,Security & Surveillance
B0DJVGZQW7,Security & Surveillance
B08B3J12L7,Security & Surveillance
B09FCMSJZG,Security & Surveillance
B09KLJTFW7,Security & Surveillance
B0C5MDJ8YT,Security & Surveillance
B08PBR83NM,Security & Surveillance
B0DC1YTDHH,Security & Surveillance
B0B2BY4ZG7,Security & Surveillance
B0CT3FH6KB,Security & Surveillance
B0BBSQN6Q2,Security & Surveillance
B07M943G7L,Security & Surveillance
B01M0X4QM4,Security & Surveillance
B0CHB2TH2V,Security & Surveillance
B0CNRDG796,Security & Surveillance
B08HR8HYPS,Security & Surveillance
B0CT94D1BB,Security & Surveillance
B0B3RMQGKP,Security & Surveillance
B07ZPMCW64,Security & Surveillance
B0BLK1F918,Security & Surveillance
B07PBD5RDG,Service & Replacement Plans
B07PBZ7BBW,Service & Replacement Plans
B07P97TNYX,Service & Replacement Plans
B07P61QJZK,Service & Replacement Plans
B07P6YXCK3,Service & Replacement Plans
B01LZBN5CZ,Service & Replacement Plans
B08BF6Y99G,Service & Replacement Plans
B06VSVR1KP,Service & Replacement Plans
B08DQCPDDB,Service & Replacement Plans
B07BST56BH,Service & Replacement Plans
B00NEP330W,Service & Replacement Plans
B08DPZNJSJ,Service & Replacement Plans
B01LZBN513,Service & Replacement Plans
B08DQDQ7G9,Service & Replacement Plans
B0D3TY86YS,Service & Replacement Plans
B00689PO8U,Service & Replacement Plans
B08QF2DJLJ,Service & Replacement Plans
B08QDYV73Z,Service & Replacement Plans
B08QDYS9L1,Service & Replacement Plans
B06WP29V86,Service & Replacement Plans
B00YV0JAQK,Service & Replacement Plans
B08QDXHXRS,Service & Replacement Plans
B009VOAVUK,Service & Replacement Plans
B01BSZCS2I,Service & Replacement Plans
B07W62V4GC,Service & Replacement Plans
B00E77OKNA,Service & Replacement Plans
B01LXP4JLV,Service & Replacement Plans
B08DQ5WLKF,Service & Replacement Plans
B00C8OC1IA,Service & Replacement Plans
B08DQ8GZ2R,Service & Replacement Plans
B014TBEPXI,Service & Replacement Plans
B08DPYVQBB,Service & Replacement Plans
B00MZ2Q4GK,Service & Replacement Plans
B07D4P5DLG,Service & Replacement Plans
B08QDX6TKB,Service & Replacement Plans
B08DQ8WWKT,Service & Replacement Plans
B07BSSYNYH,Service & Replacement Plans
B08DQ4J3DJ,Service & Replacement Plans
B08DQGCWKB,Service & Replacement Plans
B07D45SMPM,Service & Replacement Plans
B08H6XJKJR,Service & Replacement Plans
B08QDZG8JT,Service & Replacement Plans
B08QDY57PP,Service & Replacement Plans
B00X1LTVGE,Service & Replacement Plans
B00QRZ7WRG,Service & Replacement Plans
B08QF23MZ7,Service & Replacement Plans
B07D462RDT,Service & Replacement Plans
B07BT58BZ8,Service & Replacement Plans
B07W62V5PM,Service & Replacement Plans
B06XNKDY1M,Service & Replacement Plans
B0CF1SXM5N,Additive Manufacturing Products
B0DCJR8JTG,Additive Manufacturing Products
B0CRLGHWZF,Additive Manufacturing Products
B0CR13MHJV,Additive Manufacturing Products
B07G3663HD,Additive Manufacturing Products
B086JQQHPK,Additive Manufacturing Products
B0DJ88D6G1,Additive Manufacturing Products
B0D41Y3WWZ,Additive Manufacturing Products
B0BRG1573B,Additive Manufacturing Products
B0BY1ZMCW8,Additive Manufacturing Products
B07B6VY719,Additive Manufacturing Products
B0C9DQ6H8Z,Additive Manufacturing Products
B099JXQN6K,Additive Manufacturing Products
B09HTXM88F,Additive Manufacturing Products
B0C1RG5CXC,Additive Manufacturing Products
B0D7VTTTPG,Additive Manufacturing Products
B081C946ZJ,Additive Manufacturing Products
B0CHJL4YZ6,Additive Manufacturing Products
B0D95M91JH,Additive Manufacturing Products
B0CT8TLPT6,Additive Manufacturing Products
B01EKEMDA6,Additive Manufacturing Products
B0CFLW4LCJ,Additive Manufacturing Products
B0BYCYH234,Additive Manufacturing Products
B0CLCKQFN6,Additive Manufacturing Products
B0CGJDJ19G,Additive Manufacturing Products
B0D7VSZWVZ,Additive Manufacturing Products
B09DKQR8HD,Additive Manufacturing Products
B0DK7MVPCP,Additive Manufacturing Products
B0C39XCDSY,Additive Manufacturing Products
B094G4NC6L,Additive Manufacturing Products
B0CXZR4WH7,Additive Manufacturing Products
B0D4QDTHPQ,Additive Manufacturing Products
B0C776YTVH,Additive Manufacturing Products
B0CRDM1HV2,Additive Manufacturing Products
B0CNYX58SV,Additive Manufacturing Products
B0BBVNR1GB,Additive Manufacturing Products
B0BMLD2GYD,Additive Manufacturing Products
B0BJKKSSSQ,Additive Manufacturing Products
B0DK8LB851,Additive Manufacturing Products
B0C3TNZHZK,Additive Manufacturing Products
B09VH3LDTK,Additive Manufacturing Products
B09CLHXDYM,Additive Manufacturing Products
B0CW3P5TYL,Additive Manufacturing Products
B0DBD9W9TJ,Additive Manufacturing Products
B0C5LM1HH3,Additive Manufacturing Products
B09DKRTSXW,Additive Manufacturing Products
B07X3WBNPX,Additive Manufacturing Products
B0B1ZV6CJM,Additive Manufacturing Products
B0CNW3VJR8,Additive Manufacturing Products
B0BLJ7M3Z4,Additive Manufacturing Products
B0BJ8YQ2LM,Video Game Consoles & Accessories
B09TB15CTL,Video Game Consoles & Accessories
B0C4F9JGTJ,Video Game Consoles & Accessories
B09BY1FTF7,Video Game Consoles & Accessories
B0C7CLHFX7,Video Game Consoles & Accessories
B08F4444HM,Video Game Consoles & Accessories
B0B4862QNJ,Video Game Consoles & Accessories
B0C7GW9F88,Video Game Consoles & Accessories
B01H6GUCCQ,Video Game Consoles & Accessories
B09B4MJ9H3,Video Game Consoles & Accessories
B01MS7YUA7,Video Game Consoles & Accessories
B07SFKTLZM,Video Game Consoles & Accessories
B0D8W69XQN,Video Game Consoles & Accessories
B08Q38L3S2,Video Game Consoles & Accessories
B09VV5LJS1,Video Game Consoles & Accessories
B00YXO5U40,Video Game Consoles & Accessories
B0C5LYMNYM,Video Game Consoles & Accessories
B0753CZ8MC,Video Game Consoles & Accessories
B0BWYGFSMG,Video Game Consoles & Accessories
B00HUXPZPK,Video Game Consoles & Accessories
B07MVG7H8V,Video Game Consoles & Accessories
B08NTYB4M7,Video Game Consoles & Accessories
B08TRMS8PS,Video Game Consoles & Accessories
B094VK65VP,Video Game Consoles & Accessories
B09GRL3VCN,Video Game Consoles & Accessories
B07NS61HVY,Video Game Consoles & Accessories
B0B487HDQV,Video Game Consoles & Accessories
B00YXO5UKY,Video Game Consoles & Accessories
B07SQZ3GJG,Video Game Consoles & Accessories
B0B55ZD4HL,Video Game Consoles & Accessories
B01MY9JB2U,Video Game Consoles & Accessories
B075YBBQMM,Video Game Consoles & Accessories
B0BFJWCYTL,Video Game Consoles & Accessories
B0125JFATY,Video Game Consoles & Accessories
B01LWVX2RG,Video Game Consoles & Accessories
B0859XT328,Video Game Consoles & Accessories
B09BJL2Z46,Video Game Consoles & Accessories
B08Y1Q2KSZ,Video Game Consoles & Accessories
B0CSYKNX7W,Video Game Consoles & Accessories
B0CLNBLM5F,Video Game Consoles & Accessories
B0B1X2PJLV,Video Game Consoles & Accessories
B0CX1MNW3K,Video Game Consoles & Accessories
B0795GHTBC,Video Game Consoles & Accessories
B0B9BGJVLL,Video Game Consoles & Accessories
B088GJR4B9,Video Game Consoles & Accessories
B09ZBKTDTZ,Video Game Consoles & Accessories
B0D7CD7WZ4,Video Game Consoles & Accessories
B07X6CWM3G,Video Game Consoles & Accessories
B08T1KHHR9,Video Game Consoles & Accessories
B07DZDJ739,Video Game Consoles & Accessories
B0B3SR5M71,"Adhesives, Sealants & Lubricants"
B073XR4X72,"Adhesives, Sealants & Lubricants"
B08QQZ71CV,"Adhesives, Sealants & Lubricants"
B01LYO4R4I,"Adhesives, Sealants & Lubricants"
B09BNPX3XJ,"Adhesives, Sealants & Lubricants"
B0013AX67A,"Adhesives, Sealants & Lubricants"
B09XLHCSP4,"Adhesives, Sealants & Lubricants"
B01NCSN5AS,"Adhesives, Sealants & Lubricants"
B082XGL21J,"Adhesives, Sealants & Lubricants"
B00631GQGW,"Adhesives, Sealants & Lubricants"
B001AXD0EY,"Adhesives, Sealants & Lubricants"
B0B58FGF8H,"Adhesives, Sealants & Lubricants"
B0000DH4ME,"Adhesives, Sealants & Lubricants"
B09K58K13V,"Adhesives, Sealants & Lubricants"
B0002YQ378,"Adhesives, Sealants & Lubricants"
B0B3SSJGY5,"Adhesives, Sealants & Lubricants"
B00DOAVCN2,"Adhesives, Sealants & Lubricants"
B0B74YZVSN,"Adhesives, Sealants & Lubricants"
B0002YWZPW,"Adhesives, Sealants & Lubricants"
B0D182G6HX,"Adhesives, Sealants & Lubricants"
B07VMC2YMT,"Adhesives, Sealants & Lubricants"
B0BFWZ6G2H,"Adhesives, Sealants & Lubricants"
B00GZE3UJ8,"Adhesives, Sealants & Lubricants"
B003JZII34,"Adhesives, Sealants & Lubricants"
B091913Z7F,"Adhesives, Sealants & Lubricants"
B000PCY91O,"Adhesives, Sealants & Lubricants"
B07H51JWF5,"Adhesives, Sealants & Lubricants"
B09LRBT9QH,"Adhesives, Sealants & Lubricants"
B0B4F5PXW1,"Adhesives, Sealants & Lubricants"
B07GRJ8L55,"Adhesives, Sealants & Lubricants"
B01IBOK7FE,"Adhesives, Sealants & Lubricants"
B0000223UV,"Adhesives, Sealants & Lubricants"
B00002ND6L,"Adhesives, Sealants & Lubricants"
B00C32ME6G,"Adhesives, Sealants & Lubricants"
B0751S46TS,"Adhesives, Sealants & Lubricants"
B0D9SR1XNP,"Adhesives, Sealants & Lubricants"
B0CDX7RM3F,"Adhesives, Sealants & Lubricants"
B001Z3C3AG,"Adhesives, Sealants & Lubricants"
B0CJG34D6P,"Adhesives, Sealants & Lubricants"
B06W2NBCW5,"Adhesives, Sealants & Lubricants"
B08TM2F4BH,"Adhesives, Sealants & Lubricants"
B0D2FKV95Q,"Adhesives, Sealants & Lubricants"
B0002JN5PG,"Adhesives, Sealants & Lubricants"
B09LR9JJPJ,"Adhesives, Sealants & Lubricants"
B073XS3CHV,"Adhesives, Sealants & Lubricants"
B09ZLJ284H,"Adhesives, Sealants & Lubricants"
B08J1MJ28D,"Adhesives, Sealants & Lubricants"
B0B3SBD6RR,"Adhesives, Sealants & Lubricants"
B0783SG446,"Adhesives, Sealants & Lubricants"
B003D7K8E0,"Adhesives, Sealants & Lubricants"
B09BHWMSTD,"Adhesives, Sealants & Lubricants"
B00C32MHJU,"Adhesives, Sealants & Lubricants"
B071HH42WW,"Adhesives, Sealants & Lubricants"
B003D7K8E0,"Adhesives, Sealants & Lubricants"
B0002UEPVI,"Adhesives, Sealants & Lubricants"
B0BN82TPY4,"Adhesives, Sealants & Lubricants"
B0133ZMBEG,"Adhesives, Sealants & Lubricants"
B09MRNC8GY,"Adhesives, Sealants & Lubricants"
B0B9RTKR72,"Adhesives, Sealants & Lubricants"
B07R5L8CS1,"Adhesives, Sealants & Lubricants"
B09Q8JMQXY,"Adhesives, Sealants & Lubricants"
B0B5VNG2YT,"Adhesives, Sealants & Lubricants"
B000BQS5GO,"Adhesives, Sealants & Lubricants"
B006LMFJS4,"Adhesives, Sealants & Lubricants"
B002TOL40A,"Adhesives, Sealants & Lubricants"
B07Y6GV4TW,"Adhesives, Sealants & Lubricants"
B0C9VYYCPB,"Adhesives, Sealants & Lubricants"
B009EU5ZM0,"Adhesives, Sealants & Lubricants"
B00009RUCS,"Adhesives, Sealants & Lubricants"
B0002V37XY,"Adhesives, Sealants & Lubricants"
B0BBV3NNTM,"Adhesives, Sealants & Lubricants"
B01IY7ACZS,"Adhesives, Sealants & Lubricants"
B07GLG7B3Z,"Adhesives, Sealants & Lubricants"
B09GBKD5Q4,"Adhesives, Sealants & Lubricants"
B00ITS7LRU,"Adhesives, Sealants & Lubricants"
B002Z8HB2A,"Adhesives, Sealants & Lubricants"
B08LYKSGL1,"Adhesives, Sealants & Lubricants"
B000ALBZGC,"Adhesives, Sealants & Lubricants"
B01M1RAW6D,"Adhesives, Sealants & Lubricants"
B07ZK518HP,"Adhesives, Sealants & Lubricants"
B00342VCGM,"Adhesives, Sealants & Lubricants"
B00OBC4CWK,"Adhesives, Sealants & Lubricants"
B0B6NDFXPN,"Adhesives, Sealants & Lubricants"
B07HSKRYQW,"Adhesives, Sealants & Lubricants"
B073XS3CHW,"Adhesives, Sealants & Lubricants"
B0BZRZ8G1K,"Adhesives, Sealants & Lubricants"
B07F8TZZ4N,"Adhesives, Sealants & Lubricants"
B0CHM5QS3N,"Adhesives, Sealants & Lubricants"
B000VZOPLY,"Adhesives, Sealants & Lubricants"
B09XY2HCRZ,"Adhesives, Sealants & Lubricants"
B0006O1ICY,"Adhesives, Sealants & Lubricants"
B0C9VT9KD2,"Adhesives, Sealants & Lubricants"
B07S9NNCGQ,"Adhesives, Sealants & Lubricants"
B07D2MM7R4,"Adhesives, Sealants & Lubricants"
B002TOL41Y,"Adhesives, Sealants & Lubricants"
B003YHFZ6A,"Adhesives, Sealants & Lubricants"
B07VL6MP94,"Adhesives, Sealants & Lubricants"
B00OAAUAX8,"Adhesives, Sealants & Lubricants"
B0821HLWCC,"Adhesives, Sealants & Lubricants"
B00C32MMFO,"Adhesives, Sealants & Lubricants"
B07XRVBSYC,Commercial Door Products
B09B1SP5L9,Commercial Door Products
B0C61DS336,Commercial Door Products
B07V8FMK2J,Commercial Door Products
B08958WBQN,Commercial Door Products
B07PDRY2T2,Commercial Door Products
B07MSM6G9R,Commercial Door Products
B08F9DTM79,Commercial Door Products
B0C148WRL7,Commercial Door Products
B07G473YYN,Commercial Door Products
B091GLZ3Q6,Commercial Door Products
B0CQ5D9L5F,Commercial Door Products
B07GVCGHXC,Commercial Door Products
B0BP1R9S8H,Commercial Door Products
B0CKKNVTK8,Commercial Door Products
B0BGR3NXLV,Commercial Door Products
B000BQWWF4,Commercial Door Products
B0CWQ4SNCD,Commercial Door Products
B07VPG1MZ4,Commercial Door Products
B07WHKJGQG,Commercial Door Products
B0C1Z67CDK,Commercial Door Products
B08LDGWGP1,Commercial Door Products
B0CHDVHTFD,Commercial Door Products
B08HN6KZWY,Commercial Door Products
B0DDBBTKP1,Commercial Door Products
B0C3CY6M5P,Commercial Door Products
B07NVSP174,Commercial Door Products
B07QZVQRQD,Commercial Door Products
B0BWHK9221,Commercial Door Products
B073TXK7B6,Commercial Door Products
B07H9Q8ZZ5,Commercial Door Products
B07GF4ZR17,Commercial Door Products
B0B4KJYTDP,Commercial Door Products
B0BZGZ46LJ,Commercial Door Products
B01M0X4QM4,Commercial Door Products
B0BZRX15YB,Commercial Door Products
B07X1R4JNB,Commercial Door Products
B08P86HMQG,Commercial Door Products
B0B93JL8P8,Commercial Door Products
B085XPTNZ1,Commercial Door Products
B07SHKQWWM,Commercial Door Products
B085G779KH,Commercial Door Products
B0CHMNDQN3,Commercial Door Products
B08DCM8V1P,Commercial Door Products
B076Z9591D,Commercial Door Products
B01BREXVDA,Commercial Door Products
B0BY8HTJL1,Commercial Door Products
B0CPBV1BQF,Commercial Door Products
B0CJ4X65RR,Commercial Door Products
B0C5MD48CX,Commercial Door Products
B000I1AREA,Commercial Door Products
B09W22X3HP,Commercial Door Products
B09VBPTLV7,Commercial Door Products
B0D78S3SNJ,Commercial Door Products
B0BK83RSZH,Commercial Door Products
B0792S8QBS,Commercial Door Products
B0D5WJ32L9,Commercial Door Products
B072QDSJKT,Commercial Door Products
B06XCK65QM,Commercial Door Products
B07MNW8QR1,Commercial Door Products
B07GF54KV8,Commercial Door Products
B0D2HXHJ27,Commercial Door Products
B0BNWQM45L,Commercial Door Products
B081DRXDWL,Commercial Door Products
B001DDAV3O,Commercial Door Products
B0DJHF6RQW,Commercial Door Products
B0C3GB7VBD,Commercial Door Products
B0D7VFWB4Q,Commercial Door Products
B093FWCX2F,Commercial Door Products
B0BWDJ7T59,Commercial Door Products
B0D9NPFRH7,Commercial Door Products
B07PXJXW2W,Commercial Door Products
B09M6F3JDS,Commercial Door Products
B086YSHPN9,Commercial Door Products
B0C2GKRTKF,Commercial Door Products
B0BFD3TGXH,Commercial Door Products
B083JZKXRN,Commercial Door Products
B072FT6LXS,Commercial Door Products
B01JWHSHBK,Commercial Door Products
B0D2HWKCT5,Commercial Door Products
B0C4H61Q5Z,Commercial Door Products
B071VY5BQH,Commercial Door Products
B0DH386JBX,Commercial Door Products
B0C14BNX1K,Commercial Door Products
B07PXSHX84,Commercial Door Products
B09SPX4NJ4,Commercial Door Products
B09PTTS9W8,Commercial Door Products
B0D2W4THL1,Commercial Door Products
B000I1ARA4,Commercial Door Products
B07SW344V5,Commercial Door Products
B0C4G9ZB2G,Commercial Door Products
B07Z3FS8CH,Commercial Door Products
B09G9LKPS6,Commercial Door Products
B08VM7NNXD,Commercial Door Products
B0BR8YD8R9,Commercial Door Products
B09BVGNX34,Commercial Door Products
B082WX9FZP,Commercial Door Products
B0B257N27W,Commercial Door Products
B0CMZX2SHB,Commercial Door Products
B0CJ2XMLJ8,Commercial Door Products
B0BD772SK3,Commercial Lighting
B0D47G13RS,Commercial Lighting
B0BFLNYPDH,Commercial Lighting
B0B1HHR9C2,Commercial Lighting
B06XGBKDKZ,Commercial Lighting
B0B21GPLNH,Commercial Lighting
B0B713CMW3,Commercial Lighting
B01E9TZ5HA,Commercial Lighting
B0B9Y5TFYV,Commercial Lighting
B0BPTHJ9S8,Commercial Lighting
B09QPNS93C,Commercial Lighting
B09QHSY5CP,Commercial Lighting
B07RKZFD5Z,Commercial Lighting
B091DPJ1R3,Commercial Lighting
B0BGBH5Y7L,Commercial Lighting
B07KJDBVC6,Commercial Lighting
B09T79G893,Commercial Lighting
B08QTR23YZ,Commercial Lighting
B07G2Q4VZN,Commercial Lighting
B0BNWQ4R72,Commercial Lighting
B0B7119V97,Commercial Lighting
B0CD7FF496,Commercial Lighting
B0BXDL76PX,Commercial Lighting
B0D75QDSNN,Commercial Lighting
B0BVDQ292G,Commercial Lighting
B083HY4KKG,Commercial Lighting
B07DNPL2VC,Commercial Lighting
B0B529BR4J,Commercial Lighting
B0CJFHT213,Commercial Lighting
B07YLQRJSQ,Commercial Lighting
B0CBJLKTGY,Commercial Lighting
B0C1C74XNY,Commercial Lighting
B0BZ7DTZGC,Commercial Lighting
B0BXQRFBYJ,Commercial Lighting
B071KTDBTV,Commercial Lighting
B0D5H3B5TH,Commercial Lighting
B01GJVEM4S,Commercial Lighting
B0CBR6323B,Commercial Lighting
B0D1TV3PR3,Commercial Lighting
B0C3XMH9P4,Commercial Lighting
B07KXL81Q1,Commercial Lighting
B0CPV82WW6,Commercial Lighting
B09NQ7RHM2,Commercial Lighting
B09Q5D3ZBB,Commercial Lighting
B083S7PHFL,Commercial Lighting
B0D2TF6CXV,Commercial Lighting
B0761L281Z,Commercial Lighting
B0B9W838VC,Commercial Lighting
B091GWR4G4,Commercial Lighting
B0C99C9MLH,Commercial Lighting
B07DH55YRX,Cutting Tools
B09JZDLDD6,Cutting Tools
B0BDMCCSF8,Cutting Tools
B0B73ZYWFN,Cutting Tools
B079VJMH6T,Cutting Tools
B08VN7W1JR,Cutting Tools
B008DXYOLC,Cutting Tools
B00UCBJIG4,Cutting Tools
B004I2EB24,Cutting Tools
B004GIO0F8,Cutting Tools
B0DK25P41N,Cutting Tools
B07D9J6JLD,Cutting Tools
B07B4LCWC4,Cutting Tools
B07HSKJGYT,Cutting Tools
B0C8JP4YPF,Cutting Tools
B00065VEP4,Cutting Tools
B0BF48C65D,Cutting Tools
B083G29SKW,Cutting Tools
B0BX8RKJGW,Cutting Tools
B07Q9HNTBH,Cutting Tools
B01L2XR4P2,Cutting Tools
B09MSSXFWQ,Cutting Tools
B0D2JBFWZP,Cutting Tools
B08MCG68XG,Cutting Tools
B0C9WV6MTF,Cutting Tools
B083FSDGDP,Cutting Tools
B08QCFJ7JC,Cutting Tools
B07PQ9X9T4,Cutting Tools
B00FXN1FRG,Cutting Tools
B09PBBXKZN,Cutting Tools
B07JNS1ZF7,Cutting Tools
B09GXP5WSH,Cutting Tools
B07NZ4BGKB,Cutting Tools
B09333J5KN,Cutting Tools
B0DDPM9S4Y,Cutting Tools
B07NX9KN52,Cutting Tools
B00FXJVFLQ,Cutting Tools
B07XMLB7PV,Cutting Tools
B00ESWJU5W,Cutting Tools
B076QC5BWR,Cutting Tools
B0CG92FYYP,Cutting Tools
B094VN88HK,Cutting Tools
B005IW2OIQ,Cutting Tools
B08JCHY2DM,Cutting Tools
B0195V5ICO,Cutting Tools
B0CTJFX5DX,Cutting Tools
B0B5R8P9ST,Cutting Tools
B09DTVQSY3,Cutting Tools
B0C66GFXN5,Cutting Tools
B0BCG733FZ,Cutting Tools
B0CFPJYX7P,eBook Readers & Accessories
B0CN6SSC17,eBook Readers & Accessories
B0CNV9F72P,eBook Readers & Accessories
B0DDZJS3SB,eBook Readers & Accessories
B0CNVCQZG1,eBook Readers & Accessories
B0C8RR4WN3,eBook Readers & Accessories
B0DK6TYFL4,eBook Readers & Accessories
B0CN3XR57P,eBook Readers & Accessories
B0CM7X424T,eBook Readers & Accessories
B0CFPHV9ZN,eBook Readers & Accessories
B0B17YZQ72,eBook Readers & Accessories
B0BVQHLSQH,eBook Readers & Accessories
B0DL93RX12,eBook Readers & Accessories
B0CM7RF1KR,eBook Readers & Accessories
B0DM4JH48K,eBook Readers & Accessories
B0CFPTK5JG,eBook Readers & Accessories
B0DDZT2Z1L,eBook Readers & Accessories
B0CT2N9MBQ,eBook Readers & Accessories
B0CKYD7QSV,eBook Readers & Accessories
B0CZPHB77D,eBook Readers & Accessories
B0BLTRKCNJ,eBook Readers & Accessories
B0DFH5XLYF,eBook Readers & Accessories
B09H4ZHXZ5,eBook Readers & Accessories
B0DDZQTYHL,eBook Readers & Accessories
B0CM7PHKMJ,eBook Readers & Accessories
B0DKFGW5V6,eBook Readers & Accessories
B0CX4XSY3X,eBook Readers & Accessories
B0DF12G4TW,eBook Readers & Accessories
B0CFPP8C33,eBook Readers & Accessories
B0DLGPXDHV,eBook Readers & Accessories
B0D265M87M,eBook Readers & Accessories
B0DKF79X8L,eBook Readers & Accessories
B08T8CZYF3,eBook Readers & Accessories
B0DL63XSHC,eBook Readers & Accessories
B0DDZW8NZ5,eBook Readers & Accessories
B0DG4ZPV11,eBook Readers & Accessories
B0DM4K4Z66,eBook Readers & Accessories
B0CFPHPHYC,eBook Readers & Accessories
B01IJ5A2UA,eBook Readers & Accessories
B09SM4PJKZ,eBook Readers & Accessories
B0D9ZWBFWQ,eBook Readers & Accessories
B0BSN4K54V,eBook Readers & Accessories
B09KD6TCSP,eBook Readers & Accessories
B0DKND1B5S,eBook Readers & Accessories
B0D8TZC9DZ,eBook Readers & Accessories
B0DBQ67D4V,eBook Readers & Accessories
B0DKSHBGJG,eBook Readers & Accessories
B0BGLP7RR2,eBook Readers & Accessories
B0CM7ZXQWC,eBook Readers & Accessories
B0CN8VQ8TG,eBook Readers & Accessories
B0BFWVM919,eBook Readers & Accessories
B009S2ASL2,eBook Readers & Accessories
1426215649,eBook Readers & Accessories
B0DB6BCWGV,eBook Readers & Accessories
B0CZB9Z477,eBook Readers & Accessories
B0C9L8PK3G,eBook Readers & Accessories
B0CWRS4LR1,eBook Readers & Accessories
B0CNVBQK38,eBook Readers & Accessories
B0DG8B57TM,eBook Readers & Accessories
B0BJ7Q3XZW,eBook Readers & Accessories
B0CZ9T2C6B,eBook Readers & Accessories
B0DFLXCL6M,eBook Readers & Accessories
B0DLK8P5Q5,eBook Readers & Accessories
B0D1KWK8WY,eBook Readers & Accessories
B0BNHFL3QQ,eBook Readers & Accessories
B0DKNH6PY1,eBook Readers & Accessories
B0DKF69S3G,eBook Readers & Accessories
B0B3XRZ5WB,eBook Readers & Accessories
B0CJQQVWFR,eBook Readers & Accessories
B0CM7MZ99X,eBook Readers & Accessories
B0DPH31R3L,eBook Readers & Accessories
B084J91WW9,eBook Readers & Accessories
B0CNVBS5JN,eBook Readers & Accessories
B0C8B1JJYZ,eBook Readers & Accessories
B0BMPR79YS,eBook Readers & Accessories
B0DKFJ4FB7,eBook Readers & Accessories
B0CXPPJW62,eBook Readers & Accessories
B0CM82H71F,eBook Readers & Accessories
B0CPYQ8G44,eBook Readers & Accessories
B0DM4S4YYP,eBook Readers & Accessories
B0CHVGVJ5R,eBook Readers & Accessories
B0DB2RG2C5,eBook Readers & Accessories
B0CPXQ7YZN,eBook Readers & Accessories
B0BGK8G5RP,eBook Readers & Accessories
B0D9PHGVV7,eBook Readers & Accessories
B0DGPY14V4,eBook Readers & Accessories
B0DK51GMSM,eBook Readers & Accessories
B0BSN3HVKX,eBook Readers & Accessories
B0DKFFLH8X,eBook Readers & Accessories
B0DKF8FM4J,eBook Readers & Accessories
B0D49RSGGK,eBook Readers & Accessories
B0B41SDH7T,eBook Readers & Accessories
B0DB6B9829,eBook Readers & Accessories
B0DC7VM6T7,eBook Readers & Accessories
B0BSN4W6GB,eBook Readers & Accessories
B0CWZXTKQB,eBook Readers & Accessories
B0CM79Z8TG,eBook Readers & Accessories
B0DKFFRK4V,eBook Readers & Accessories
B08VZR6F2M,eBook Readers & Accessories
B0DLKYW3B1,eBook Readers & Accessories
B07WGSK4V7,Abrasive & Finishing Products
B0972VC32P,Abrasive & Finishing Products
B0C95BC73M,Abrasive & Finishing Products
B0BY855DN8,Abrasive & Finishing Products
B0D4LVPJ4S,Abrasive & Finishing Products
B09N35DYZG,Abrasive & Finishing Products
B08FR63K33,Abrasive & Finishing Products
B095PQBHD5,Abrasive & Finishing Products
B0CYSYPPGK,Abrasive & Finishing Products
B008KYUVCK,Abrasive & Finishing Products
B0BNPFLK11,Abrasive & Finishing Products
B08KLZ7YQ2,Abrasive & Finishing Products
B0BXSM24KM,Abrasive & Finishing Products
B0D85P7J1R,Abrasive & Finishing Products
B08D9QH3X3,Abrasive & Finishing Products
B0002MSY8G,Abrasive & Finishing Products
B07DTJNL4T,Abrasive & Finishing Products
B075MZ36FF,Abrasive & Finishing Products
B08B7GRBK6,Abrasive & Finishing Products
B08KVGYLRY,Abrasive & Finishing Products
B0DFW74M3J,Abrasive & Finishing Products
B00125NQBC,Abrasive & Finishing Products
B0956S39GC,Abrasive & Finishing Products
B0D59WG44T,Abrasive & Finishing Products
B0CP5GHFFH,Abrasive & Finishing Products
B08GFMYKQZ,Abrasive & Finishing Products
B089GRX246,Abrasive & Finishing Products
B0CZDXF2RD,Abrasive & Finishing Products
B07FGL2BC9,Abrasive & Finishing Products
B0DD4GHS7P,Abrasive & Finishing Products
B07P6HF4NL,Abrasive & Finishing Products
B0828JHZ98,Abrasive & Finishing Products
B07WVQ8NM7,Abrasive & Finishing Products
B0B5GHT937,Abrasive & Finishing Products
B0BXPQGVZ5,Abrasive & Finishing Products
B06XKHV1TX,Abrasive & Finishing Products
B0D5QMZ335,Abrasive & Finishing Products
B07ZZXNN26,Abrasive & Finishing Products
B07JDRKSQ3,Abrasive & Finishing Products
B00004YMDI,Abrasive & Finishing Products
B07W6LNRXM,Abrasive & Finishing Products
B07BGV23GK,Abrasive & Finishing Products
B0CNGD57HY,Abrasive & Finishing Products
B0CZJK9GFG,Abrasive & Finishing Products
B0C4DL4NFR,Abrasive & Finishing Products
B0D93T221H,Abrasive & Finishing Products
B096KC79SP,Abrasive & Finishing Products
B084WTHG7J,Abrasive & Finishing Products
B0DFYFRCZT,Abrasive & Finishing Products
B08P4SFBQY,Abrasive & Finishing Products
B0CQ7BRCQX,Cutting Tools
B0CW1ZX33D,Cutting Tools
B00004T7WS,Cutting Tools
B0D31NR1F3,Cutting Tools
B0BDKR2KFZ,Cutting Tools
B088QFK6H6,Cutting Tools
B071XXB438,Cutting Tools
B0BWYDJL7T,Cutting Tools
B09NSZFHHW,Cutting Tools
B09NSYTW26,Cutting Tools
B09F34DVPX,Cutting Tools
B01F5JC2I8,Cutting Tools
B09SKJWPBX,Cutting Tools
B0CKMHDPPK,Cutting Tools
B01I1YQL7C,Cutting Tools
B07V5ZCV3M,Cutting Tools
B097PF25B9,Cutting Tools
B0B7RQ48JX,Cutting Tools
B06ZXYSCYZ,Cutting Tools
B01MG92FX1,Cutting Tools
B0CPS6RB8J,Cutting Tools
B0C7VBCH7F,Cutting Tools
B0B24RXXDJ,Cutting Tools
B09C7RXDL7,Cutting Tools
B000AEVY0Q,Cutting Tools
B0000TZX1M,Cutting Tools
B0BY8PVSLD,Cutting Tools
B00QV2I242,Cutting Tools
B09L81Z77W,Cutting Tools
B00AYZ2N5G,Cutting Tools
B01JIKCRPI,Cutting Tools
B003VNBING,Cutting Tools
B07FSJLMJ5,Cutting Tools
B086SQWZK5,Cutting Tools
B073HK5XTT,Cutting Tools
B09CD1X7HY,Cutting Tools
B08F3W66QR,Cutting Tools
B001PTTREU,Cutting Tools
B0CKVS88X7,Cutting Tools
B000J0B9N8,Cutting Tools
B017PP1U9W,Cutting Tools
B00FXKKX3Q,Cutting Tools
B0D1QXHHS5,Cutting Tools
B0CKQFMV75,Cutting Tools
B0C46BPQ53,Cutting Tools
B07S8WRYH4,Cutting Tools
B0CHC6P39Q,Cutting Tools
B0DF7KRXWT,Cutting Tools
B01CHRFQZC,Cutting Tools
B07W72ZS91,Cutting Tools
B0DMDHZJWZ,Digital Signage
B073WVMZMJ,Digital Signage
B0881TTXWY,Digital Signage
B09LRF5KCJ,Digital Signage
B0D8LB7SQR,Digital Signage
B0C2B8T9JZ,Digital Signage
B0C6B4C5CP,Digital Signage
B0BYNTLKVH,Digital Signage
B0D41YYWKN,Digital Signage
B0CMFCR5CB,Digital Signage
B0DMFLBJ4R,Digital Signage
B0CHF8CY9G,Digital Signage
B0D2RD3FF4,Digital Signage
B0D4FCG9MX,Digital Signage
B0CXVMR2K8,Digital Signage
B08DQDV4S3,Digital Signage
B08D2Z2N87,Digital Signage
B0D4YCH1TF,Digital Signage
B075754ZYC,Digital Signage
B0D1MYP3V5,Digital Signage
B0BVDDF8VG,Digital Signage
B0D5WKBP36,Digital Signage
B01C72MKGU,Digital Signage
B0B98112X4,Digital Signage
B0BRTGLYXR,Digital Signage
B0D1C683J3,Digital Signage
B0B19G4LZH,Digital Signage
B0CYTLC8PS,Digital Signage
B0BNK469WY,Digital Signage
B0DD3G9TBR,Digital Signage
B0CCXDNQZN,Digital Signage
B0CKW2J2J2,Digital Signage
B076X6H2KR,Digital Signage
B08NT3N74S,Digital Signage
B07ZR7HFT5,Digital Signage
B0DS57JK4Q,Digital Signage
B07V9ZYV7Q,Digital Signage
B0D2K4RN22,Digital Signage
B0BYNT4KWN,Digital Signage
B09CWPRKLZ,Digital Signage
B09QWC844N,Digital Signage
B0D8BSGC14,Digital Signage
B0B2S8J9FT,Digital Signage
B0C41Y1622,Digital Signage
B0D35SCK3H,Digital Signage
B09GYB6PT1,Digital Signage
B0DDY7GTTW,Digital Signage
B08H6XH3F5,Digital Signage
B0CJRJSCTM,Digital Signage
B07Q4GC6FZ,Digital Signage
B0CQS3VN1T,Digital Signage
B08656YC39,Digital Signage
B08K4Z4KSD,Digital Signage
B0CNJQ3N3S,Digital Signage
B07VGW9Y8Y,Digital Signage
B07W6JLYHG,Digital Signage
B0BTN7JWTH,Digital Signage
B00I3JVODC,Digital Signage
B0D6BFMGKM,Digital Signage
B0D8J8RKZ9,Digital Signage
B0BTXWQQNY,Digital Signage
B0D5W6P6B2,Digital Signage
B0BQHCXV54,Digital Signage
B01ID99CG2,Digital Signage
B0CTJ1NXYY,Digital Signage
B0C2HCZ871,Digital Signage
B0BZC8LXG4,Digital Signage
B0BNK5VFNC,Digital Signage
B0BPY59T3M,Digital Signage
B0BQ5RDL7D,Digital Signage
B07TM1NY7V,Digital Signage
B0B5XKNFW6,Digital Signage
B0DCMW8GYW,Digital Signage
B08651PB1J,Digital Signage
B0CMXMF6Z5,Digital Signage
B0BYNS6Z2G,Digital Signage
B09TCHX1LV,Digital Signage
B0B1ZXM4ZB,Digital Signage
B0CJRW1WKC,Digital Signage
B08PJCGQL6,Digital Signage
B0BS68YP5W,Digital Signage
B0CZL64DRW,Digital Signage
B0B2DF6ZR3,Digital Signage
B0CVP25P5W,Digital Signage
B0CWLSXTD5,Digital Signage
B0D79HJVLJ,Digital Signage
B07CTNJR98,Digital Signage
B0CJM6WMBW,Digital Signage
B07VHYKF84,Digital Signage
B0BNLXLL4T,Digital Signage
B09NL1MS4H,Digital Signage
B0CZ9DZ6VD,Digital Signage
B0D25W7R4F,Digital Signage
B01J3EY3VK,Digital Signage
B0D9QC5DQ7,Digital Signage
B086M7DMDK,Digital Signage
B0DLQFDTQR,Digital Signage
B0D9PVTDDJ,Digital Signage
B0BQLQBM6W,Digital Signage
B0B6QB926Y,Digital Signage
B07PGY2JP1,Additive Manufacturing Products
B07XG3RM58,Additive Manufacturing Products
B0C4TNQZYY,Additive Manufacturing Products
B0BM7465PB,Additive Manufacturing Products
B09XHS5F3S,Additive Manufacturing Products
B08HM4133L,Additive Manufacturing Products
B0C8NP63GD,Additive Manufacturing Products
B0834W5L3L,Additive Manufacturing Products
B0CS34W2VL,Additive Manufacturing Products
B086GTG1D8,Additive Manufacturing Products
B08HVP2Q1C,Additive Manufacturing Products
B07PGYHYV8,Additive Manufacturing Products
B0CR9YC5RH,Additive Manufacturing Products
B0C14M5HR9,Additive Manufacturing Products
B0D421B1ZL,Additive Manufacturing Products
B07RBSGZBM,Additive Manufacturing Products
B08QMJB48V,Additive Manufacturing Products
B00J0ECR5I,Additive Manufacturing Products
B099KS2PDW,Additive Manufacturing Products
B0DFBQDT78,Additive Manufacturing Products
B08VS41SDQ,Additive Manufacturing Products
B08CVG2RVP,Additive Manufacturing Products
B0C6XDTHYN,Additive Manufacturing Products
B0D41ZDC47,Additive Manufacturing Products
B0931YN8L1,Additive Manufacturing Products
B0D4Z9JRYB,Additive Manufacturing Products
B0C7BW71L8,Additive Manufacturing Products
B098D366R3,Additive Manufacturing Products
B0CFV67BZ7,Additive Manufacturing Products
B07YDN56F2,Additive Manufacturing Products
B0CH4NYL6J,Additive Manufacturing Products
B0C15CM3M4,Additive Manufacturing Products
B09X1M967R,Additive Manufacturing Products
B0BWYJWPG9,Additive Manufacturing Products
B0CB7TW3XC,Additive Manufacturing Products
B0DK94RRQQ,Additive Manufacturing Products
B0D1KC72YP,Additive Manufacturing Products
B0C2BFHX5Y,Additive Manufacturing Products
B0CS5BVDZ1,Additive Manufacturing Products
B08LKLL49T,Additive Manufacturing Products
B09XHLWVFJ,Additive Manufacturing Products
B0B431Y8RJ,Additive Manufacturing Products
B07VDP2S3P,Additive Manufacturing Products
B0CRY8LL52,Additive Manufacturing Products
B09DKPYYBP,Additive Manufacturing Products
B0BFHJ4131,Additive Manufacturing Products
B0B6J7V92M,Additive Manufacturing Products
B0747R1M51,Additive Manufacturing Products
B09LCNN3JJ,Additive Manufacturing Products
B09X2MBB3B,Additive Manufacturing Products
B0CQLPX1ZK,Fasteners
B08GJRC1BW,Fasteners
B0BZ43TCFG,Fasteners
B00YGC76I2,Fasteners
B07FMCHQ8W,Fasteners
B08V133T64,Fasteners
B0CNVMNJ2T,Fasteners
B0C23LJ6LJ,Fasteners
B092LP684Q,Fasteners
B0CYBQ4XL2,Fasteners
B0BRHTRRYN,Fasteners
B0BP66Y7TL,Fasteners
B0C4RGV2P3,Fasteners
B0CLPGJR77,Fasteners
B0D1KQCBMT,Fasteners
B0BX96SMW4,Fasteners
B0BJPW5TMW,Fasteners
B0D1457XQ3,Fasteners
B087T9641Z,Fasteners
B0BZYSSWY8,Fasteners
B0CRTV6HGC,Fasteners
B0D9N3TC7T,Fasteners
B0CX5FS67G,Fasteners
B0CLKDPN65,Fasteners
B09WM9R9D9,Fasteners
B0CQC3SCPD,Fasteners
B000BQYFW2,Fasteners
B0CD2CQJFR,Fasteners
B0CHHX1PZC,Fasteners
B0BMQ2KJK6,Fasteners
B019YXA8L4,Fasteners
B09F6YSJ5D,Fasteners
B0CJBPJP89,Fasteners
B01C9N7Z6M,Fasteners
B0CS6VZYL8,Fasteners
B0D3PS6KX4,Fasteners
B07VS5QKBC,Fasteners
B074V8HH5V,Fasteners
B00YDN4D94,Fasteners
B0B51BFSWZ,Fasteners
B07SZMTK3S,Fasteners
B0C776KGW4,Fasteners
B08T6T5KFV,Fasteners
B0BVF8Z3HD,Fasteners
B09955X4K1,Fasteners
B08H2HTTRT,Fasteners
B0D3LLKRPY,Fasteners
B01E1E8AJ8,Fasteners
B0CS9C81XF,Fasteners
B07TJN6L2J,Fasteners
B07FNXPGLG,Filtration
B00004SU18,Filtration
B00CJZ8PGU,Filtration
B004Q69HIU,Filtration
B001CUQ1C8,Filtration
B07G2KT7FN,Filtration
B01MU7973W,Filtration
B005GZ89WU,Filtration
B07YT16TMS,Filtration
B01CSWOUBM,Filtration
B00CK025GK,Filtration
B07G7BT8QV,Filtration
B00TUDHVO6,Filtration
B0CKV24B21,Filtration
B01NBXOBNP,Filtration
B0040VU3XO,Filtration
B0009G6MLQ,Filtration
B0C4F38XJC,Filtration
B00CK01XG8,Filtration
B01LNBAX0G,Filtration
B007ZDEHM2,Filtration
B0130EBW1S,Filtration
B01CR9K33K,Filtration
B06WVDVDXB,Filtration
B0B1NTQLM3,Filtration
B00CJZ9XWK,Filtration
B005AIN8YW,Filtration
B0CKV2QT1R,Filtration
B07MLSVLZH,Filtration
B01LB0L6MS,Filtration
B00TUDHVPU,Filtration
B0C2Y262YK,Filtration
B07YYKF9HW,Filtration
B08WRSH3H4,Filtration
B0CN89TNBF,Filtration
B00006IV0P,Filtration
B0CZ48J4NG,Filtration
B085J2JV64,Filtration
B00I11HUGW,Filtration
B082TJ4BP6,Filtration
B086ZPR3WM,Filtration
B004PUCV3K,Filtration
B07FP5X2S3,Filtration
B00CJZ7OXU,Filtration
B0CM84GBMP,Filtration
B000SE3W4O,Filtration
B00BOASJ1M,Filtration
B07FQYMDN4,Filtration
B0CXT5KL5Z,Filtration
B09T1WJKF3,Filtration
B09T1WJKF3,Filtration
B01EW807J4,Filtration
B00I0ZGOZM,Filtration
B07FQWXBVJ,Filtration
B0B5YS5CMK,Filtration
B00TUDHJ5W,Filtration
B0CXHZD778,Filtration
B09RQCX5YR,Filtration
B01ETCLVF2,Filtration
B0BVXDDZH7,Filtration
B01N2H2OO6,Filtration
B07NZSSBWC,Filtration
B0BVBZ27Y7,Filtration
B0D3X39378,Filtration
B09RQCWV3L,Filtration
B00NVF51ZK,Filtration
B07WJQW938,Filtration
B00E1YC9RS,Filtration
B01J2LHFMI,Filtration
B083NPW1DN,Filtration
B01MG2SWFK,Filtration
B09RQCMR5V,Filtration
B0BGL2TPBZ,Filtration
B01MU27I27,Filtration
B0DP3HVL94,Filtration
B085G66JTZ,Filtration
B01M62JG5L,Filtration
B005LJ8EXU,Filtration
B08DJ3GV6J,Filtration
B084DPJW37,Filtration
B001VXW0U8,Filtration
B001PVCTLQ,Filtration
B00DYIYMZO,Filtration
B004QL75ZW,Filtration
B09T6G66NL,Filtration
B0BJZPN7G8,Filtration
B01N1IJ5V1,Filtration
B07DDXJDVX,Filtration
B00TUDHPQK,Filtration
B08BWB544L,Filtration
B00D5YJAAO,Filtration
B00X127CGE,Filtration
B01MY53IJL,Filtration
B082PXRJBZ,Filtration
B0C7C1X1W4,Filtration
B004HL32EE,Filtration
B005GZ84WA,Filtration
B0B4NN8RCT,Filtration
B00VQNSO5S,Filtration
B012UT5V66,Filtration
B07MHJFRBJ,Food Service Equipment & Supplies
B09NW83XJ2,Food Service Equipment & Supplies
B0C2CY22B8,Food Service Equipment & Supplies
B09BWFX1L6,Food Service Equipment & Supplies
B0CP9YB3Q4,Food Service Equipment & Supplies
B0CV4FQPY1,Food Service Equipment & Supplies
B0CKK43XXS,Food Service Equipment & Supplies
B00GS8W3T4,Food Service Equipment & Supplies
B074CR89QG,Food Service Equipment & Supplies
B09RSC2JT3,Food Service Equipment & Supplies
B0CL7N32TM,Food Service Equipment & Supplies
B0748J34WZ,Food Service Equipment & Supplies
B0CRMZ9PFR,Food Service Equipment & Supplies
B0C2CZJ1TK,Food Service Equipment & Supplies
B0CTKR5278,Food Service Equipment & Supplies
B08XNHCQCG,Food Service Equipment & Supplies
B00MW3HBA0,Food Service Equipment & Supplies
B0CV4GS3F2,Food Service Equipment & Supplies
B099BWGZBP,Food Service Equipment & Supplies
B08Y98BVDM,Food Service Equipment & Supplies
B00BFUSDO4,Food Service Equipment & Supplies
B0C9SBFGZR,Food Service Equipment & Supplies
B0B2P4P2R4,Food Service Equipment & Supplies
B00I4F1NLI,Food Service Equipment & Supplies
B0CJYNXQ9N,Food Service Equipment & Supplies
B00OCGUG02,Food Service Equipment & Supplies
B0DCDL42X5,Food Service Equipment & Supplies
B0748G2F3D,Food Service Equipment & Supplies
B07WMQP4SF,Food Service Equipment & Supplies
B0040ZOD04,Food Service Equipment & Supplies
B08C7HDF1F,Food Service Equipment & Supplies
B013SX3T08,Food Service Equipment & Supplies
B0CM4NP4NY,Food Service Equipment & Supplies
B081GQ8MHG,Food Service Equipment & Supplies
B0C9MZRBR7,Food Service Equipment & Supplies
B0CL4MPKR8,Food Service Equipment & Supplies
B004YK2KSM,Food Service Equipment & Supplies
B09Y8RYLC4,Food Service Equipment & Supplies
B07KYWVCP6,Food Service Equipment & Supplies
B0DK8QLLQ2,Food Service Equipment & Supplies
B06Y5B4YY3,Food Service Equipment & Supplies
B07QVWJ6VN,Food Service Equipment & Supplies
B0D6T59JGQ,Food Service Equipment & Supplies
B0D6SQFXF7,Food Service Equipment & Supplies
B0BNYR7MQV,Food Service Equipment & Supplies
B0D6SNKHR7,Food Service Equipment & Supplies
B073WJMKHN,Food Service Equipment & Supplies
B07RKRK7FD,Food Service Equipment & Supplies
B00B9CTFWW,Food Service Equipment & Supplies
B07XPTJKQC,Food Service Equipment & Supplies
B09S6LHYYQ,Food Service Equipment & Supplies
B010OV9KQ4,Food Service Equipment & Supplies
B0D99LHV6M,Food Service Equipment & Supplies
B0CTW2W24X,Food Service Equipment & Supplies
B01N3K8FCA,Food Service Equipment & Supplies
B0D3HYC8H1,Food Service Equipment & Supplies
B07YVJ3SWJ,Food Service Equipment & Supplies
B0CZDSCKJC,Food Service Equipment & Supplies
B0797Q5HL7,Food Service Equipment & Supplies
B00I9J3ACY,Food Service Equipment & Supplies
B01GEOZEVU,Food Service Equipment & Supplies
B0CBQK46NM,Food Service Equipment & Supplies
B00F2PCKQK,Food Service Equipment & Supplies
B075V9Q5X8,Food Service Equipment & Supplies
B08KQGT9RD,Food Service Equipment & Supplies
B0CW1ZBP6P,Food Service Equipment & Supplies
B00Z7D7RQA,Food Service Equipment & Supplies
B08Q2BGNJP,Food Service Equipment & Supplies
B0CWLDZLWX,Food Service Equipment & Supplies
B0D62WZY5P,Food Service Equipment & Supplies
B0B77764PH,Food Service Equipment & Supplies
B0CBM682SQ,Food Service Equipment & Supplies
B09R4TJV94,Food Service Equipment & Supplies
B0CN9RGM1V,Food Service Equipment & Supplies
B0CBQFKXP2,Food Service Equipment & Supplies
B0D7MLZ9H7,Food Service Equipment & Supplies
B085NDYY1P,Food Service Equipment & Supplies
B09YGRM35C,Food Service Equipment & Supplies
B07MQG9H6R,Food Service Equipment & Supplies
B0D77FFH7R,Food Service Equipment & Supplies
B0D6J5RQNG,Food Service Equipment & Supplies
B0CBNPPWRK,Food Service Equipment & Supplies
B00JXBILE4,Food Service Equipment & Supplies
B0748K8MG6,Food Service Equipment & Supplies
B0DK7GFT9G,Food Service Equipment & Supplies
B09PFCMRBF,Food Service Equipment & Supplies
B08J8GZXKZ,Food Service Equipment & Supplies
B0C7G99J9P,Food Service Equipment & Supplies
B0CN2V12RM,Food Service Equipment & Supplies
B0DFWF8V14,Food Service Equipment & Supplies
B0BHC1C93P,Food Service Equipment & Supplies
B09B6TZ5J2,Food Service Equipment & Supplies
B086D4PV2G,Food Service Equipment & Supplies
B0CW8YQ4LG,Food Service Equipment & Supplies
B076VS8484,Food Service Equipment & Supplies
B09Z65MVY5,Food Service Equipment & Supplies
B0B858QYRK,Food Service Equipment & Supplies
B0D7F7QZC3,Food Service Equipment & Supplies
B0BYX1XT81,Food Service Equipment & Supplies
B0D9LM9R73,Food Service Equipment & Supplies
B09CY4BZ99,"Hydraulics, Pneumatics & Plumbing"
B0BMFV7XB4,"Hydraulics, Pneumatics & Plumbing"
B07YYYLYYS,"Hydraulics, Pneumatics & Plumbing"
B07SHS78WD,"Hydraulics, Pneumatics & Plumbing"
B08Y6LSL3R,"Hydraulics, Pneumatics & Plumbing"
B08FH7BJ2V,"Hydraulics, Pneumatics & Plumbing"
B0CPPPTMXL,"Hydraulics, Pneumatics & Plumbing"
B001C6NC7O,"Hydraulics, Pneumatics & Plumbing"
B0B7WFZJJR,"Hydraulics, Pneumatics & Plumbing"
B007AGM6FO,"Hydraulics, Pneumatics & Plumbing"
B07PVFM12P,"Hydraulics, Pneumatics & Plumbing"
B0C4VWXHDW,"Hydraulics, Pneumatics & Plumbing"
B09NBNZ2HX,"Hydraulics, Pneumatics & Plumbing"
B0D8PZVPCW,"Hydraulics, Pneumatics & Plumbing"
B00GZ3FYPW,"Hydraulics, Pneumatics & Plumbing"
B07KTRW4KJ,"Hydraulics, Pneumatics & Plumbing"
B0C7TZR82N,"Hydraulics, Pneumatics & Plumbing"
B083M26FCY,"Hydraulics, Pneumatics & Plumbing"
B0CPSJS3XZ,"Hydraulics, Pneumatics & Plumbing"
B0C5594GM5,"Hydraulics, Pneumatics & Plumbing"
B07X6RSHLY,"Hydraulics, Pneumatics & Plumbing"
B07R4ZT2BC,"Hydraulics, Pneumatics & Plumbing"
B0C4NRFF4M,"Hydraulics, Pneumatics & Plumbing"
B0C4QWMXST,"Hydraulics, Pneumatics & Plumbing"
B0B5G4N23B,"Hydraulics, Pneumatics & Plumbing"
B00Z9RSU9W,"Hydraulics, Pneumatics & Plumbing"
B085G3GMKF,"Hydraulics, Pneumatics & Plumbing"
B00PILUQ46,"Hydraulics, Pneumatics & Plumbing"
B09Y1QM48W,"Hydraulics, Pneumatics & Plumbing"
B002TN1NMK,"Hydraulics, Pneumatics & Plumbing"
B07P6ZLY22,"Hydraulics, Pneumatics & Plumbing"
B00838IJEK,"Hydraulics, Pneumatics & Plumbing"
B0988RVCFQ,"Hydraulics, Pneumatics & Plumbing"
B08DJ4JS2X,"Hydraulics, Pneumatics & Plumbing"
B08BR4ZR4S,"Hydraulics, Pneumatics & Plumbing"
B000BO8OAI,"Hydraulics, Pneumatics & Plumbing"
B0BGPLLW51,"Hydraulics, Pneumatics & Plumbing"
B07ZH1T7FY,"Hydraulics, Pneumatics & Plumbing"
B0B71G1JSM,"Hydraulics, Pneumatics & Plumbing"
B094H7J6XF,"Hydraulics, Pneumatics & Plumbing"
B08S3DCPWS,"Hydraulics, Pneumatics & Plumbing"
B0CQ1QX6QD,"Hydraulics, Pneumatics & Plumbing"
B07DVH345P,"Hydraulics, Pneumatics & Plumbing"
B0CZRSYZBM,"Hydraulics, Pneumatics & Plumbing"
B0CFTVFJQZ,"Hydraulics, Pneumatics & Plumbing"
B08BLC8PZ2,"Hydraulics, Pneumatics & Plumbing"
B07P56RNXK,"Hydraulics, Pneumatics & Plumbing"
B0BNL4K35T,"Hydraulics, Pneumatics & Plumbing"
B094QS8BZ4,"Hydraulics, Pneumatics & Plumbing"
B07N9YWSF2,"Hydraulics, Pneumatics & Plumbing"
B07DD5YHMH,Industrial Electrical
B088NRLMPV,Industrial Electrical
B07PHSF8DP,Industrial Electrical
B075BCD1LP,Industrial Electrical
B08D6TPP5Y,Industrial Electrical
B08FRSS4BF,Industrial Electrical
B08M9HND4F,Industrial Electrical
B0BGSDTZVF,Industrial Electrical
B09LCJPZ1P,Industrial Electrical
B089DR29T6,Industrial Electrical
B08FYNN55Z,Industrial Electrical
B0C38WDX79,Industrial Electrical
B0CSYG2CP3,Industrial Electrical
B09D7NN6YZ,Industrial Electrical
B0BJMDHRPS,Industrial Electrical
B07QLXC6QR,Industrial Electrical
B07DC5PPFV,Industrial Electrical
B0CX22JSR3,Industrial Electrical
B015OW3M1W,Industrial Electrical
B089DM4KDW,Industrial Electrical
B0BVQ5ZGN8,Industrial Electrical
B0CFQ5T5F6,Industrial Electrical
B082Z1YYRK,Industrial Electrical
B08PVPTNZL,Industrial Electrical
B088FSHMQ3,Industrial Electrical
B0C7RMVFPZ,Industrial Electrical
B09B7NQT2K,Industrial Electrical
B0BPCZLFS4,Industrial Electrical
B0CG5VDC8P,Industrial Electrical
B0BC8N7QXN,Industrial Electrical
B00WD017GQ,Industrial Electrical
B07RQRMGKB,Industrial Electrical
B014I8SIJY,Industrial Electrical
B099ZRBW2N,Industrial Electrical
B07JMX65SF,Industrial Electrical
B072LY7465,Industrial Electrical
B07TSN384X,Industrial Electrical
B0CL4WP7BP,Industrial Electrical
B086C2681Y,Industrial Electrical
B0CX22K9TP,Industrial Electrical
B08T5WPC53,Industrial Electrical
B097BL622M,Industrial Electrical
B07SMNZK8H,Industrial Electrical
B07GFRLJ9C,Industrial Electrical
B07DQCKD4H,Industrial Electrical
B09YQ4197R,Industrial Electrical
B08L37F4BW,Industrial Electrical
B0CL26CTYG,Industrial Electrical
B09BNDR17R,Industrial Electrical
B0BR9BBHQF,Industrial Electrical
B08SNXDMJ5,"Hydraulics, Pneumatics & Plumbing"
B0CBTYXVCV,"Hydraulics, Pneumatics & Plumbing"
B07HVBLVD2,"Hydraulics, Pneumatics & Plumbing"
B081XLBJN1,"Hydraulics, Pneumatics & Plumbing"
B07W5TGX8B,"Hydraulics, Pneumatics & Plumbing"
B07HF4SYWY,"Hydraulics, Pneumatics & Plumbing"
B098JZDGCX,"Hydraulics, Pneumatics & Plumbing"
B08QM9L9J5,"Hydraulics, Pneumatics & Plumbing"
B0B1GPPJNT,"Hydraulics, Pneumatics & Plumbing"
B0BX9SYKXJ,"Hydraulics, Pneumatics & Plumbing"
B0CZMZDP7Y,"Hydraulics, Pneumatics & Plumbing"
B0DNB3PG4Q,"Hydraulics, Pneumatics & Plumbing"
B000X05G1A,"Hydraulics, Pneumatics & Plumbing"
B0CN6YHD58,"Hydraulics, Pneumatics & Plumbing"
B076Q7ZK19,"Hydraulics, Pneumatics & Plumbing"
B07PBPB367,"Hydraulics, Pneumatics & Plumbing"
B07MTYMW13,"Hydraulics, Pneumatics & Plumbing"
B088NMKHQ5,"Hydraulics, Pneumatics & Plumbing"
B0CT88MHXQ,"Hydraulics, Pneumatics & Plumbing"
B09Y918453,"Hydraulics, Pneumatics & Plumbing"
B0BVVTHKYS,"Hydraulics, Pneumatics & Plumbing"
B07G2VF9CZ,"Hydraulics, Pneumatics & Plumbing"
B097YB2TXK,"Hydraulics, Pneumatics & Plumbing"
B0CQ26XGJK,"Hydraulics, Pneumatics & Plumbing"
B0CYPX41QL,"Hydraulics, Pneumatics & Plumbing"
B00LEMRVIW,"Hydraulics, Pneumatics & Plumbing"
B07RSLDDBR,"Hydraulics, Pneumatics & Plumbing"
B085RV5SRY,"Hydraulics, Pneumatics & Plumbing"
B0B7VNJ5FB,"Hydraulics, Pneumatics & Plumbing"
B0917J3DBG,"Hydraulics, Pneumatics & Plumbing"
B07RJ1BYKV,"Hydraulics, Pneumatics & Plumbing"
B0CZKRSF14,"Hydraulics, Pneumatics & Plumbing"
B0D17Y1HCY,"Hydraulics, Pneumatics & Plumbing"
B001BQ039K,"Hydraulics, Pneumatics & Plumbing"
B0BNVLNFQZ,"Hydraulics, Pneumatics & Plumbing"
B08L1TZ54J,"Hydraulics, Pneumatics & Plumbing"
B0BRN1H471,"Hydraulics, Pneumatics & Plumbing"
B0069KCZO4,"Hydraulics, Pneumatics & Plumbing"
B0C4QYTNK9,"Hydraulics, Pneumatics & Plumbing"
B0C24M2PJJ,"Hydraulics, Pneumatics & Plumbing"
B08TW7939W,"Hydraulics, Pneumatics & Plumbing"
B085X68CMJ,"Hydraulics, Pneumatics & Plumbing"
B09W21YR22,"Hydraulics, Pneumatics & Plumbing"
B0C53V1XNP,"Hydraulics, Pneumatics & Plumbing"
B08HKW9Q86,"Hydraulics, Pneumatics & Plumbing"
B09PN74Y2B,"Hydraulics, Pneumatics & Plumbing"
B01KA41E5K,"Hydraulics, Pneumatics & Plumbing"
B07MTQLFQC,"Hydraulics, Pneumatics & Plumbing"
B09VSDMJQV,"Hydraulics, Pneumatics & Plumbing"
B0CSPKC993,"Hydraulics, Pneumatics & Plumbing"
B0BMPD9KBG,Industrial Electrical
B07JMX65V9,Industrial Electrical
B0CKYZ7MWK,Industrial Electrical
B0CD7V3HBR,Industrial Electrical
B00NH13DV2,Industrial Electrical
B0DK4L5HVH,Industrial Electrical
B0CNSKG1ZT,Industrial Electrical
B08L36HXY3,Industrial Electrical
B078S5QMFG,Industrial Electrical
B087JL1W9M,Industrial Electrical
B091HH9K97,Industrial Electrical
B07RYWPCG8,Industrial Electrical
B09492HXH7,Industrial Electrical
B0D7FR2TM7,Industrial Electrical
B0BX9117L1,Industrial Electrical
B087213LB3,Industrial Electrical
B087767KNW,Industrial Electrical
B0C5DFLGZG,Industrial Electrical
B0D72WK9H7,Industrial Electrical
B0CMXNMNJ9,Industrial Electrical
B0CGXDP73D,Industrial Electrical
B0DGLLGFLY,Industrial Electrical
B088NMR44C,Industrial Electrical
B0CR18G7RQ,Industrial Electrical
B01GGKYO1I,Industrial Electrical
B000FBPP8G,Industrial Electrical
B091FXLMS8,Industrial Electrical
B019KKF3S4,Industrial Electrical
B07X37CG9V,Industrial Electrical
B0BQQDS3KX,Industrial Electrical
B09SZ5NHF4,Industrial Electrical
B071XDRZ5S,Industrial Electrical
B07ZV6FHWF,Industrial Electrical
B07RZ8QXF1,Industrial Electrical
B08R6TX3XM,Industrial Electrical
B0919K23RX,Industrial Electrical
B091GWJPJ5,Industrial Electrical
B09TGS6KNF,Industrial Electrical
B0B58F43XG,Industrial Electrical
B0BJQ93CS9,Industrial Electrical
B0CF9WH2JN,Industrial Electrical
B08KG5T8XC,Industrial Electrical
B09QKR81Q4,Industrial Electrical
B092MMF4XD,Industrial Electrical
B00NH11KIK,Industrial Electrical
B0D7W3R7T9,Industrial Electrical
B07QWB3J8W,Industrial Electrical
B0CD5WDZWC,Industrial Electrical
B08CDG2SSP,Industrial Electrical
B08288SLYR,Industrial Electrical
B07NFSFBXQ,Lab & Scientific Products
B09J1JRSLC,Lab & Scientific Products
B0BC2GGYYS,Lab & Scientific Products
B0CDP9BH6B,Lab & Scientific Products
B08QM81BJV,Lab & Scientific Products
B07WG5B464,Lab & Scientific Products
B086D7SX8K,Lab & Scientific Products
B0B71HFH9K,Lab & Scientific Products
B09RWQ9TLX,Lab & Scientific Products
B0CTHWS8GX,Lab & Scientific Products
B08Y8M54M9,Lab & Scientific Products
B07QG3ZXQC,Lab & Scientific Products
B0C6ZSXL9J,Lab & Scientific Products
B0BVN2M2PG,Lab & Scientific Products
B0C5YD8ZPR,Lab & Scientific Products
B007Q2M17K,Lab & Scientific Products
B0CCXVJTHH,Lab & Scientific Products
B0BGH4J659,Lab & Scientific Products
B0CV5QBFT7,Lab & Scientific Products
B08T175357,Lab & Scientific Products
B000BQKXLE,Lab & Scientific Products
B0D1FMQNFX,Lab & Scientific Products
B0BNZYQF6X,Lab & Scientific Products
B081L61ZM6,Lab & Scientific Products
B07M9WJ38R,Lab & Scientific Products
B08JHBM3VY,Lab & Scientific Products
B00DYKTS9C,Lab & Scientific Products
B0DPKJ64SM,Lab & Scientific Products
B0CMY2R6X5,Lab & Scientific Products
B07DFFYCXS,Lab & Scientific Products
B0DTC3XC82,Lab & Scientific Products
B09DSDX4P3,Lab & Scientific Products
B08YFD9ZJ3,Lab & Scientific Products
B0C55F4YN9,Lab & Scientific Products
B07QXNYRM6,Lab & Scientific Products
B0D14P72NH,Lab & Scientific Products
B0BN317X6Z,Lab & Scientific Products
B0837Z5PBJ,Lab & Scientific Products
B0DDY4Q77H,Lab & Scientific Products
B0001GUE3G,Lab & Scientific Products
B07VSHR9M6,Lab & Scientific Products
B0BNK6KQ19,Lab & Scientific Products
B0BGH3VNXB,Lab & Scientific Products
B0BXWMPPW3,Lab & Scientific Products
B0CG67TG6K,Lab & Scientific Products
B0C4JV8MZJ,Lab & Scientific Products
B0C4FBNCRN,Lab & Scientific Products
B08VGRG1P4,Lab & Scientific Products
B08KTVGGR6,Lab & Scientific Products
B0CPMZT7FP,Lab & Scientific Products
B0772PFC89,Material Handling Products
B0CQLHFSGF,Material Handling Products
B0BDLCDPB7,Material Handling Products
B0BDFFCSKT,Material Handling Products
B095RQ1F3T,Material Handling Products
B096LYVGPS,Material Handling Products
B0CCXY6WBR,Material Handling Products
B07RY937N4,Material Handling Products
B07XDC7FP9,Material Handling Products
B01G643EU6,Material Handling Products
B0BVY5VYQY,Material Handling Products
B072KDBJWC,Material Handling Products
B09V4H84SB,Material Handling Products
B09WZTSQ9Y,Material Handling Products
B01CGU14T2,Material Handling Products
B01DI8H364,Material Handling Products
B09VG87SKL,Material Handling Products
B0BPFYNSDT,Material Handling Products
B079FLRQJP,Material Handling Products
B0BYJC6GSH,Material Handling Products
B07FLYSZGY,Material Handling Products
B00022749Q,Material Handling Products
B0CZMSHN4F,Material Handling Products
B0CJ8T666H,Material Handling Products
B0D1TZG6LH,Material Handling Products
B0BLSLZ8JN,Material Handling Products
B06XD2X45M,Material Handling Products
B08YYQ6TGK,Material Handling Products
B07B6NX5NP,Material Handling Products
B0BD6B5K4Y,Material Handling Products
B0B3WMVHPL,Material Handling Products
B085RQFMYR,Material Handling Products
B0CCXHY9P8,Material Handling Products
B09Q61B559,Material Handling Products
B0872XDMZS,Material Handling Products
B07QRH8VS2,Material Handling Products
B09YH5RN8S,Material Handling Products
B0CCX29DGC,Material Handling Products
B07DB3XB21,Material Handling Products
B07TWF7V2Q,Material Handling Products
B0BPXVQYDT,Material Handling Products
B09QFWKLTS,Material Handling Products
B094JLS858,Material Handling Products
B09TVXL3DZ,Material Handling Products
B0BGR4RP5V,Material Handling Products
B00LMH8CCS,Material Handling Products
B00EJU3SWY,Material Handling Products
B07DFZH4WT,Material Handling Products
B08M3GHMWN,Material Handling Products
B0CC5HMKXP,Material Handling Products
B0B6PQPBP1,Material Handling Products
B000BPEQAE,Material Handling Products
B0DPXWHGN5,Material Handling Products
B0CK15X6SM,Material Handling Products
B09GFDSRMD,Material Handling Products
B0CHSDVZ3L,Material Handling Products
B0B1M73Y18,Material Handling Products
B0B875WWCZ,Material Handling Products
B07PG4BZYG,Material Handling Products
B0BDFJWGWY,Material Handling Products
B0D6VNFDKR,Material Handling Products
B0BZYPNHBV,Material Handling Products
B09VNVGHHS,Material Handling Products
B0C4ZN312D,Material Handling Products
B07C5Q8MTG,Material Handling Products
B07R1DDCTP,Material Handling Products
B0DDM2D71P,Material Handling Products
B0BDKPRLLT,Material Handling Products
B0BYYRC2T1,Material Handling Products
B0BWDPGH1J,Material Handling Products
B07S75MD7X,Material Handling Products
B00NIXNULM,Material Handling Products
B00NOWOGYC,Material Handling Products
B08M3YP56J,Material Handling Products
B09L6JXJVK,Material Handling Products
B089D33ZL2,Material Handling Products
B00002N8AI,Material Handling Products
B0C7GDYHRS,Material Handling Products
B008ASBLJI,Material Handling Products
B0863BGG6H,Material Handling Products
B0CDLF9K2Z,Material Handling Products
B0CDGYTLH6,Material Handling Products
B00M0V5PWA,Material Handling Products
B0994GGPMR,Material Handling Products
B0CMR3NPL7,Material Handling Products
B06XG5VNQD,Material Handling Products
B09W232H7C,Material Handling Products
B0B8RVRFNT,Material Handling Products
B0D17Y1HCY,Material Handling Products
B09XN3P3P4,Material Handling Products
B09LS718PL,Material Handling Products
B097K7JG56,Material Handling Products
B0CCQHMXW9,Material Handling Products
B07R17XH4Y,Material Handling Products
B0CZKSYRG4,Material Handling Products
B07C72GWLT,Material Handling Products
B0CGHCX6VC,Material Handling Products
B0CDH1297R,Material Handling Products
B0DD78JPBB,Material Handling Products
B01G4IVN4S,Material Handling Products
B0C3SSXL4K,Occupational Health & Safety Products
B08Y8NVW6Y,Occupational Health & Safety Products
B09N6XCCQH,Occupational Health & Safety Products
B0D3V61JC8,Occupational Health & Safety Products
B07D6QGQYB,Occupational Health & Safety Products
B07BK4PXF7,Occupational Health & Safety Products
B09GLY1S79,Occupational Health & Safety Products
B08TYT543Y,Occupational Health & Safety Products
B09BZF2X29,Occupational Health & Safety Products
B075DFPR2W,Occupational Health & Safety Products
B0051U7W32,Occupational Health & Safety Products
B0C9MZRBR7,Occupational Health & Safety Products
B001FPCUHA,Occupational Health & Safety Products
B017J293OU,Occupational Health & Safety Products
B01LWYWH43,Occupational Health & Safety Products
B004Y6V6K4,Occupational Health & Safety Products
B08VJM6VZC,Occupational Health & Safety Products
B09WK8MB2K,Occupational Health & Safety Products
B082J32TLR,Occupational Health & Safety Products
B09KSBNCR5,Occupational Health & Safety Products
B097YVXG3X,Occupational Health & Safety Products
B0C5M773VW,Occupational Health & Safety Products
B0D4DFQTMJ,Occupational Health & Safety Products
B0BR7SGFCJ,Occupational Health & Safety Products
B08LBB2RT2,Occupational Health & Safety Products
B08LL1HRKW,Occupational Health & Safety Products
B00M48BH30,Occupational Health & Safety Products
B01LXAGV0H,Occupational Health & Safety Products
B07WZZFL9T,Occupational Health & Safety Products
B0B41MYSGP,Occupational Health & Safety Products
B07GB8Y11G,Occupational Health & Safety Products
B00TZTO0VM,Occupational Health & Safety Products
B0875LJP81,Occupational Health & Safety Products
B0BLGQZ676,Occupational Health & Safety Products
B07G1MWHNR,Occupational Health & Safety Products
B07JPWYZN2,Occupational Health & Safety Products
B07QSTF4YW,Occupational Health & Safety Products
B07GLCYR5S,Occupational Health & Safety Products
B07MNZ7C1M,Occupational Health & Safety Products
B0DPH7HNT1,Occupational Health & Safety Products
B002NLGNW8,Occupational Health & Safety Products
B08S2TDDNQ,Occupational Health & Safety Products
B01LRVX4AS,Occupational Health & Safety Products
B09B6V9Q8J,Occupational Health & Safety Products
B016F59BDU,Occupational Health & Safety Products
B0002YKBV2,Occupational Health & Safety Products
B08P27LHJ4,Occupational Health & Safety Products
B0797N2YW1,Occupational Health & Safety Products
B00MXUHHGK,Occupational Health & Safety Products
B0D59ZRS4M,Occupational Health & Safety Products
B0C6XHPC21,Commercial Lighting
B0962X573M,Commercial Lighting
B07J1L19G1,Commercial Lighting
B082P3FC7S,Commercial Lighting
B081MY41L9,Commercial Lighting
B08NWQRTMB,Commercial Lighting
B08FD5BZ4Q,Commercial Lighting
B0DDWY3CDC,Commercial Lighting
B0BBC2S5J3,Commercial Lighting
B08T75VXW7,Commercial Lighting
B0B1LRXV8L,Commercial Lighting
B0CYHJ944F,Commercial Lighting
B0897JC95G,Commercial Lighting
B09N6YL146,Commercial Lighting
B01N4LAOWB,Commercial Lighting
B07WQFJSPH,Commercial Lighting
B0BPN92M83,Commercial Lighting
B07XP432J4,Commercial Lighting
B0CSDBCSFL,Commercial Lighting
B0CP79LJCQ,Commercial Lighting
B09KR8KXWP,Commercial Lighting
B07Y5842ZP,Commercial Lighting
B07YFGK8GR,Commercial Lighting
B0CFJNW7DB,Commercial Lighting
B0CJRQTRN9,Commercial Lighting
B0CZ3SKJZB,Commercial Lighting
B08NG97Y25,Commercial Lighting
B0D9LY86Y6,Commercial Lighting
B07PKQBD69,Commercial Lighting
B07D9GF8LC,Commercial Lighting
B088KSYTL5,Commercial Lighting
B0BYG8PQ95,Commercial Lighting
B07JCPNW71,Commercial Lighting
B07M98Y151,Commercial Lighting
B089Q27FHF,Commercial Lighting
B0CQ5312WK,Commercial Lighting
B0C7CXKR58,Commercial Lighting
B0848RQP53,Commercial Lighting
B0D9QQ41MK,Commercial Lighting
B0BY8W8L3W,Commercial Lighting
B0D12WV75W,Commercial Lighting
B094JKT3YT,Commercial Lighting
B0CHP2C1FX,Commercial Lighting
B09TNM8TG8,Commercial Lighting
B07WMQ8YF3,Commercial Lighting
B0BN435WLR,Commercial Lighting
B0CJBZ6H67,Commercial Lighting
B076B96TZ6,Commercial Lighting
B082XX8XYJ,Commercial Lighting
B0D2CMK69J,Commercial Lighting
B000J07BRQ,Packaging & Shipping Supplies
B000087KUA,Packaging & Shipping Supplies
B07GGTVJSS,Packaging & Shipping Supplies
B00464740A,Packaging & Shipping Supplies
B083LGC771,Packaging & Shipping Supplies
B00RSB6I1E,Packaging & Shipping Supplies
B0829D1D7V,Packaging & Shipping Supplies
B08D4MT4WQ,Packaging & Shipping Supplies
B000GR5XCW,Packaging & Shipping Supplies
B078HSG985,Packaging & Shipping Supplies
B07W7H7G4P,Packaging & Shipping Supplies
B07Z8GG66X,Packaging & Shipping Supplies
B0B2FFTSR9,Packaging & Shipping Supplies
B0B5C5VSSY,Packaging & Shipping Supplies
B0BX2BN5KQ,Packaging & Shipping Supplies
B01M9AR01Q,Packaging & Shipping Supplies
B07CWGQ6YS,Packaging & Shipping Supplies
B0BPM5GRQW,Packaging & Shipping Supplies
B0D1VW4R9Q,Packaging & Shipping Supplies
B07S1JPBL3,Packaging & Shipping Supplies
B08D4K9DLM,Packaging & Shipping Supplies
B09MCM8QGK,Packaging & Shipping Supplies
B002VPDKTA,Packaging & Shipping Supplies
B0CMH9MLRX,Packaging & Shipping Supplies
B0BZR3W4WZ,Packaging & Shipping Supplies
B0CC5N4XRQ,Packaging & Shipping Supplies
B00VJA4XVC,Packaging & Shipping Supplies
B000J05FJW,Packaging & Shipping Supplies
B0BR5DMP3Z,Packaging & Shipping Supplies
B09Y693NJB,Packaging & Shipping Supplies
B08NDMLGDB,Packaging & Shipping Supplies
B085RT11X2,Packaging & Shipping Supplies
B09BB3XCN4,Packaging & Shipping Supplies
B0CL4P3HLQ,Packaging & Shipping Supplies
B0BZWPVBGH,Packaging & Shipping Supplies
B0B56GMB2V,Packaging & Shipping Supplies
B0DMTXPJMQ,Packaging & Shipping Supplies
B0C9V7KKV6,Packaging & Shipping Supplies
B075K3818Y,Packaging & Shipping Supplies
B005HE0S88,Packaging & Shipping Supplies
B07V68JCVF,Packaging & Shipping Supplies
B0CWXZQ54Z,Packaging & Shipping Supplies
B098991PPP,Packaging & Shipping Supplies
B09GM4NKZZ,Packaging & Shipping Supplies
B07DWXDC1D,Packaging & Shipping Supplies
B09W48KWGY,Packaging & Shipping Supplies
B0DDTG5CHC,Packaging & Shipping Supplies
B01N7U5F2C,Packaging & Shipping Supplies
B07SRCL2L6,Packaging & Shipping Supplies
B01A09SKNY,Packaging & Shipping Supplies
B0787Q54M1,Industrial Hardware
B077PZLX6M,Industrial Hardware
B0BR8SX468,Industrial Hardware
B0B99VKV8P,Industrial Hardware
B09MMH51DF,Industrial Hardware
B0C7NM1X7G,Industrial Hardware
B08GRZ3H3C,Industrial Hardware
B0C2Q3T2C3,Industrial Hardware
B09R6XFGTG,Industrial Hardware
B01G643EU6,Industrial Hardware
B0BLVKSRPT,Industrial Hardware
B07712H557,Industrial Hardware
B0B12RPYR2,Industrial Hardware
B0B65BDL9Q,Industrial Hardware
B096G6QJ93,Industrial Hardware
B09TFF68TC,Industrial Hardware
B0C9DPSNQW,Industrial Hardware
B0CP1ZTWCD,Industrial Hardware
B075J9WNSY,Industrial Hardware
B0825LG4J1,Industrial Hardware
B08CZB7J8P,Industrial Hardware
B07QR36Z76,Industrial Hardware
B08D7DQTD8,Industrial Hardware
B0BY8TNR5R,Industrial Hardware
B0BTP5C2DM,Industrial Hardware
B08YYQ6TGK,Industrial Hardware
B085RQFMYR,Industrial Hardware
B087BH82M8,Industrial Hardware
B0CX1QW5YG,Industrial Hardware
B0972GJRSC,Industrial Hardware
B07QRH8VS2,Industrial Hardware
B09YH5RN8S,Industrial Hardware
B08ZSDW8S1,Industrial Hardware
B08PD529QN,Industrial Hardware
B0BL81LWHM,Industrial Hardware
B0CC8WVB57,Industrial Hardware
B00PI60CEU,Industrial Hardware
B0BGR4RP5V,Industrial Hardware
B07WQWNQ65,Industrial Hardware
B0C77W77XG,Industrial Hardware
B0D5XTPFZG,Industrial Hardware
B0D3WDQHX2,Industrial Hardware
B0C4P5RFCF,Industrial Hardware
B09CD1R7YW,Industrial Hardware
B09JFNZ3K9,Industrial Hardware
B09GFDSRMD,Industrial Hardware
B00KIO7HG8,Industrial Hardware
B08R6LBJWX,Industrial Hardware
B07PG4BZYG,Industrial Hardware
B0D9N4MTBZ,Industrial Hardware
B002ZZ5DLO,Packaging & Shipping Supplies
B00LG07QZA,Packaging & Shipping Supplies
B0BJGY9HTW,Packaging & Shipping Supplies
B007PBKV8S,Packaging & Shipping Supplies
B000P6XESY,Packaging & Shipping Supplies
B08VS8ZPB1,Packaging & Shipping Supplies
B095WKTRXL,Packaging & Shipping Supplies
B0C7VJX57W,Packaging & Shipping Supplies
B07C4TBB76,Packaging & Shipping Supplies
B0B3HXQNDW,Packaging & Shipping Supplies
B0B65KT99X,Packaging & Shipping Supplies
B0BY9MDCWW,Packaging & Shipping Supplies
B07X9GX7FJ,Packaging & Shipping Supplies
B0CGXB6BJY,Packaging & Shipping Supplies
B0CWPN1V1L,Packaging & Shipping Supplies
B0CHS3JY2X,Packaging & Shipping Supplies
B017876W3Q,Packaging & Shipping Supplies
B09W6WT613,Packaging & Shipping Supplies
B095S3J7FB,Packaging & Shipping Supplies
B0BJN4DS78,Packaging & Shipping Supplies
B004WOSTDK,Packaging & Shipping Supplies
B0CZ3MGR22,Packaging & Shipping Supplies
B0928JWXFW,Packaging & Shipping Supplies
B01DTDE9DS,Packaging & Shipping Supplies
B0BVHYQPPH,Packaging & Shipping Supplies
B0026T65Z2,Packaging & Shipping Supplies
B0B5LZJLQ3,Packaging & Shipping Supplies
B07DF8DRY5,Packaging & Shipping Supplies
B08KWJR7LW,Packaging & Shipping Supplies
B07QDYN9VR,Packaging & Shipping Supplies
B06Y1SKXG4,Packaging & Shipping Supplies
B089QXXM3L,Packaging & Shipping Supplies
B0B67P2JYG,Packaging & Shipping Supplies
B0DL6SDDMF,Packaging & Shipping Supplies
B07N6MZ93Y,Packaging & Shipping Supplies
B000V58DAS,Packaging & Shipping Supplies
B0793GSD39,Packaging & Shipping Supplies
B09X9QW2KC,Packaging & Shipping Supplies
B0C1VBVPFK,Packaging & Shipping Supplies
B01K0Z9QYK,Packaging & Shipping Supplies
B0DH9H9HHM,Packaging & Shipping Supplies
B06Y1SWBWB,Packaging & Shipping Supplies
B08K8VNH82,Packaging & Shipping Supplies
B089RNPQZ3,Packaging & Shipping Supplies
B09K3SP5HQ,Packaging & Shipping Supplies
B09N95XD2G,Packaging & Shipping Supplies
B07Z8G76XQ,Packaging & Shipping Supplies
B0CHJX9TQV,Packaging & Shipping Supplies
B01MA1UOG3,Packaging & Shipping Supplies
B093PR2496,Packaging & Shipping Supplies
B000IN1I5A,Industrial Hardware
B0CDH3PCQS,Industrial Hardware
B07NB4XY2L,Industrial Hardware
B0CQZ1NRVL,Industrial Hardware
B09SZ73N8X,Industrial Hardware
B09XXLC32N,Industrial Hardware
B0BRKXFN4W,Industrial Hardware
B0995KCFB6,Industrial Hardware
B0CG1TTJ77,Industrial Hardware
B07VBCKQ3P,Industrial Hardware
B09XVDTQ8F,Industrial Hardware
B000EDKOLI,Industrial Hardware
B0BJ6WJW6Y,Industrial Hardware
B0BY2DLVJ9,Industrial Hardware
B0B292YHZY,Industrial Hardware
B001L5U29W,Industrial Hardware
B0CWY7X6ZJ,Industrial Hardware
B09L6JXJVK,Industrial Hardware
B07712B9JG,Industrial Hardware
B08P55DXZ5,Industrial Hardware
B07C7VK2TZ,Industrial Hardware
B08DTCM52N,Industrial Hardware
B0D3TCD3W3,Industrial Hardware
B0CZQSMY83,Industrial Hardware
B09XN3P3P4,Industrial Hardware
B0D5Q7M13Y,Industrial Hardware
B0D7ZY9SR7,Industrial Hardware
B098XKBSD7,Industrial Hardware
B0BW6VPM87,Industrial Hardware
B0B7BK7DPP,Industrial Hardware
B0DHVKMV3D,Industrial Hardware
B088PQ4QVN,Industrial Hardware
B0BQ597F3Q,Industrial Hardware
B0CJJC8CR8,Industrial Hardware
B0D21YWDDS,Industrial Hardware
B0CP3WQTY5,Industrial Hardware
B001VYUZZE,Industrial Hardware
B085MGHVB3,Industrial Hardware
B0BVT89T63,Industrial Hardware
B09MMX1MPT,Industrial Hardware
B0D5B6RXHF,Industrial Hardware
B0CZS68YSM,Industrial Hardware
B07SQ1JDQ6,Industrial Hardware
B0B6N626JS,Industrial Hardware
B0CVVY7WR4,Industrial Hardware
B0CWL4Q5KW,Industrial Hardware
B09B9HZBQC,Industrial Hardware
B076CSY48L,Industrial Hardware
B0CS36LRGL,Industrial Hardware
B09FGL9B83,Industrial Hardware
B0776C2D6H,Power & Hand Tools
B0CC1RHJY1,Power & Hand Tools
B01EOY7LTA,Power & Hand Tools
B019MDK0GE,Power & Hand Tools
B00NS4J6BY,Power & Hand Tools
B015W3BAW6,Power & Hand Tools
B0BVH9KCF7,Power & Hand Tools
B00CXKOEQ6,Power & Hand Tools
B08YRLZCPJ,Power & Hand Tools
B07R9PNRBD,Power & Hand Tools
B06VX42986,Power & Hand Tools
B07W41G6P3,Power & Hand Tools
B08PFK8YWQ,Power & Hand Tools
B08VWCZ9H8,Power & Hand Tools
B08GKHLJWR,Power & Hand Tools
B081GGRYQ3,Power & Hand Tools
B07JPFHQKG,Power & Hand Tools
