href,pid
https://www.ebay.com/fdbk/mweb_profile?fdbkType=FeedbackReceivedAsSeller&item_id=135004067798&username=usbri.29advy&filter=feedback_page%3ARECEIVED_AS_SELLER&sort=RELEVANCE,135004067798
https://www.ebay.com/fdbk/mweb_profile?fdbkType=FeedbackReceivedAsSeller&item_id=135004067798&username=usbri.29advy&filter=feedback_page%3ARECEIVED_AS_SELLER&sort=RELEVANCE,135004067798
https://www.ebay.com/fdbk/mweb_profile?fdbkType=FeedbackReceivedAsSeller&item_id=166188541057&username=smartfashion_785&filter=feedback_page%3ARECEIVED_AS_SELLER&sort=RELEVANCE,166188541057
https://www.ebay.com/fdbk/mweb_profile?fdbkType=FeedbackReceivedAsSeller&item_id=405242239559&username=raed.stor&filter=feedback_page%3ARECEIVED_AS_SELLER&sort=RELEVANCE,405242239559
https://www.ebay.com/fdbk/mweb_profile?fdbkType=FeedbackReceivedAsSeller&item_id=353325028062&username=millzstoree&filter=feedback_page%3ARECEIVED_AS_SELLER&sort=RELEVANCE,353325028062
https://www.ebay.com/fdbk/mweb_profile?fdbkType=FeedbackReceivedAsSeller&item_id=286309838195&username=purplecouture&filter=feedback_page%3ARECEIVED_AS_SELLER&sort=RELEVANCE,286309838195
https://www.ebay.com/fdbk/mweb_profile?fdbkType=FeedbackReceivedAsSeller&item_id=256108731654&username=wmstix&filter=feedback_page%3ARECEIVED_AS_SELLER&sort=RELEVANCE,256108731654
https://www.ebay.com/fdbk/mweb_profile?fdbkType=FeedbackReceivedAsSeller&item_id=235699845377&username=sicasreselling&filter=feedback_page%3ARECEIVED_AS_SELLER&sort=RELEVANCE,235699845377
https://www.ebay.com/fdbk/mweb_profile?fdbkType=FeedbackReceivedAsSeller&item_id=356458327831&username=mscarft&filter=feedback_page%3ARECEIVED_AS_SELLER&sort=RELEVANCE,356458327831
,405231216369
https://www.ebay.com/fdbk/mweb_profile?fdbkType=FeedbackReceivedAsSeller&item_id=395804755912&username=findex24&filter=feedback_page%3ARECEIVED_AS_SELLER&sort=RELEVANCE,395804755912
https://www.ebay.com/fdbk/mweb_profile?fdbkType=FeedbackReceivedAsSeller&item_id=395645641001&username=findex24&filter=feedback_page%3ARECEIVED_AS_SELLER&sort=RELEVANCE,395645641001
,326440725640
https://www.ebay.com/fdbk/mweb_profile?fdbkType=FeedbackReceivedAsSeller&item_id=387786105415&username=broke-n-boujee&filter=feedback_page%3ARECEIVED_AS_SELLER&sort=RELEVANCE,387786105415
https://www.ebay.com/fdbk/mweb_profile?fdbkType=FeedbackReceivedAsSeller&item_id=387959783056&username=broke-n-boujee&filter=feedback_page%3ARECEIVED_AS_SELLER&sort=RELEVANCE,387959783056
https://www.ebay.com/fdbk/mweb_profile?fdbkType=FeedbackReceivedAsSeller&item_id=387622779962&username=broke-n-boujee&filter=feedback_page%3ARECEIVED_AS_SELLER&sort=RELEVANCE,387622779962
https://www.ebay.com/fdbk/mweb_profile?fdbkType=FeedbackReceivedAsSeller&item_id=387914697203&username=broke-n-boujee&filter=feedback_page%3ARECEIVED_AS_SELLER&sort=RELEVANCE,387914697203
https://www.ebay.com/fdbk/mweb_profile?fdbkType=FeedbackReceivedAsSeller&item_id=387985661328&username=broke-n-boujee&filter=feedback_page%3ARECEIVED_AS_SELLER&sort=RELEVANCE,387985661328
https://www.ebay.com/fdbk/mweb_profile?fdbkType=FeedbackReceivedAsSeller&item_id=387514326306&username=broke-n-boujee&filter=feedback_page%3ARECEIVED_AS_SELLER&sort=RELEVANCE,387514326306
https://www.ebay.com/fdbk/mweb_profile?fdbkType=FeedbackReceivedAsSeller&item_id=276866569250&username=dreisonic&filter=feedback_page%3ARECEIVED_AS_SELLER&sort=RELEVANCE,276866569250
https://www.ebay.com/fdbk/mweb_profile?fdbkType=FeedbackReceivedAsSeller&item_id=396256109675&username=findex24&filter=feedback_page%3ARECEIVED_AS_SELLER&sort=RELEVANCE,396256109675
,156280280025
,156251929333
https://www.ebay.com/fdbk/mweb_profile?fdbkType=FeedbackReceivedAsSeller&item_id=396234833575&username=findex24&filter=feedback_page%3ARECEIVED_AS_SELLER&sort=RELEVANCE,396234833575
https://www.ebay.com/fdbk/mweb_profile?fdbkType=FeedbackReceivedAsSeller&item_id=386617291285&username=broke-n-boujee&filter=feedback_page%3ARECEIVED_AS_SELLER&sort=RELEVANCE,386617291285
https://www.ebay.com/fdbk/mweb_profile?fdbkType=FeedbackReceivedAsSeller&item_id=387269103169&username=broke-n-boujee&filter=feedback_page%3ARECEIVED_AS_SELLER&sort=RELEVANCE,387269103169
https://www.ebay.com/fdbk/mweb_profile?fdbkType=FeedbackReceivedAsSeller&item_id=387413923931&username=broke-n-boujee&filter=feedback_page%3ARECEIVED_AS_SELLER&sort=RELEVANCE,387413923931
https://www.ebay.com/fdbk/mweb_profile?fdbkType=FeedbackReceivedAsSeller&item_id=387514326322&username=broke-n-boujee&filter=feedback_page%3ARECEIVED_AS_SELLER&sort=RELEVANCE,387514326322
https://www.ebay.com/fdbk/mweb_profile?fdbkType=FeedbackReceivedAsSeller&item_id=387981349616&username=broke-n-boujee&filter=feedback_page%3ARECEIVED_AS_SELLER&sort=RELEVANCE,387981349616
https://www.ebay.com/fdbk/mweb_profile?fdbkType=FeedbackReceivedAsSeller&item_id=387402873795&username=broke-n-boujee&filter=feedback_page%3ARECEIVED_AS_SELLER&sort=RELEVANCE,387402873795
https://www.ebay.com/fdbk/mweb_profile?fdbkType=FeedbackReceivedAsSeller&item_id=387981115619&username=broke-n-boujee&filter=feedback_page%3ARECEIVED_AS_SELLER&sort=RELEVANCE,387981115619
https://www.ebay.com/fdbk/mweb_profile?fdbkType=FeedbackReceivedAsSeller&item_id=387973261878&username=broke-n-boujee&filter=feedback_page%3ARECEIVED_AS_SELLER&sort=RELEVANCE,387973261878
https://www.ebay.com/fdbk/mweb_profile?fdbkType=FeedbackReceivedAsSeller&item_id=386759191719&username=broke-n-boujee&filter=feedback_page%3ARECEIVED_AS_SELLER&sort=RELEVANCE,386759191719
https://www.ebay.com/fdbk/mweb_profile?fdbkType=FeedbackReceivedAsSeller&item_id=316176279015&username=nicolesvintagewares&filter=feedback_page%3ARECEIVED_AS_SELLER&sort=RELEVANCE,316176279015
https://www.ebay.com/fdbk/mweb_profile?fdbkType=FeedbackReceivedAsSeller&item_id=388005949222&username=broke-n-boujee&filter=feedback_page%3ARECEIVED_AS_SELLER&sort=RELEVANCE,388005949222
https://www.ebay.com/fdbk/mweb_profile?fdbkType=FeedbackReceivedAsSeller&item_id=387914685991&username=broke-n-boujee&filter=feedback_page%3ARECEIVED_AS_SELLER&sort=RELEVANCE,387914685991
,156570917590
https://www.ebay.com/fdbk/mweb_profile?fdbkType=FeedbackReceivedAsSeller&item_id=375690620783&username=zelda_enterprise&filter=feedback_page%3ARECEIVED_AS_SELLER&sort=RELEVANCE,375690620783
https://www.ebay.com/fdbk/mweb_profile?fdbkType=FeedbackReceivedAsSeller&item_id=396144394847&username=findex24&filter=feedback_page%3ARECEIVED_AS_SELLER&sort=RELEVANCE,396144394847
,156251900880
https://www.ebay.com/fdbk/mweb_profile?fdbkType=FeedbackReceivedAsSeller&item_id=387901269785&username=broke-n-boujee&filter=feedback_page%3ARECEIVED_AS_SELLER&sort=RELEVANCE,387901269785
https://www.ebay.com/fdbk/mweb_profile?fdbkType=FeedbackReceivedAsSeller&item_id=388015742138&username=broke-n-boujee&filter=feedback_page%3ARECEIVED_AS_SELLER&sort=RELEVANCE,388015742138
https://www.ebay.com/fdbk/mweb_profile?fdbkType=FeedbackReceivedAsSeller&item_id=387725310129&username=broke-n-boujee&filter=feedback_page%3ARECEIVED_AS_SELLER&sort=RELEVANCE,387725310129
https://www.ebay.com/fdbk/mweb_profile?fdbkType=FeedbackReceivedAsSeller&item_id=387996048097&username=broke-n-boujee&filter=feedback_page%3ARECEIVED_AS_SELLER&sort=RELEVANCE,387996048097
https://www.ebay.com/fdbk/mweb_profile?fdbkType=FeedbackReceivedAsSeller&item_id=387514326216&username=broke-n-boujee&filter=feedback_page%3ARECEIVED_AS_SELLER&sort=RELEVANCE,387514326216
https://www.ebay.com/fdbk/mweb_profile?fdbkType=FeedbackReceivedAsSeller&item_id=387514326277&username=broke-n-boujee&filter=feedback_page%3ARECEIVED_AS_SELLER&sort=RELEVANCE,387514326277
,156561223537
https://www.ebay.com/fdbk/mweb_profile?fdbkType=FeedbackReceivedAsSeller&item_id=356255567672&username=secondchance81&filter=feedback_page%3ARECEIVED_AS_SELLER&sort=RELEVANCE,356255567672
https://www.ebay.com/fdbk/mweb_profile?fdbkType=FeedbackReceivedAsSeller&item_id=387685541329&username=broke-n-boujee&filter=feedback_page%3ARECEIVED_AS_SELLER&sort=RELEVANCE,387685541329
https://www.ebay.com/fdbk/mweb_profile?fdbkType=FeedbackReceivedAsSeller&item_id=386457462208&username=broke-n-boujee&filter=feedback_page%3ARECEIVED_AS_SELLER&sort=RELEVANCE,386457462208
https://www.ebay.com/fdbk/mweb_profile?fdbkType=FeedbackReceivedAsSeller&item_id=156723902604&username=jointcustody_vintage&filter=feedback_page%3ARECEIVED_AS_SELLER&sort=RELEVANCE,156723902604
https://www.ebay.com/fdbk/mweb_profile?fdbkType=FeedbackReceivedAsSeller&item_id=396206022872&username=findex24&filter=feedback_page%3ARECEIVED_AS_SELLER&sort=RELEVANCE,396206022872
https://www.ebay.com/fdbk/mweb_profile?fdbkType=FeedbackReceivedAsSeller&item_id=387767156253&username=broke-n-boujee&filter=feedback_page%3ARECEIVED_AS_SELLER&sort=RELEVANCE,387767156253
https://www.ebay.com/fdbk/mweb_profile?fdbkType=FeedbackReceivedAsSeller&item_id=387889838498&username=broke-n-boujee&filter=feedback_page%3ARECEIVED_AS_SELLER&sort=RELEVANCE,387889838498
https://www.ebay.com/fdbk/mweb_profile?fdbkType=FeedbackReceivedAsSeller&item_id=387676945839&username=broke-n-boujee&filter=feedback_page%3ARECEIVED_AS_SELLER&sort=RELEVANCE,387676945839
https://www.ebay.com/fdbk/mweb_profile?fdbkType=FeedbackReceivedAsSeller&item_id=235961679116&username=90skidcollector&filter=feedback_page%3ARECEIVED_AS_SELLER&sort=RELEVANCE,235961679116
https://www.ebay.com/fdbk/mweb_profile?fdbkType=FeedbackReceivedAsSeller&item_id=387252066851&username=broke-n-boujee&filter=feedback_page%3ARECEIVED_AS_SELLER&sort=RELEVANCE,387252066851
https://www.ebay.com/fdbk/mweb_profile?fdbkType=FeedbackReceivedAsSeller&item_id=387753222687&username=broke-n-boujee&filter=feedback_page%3ARECEIVED_AS_SELLER&sort=RELEVANCE,387753222687
https://www.ebay.com/fdbk/mweb_profile?fdbkType=FeedbackReceivedAsSeller&item_id=388015737176&username=broke-n-boujee&filter=feedback_page%3ARECEIVED_AS_SELLER&sort=RELEVANCE,388015737176
https://www.ebay.com/fdbk/mweb_profile?fdbkType=FeedbackReceivedAsSeller&item_id=387792089145&username=biggs_collectibles&filter=feedback_page%3ARECEIVED_AS_SELLER&sort=RELEVANCE,387792089145
https://www.ebay.com/fdbk/mweb_profile?fdbkType=FeedbackReceivedAsSeller&item_id=387653918507&username=broke-n-boujee&filter=feedback_page%3ARECEIVED_AS_SELLER&sort=RELEVANCE,387653918507
https://www.ebay.com/fdbk/mweb_profile?fdbkType=FeedbackReceivedAsSeller&item_id=387377815754&username=broke-n-boujee&filter=feedback_page%3ARECEIVED_AS_SELLER&sort=RELEVANCE,387377815754
https://www.ebay.com/fdbk/mweb_profile?fdbkType=FeedbackReceivedAsSeller&item_id=386868949543&username=broke-n-boujee&filter=feedback_page%3ARECEIVED_AS_SELLER&sort=RELEVANCE,386868949543
,296994306084
https://www.ebay.com/fdbk/mweb_profile?fdbkType=FeedbackReceivedAsSeller&item_id=387871200690&username=broke-n-boujee&filter=feedback_page%3ARECEIVED_AS_SELLER&sort=RELEVANCE,387871200690
https://www.ebay.com/fdbk/mweb_profile?fdbkType=FeedbackReceivedAsSeller&item_id=386613844283&username=broke-n-boujee&filter=feedback_page%3ARECEIVED_AS_SELLER&sort=RELEVANCE,386613844283
,156247870453
https://www.ebay.com/fdbk/mweb_profile?fdbkType=FeedbackReceivedAsSeller&item_id=396212492569&username=findex24&filter=feedback_page%3ARECEIVED_AS_SELLER&sort=RELEVANCE,396212492569
https://www.ebay.com/fdbk/mweb_profile?fdbkType=FeedbackReceivedAsSeller&item_id=226389146214&username=nikoniko208&filter=feedback_page%3ARECEIVED_AS_SELLER&sort=RELEVANCE,226389146214
https://www.ebay.com/fdbk/mweb_profile?fdbkType=FeedbackReceivedAsSeller&item_id=135265399860&username=vnhm_exchange&filter=feedback_page%3ARECEIVED_AS_SELLER&sort=RELEVANCE,135265399860
https://www.ebay.com/fdbk/mweb_profile?fdbkType=FeedbackReceivedAsSeller&item_id=156424281749&username=vnhm_exchange&filter=feedback_page%3ARECEIVED_AS_SELLER&sort=RELEVANCE,156424281749
https://www.ebay.com/fdbk/mweb_profile?fdbkType=FeedbackReceivedAsSeller&item_id=156424281724&username=vnhm_exchange&filter=feedback_page%3ARECEIVED_AS_SELLER&sort=RELEVANCE,156424281724
https://www.ebay.com/fdbk/mweb_profile?fdbkType=FeedbackReceivedAsSeller&item_id=146049251632&username=vnhm_exchange&filter=feedback_page%3ARECEIVED_AS_SELLER&sort=RELEVANCE,146049251632
https://www.ebay.com/fdbk/mweb_profile?fdbkType=FeedbackReceivedAsSeller&item_id=156424281737&username=vnhm_exchange&filter=feedback_page%3ARECEIVED_AS_SELLER&sort=RELEVANCE,156424281737
https://www.ebay.com/fdbk/mweb_profile?fdbkType=FeedbackReceivedAsSeller&item_id=156424281730&username=vnhm_exchange&filter=feedback_page%3ARECEIVED_AS_SELLER&sort=RELEVANCE,156424281730
https://www.ebay.com/fdbk/mweb_profile?fdbkType=FeedbackReceivedAsSeller&item_id=156424281733&username=vnhm_exchange&filter=feedback_page%3ARECEIVED_AS_SELLER&sort=RELEVANCE,156424281733
https://www.ebay.com/fdbk/mweb_profile?fdbkType=FeedbackReceivedAsSeller&item_id=156424281726&username=vnhm_exchange&filter=feedback_page%3ARECEIVED_AS_SELLER&sort=RELEVANCE,156424281726
https://www.ebay.com/fdbk/mweb_profile?fdbkType=FeedbackReceivedAsSeller&item_id=146049251637&username=vnhm_exchange&filter=feedback_page%3ARECEIVED_AS_SELLER&sort=RELEVANCE,146049251637
https://www.ebay.com/fdbk/mweb_profile?fdbkType=FeedbackReceivedAsSeller&item_id=126768796936&username=andysautoshack&filter=feedback_page%3ARECEIVED_AS_SELLER&sort=RELEVANCE,126768796936
https://www.ebay.com/fdbk/mweb_profile?fdbkType=FeedbackReceivedAsSeller&item_id=126768796935&username=andysautoshack&filter=feedback_page%3ARECEIVED_AS_SELLER&sort=RELEVANCE,126768796935
https://www.ebay.com/fdbk/mweb_profile?fdbkType=FeedbackReceivedAsSeller&item_id=355182681470&username=dtautoparts0020&filter=feedback_page%3ARECEIVED_AS_SELLER&sort=RELEVANCE,355182681470
https://www.ebay.com/fdbk/mweb_profile?fdbkType=FeedbackReceivedAsSeller&item_id=404130926258&username=used-parts2020&filter=feedback_page%3ARECEIVED_AS_SELLER&sort=RELEVANCE,404130926258
https://www.ebay.com/fdbk/mweb_profile?fdbkType=FeedbackReceivedAsSeller&item_id=285553450205&username=dtautoparts0020&filter=feedback_page%3ARECEIVED_AS_SELLER&sort=RELEVANCE,285553450205
https://www.ebay.com/fdbk/mweb_profile?fdbkType=FeedbackReceivedAsSeller&item_id=355182681413&username=dtautoparts0020&filter=feedback_page%3ARECEIVED_AS_SELLER&sort=RELEVANCE,355182681413
https://www.ebay.com/fdbk/mweb_profile?fdbkType=FeedbackReceivedAsSeller&item_id=405339995086&username=andysautoshack&filter=feedback_page%3ARECEIVED_AS_SELLER&sort=RELEVANCE,405339995086
https://www.ebay.com/fdbk/mweb_profile?fdbkType=FeedbackReceivedAsSeller&item_id=335127183221&username=allaroundautoparts-eh&filter=feedback_page%3ARECEIVED_AS_SELLER&sort=RELEVANCE,335127183221
https://www.ebay.com/fdbk/mweb_profile?fdbkType=FeedbackReceivedAsSeller&item_id=126768796933&username=andysautoshack&filter=feedback_page%3ARECEIVED_AS_SELLER&sort=RELEVANCE,126768796933
https://www.ebay.com/fdbk/mweb_profile?fdbkType=FeedbackReceivedAsSeller&item_id=335107099282&username=allaroundautoparts-eh&filter=feedback_page%3ARECEIVED_AS_SELLER&sort=RELEVANCE,335107099282
https://www.ebay.com/fdbk/mweb_profile?fdbkType=FeedbackReceivedAsSeller&item_id=355182681471&username=dtautoparts0020&filter=feedback_page%3ARECEIVED_AS_SELLER&sort=RELEVANCE,355182681471
https://www.ebay.com/fdbk/mweb_profile?fdbkType=FeedbackReceivedAsSeller&item_id=335107099297&username=allaroundautoparts-eh&filter=feedback_page%3ARECEIVED_AS_SELLER&sort=RELEVANCE,335107099297
https://www.ebay.com/fdbk/mweb_profile?fdbkType=FeedbackReceivedAsSeller&item_id=334940522054&username=aladdinautoparts3&filter=feedback_page%3ARECEIVED_AS_SELLER&sort=RELEVANCE,334940522054
https://www.ebay.com/fdbk/mweb_profile?fdbkType=FeedbackReceivedAsSeller&item_id=335107099334&username=allaroundautoparts-eh&filter=feedback_page%3ARECEIVED_AS_SELLER&sort=RELEVANCE,335107099334
https://www.ebay.com/fdbk/mweb_profile?fdbkType=FeedbackReceivedAsSeller&item_id=334940522048&username=aladdinautoparts3&filter=feedback_page%3ARECEIVED_AS_SELLER&sort=RELEVANCE,334940522048
https://www.ebay.com/fdbk/mweb_profile?fdbkType=FeedbackReceivedAsSeller&item_id=364338831414&username=aladdinautoparts3&filter=feedback_page%3ARECEIVED_AS_SELLER&sort=RELEVANCE,364338831414
https://www.ebay.com/fdbk/mweb_profile?fdbkType=FeedbackReceivedAsSeller&item_id=335782773573&username=zbestautoparts&filter=feedback_page%3ARECEIVED_AS_SELLER&sort=RELEVANCE,335782773573
https://www.ebay.com/fdbk/mweb_profile?fdbkType=FeedbackReceivedAsSeller&item_id=385739042442&username=aladdinautoparts3&filter=feedback_page%3ARECEIVED_AS_SELLER&sort=RELEVANCE,385739042442
https://www.ebay.com/fdbk/mweb_profile?fdbkType=FeedbackReceivedAsSeller&item_id=325934770001&username=123autoparts-1&filter=feedback_page%3ARECEIVED_AS_SELLER&sort=RELEVANCE,325934770001
https://www.ebay.com/fdbk/mweb_profile?fdbkType=FeedbackReceivedAsSeller&item_id=325934770006&username=123autoparts-1&filter=feedback_page%3ARECEIVED_AS_SELLER&sort=RELEVANCE,325934770006
https://www.ebay.com/fdbk/mweb_profile?fdbkType=FeedbackReceivedAsSeller&item_id=325934770002&username=123autoparts-1&filter=feedback_page%3ARECEIVED_AS_SELLER&sort=RELEVANCE,325934770002
https://www.ebay.com/fdbk/mweb_profile?fdbkType=FeedbackReceivedAsSeller&item_id=404690377210&username=123autoparts-1&filter=feedback_page%3ARECEIVED_AS_SELLER&sort=RELEVANCE,404690377210
https://www.ebay.com/fdbk/mweb_profile?fdbkType=FeedbackReceivedAsSeller&item_id=335782773556&username=zbestautoparts&filter=feedback_page%3ARECEIVED_AS_SELLER&sort=RELEVANCE,335782773556
https://www.ebay.com/fdbk/mweb_profile?fdbkType=FeedbackReceivedAsSeller&item_id=335782773551&username=zbestautoparts&filter=feedback_page%3ARECEIVED_AS_SELLER&sort=RELEVANCE,335782773551
https://www.ebay.com/fdbk/mweb_profile?fdbkType=FeedbackReceivedAsSeller&item_id=235928098603&username=zbestautoparts&filter=feedback_page%3ARECEIVED_AS_SELLER&sort=RELEVANCE,235928098603
https://www.ebay.com/fdbk/mweb_profile?fdbkType=FeedbackReceivedAsSeller&item_id=284990501210&username=windy-city-auto-parts&filter=feedback_page%3ARECEIVED_AS_SELLER&sort=RELEVANCE,284990501210
https://www.ebay.com/fdbk/mweb_profile?fdbkType=FeedbackReceivedAsSeller&item_id=146348240169&username=koskowskiautoparts&filter=feedback_page%3ARECEIVED_AS_SELLER&sort=RELEVANCE,146348240169
https://www.ebay.com/fdbk/mweb_profile?fdbkType=FeedbackReceivedAsSeller&item_id=284990501205&username=windy-city-auto-parts&filter=feedback_page%3ARECEIVED_AS_SELLER&sort=RELEVANCE,284990501205
https://www.ebay.com/fdbk/mweb_profile?fdbkType=FeedbackReceivedAsSeller&item_id=284990501245&username=windy-city-auto-parts&filter=feedback_page%3ARECEIVED_AS_SELLER&sort=RELEVANCE,284990501245
https://www.ebay.com/fdbk/mweb_profile?fdbkType=FeedbackReceivedAsSeller&item_id=146348240142&username=koskowskiautoparts&filter=feedback_page%3ARECEIVED_AS_SELLER&sort=RELEVANCE,146348240142
https://www.ebay.com/fdbk/mweb_profile?fdbkType=FeedbackReceivedAsSeller&item_id=284990501206&username=windy-city-auto-parts&filter=feedback_page%3ARECEIVED_AS_SELLER&sort=RELEVANCE,284990501206
,115553445077
https://www.ebay.com/fdbk/mweb_profile?fdbkType=FeedbackReceivedAsSeller&item_id=156438726491&username=tnm_autoparts&filter=feedback_page%3ARECEIVED_AS_SELLER&sort=RELEVANCE,156438726491
https://www.ebay.com/fdbk/mweb_profile?fdbkType=FeedbackReceivedAsSeller&item_id=146073844077&username=tnm_autoparts&filter=feedback_page%3ARECEIVED_AS_SELLER&sort=RELEVANCE,146073844077
https://www.ebay.com/fdbk/mweb_profile?fdbkType=FeedbackReceivedAsSeller&item_id=156438726493&username=tnm_autoparts&filter=feedback_page%3ARECEIVED_AS_SELLER&sort=RELEVANCE,156438726493
https://www.ebay.com/fdbk/mweb_profile?fdbkType=FeedbackReceivedAsSeller&item_id=156438726488&username=tnm_autoparts&filter=feedback_page%3ARECEIVED_AS_SELLER&sort=RELEVANCE,156438726488
https://www.ebay.com/fdbk/mweb_profile?fdbkType=FeedbackReceivedAsSeller&item_id=167340817882&username=onlinepartsdepot&filter=feedback_page%3ARECEIVED_AS_SELLER&sort=RELEVANCE,167340817882
https://www.ebay.com/fdbk/mweb_profile?fdbkType=FeedbackReceivedAsSeller&item_id=156724552787&username=generationalsales&filter=feedback_page%3ARECEIVED_AS_SELLER&sort=RELEVANCE,156724552787
https://www.ebay.com/fdbk/mweb_profile?fdbkType=FeedbackReceivedAsSeller&item_id=156617547936&username=onlinepartsdepot&filter=feedback_page%3ARECEIVED_AS_SELLER&sort=RELEVANCE,156617547936
https://www.ebay.com/fdbk/mweb_profile?fdbkType=FeedbackReceivedAsSeller&item_id=156674608325&username=generationalsales&filter=feedback_page%3ARECEIVED_AS_SELLER&sort=RELEVANCE,156674608325
,396174611149
,233822924622
,386725945743
,204757221713
,145583858766
https://www.ebay.com/fdbk/mweb_profile?fdbkType=FeedbackReceivedAsSeller&item_id=276790599071&username=supershops&filter=feedback_page%3ARECEIVED_AS_SELLER&sort=RELEVANCE,276790599071
https://www.ebay.com/fdbk/mweb_profile?fdbkType=FeedbackReceivedAsSeller&item_id=126569285377&username=pals_treasures&filter=feedback_page%3ARECEIVED_AS_SELLER&sort=RELEVANCE,126569285377
https://www.ebay.com/fdbk/mweb_profile?fdbkType=FeedbackReceivedAsSeller&item_id=276904185315&username=supershops&filter=feedback_page%3ARECEIVED_AS_SELLER&sort=RELEVANCE,276904185315
https://www.ebay.com/fdbk/mweb_profile?fdbkType=FeedbackReceivedAsSeller&item_id=306044273576&username=djsuperwho&filter=feedback_page%3ARECEIVED_AS_SELLER&sort=RELEVANCE,306044273576
https://www.ebay.com/fdbk/mweb_profile?fdbkType=FeedbackReceivedAsSeller&item_id=197058365978&username=toyautomart&filter=feedback_page%3ARECEIVED_AS_SELLER&sort=RELEVANCE,197058365978
https://www.ebay.com/fdbk/mweb_profile?fdbkType=FeedbackReceivedAsSeller&item_id=156617547153&username=onlinepartsdepot&filter=feedback_page%3ARECEIVED_AS_SELLER&sort=RELEVANCE,156617547153
https://www.ebay.com/fdbk/mweb_profile?fdbkType=FeedbackReceivedAsSeller&item_id=156720142563&username=generationalsales&filter=feedback_page%3ARECEIVED_AS_SELLER&sort=RELEVANCE,156720142563
https://www.ebay.com/fdbk/mweb_profile?fdbkType=FeedbackReceivedAsSeller&item_id=197006696248&username=rrj-spraytool&filter=feedback_page%3ARECEIVED_AS_SELLER&sort=RELEVANCE,197006696248
https://www.ebay.com/fdbk/mweb_profile?fdbkType=FeedbackReceivedAsSeller&item_id=276904184974&username=supershops&filter=feedback_page%3ARECEIVED_AS_SELLER&sort=RELEVANCE,276904184974
https://www.ebay.com/fdbk/mweb_profile?fdbkType=FeedbackReceivedAsSeller&item_id=276902716736&username=supershops&filter=feedback_page%3ARECEIVED_AS_SELLER&sort=RELEVANCE,276902716736
https://www.ebay.com/fdbk/mweb_profile?fdbkType=FeedbackReceivedAsSeller&item_id=316399382340&username=waltermeina&filter=feedback_page%3ARECEIVED_AS_SELLER&sort=RELEVANCE,316399382340
,305933265074
,375843330671
,383593434998
,143633099634
,115524494261
https://www.ebay.com/fdbk/mweb_profile?fdbkType=FeedbackReceivedAsSeller&item_id=176862246694&username=midlifeclassiccarbooks&filter=feedback_page%3ARECEIVED_AS_SELLER&sort=RELEVANCE,176862246694
,143632803650
https://www.ebay.com/fdbk/mweb_profile?fdbkType=FeedbackReceivedAsSeller&item_id=166738017700&username=g.l.partsnthings&filter=feedback_page%3ARECEIVED_AS_SELLER&sort=RELEVANCE,166738017700
https://www.ebay.com/fdbk/mweb_profile?fdbkType=FeedbackReceivedAsSeller&item_id=305792130335&username=southernimportspecialistinc&filter=feedback_page%3ARECEIVED_AS_SELLER&sort=RELEVANCE,305792130335
https://www.ebay.com/fdbk/mweb_profile?fdbkType=FeedbackReceivedAsSeller&item_id=295240902564&username=mobilebike2019&filter=feedback_page%3ARECEIVED_AS_SELLER&sort=RELEVANCE,295240902564
https://www.ebay.com/fdbk/mweb_profile?fdbkType=FeedbackReceivedAsSeller&item_id=295377942179&username=mobilebike2019&filter=feedback_page%3ARECEIVED_AS_SELLER&sort=RELEVANCE,295377942179
https://www.ebay.com/fdbk/mweb_profile?fdbkType=FeedbackReceivedAsSeller&item_id=226607829254&username=shielas_closet&filter=feedback_page%3ARECEIVED_AS_SELLER&sort=RELEVANCE,226607829254
,125105317361
,223509021937
,365162848115
https://www.ebay.com/fdbk/mweb_profile?fdbkType=FeedbackReceivedAsSeller&item_id=286360607147&username=supershops&filter=feedback_page%3ARECEIVED_AS_SELLER&sort=RELEVANCE,286360607147
https://www.ebay.com/fdbk/mweb_profile?fdbkType=FeedbackReceivedAsSeller&item_id=286323625503&username=supershops&filter=feedback_page%3ARECEIVED_AS_SELLER&sort=RELEVANCE,286323625503
https://www.ebay.com/fdbk/mweb_profile?fdbkType=FeedbackReceivedAsSeller&item_id=156730085049&username=generationalsales&filter=feedback_page%3ARECEIVED_AS_SELLER&sort=RELEVANCE,156730085049
https://www.ebay.com/fdbk/mweb_profile?fdbkType=FeedbackReceivedAsSeller&item_id=167341651198&username=onlinepartsdepot&filter=feedback_page%3ARECEIVED_AS_SELLER&sort=RELEVANCE,167341651198
,144525360371
,365169461972
https://www.ebay.com/fdbk/mweb_profile?fdbkType=FeedbackReceivedAsSeller&item_id=365420270443&username=rrj-global&filter=feedback_page%3ARECEIVED_AS_SELLER&sort=RELEVANCE,365420270443
,196708947292
https://www.ebay.com/fdbk/mweb_profile?fdbkType=FeedbackReceivedAsSeller&item_id=276860642783&username=5255432012&filter=feedback_page%3ARECEIVED_AS_SELLER&sort=RELEVANCE,276860642783
,186515032133
,266609388488
https://www.ebay.com/fdbk/mweb_profile?fdbkType=FeedbackReceivedAsSeller&item_id=135552222976&username=bigbear_discounts&filter=feedback_page%3ARECEIVED_AS_SELLER&sort=RELEVANCE,135552222976
https://www.ebay.com/fdbk/mweb_profile?fdbkType=FeedbackReceivedAsSeller&item_id=365284814308&username=spraygunprecise&filter=feedback_page%3ARECEIVED_AS_SELLER&sort=RELEVANCE,365284814308
https://www.ebay.com/fdbk/mweb_profile?fdbkType=FeedbackReceivedAsSeller&item_id=226542458642&username=computer-wiz-wv&filter=feedback_page%3ARECEIVED_AS_SELLER&sort=RELEVANCE,226542458642
https://www.ebay.com/fdbk/mweb_profile?fdbkType=FeedbackReceivedAsSeller&item_id=276902716805&username=supershops&filter=feedback_page%3ARECEIVED_AS_SELLER&sort=RELEVANCE,276902716805
,196706558159
,143633101881
,113270573512
https://www.ebay.com/fdbk/mweb_profile?fdbkType=FeedbackReceivedAsSeller&item_id=135578923361&username=multifunctionshop66&filter=feedback_page%3ARECEIVED_AS_SELLER&sort=RELEVANCE,135578923361
,143241883469
https://www.ebay.com/fdbk/mweb_profile?fdbkType=FeedbackReceivedAsSeller&item_id=176862246966&username=midlifeclassiccarbooks&filter=feedback_page%3ARECEIVED_AS_SELLER&sort=RELEVANCE,176862246966
https://www.ebay.com/fdbk/mweb_profile?fdbkType=FeedbackReceivedAsSeller&item_id=156720142551&username=generationalsales&filter=feedback_page%3ARECEIVED_AS_SELLER&sort=RELEVANCE,156720142551
https://www.ebay.com/fdbk/mweb_profile?fdbkType=FeedbackReceivedAsSeller&item_id=156626898792&username=onlinepartsdepot&filter=feedback_page%3ARECEIVED_AS_SELLER&sort=RELEVANCE,156626898792
https://www.ebay.com/fdbk/mweb_profile?fdbkType=FeedbackReceivedAsSeller&item_id=234352326974&username=mantiquecollectibles&filter=feedback_page%3ARECEIVED_AS_SELLER&sort=RELEVANCE,234352326974
https://www.ebay.com/fdbk/mweb_profile?fdbkType=FeedbackReceivedAsSeller&item_id=355405540948&username=natstreasures782&filter=feedback_page%3ARECEIVED_AS_SELLER&sort=RELEVANCE,355405540948
https://www.ebay.com/fdbk/mweb_profile?fdbkType=FeedbackReceivedAsSeller&item_id=267168657758&username=jlh117-6&filter=feedback_page%3ARECEIVED_AS_SELLER&sort=RELEVANCE,267168657758
https://www.ebay.com/fdbk/mweb_profile?fdbkType=FeedbackReceivedAsSeller&item_id=156658850134&username=godfinds&filter=feedback_page%3ARECEIVED_AS_SELLER&sort=RELEVANCE,156658850134
https://www.ebay.com/fdbk/mweb_profile?fdbkType=FeedbackReceivedAsSeller&item_id=135440394102&username=danryantrading&filter=feedback_page%3ARECEIVED_AS_SELLER&sort=RELEVANCE,135440394102
https://www.ebay.com/fdbk/mweb_profile?fdbkType=FeedbackReceivedAsSeller&item_id=306133506175&username=littlefoote&filter=feedback_page%3ARECEIVED_AS_SELLER&sort=RELEVANCE,306133506175
https://www.ebay.com/fdbk/mweb_profile?fdbkType=FeedbackReceivedAsSeller&item_id=186305310281&username=haloscollection&filter=feedback_page%3ARECEIVED_AS_SELLER&sort=RELEVANCE,186305310281
https://www.ebay.com/fdbk/mweb_profile?fdbkType=FeedbackReceivedAsSeller&item_id=375581666794&username=swaveyzsells&filter=feedback_page%3ARECEIVED_AS_SELLER&sort=RELEVANCE,375581666794
https://www.ebay.com/fdbk/mweb_profile?fdbkType=FeedbackReceivedAsSeller&item_id=266860863085&username=jlh117-6&filter=feedback_page%3ARECEIVED_AS_SELLER&sort=RELEVANCE,266860863085
https://www.ebay.com/fdbk/mweb_profile?fdbkType=FeedbackReceivedAsSeller&item_id=316394459849&username=loumanna&filter=feedback_page%3ARECEIVED_AS_SELLER&sort=RELEVANCE,316394459849
https://www.ebay.com/fdbk/mweb_profile?fdbkType=FeedbackReceivedAsSeller&item_id=315844400676&username=lorac8804&filter=feedback_page%3ARECEIVED_AS_SELLER&sort=RELEVANCE,315844400676
https://www.ebay.com/fdbk/mweb_profile?fdbkType=FeedbackReceivedAsSeller&item_id=325290248319&username=dayjd&filter=feedback_page%3ARECEIVED_AS_SELLER&sort=RELEVANCE,325290248319
https://www.ebay.com/fdbk/mweb_profile?fdbkType=FeedbackReceivedAsSeller&item_id=405420485793&username=moonlight_bay&filter=feedback_page%3ARECEIVED_AS_SELLER&sort=RELEVANCE,405420485793
https://www.ebay.com/fdbk/mweb_profile?fdbkType=FeedbackReceivedAsSeller&item_id=383809784133&username=st.louis.picker&filter=feedback_page%3ARECEIVED_AS_SELLER&sort=RELEVANCE,383809784133
https://www.ebay.com/fdbk/mweb_profile?fdbkType=FeedbackReceivedAsSeller&item_id=296740365055&username=kyden_collectibles&filter=feedback_page%3ARECEIVED_AS_SELLER&sort=RELEVANCE,296740365055
https://www.ebay.com/fdbk/mweb_profile?fdbkType=FeedbackReceivedAsSeller&item_id=362324084993&username=fanatictoys&filter=feedback_page%3ARECEIVED_AS_SELLER&sort=RELEVANCE,362324084993
https://www.ebay.com/fdbk/mweb_profile?fdbkType=FeedbackReceivedAsSeller&item_id=186305310410&username=haloscollection&filter=feedback_page%3ARECEIVED_AS_SELLER&sort=RELEVANCE,186305310410
https://www.ebay.com/fdbk/mweb_profile?fdbkType=FeedbackReceivedAsSeller&item_id=404922106173&username=jackjack1081&filter=feedback_page%3ARECEIVED_AS_SELLER&sort=RELEVANCE,404922106173
https://www.ebay.com/fdbk/mweb_profile?fdbkType=FeedbackReceivedAsSeller&item_id=304924113038&username=napophila&filter=feedback_page%3ARECEIVED_AS_SELLER&sort=RELEVANCE,304924113038
https://www.ebay.com/fdbk/mweb_profile?fdbkType=FeedbackReceivedAsSeller&item_id=375593847125&username=real-signatures&filter=feedback_page%3ARECEIVED_AS_SELLER&sort=RELEVANCE,375593847125
https://www.ebay.com/fdbk/mweb_profile?fdbkType=FeedbackReceivedAsSeller&item_id=224728177963&username=rair.industries&filter=feedback_page%3ARECEIVED_AS_SELLER&sort=RELEVANCE,224728177963
https://www.ebay.com/fdbk/mweb_profile?fdbkType=FeedbackReceivedAsSeller&item_id=235899053430&username=riachristiecollections&filter=feedback_page%3ARECEIVED_AS_SELLER&sort=RELEVANCE,235899053430
https://www.ebay.com/fdbk/mweb_profile?fdbkType=FeedbackReceivedAsSeller&item_id=375730375338&username=marnecm_0&filter=feedback_page%3ARECEIVED_AS_SELLER&sort=RELEVANCE,375730375338
https://www.ebay.com/fdbk/mweb_profile?fdbkType=FeedbackReceivedAsSeller&item_id=256793979292&username=ibuyphotographs&filter=feedback_page%3ARECEIVED_AS_SELLER&sort=RELEVANCE,256793979292
https://www.ebay.com/fdbk/mweb_profile?fdbkType=FeedbackReceivedAsSeller&item_id=256800045388&username=ibuyphotographs&filter=feedback_page%3ARECEIVED_AS_SELLER&sort=RELEVANCE,256800045388
https://www.ebay.com/fdbk/mweb_profile?fdbkType=FeedbackReceivedAsSeller&item_id=267140970186&username=ibuyphotographs&filter=feedback_page%3ARECEIVED_AS_SELLER&sort=RELEVANCE,267140970186
https://www.ebay.com/fdbk/mweb_profile?fdbkType=FeedbackReceivedAsSeller&item_id=267160127222&username=ibuyphotographs&filter=feedback_page%3ARECEIVED_AS_SELLER&sort=RELEVANCE,267160127222
https://www.ebay.com/fdbk/mweb_profile?fdbkType=FeedbackReceivedAsSeller&item_id=167344265434&username=aukay-0&filter=feedback_page%3ARECEIVED_AS_SELLER&sort=RELEVANCE,167344265434
https://www.ebay.com/fdbk/mweb_profile?fdbkType=FeedbackReceivedAsSeller&item_id=167344266174&username=aukay-0&filter=feedback_page%3ARECEIVED_AS_SELLER&sort=RELEVANCE,167344266174
https://www.ebay.com/fdbk/mweb_profile?fdbkType=FeedbackReceivedAsSeller&item_id=167344268354&username=aukay-0&filter=feedback_page%3ARECEIVED_AS_SELLER&sort=RELEVANCE,167344268354
https://www.ebay.com/fdbk/mweb_profile?fdbkType=FeedbackReceivedAsSeller&item_id=167344267784&username=aukay-0&filter=feedback_page%3ARECEIVED_AS_SELLER&sort=RELEVANCE,167344267784
https://www.ebay.com/fdbk/mweb_profile?fdbkType=FeedbackReceivedAsSeller&item_id=167344268536&username=aukay-0&filter=feedback_page%3ARECEIVED_AS_SELLER&sort=RELEVANCE,167344268536
https://www.ebay.com/fdbk/mweb_profile?fdbkType=FeedbackReceivedAsSeller&item_id=167344265893&username=aukay-0&filter=feedback_page%3ARECEIVED_AS_SELLER&sort=RELEVANCE,167344265893
,286253091404
https://www.ebay.com/fdbk/mweb_profile?fdbkType=FeedbackReceivedAsSeller&item_id=167341364154&username=aukay-0&filter=feedback_page%3ARECEIVED_AS_SELLER&sort=RELEVANCE,167341364154
https://www.ebay.com/fdbk/mweb_profile?fdbkType=FeedbackReceivedAsSeller&item_id=286253096840&username=eroticshotz&filter=feedback_page%3ARECEIVED_AS_SELLER&sort=RELEVANCE,286253096840
https://www.ebay.com/fdbk/mweb_profile?fdbkType=FeedbackReceivedAsSeller&item_id=267162281846&username=ibuyphotographs&filter=feedback_page%3ARECEIVED_AS_SELLER&sort=RELEVANCE,267162281846
https://www.ebay.com/fdbk/mweb_profile?fdbkType=FeedbackReceivedAsSeller&item_id=267140970141&username=ibuyphotographs&filter=feedback_page%3ARECEIVED_AS_SELLER&sort=RELEVANCE,267140970141
https://www.ebay.com/fdbk/mweb_profile?fdbkType=FeedbackReceivedAsSeller&item_id=256723337901&username=ibuyphotographs&filter=feedback_page%3ARECEIVED_AS_SELLER&sort=RELEVANCE,256723337901
,176204176571
https://www.ebay.com/fdbk/mweb_profile?fdbkType=FeedbackReceivedAsSeller&item_id=267170816564&username=ibuyphotographs&filter=feedback_page%3ARECEIVED_AS_SELLER&sort=RELEVANCE,267170816564
https://www.ebay.com/fdbk/mweb_profile?fdbkType=FeedbackReceivedAsSeller&item_id=167344266344&username=aukay-0&filter=feedback_page%3ARECEIVED_AS_SELLER&sort=RELEVANCE,167344266344
https://www.ebay.com/fdbk/mweb_profile?fdbkType=FeedbackReceivedAsSeller&item_id=267146619969&username=ibuyphotographs&filter=feedback_page%3ARECEIVED_AS_SELLER&sort=RELEVANCE,267146619969
https://www.ebay.com/fdbk/mweb_profile?fdbkType=FeedbackReceivedAsSeller&item_id=167314800677&username=aukay-0&filter=feedback_page%3ARECEIVED_AS_SELLER&sort=RELEVANCE,167314800677
https://www.ebay.com/fdbk/mweb_profile?fdbkType=FeedbackReceivedAsSeller&item_id=267170816594&username=ibuyphotographs&filter=feedback_page%3ARECEIVED_AS_SELLER&sort=RELEVANCE,267170816594
https://www.ebay.com/fdbk/mweb_profile?fdbkType=FeedbackReceivedAsSeller&item_id=167343730811&username=aukay-0&filter=feedback_page%3ARECEIVED_AS_SELLER&sort=RELEVANCE,167343730811
https://www.ebay.com/fdbk/mweb_profile?fdbkType=FeedbackReceivedAsSeller&item_id=186976570010&username=dreamdates&filter=feedback_page%3ARECEIVED_AS_SELLER&sort=RELEVANCE,186976570010
https://www.ebay.com/fdbk/mweb_profile?fdbkType=FeedbackReceivedAsSeller&item_id=167341357438&username=aukay-0&filter=feedback_page%3ARECEIVED_AS_SELLER&sort=RELEVANCE,167341357438
https://www.ebay.com/fdbk/mweb_profile?fdbkType=FeedbackReceivedAsSeller&item_id=167341367396&username=aukay-0&filter=feedback_page%3ARECEIVED_AS_SELLER&sort=RELEVANCE,167341367396
https://www.ebay.com/fdbk/mweb_profile?fdbkType=FeedbackReceivedAsSeller&item_id=167345726495&username=aukay-0&filter=feedback_page%3ARECEIVED_AS_SELLER&sort=RELEVANCE,167345726495
https://www.ebay.com/fdbk/mweb_profile?fdbkType=FeedbackReceivedAsSeller&item_id=267126143806&username=ibuyphotographs&filter=feedback_page%3ARECEIVED_AS_SELLER&sort=RELEVANCE,267126143806
https://www.ebay.com/fdbk/mweb_profile?fdbkType=FeedbackReceivedAsSeller&item_id=256836893061&username=ibuyphotographs&filter=feedback_page%3ARECEIVED_AS_SELLER&sort=RELEVANCE,256836893061
https://www.ebay.com/fdbk/mweb_profile?fdbkType=FeedbackReceivedAsSeller&item_id=267096041782&username=ibuyphotographs&filter=feedback_page%3ARECEIVED_AS_SELLER&sort=RELEVANCE,267096041782
https://www.ebay.com/fdbk/mweb_profile?fdbkType=FeedbackReceivedAsSeller&item_id=256793979284&username=ibuyphotographs&filter=feedback_page%3ARECEIVED_AS_SELLER&sort=RELEVANCE,256793979284
https://www.ebay.com/fdbk/mweb_profile?fdbkType=FeedbackReceivedAsSeller&item_id=305913386373&username=scottedstorn&filter=feedback_page%3ARECEIVED_AS_SELLER&sort=RELEVANCE,305913386373
https://www.ebay.com/fdbk/mweb_profile?fdbkType=FeedbackReceivedAsSeller&item_id=167345698491&username=aukay-0&filter=feedback_page%3ARECEIVED_AS_SELLER&sort=RELEVANCE,167345698491
https://www.ebay.com/fdbk/mweb_profile?fdbkType=FeedbackReceivedAsSeller&item_id=167341361386&username=aukay-0&filter=feedback_page%3ARECEIVED_AS_SELLER&sort=RELEVANCE,167341361386
https://www.ebay.com/fdbk/mweb_profile?fdbkType=FeedbackReceivedAsSeller&item_id=167314785149&username=aukay-0&filter=feedback_page%3ARECEIVED_AS_SELLER&sort=RELEVANCE,167314785149
https://www.ebay.com/fdbk/mweb_profile?fdbkType=FeedbackReceivedAsSeller&item_id=176739638423&username=activecolors&filter=feedback_page%3ARECEIVED_AS_SELLER&sort=RELEVANCE,176739638423
https://www.ebay.com/fdbk/mweb_profile?fdbkType=FeedbackReceivedAsSeller&item_id=167314802165&username=aukay-0&filter=feedback_page%3ARECEIVED_AS_SELLER&sort=RELEVANCE,167314802165
https://www.ebay.com/fdbk/mweb_profile?fdbkType=FeedbackReceivedAsSeller&item_id=167314767991&username=aukay-0&filter=feedback_page%3ARECEIVED_AS_SELLER&sort=RELEVANCE,167314767991
,267053844010
https://www.ebay.com/fdbk/mweb_profile?fdbkType=FeedbackReceivedAsSeller&item_id=267124521614&username=ibuyphotographs&filter=feedback_page%3ARECEIVED_AS_SELLER&sort=RELEVANCE,267124521614
https://www.ebay.com/fdbk/mweb_profile?fdbkType=FeedbackReceivedAsSeller&item_id=256804364282&username=ibuyphotographs&filter=feedback_page%3ARECEIVED_AS_SELLER&sort=RELEVANCE,256804364282
https://www.ebay.com/fdbk/mweb_profile?fdbkType=FeedbackReceivedAsSeller&item_id=167343732216&username=aukay-0&filter=feedback_page%3ARECEIVED_AS_SELLER&sort=RELEVANCE,167343732216
https://www.ebay.com/fdbk/mweb_profile?fdbkType=FeedbackReceivedAsSeller&item_id=167341371986&username=aukay-0&filter=feedback_page%3ARECEIVED_AS_SELLER&sort=RELEVANCE,167341371986
https://www.ebay.com/fdbk/mweb_profile?fdbkType=FeedbackReceivedAsSeller&item_id=156745086078&username=apmcollectibles&filter=feedback_page%3ARECEIVED_AS_SELLER&sort=RELEVANCE,156745086078
https://www.ebay.com/fdbk/mweb_profile?fdbkType=FeedbackReceivedAsSeller&item_id=256812317729&username=ibuyphotographs&filter=feedback_page%3ARECEIVED_AS_SELLER&sort=RELEVANCE,256812317729
https://www.ebay.com/fdbk/mweb_profile?fdbkType=FeedbackReceivedAsSeller&item_id=256829481476&username=ibuyphotographs&filter=feedback_page%3ARECEIVED_AS_SELLER&sort=RELEVANCE,256829481476
https://www.ebay.com/fdbk/mweb_profile?fdbkType=FeedbackReceivedAsSeller&item_id=167344265305&username=aukay-0&filter=feedback_page%3ARECEIVED_AS_SELLER&sort=RELEVANCE,167344265305
https://www.ebay.com/fdbk/mweb_profile?fdbkType=FeedbackReceivedAsSeller&item_id=267170817870&username=ibuyphotographs&filter=feedback_page%3ARECEIVED_AS_SELLER&sort=RELEVANCE,267170817870
https://www.ebay.com/fdbk/mweb_profile?fdbkType=FeedbackReceivedAsSeller&item_id=256821315894&username=ibuyphotographs&filter=feedback_page%3ARECEIVED_AS_SELLER&sort=RELEVANCE,256821315894
https://www.ebay.com/fdbk/mweb_profile?fdbkType=FeedbackReceivedAsSeller&item_id=286256123623&username=eroticshotz&filter=feedback_page%3ARECEIVED_AS_SELLER&sort=RELEVANCE,286256123623
,286168685868
https://www.ebay.com/fdbk/mweb_profile?fdbkType=FeedbackReceivedAsSeller&item_id=256829481389&username=ibuyphotographs&filter=feedback_page%3ARECEIVED_AS_SELLER&sort=RELEVANCE,256829481389
https://www.ebay.com/fdbk/mweb_profile?fdbkType=FeedbackReceivedAsSeller&item_id=167343727732&username=aukay-0&filter=feedback_page%3ARECEIVED_AS_SELLER&sort=RELEVANCE,167343727732
https://www.ebay.com/fdbk/mweb_profile?fdbkType=FeedbackReceivedAsSeller&item_id=256832563652&username=ibuyphotographs&filter=feedback_page%3ARECEIVED_AS_SELLER&sort=RELEVANCE,256832563652
https://www.ebay.com/fdbk/mweb_profile?fdbkType=FeedbackReceivedAsSeller&item_id=256821316626&username=ibuyphotographs&filter=feedback_page%3ARECEIVED_AS_SELLER&sort=RELEVANCE,256821316626
https://www.ebay.com/fdbk/mweb_profile?fdbkType=FeedbackReceivedAsSeller&item_id=286101295183&username=eroticshotz&filter=feedback_page%3ARECEIVED_AS_SELLER&sort=RELEVANCE,286101295183
https://www.ebay.com/fdbk/mweb_profile?fdbkType=FeedbackReceivedAsSeller&item_id=167344265660&username=aukay-0&filter=feedback_page%3ARECEIVED_AS_SELLER&sort=RELEVANCE,167344265660
https://www.ebay.com/fdbk/mweb_profile?fdbkType=FeedbackReceivedAsSeller&item_id=375996402551&username=micoo7070&filter=feedback_page%3ARECEIVED_AS_SELLER&sort=RELEVANCE,375996402551
https://www.ebay.com/fdbk/mweb_profile?fdbkType=FeedbackReceivedAsSeller&item_id=176840120020&username=matt_pal&filter=feedback_page%3ARECEIVED_AS_SELLER&sort=RELEVANCE,176840120020
https://www.ebay.com/fdbk/mweb_profile?fdbkType=FeedbackReceivedAsSeller&item_id=267128226641&username=ibuyphotographs&filter=feedback_page%3ARECEIVED_AS_SELLER&sort=RELEVANCE,267128226641
https://www.ebay.com/fdbk/mweb_profile?fdbkType=FeedbackReceivedAsSeller&item_id=274146595507&username=goodvalue%21%2189&filter=feedback_page%3ARECEIVED_AS_SELLER&sort=RELEVANCE,274146595507
https://www.ebay.com/fdbk/mweb_profile?fdbkType=FeedbackReceivedAsSeller&item_id=365218345737&username=yoimonojp&filter=feedback_page%3ARECEIVED_AS_SELLER&sort=RELEVANCE,365218345737
,283694732223
https://www.ebay.com/fdbk/mweb_profile?fdbkType=FeedbackReceivedAsSeller&item_id=146194867606&username=antique-yokohama-jp&filter=feedback_page%3ARECEIVED_AS_SELLER&sort=RELEVANCE,146194867606
https://www.ebay.com/fdbk/mweb_profile?fdbkType=FeedbackReceivedAsSeller&item_id=356568782133&username=bewegen&filter=feedback_page%3ARECEIVED_AS_SELLER&sort=RELEVANCE,356568782133
https://www.ebay.com/fdbk/mweb_profile?fdbkType=FeedbackReceivedAsSeller&item_id=197027313729&username=gainz_wholesale&filter=feedback_page%3ARECEIVED_AS_SELLER&sort=RELEVANCE,197027313729
https://www.ebay.com/fdbk/mweb_profile?fdbkType=FeedbackReceivedAsSeller&item_id=197027313034&username=gainz_wholesale&filter=feedback_page%3ARECEIVED_AS_SELLER&sort=RELEVANCE,197027313034
https://www.ebay.com/fdbk/mweb_profile?fdbkType=FeedbackReceivedAsSeller&item_id=396072662546&username=tasha2220&filter=feedback_page%3ARECEIVED_AS_SELLER&sort=RELEVANCE,396072662546
https://www.ebay.com/fdbk/mweb_profile?fdbkType=FeedbackReceivedAsSeller&item_id=283715564800&username=goodvalue%21%2189&filter=feedback_page%3ARECEIVED_AS_SELLER&sort=RELEVANCE,283715564800
https://www.ebay.com/fdbk/mweb_profile?fdbkType=FeedbackReceivedAsSeller&item_id=235708661249&username=runwithitquilts&filter=feedback_page%3ARECEIVED_AS_SELLER&sort=RELEVANCE,235708661249
https://www.ebay.com/fdbk/mweb_profile?fdbkType=FeedbackReceivedAsSeller&item_id=155449986308&username=green_door_investments&filter=feedback_page%3ARECEIVED_AS_SELLER&sort=RELEVANCE,155449986308
https://www.ebay.com/fdbk/mweb_profile?fdbkType=FeedbackReceivedAsSeller&item_id=175822703165&username=ragsfordollsresale&filter=feedback_page%3ARECEIVED_AS_SELLER&sort=RELEVANCE,175822703165
,384790537607
https://www.ebay.com/fdbk/mweb_profile?fdbkType=FeedbackReceivedAsSeller&item_id=176108401114&username=tads-books&filter=feedback_page%3ARECEIVED_AS_SELLER&sort=RELEVANCE,176108401114
https://www.ebay.com/fdbk/mweb_profile?fdbkType=FeedbackReceivedAsSeller&item_id=283694732761&username=goodvalue%21%2189&filter=feedback_page%3ARECEIVED_AS_SELLER&sort=RELEVANCE,283694732761
https://www.ebay.com/fdbk/mweb_profile?fdbkType=FeedbackReceivedAsSeller&item_id=312444359482&username=awesomebooksusa&filter=feedback_page%3ARECEIVED_AS_SELLER&sort=RELEVANCE,312444359482
https://www.ebay.com/fdbk/mweb_profile?fdbkType=FeedbackReceivedAsSeller&item_id=305581451478&username=indigomistbooks&filter=feedback_page%3ARECEIVED_AS_SELLER&sort=RELEVANCE,305581451478
https://www.ebay.com/fdbk/mweb_profile?fdbkType=FeedbackReceivedAsSeller&item_id=144197946595&username=33july&filter=feedback_page%3ARECEIVED_AS_SELLER&sort=RELEVANCE,144197946595
https://www.ebay.com/fdbk/mweb_profile?fdbkType=FeedbackReceivedAsSeller&item_id=125702932932&username=dr.salinas&filter=feedback_page%3ARECEIVED_AS_SELLER&sort=RELEVANCE,125702932932
https://www.ebay.com/fdbk/mweb_profile?fdbkType=FeedbackReceivedAsSeller&item_id=305448707211&username=fol.lubbock&filter=feedback_page%3ARECEIVED_AS_SELLER&sort=RELEVANCE,305448707211
https://www.ebay.com/fdbk/mweb_profile?fdbkType=FeedbackReceivedAsSeller&item_id=135280126071&username=the_nile&filter=feedback_page%3ARECEIVED_AS_SELLER&sort=RELEVANCE,135280126071
https://www.ebay.com/fdbk/mweb_profile?fdbkType=FeedbackReceivedAsSeller&item_id=262061189889&username=dcbcollectibles&filter=feedback_page%3ARECEIVED_AS_SELLER&sort=RELEVANCE,262061189889
https://www.ebay.com/fdbk/mweb_profile?fdbkType=FeedbackReceivedAsSeller&item_id=365248585549&username=grandeagleretail&filter=feedback_page%3ARECEIVED_AS_SELLER&sort=RELEVANCE,365248585549
https://www.ebay.com/fdbk/mweb_profile?fdbkType=FeedbackReceivedAsSeller&item_id=365200307167&username=greatbookprices1&filter=feedback_page%3ARECEIVED_AS_SELLER&sort=RELEVANCE,365200307167
https://www.ebay.com/fdbk/mweb_profile?fdbkType=FeedbackReceivedAsSeller&item_id=135271394779&username=the_nile&filter=feedback_page%3ARECEIVED_AS_SELLER&sort=RELEVANCE,135271394779
https://www.ebay.com/fdbk/mweb_profile?fdbkType=FeedbackReceivedAsSeller&item_id=405573687850&username=pesm1905&filter=feedback_page%3ARECEIVED_AS_SELLER&sort=RELEVANCE,405573687850
https://www.ebay.com/fdbk/mweb_profile?fdbkType=FeedbackReceivedAsSeller&item_id=146062374788&username=the_nile&filter=feedback_page%3ARECEIVED_AS_SELLER&sort=RELEVANCE,146062374788
https://www.ebay.com/fdbk/mweb_profile?fdbkType=FeedbackReceivedAsSeller&item_id=365161758058&username=greatbookprices1&filter=feedback_page%3ARECEIVED_AS_SELLER&sort=RELEVANCE,365161758058
https://www.ebay.com/fdbk/mweb_profile?fdbkType=FeedbackReceivedAsSeller&item_id=297014532089&username=paisleybooks&filter=feedback_page%3ARECEIVED_AS_SELLER&sort=RELEVANCE,297014532089
https://www.ebay.com/fdbk/mweb_profile?fdbkType=FeedbackReceivedAsSeller&item_id=387549813952&username=greatbookprices1&filter=feedback_page%3ARECEIVED_AS_SELLER&sort=RELEVANCE,387549813952
https://www.ebay.com/fdbk/mweb_profile?fdbkType=FeedbackReceivedAsSeller&item_id=387454287308&username=greatbookprices1&filter=feedback_page%3ARECEIVED_AS_SELLER&sort=RELEVANCE,387454287308
https://www.ebay.com/fdbk/mweb_profile?fdbkType=FeedbackReceivedAsSeller&item_id=364786693955&username=grandeagleretail&filter=feedback_page%3ARECEIVED_AS_SELLER&sort=RELEVANCE,364786693955
https://www.ebay.com/fdbk/mweb_profile?fdbkType=FeedbackReceivedAsSeller&item_id=387229656105&username=grandeagleretail&filter=feedback_page%3ARECEIVED_AS_SELLER&sort=RELEVANCE,387229656105
https://www.ebay.com/fdbk/mweb_profile?fdbkType=FeedbackReceivedAsSeller&item_id=387641184237&username=grandeagleretail&filter=feedback_page%3ARECEIVED_AS_SELLER&sort=RELEVANCE,387641184237
https://www.ebay.com/fdbk/mweb_profile?fdbkType=FeedbackReceivedAsSeller&item_id=387642802137&username=grandeagleretail&filter=feedback_page%3ARECEIVED_AS_SELLER&sort=RELEVANCE,387642802137
https://www.ebay.com/fdbk/mweb_profile?fdbkType=FeedbackReceivedAsSeller&item_id=387733081712&username=grandeagleretail&filter=feedback_page%3ARECEIVED_AS_SELLER&sort=RELEVANCE,387733081712
https://www.ebay.com/fdbk/mweb_profile?fdbkType=FeedbackReceivedAsSeller&item_id=395873369453&username=bag_the_tag&filter=feedback_page%3ARECEIVED_AS_SELLER&sort=RELEVANCE,395873369453
https://www.ebay.com/fdbk/mweb_profile?fdbkType=FeedbackReceivedAsSeller&item_id=135455421792&username=the_nile&filter=feedback_page%3ARECEIVED_AS_SELLER&sort=RELEVANCE,135455421792
https://www.ebay.com/fdbk/mweb_profile?fdbkType=FeedbackReceivedAsSeller&item_id=156612899628&username=the_nile&filter=feedback_page%3ARECEIVED_AS_SELLER&sort=RELEVANCE,156612899628
https://www.ebay.com/fdbk/mweb_profile?fdbkType=FeedbackReceivedAsSeller&item_id=365316828396&username=grandeagleretail&filter=feedback_page%3ARECEIVED_AS_SELLER&sort=RELEVANCE,365316828396
https://www.ebay.com/fdbk/mweb_profile?fdbkType=FeedbackReceivedAsSeller&item_id=387409638822&username=tommyteddie-myboys&filter=feedback_page%3ARECEIVED_AS_SELLER&sort=RELEVANCE,387409638822
https://www.ebay.com/fdbk/mweb_profile?fdbkType=FeedbackReceivedAsSeller&item_id=356439122274&username=seattlegoodwillbooks&filter=feedback_page%3ARECEIVED_AS_SELLER&sort=RELEVANCE,356439122274
https://www.ebay.com/fdbk/mweb_profile?fdbkType=FeedbackReceivedAsSeller&item_id=183799870747&username=fun2sale&filter=feedback_page%3ARECEIVED_AS_SELLER&sort=RELEVANCE,183799870747
https://www.ebay.com/fdbk/mweb_profile?fdbkType=FeedbackReceivedAsSeller&item_id=404134695015&username=lotsolulus&filter=feedback_page%3ARECEIVED_AS_SELLER&sort=RELEVANCE,404134695015
https://www.ebay.com/fdbk/mweb_profile?fdbkType=FeedbackReceivedAsSeller&item_id=303334894189&username=worldofbooksusa&filter=feedback_page%3ARECEIVED_AS_SELLER&sort=RELEVANCE,303334894189
https://www.ebay.com/fdbk/mweb_profile?fdbkType=FeedbackReceivedAsSeller&item_id=365316819984&username=the_nile_uk_store&filter=feedback_page%3ARECEIVED_AS_SELLER&sort=RELEVANCE,365316819984
https://www.ebay.com/fdbk/mweb_profile?fdbkType=FeedbackReceivedAsSeller&item_id=365376974993&username=the_nile_uk_store&filter=feedback_page%3ARECEIVED_AS_SELLER&sort=RELEVANCE,365376974993
https://www.ebay.com/fdbk/mweb_profile?fdbkType=FeedbackReceivedAsSeller&item_id=314128391353&username=books--etc&filter=feedback_page%3ARECEIVED_AS_SELLER&sort=RELEVANCE,314128391353
https://www.ebay.com/fdbk/mweb_profile?fdbkType=FeedbackReceivedAsSeller&item_id=375693302219&username=loveourprices2&filter=feedback_page%3ARECEIVED_AS_SELLER&sort=RELEVANCE,375693302219
https://www.ebay.com/fdbk/mweb_profile?fdbkType=FeedbackReceivedAsSeller&item_id=196695627411&username=superbookdeals1&filter=feedback_page%3ARECEIVED_AS_SELLER&sort=RELEVANCE,196695627411
https://www.ebay.com/fdbk/mweb_profile?fdbkType=FeedbackReceivedAsSeller&item_id=387608300352&username=superbookdeals1&filter=feedback_page%3ARECEIVED_AS_SELLER&sort=RELEVANCE,387608300352
https://www.ebay.com/fdbk/mweb_profile?fdbkType=FeedbackReceivedAsSeller&item_id=156739095244&username=gamecarryhelper&filter=feedback_page%3ARECEIVED_AS_SELLER&sort=RELEVANCE,156739095244
https://www.ebay.com/fdbk/mweb_profile?fdbkType=FeedbackReceivedAsSeller&item_id=176665433847&username=matt_pal&filter=feedback_page%3ARECEIVED_AS_SELLER&sort=RELEVANCE,176665433847
https://www.ebay.com/fdbk/mweb_profile?fdbkType=FeedbackReceivedAsSeller&item_id=176452487581&username=matt_pal&filter=feedback_page%3ARECEIVED_AS_SELLER&sort=RELEVANCE,176452487581
https://www.ebay.com/fdbk/mweb_profile?fdbkType=FeedbackReceivedAsSeller&item_id=365403192511&username=jeffresells&filter=feedback_page%3ARECEIVED_AS_SELLER&sort=RELEVANCE,365403192511
https://www.ebay.com/fdbk/mweb_profile?fdbkType=FeedbackReceivedAsSeller&item_id=374898916412&username=nickstalgic&filter=feedback_page%3ARECEIVED_AS_SELLER&sort=RELEVANCE,374898916412
https://www.ebay.com/fdbk/mweb_profile?fdbkType=FeedbackReceivedAsSeller&item_id=394227192104&username=8-bitandbeyond&filter=feedback_page%3ARECEIVED_AS_SELLER&sort=RELEVANCE,394227192104
https://www.ebay.com/fdbk/mweb_profile?fdbkType=FeedbackReceivedAsSeller&item_id=395727919205&username=rockinghamrepair&filter=feedback_page%3ARECEIVED_AS_SELLER&sort=RELEVANCE,395727919205
https://www.ebay.com/fdbk/mweb_profile?fdbkType=FeedbackReceivedAsSeller&item_id=205314677024&username=blurryrobot&filter=feedback_page%3ARECEIVED_AS_SELLER&sort=RELEVANCE,205314677024
,395585836230
https://www.ebay.com/fdbk/mweb_profile?fdbkType=FeedbackReceivedAsSeller&item_id=285985205332&username=seligal33&filter=feedback_page%3ARECEIVED_AS_SELLER&sort=RELEVANCE,285985205332
https://www.ebay.com/fdbk/mweb_profile?fdbkType=FeedbackReceivedAsSeller&item_id=235942277100&username=marhud-53&filter=feedback_page%3ARECEIVED_AS_SELLER&sort=RELEVANCE,235942277100
,204750929283
https://www.ebay.com/fdbk/mweb_profile?fdbkType=FeedbackReceivedAsSeller&item_id=266991874314&username=brownboxturtle&filter=feedback_page%3ARECEIVED_AS_SELLER&sort=RELEVANCE,266991874314
https://www.ebay.com/fdbk/mweb_profile?fdbkType=FeedbackReceivedAsSeller&item_id=286355999530&username=jlordvader&filter=feedback_page%3ARECEIVED_AS_SELLER&sort=RELEVANCE,286355999530
https://www.ebay.com/fdbk/mweb_profile?fdbkType=FeedbackReceivedAsSeller&item_id=326250950360&username=computer-wiz-wv&filter=feedback_page%3ARECEIVED_AS_SELLER&sort=RELEVANCE,326250950360
https://www.ebay.com/fdbk/mweb_profile?fdbkType=FeedbackReceivedAsSeller&item_id=403795605216&username=westchestervillage&filter=feedback_page%3ARECEIVED_AS_SELLER&sort=RELEVANCE,403795605216
https://www.ebay.com/fdbk/mweb_profile?fdbkType=FeedbackReceivedAsSeller&item_id=396172407253&username=robrync-0&filter=feedback_page%3ARECEIVED_AS_SELLER&sort=RELEVANCE,396172407253
https://www.ebay.com/fdbk/mweb_profile?fdbkType=FeedbackReceivedAsSeller&item_id=316195312473&username=ijustsellrandom&filter=feedback_page%3ARECEIVED_AS_SELLER&sort=RELEVANCE,316195312473
https://www.ebay.com/fdbk/mweb_profile?fdbkType=FeedbackReceivedAsSeller&item_id=276307473295&username=gpse_llc&filter=feedback_page%3ARECEIVED_AS_SELLER&sort=RELEVANCE,276307473295
https://www.ebay.com/fdbk/mweb_profile?fdbkType=FeedbackReceivedAsSeller&item_id=186591534427&username=bankspierce&filter=feedback_page%3ARECEIVED_AS_SELLER&sort=RELEVANCE,186591534427
https://www.ebay.com/fdbk/mweb_profile?fdbkType=FeedbackReceivedAsSeller&item_id=167041388887&username=jc2433047&filter=feedback_page%3ARECEIVED_AS_SELLER&sort=RELEVANCE,167041388887
https://www.ebay.com/fdbk/mweb_profile?fdbkType=FeedbackReceivedAsSeller&item_id=296169399218&username=levelupgames18&filter=feedback_page%3ARECEIVED_AS_SELLER&sort=RELEVANCE,296169399218
https://www.ebay.com/fdbk/mweb_profile?fdbkType=FeedbackReceivedAsSeller&item_id=134594104387&username=littechs&filter=feedback_page%3ARECEIVED_AS_SELLER&sort=RELEVANCE,134594104387
https://www.ebay.com/fdbk/mweb_profile?fdbkType=FeedbackReceivedAsSeller&item_id=325982367891&username=wow0g64&filter=feedback_page%3ARECEIVED_AS_SELLER&sort=RELEVANCE,325982367891
https://www.ebay.com/fdbk/mweb_profile?fdbkType=FeedbackReceivedAsSeller&item_id=186449308233&username=jaysong76&filter=feedback_page%3ARECEIVED_AS_SELLER&sort=RELEVANCE,186449308233
https://www.ebay.com/fdbk/mweb_profile?fdbkType=FeedbackReceivedAsSeller&item_id=184605411331&username=shiny--baubles&filter=feedback_page%3ARECEIVED_AS_SELLER&sort=RELEVANCE,184605411331
https://www.ebay.com/fdbk/mweb_profile?fdbkType=FeedbackReceivedAsSeller&item_id=326192337279&username=computer-wiz-wv&filter=feedback_page%3ARECEIVED_AS_SELLER&sort=RELEVANCE,326192337279
https://www.ebay.com/fdbk/mweb_profile?fdbkType=FeedbackReceivedAsSeller&item_id=166538381173&username=penny-auction-deals&filter=feedback_page%3ARECEIVED_AS_SELLER&sort=RELEVANCE,166538381173
https://www.ebay.com/fdbk/mweb_profile?fdbkType=FeedbackReceivedAsSeller&item_id=356395642818&username=juicey_97&filter=feedback_page%3ARECEIVED_AS_SELLER&sort=RELEVANCE,356395642818
https://www.ebay.com/fdbk/mweb_profile?fdbkType=FeedbackReceivedAsSeller&item_id=286274616733&username=ait_sells&filter=feedback_page%3ARECEIVED_AS_SELLER&sort=RELEVANCE,286274616733
https://www.ebay.com/fdbk/mweb_profile?fdbkType=FeedbackReceivedAsSeller&item_id=152479767008&username=itembazaar&filter=feedback_page%3ARECEIVED_AS_SELLER&sort=RELEVANCE,152479767008
https://www.ebay.com/fdbk/mweb_profile?fdbkType=FeedbackReceivedAsSeller&item_id=326451704402&username=computer-wiz-wv&filter=feedback_page%3ARECEIVED_AS_SELLER&sort=RELEVANCE,326451704402
https://www.ebay.com/fdbk/mweb_profile?fdbkType=FeedbackReceivedAsSeller&item_id=365419888363&username=walleyemaster2588-5&filter=feedback_page%3ARECEIVED_AS_SELLER&sort=RELEVANCE,365419888363
https://www.ebay.com/fdbk/mweb_profile?fdbkType=FeedbackReceivedAsSeller&item_id=155991267383&username=roccitygoodz&filter=feedback_page%3ARECEIVED_AS_SELLER&sort=RELEVANCE,155991267383
https://www.ebay.com/fdbk/mweb_profile?fdbkType=FeedbackReceivedAsSeller&item_id=296851420457&username=rustybiggs08&filter=feedback_page%3ARECEIVED_AS_SELLER&sort=RELEVANCE,296851420457
https://www.ebay.com/fdbk/mweb_profile?fdbkType=FeedbackReceivedAsSeller&item_id=286176359915&username=leftsideresale&filter=feedback_page%3ARECEIVED_AS_SELLER&sort=RELEVANCE,286176359915
https://www.ebay.com/fdbk/mweb_profile?fdbkType=FeedbackReceivedAsSeller&item_id=305654205927&username=a2zanime&filter=feedback_page%3ARECEIVED_AS_SELLER&sort=RELEVANCE,305654205927
https://www.ebay.com/fdbk/mweb_profile?fdbkType=FeedbackReceivedAsSeller&item_id=145737389767&username=schwamie38&filter=feedback_page%3ARECEIVED_AS_SELLER&sort=RELEVANCE,145737389767
https://www.ebay.com/fdbk/mweb_profile?fdbkType=FeedbackReceivedAsSeller&item_id=235973256335&username=themegaraexchange&filter=feedback_page%3ARECEIVED_AS_SELLER&sort=RELEVANCE,235973256335
,295858286087
https://www.ebay.com/fdbk/mweb_profile?fdbkType=FeedbackReceivedAsSeller&item_id=395790072080&username=ann0y3d1&filter=feedback_page%3ARECEIVED_AS_SELLER&sort=RELEVANCE,395790072080
https://www.ebay.com/fdbk/mweb_profile?fdbkType=FeedbackReceivedAsSeller&item_id=125999440780&username=morvalosv&filter=feedback_page%3ARECEIVED_AS_SELLER&sort=RELEVANCE,125999440780
https://www.ebay.com/fdbk/mweb_profile?fdbkType=FeedbackReceivedAsSeller&item_id=386442897294&username=nybargainhunter&filter=feedback_page%3ARECEIVED_AS_SELLER&sort=RELEVANCE,386442897294
https://www.ebay.com/fdbk/mweb_profile?fdbkType=FeedbackReceivedAsSeller&item_id=316046231957&username=spycook44&filter=feedback_page%3ARECEIVED_AS_SELLER&sort=RELEVANCE,316046231957
https://www.ebay.com/fdbk/mweb_profile?fdbkType=FeedbackReceivedAsSeller&item_id=156456691821&username=2sell4move&filter=feedback_page%3ARECEIVED_AS_SELLER&sort=RELEVANCE,156456691821
https://www.ebay.com/fdbk/mweb_profile?fdbkType=FeedbackReceivedAsSeller&item_id=315383729543&username=tk_salesspot13&filter=feedback_page%3ARECEIVED_AS_SELLER&sort=RELEVANCE,315383729543
https://www.ebay.com/fdbk/mweb_profile?fdbkType=FeedbackReceivedAsSeller&item_id=226233243379&username=computer-wiz-wv&filter=feedback_page%3ARECEIVED_AS_SELLER&sort=RELEVANCE,226233243379
https://www.ebay.com/fdbk/mweb_profile?fdbkType=FeedbackReceivedAsSeller&item_id=135543083544&username=dallasgadgetsonline&filter=feedback_page%3ARECEIVED_AS_SELLER&sort=RELEVANCE,135543083544
https://www.ebay.com/fdbk/mweb_profile?fdbkType=FeedbackReceivedAsSeller&item_id=316028510054&username=slims_deals&filter=feedback_page%3ARECEIVED_AS_SELLER&sort=RELEVANCE,316028510054
https://www.ebay.com/fdbk/mweb_profile?fdbkType=FeedbackReceivedAsSeller&item_id=174625964564&username=classicgamecases&filter=feedback_page%3ARECEIVED_AS_SELLER&sort=RELEVANCE,174625964564
https://www.ebay.com/fdbk/mweb_profile?fdbkType=FeedbackReceivedAsSeller&item_id=320671823664&username=collectorsshoppe&filter=feedback_page%3ARECEIVED_AS_SELLER&sort=RELEVANCE,320671823664
https://www.ebay.com/fdbk/mweb_profile?fdbkType=FeedbackReceivedAsSeller&item_id=115521927553&username=alphaunimatrix&filter=feedback_page%3ARECEIVED_AS_SELLER&sort=RELEVANCE,115521927553
https://www.ebay.com/fdbk/mweb_profile?fdbkType=FeedbackReceivedAsSeller&item_id=166718416883&username=triforcevideogames&filter=feedback_page%3ARECEIVED_AS_SELLER&sort=RELEVANCE,166718416883
https://www.ebay.com/fdbk/mweb_profile?fdbkType=FeedbackReceivedAsSeller&item_id=166721442075&username=triforcevideogames&filter=feedback_page%3ARECEIVED_AS_SELLER&sort=RELEVANCE,166721442075
https://www.ebay.com/fdbk/mweb_profile?fdbkType=FeedbackReceivedAsSeller&item_id=167013579410&username=triforcevideogames&filter=feedback_page%3ARECEIVED_AS_SELLER&sort=RELEVANCE,167013579410
https://www.ebay.com/fdbk/mweb_profile?fdbkType=FeedbackReceivedAsSeller&item_id=386884654533&username=nybargainhunter&filter=feedback_page%3ARECEIVED_AS_SELLER&sort=RELEVANCE,386884654533
https://www.ebay.com/fdbk/mweb_profile?fdbkType=FeedbackReceivedAsSeller&item_id=186305664966&username=estatepicks4u&filter=feedback_page%3ARECEIVED_AS_SELLER&sort=RELEVANCE,186305664966
https://www.ebay.com/fdbk/mweb_profile?fdbkType=FeedbackReceivedAsSeller&item_id=395803169926&username=funstuff1957&filter=feedback_page%3ARECEIVED_AS_SELLER&sort=RELEVANCE,395803169926
https://www.ebay.com/fdbk/mweb_profile?fdbkType=FeedbackReceivedAsSeller&item_id=326374160817&username=computer-wiz-wv&filter=feedback_page%3ARECEIVED_AS_SELLER&sort=RELEVANCE,326374160817
https://www.ebay.com/fdbk/mweb_profile?fdbkType=FeedbackReceivedAsSeller&item_id=305818074848&username=handpickedgrails&filter=feedback_page%3ARECEIVED_AS_SELLER&sort=RELEVANCE,305818074848
https://www.ebay.com/fdbk/mweb_profile?fdbkType=FeedbackReceivedAsSeller&item_id=405569228815&username=grpetr_6168&filter=feedback_page%3ARECEIVED_AS_SELLER&sort=RELEVANCE,405569228815
https://www.ebay.com/fdbk/mweb_profile?fdbkType=FeedbackReceivedAsSeller&item_id=186280482465&username=eaengin0&filter=feedback_page%3ARECEIVED_AS_SELLER&sort=RELEVANCE,186280482465
https://www.ebay.com/fdbk/mweb_profile?fdbkType=FeedbackReceivedAsSeller&item_id=305935782236&username=kawi-2285&filter=feedback_page%3ARECEIVED_AS_SELLER&sort=RELEVANCE,305935782236
https://www.ebay.com/fdbk/mweb_profile?fdbkType=FeedbackReceivedAsSeller&item_id=226615816319&username=co.liron&filter=feedback_page%3ARECEIVED_AS_SELLER&sort=RELEVANCE,226615816319
,386927951957
,306022164563
https://www.ebay.com/fdbk/mweb_profile?fdbkType=FeedbackReceivedAsSeller&item_id=306027400765&username=di-248742&filter=feedback_page%3ARECEIVED_AS_SELLER&sort=RELEVANCE,306027400765
https://www.ebay.com/fdbk/mweb_profile?fdbkType=FeedbackReceivedAsSeller&item_id=375005839976&username=roxycorey&filter=feedback_page%3ARECEIVED_AS_SELLER&sort=RELEVANCE,375005839976
https://www.ebay.com/fdbk/mweb_profile?fdbkType=FeedbackReceivedAsSeller&item_id=395409010179&username=dealsdazzle&filter=feedback_page%3ARECEIVED_AS_SELLER&sort=RELEVANCE,395409010179
,166346762688
https://www.ebay.com/fdbk/mweb_profile?fdbkType=FeedbackReceivedAsSeller&item_id=135474068084&username=mmliquid26&filter=feedback_page%3ARECEIVED_AS_SELLER&sort=RELEVANCE,135474068084
,315035378270
https://www.ebay.com/fdbk/mweb_profile?fdbkType=FeedbackReceivedAsSeller&item_id=146379416290&username=power_tools350&filter=feedback_page%3ARECEIVED_AS_SELLER&sort=RELEVANCE,146379416290
https://www.ebay.com/fdbk/mweb_profile?fdbkType=FeedbackReceivedAsSeller&item_id=365409393947&username=jj7o1&filter=feedback_page%3ARECEIVED_AS_SELLER&sort=RELEVANCE,365409393947
https://www.ebay.com/fdbk/mweb_profile?fdbkType=FeedbackReceivedAsSeller&item_id=315043759874&username=turkishrugslv01&filter=feedback_page%3ARECEIVED_AS_SELLER&sort=RELEVANCE,315043759874
,365038850887
,365106624215
https://www.ebay.com/fdbk/mweb_profile?fdbkType=FeedbackReceivedAsSeller&item_id=387676799745&username=netanelkim32&filter=feedback_page%3ARECEIVED_AS_SELLER&sort=RELEVANCE,387676799745
https://www.ebay.com/fdbk/mweb_profile?fdbkType=FeedbackReceivedAsSeller&item_id=156742319811&username=thehappyflipper007&filter=feedback_page%3ARECEIVED_AS_SELLER&sort=RELEVANCE,156742319811
,172134961041
,296926082814
https://www.ebay.com/fdbk/mweb_profile?fdbkType=FeedbackReceivedAsSeller&item_id=167321780291&username=aukay-0&filter=feedback_page%3ARECEIVED_AS_SELLER&sort=RELEVANCE,167321780291
,275311059418
,176679955798
,375846616727
,126537551550
https://www.ebay.com/fdbk/mweb_profile?fdbkType=FeedbackReceivedAsSeller&item_id=365430139672&username=giraffetoolsbrand&filter=feedback_page%3ARECEIVED_AS_SELLER&sort=RELEVANCE,365430139672
https://www.ebay.com/fdbk/mweb_profile?fdbkType=FeedbackReceivedAsSeller&item_id=226611236921&username=retrocurious&filter=feedback_page%3ARECEIVED_AS_SELLER&sort=RELEVANCE,226611236921
https://www.ebay.com/fdbk/mweb_profile?fdbkType=FeedbackReceivedAsSeller&item_id=226484268972&username=retrocurious&filter=feedback_page%3ARECEIVED_AS_SELLER&sort=RELEVANCE,226484268972
,365165268663
,284381848862
,284411152260
,284415418079
,172598255158
,284153948435
,174036320482
,316381994561
,284808580934
,171275503189
,124070863079
,121727108837
,285539750862
https://www.ebay.com/fdbk/mweb_profile?fdbkType=FeedbackReceivedAsSeller&item_id=234976891996&username=vfscientific&filter=feedback_page%3ARECEIVED_AS_SELLER&sort=RELEVANCE,234976891996
https://www.ebay.com/fdbk/mweb_profile?fdbkType=FeedbackReceivedAsSeller&item_id=365420123137&username=giraffetoolsbrand&filter=feedback_page%3ARECEIVED_AS_SELLER&sort=RELEVANCE,365420123137
,365157138279
https://www.ebay.com/fdbk/mweb_profile?fdbkType=FeedbackReceivedAsSeller&item_id=156721583298&username=generationalsales&filter=feedback_page%3ARECEIVED_AS_SELLER&sort=RELEVANCE,156721583298
,170642270986
,173602156129
https://www.ebay.com/fdbk/mweb_profile?fdbkType=FeedbackReceivedAsSeller&item_id=284387323444&username=stickerdynasty&filter=feedback_page%3ARECEIVED_AS_SELLER&sort=RELEVANCE,284387323444
,123451722974
,284481389657
https://www.ebay.com/fdbk/mweb_profile?fdbkType=FeedbackReceivedAsSeller&item_id=405366293001&username=drome-29&filter=feedback_page%3ARECEIVED_AS_SELLER&sort=RELEVANCE,405366293001
https://www.ebay.com/fdbk/mweb_profile?fdbkType=FeedbackReceivedAsSeller&item_id=205100384396&username=murphyzspot&filter=feedback_page%3ARECEIVED_AS_SELLER&sort=RELEVANCE,205100384396
https://www.ebay.com/fdbk/mweb_profile?fdbkType=FeedbackReceivedAsSeller&item_id=375982842428&username=sunshineseedsfl&filter=feedback_page%3ARECEIVED_AS_SELLER&sort=RELEVANCE,375982842428
,124183594808
,284415410048
,175152282899
,123989669303
,174596083113
,175631125948
,284368307158
https://www.ebay.com/fdbk/mweb_profile?fdbkType=FeedbackReceivedAsSeller&item_id=167062744977&username=aukay-0&filter=feedback_page%3ARECEIVED_AS_SELLER&sort=RELEVANCE,167062744977
,170639027002
https://www.ebay.com/fdbk/mweb_profile?fdbkType=FeedbackReceivedAsSeller&item_id=145974682118&username=the.play.room&filter=feedback_page%3ARECEIVED_AS_SELLER&sort=RELEVANCE,145974682118
,120503314176
,175418614430
,170853976094
https://www.ebay.com/fdbk/mweb_profile?fdbkType=FeedbackReceivedAsSeller&item_id=126555985938&username=central-vacmasters&filter=feedback_page%3ARECEIVED_AS_SELLER&sort=RELEVANCE,126555985938
,285629292105
,172805263306
,284153948386
,173846928426
,226061315865
,275311173133
,146375980549
https://www.ebay.com/fdbk/mweb_profile?fdbkType=FeedbackReceivedAsSeller&item_id=126804761952&username=dongguanshifanghuili_0&filter=feedback_page%3ARECEIVED_AS_SELLER&sort=RELEVANCE,126804761952
https://www.ebay.com/fdbk/mweb_profile?fdbkType=FeedbackReceivedAsSeller&item_id=405383492105&username=dongguanshijinyub_0&filter=feedback_page%3ARECEIVED_AS_SELLER&sort=RELEVANCE,405383492105
,396076071163
,405534673868
,375985141747
https://www.ebay.com/fdbk/mweb_profile?fdbkType=FeedbackReceivedAsSeller&item_id=135542152722&username=lshargrove111&filter=feedback_page%3ARECEIVED_AS_SELLER&sort=RELEVANCE,135542152722
https://www.ebay.com/fdbk/mweb_profile?fdbkType=FeedbackReceivedAsSeller&item_id=116434085540&username=zarandra88&filter=feedback_page%3ARECEIVED_AS_SELLER&sort=RELEVANCE,116434085540
https://www.ebay.com/fdbk/mweb_profile?fdbkType=FeedbackReceivedAsSeller&item_id=156485417893&username=atrcstmcar&filter=feedback_page%3ARECEIVED_AS_SELLER&sort=RELEVANCE,156485417893
,176346904471
https://www.ebay.com/fdbk/mweb_profile?fdbkType=FeedbackReceivedAsSeller&item_id=235538331818&username=vfscientific&filter=feedback_page%3ARECEIVED_AS_SELLER&sort=RELEVANCE,235538331818
https://www.ebay.com/fdbk/mweb_profile?fdbkType=FeedbackReceivedAsSeller&item_id=146390530777&username=exiamiao&filter=feedback_page%3ARECEIVED_AS_SELLER&sort=RELEVANCE,146390530777
,126081545438
,374514698703
https://www.ebay.com/fdbk/mweb_profile?fdbkType=FeedbackReceivedAsSeller&item_id=374514698578&username=vfscientific&filter=feedback_page%3ARECEIVED_AS_SELLER&sort=RELEVANCE,374514698578
https://www.ebay.com/fdbk/mweb_profile?fdbkType=FeedbackReceivedAsSeller&item_id=235419408317&username=vfscientific&filter=feedback_page%3ARECEIVED_AS_SELLER&sort=RELEVANCE,235419408317
https://www.ebay.com/fdbk/mweb_profile?fdbkType=FeedbackReceivedAsSeller&item_id=405383516324&username=dongguanshijinyub_0&filter=feedback_page%3ARECEIVED_AS_SELLER&sort=RELEVANCE,405383516324
https://www.ebay.com/fdbk/mweb_profile?fdbkType=FeedbackReceivedAsSeller&item_id=167206068798&username=2craftycousins&filter=feedback_page%3ARECEIVED_AS_SELLER&sort=RELEVANCE,167206068798
https://www.ebay.com/fdbk/mweb_profile?fdbkType=FeedbackReceivedAsSeller&item_id=135561985488&username=sistersrestore&filter=feedback_page%3ARECEIVED_AS_SELLER&sort=RELEVANCE,135561985488
https://www.ebay.com/fdbk/mweb_profile?fdbkType=FeedbackReceivedAsSeller&item_id=375243245247&username=vfscientific&filter=feedback_page%3ARECEIVED_AS_SELLER&sort=RELEVANCE,375243245247
https://www.ebay.com/fdbk/mweb_profile?fdbkType=FeedbackReceivedAsSeller&item_id=296248768363&username=sos.lore&filter=feedback_page%3ARECEIVED_AS_SELLER&sort=RELEVANCE,296248768363
https://www.ebay.com/fdbk/mweb_profile?fdbkType=FeedbackReceivedAsSeller&item_id=235557261967&username=vfscientific&filter=feedback_page%3ARECEIVED_AS_SELLER&sort=RELEVANCE,235557261967
https://www.ebay.com/fdbk/mweb_profile?fdbkType=FeedbackReceivedAsSeller&item_id=316023017940&username=zx6968&filter=feedback_page%3ARECEIVED_AS_SELLER&sort=RELEVANCE,316023017940
https://www.ebay.com/fdbk/mweb_profile?fdbkType=FeedbackReceivedAsSeller&item_id=375639844861&username=vfscientific&filter=feedback_page%3ARECEIVED_AS_SELLER&sort=RELEVANCE,375639844861
https://www.ebay.com/fdbk/mweb_profile?fdbkType=FeedbackReceivedAsSeller&item_id=256794045519&username=imjustlooking4agooddealman&filter=feedback_page%3ARECEIVED_AS_SELLER&sort=RELEVANCE,256794045519
,332420732911
https://www.ebay.com/fdbk/mweb_profile?fdbkType=FeedbackReceivedAsSeller&item_id=176881322764&username=matt_pal&filter=feedback_page%3ARECEIVED_AS_SELLER&sort=RELEVANCE,176881322764
https://www.ebay.com/fdbk/mweb_profile?fdbkType=FeedbackReceivedAsSeller&item_id=374622063957&username=vfscientific&filter=feedback_page%3ARECEIVED_AS_SELLER&sort=RELEVANCE,374622063957
https://www.ebay.com/fdbk/mweb_profile?fdbkType=FeedbackReceivedAsSeller&item_id=234898419748&username=vfscientific&filter=feedback_page%3ARECEIVED_AS_SELLER&sort=RELEVANCE,234898419748
https://www.ebay.com/fdbk/mweb_profile?fdbkType=FeedbackReceivedAsSeller&item_id=205252076776&username=octopusyachts&filter=feedback_page%3ARECEIVED_AS_SELLER&sort=RELEVANCE,205252076776
,176468987684
,134583193318
https://www.ebay.com/fdbk/mweb_profile?fdbkType=FeedbackReceivedAsSeller&item_id=226554873764&username=consoleparts&filter=feedback_page%3ARECEIVED_AS_SELLER&sort=RELEVANCE,226554873764
https://www.ebay.com/fdbk/mweb_profile?fdbkType=FeedbackReceivedAsSeller&item_id=374513108437&username=vfscientific&filter=feedback_page%3ARECEIVED_AS_SELLER&sort=RELEVANCE,374513108437
https://www.ebay.com/fdbk/mweb_profile?fdbkType=FeedbackReceivedAsSeller&item_id=396236852842&username=lilskoof2024&filter=feedback_page%3ARECEIVED_AS_SELLER&sort=RELEVANCE,396236852842
https://www.ebay.com/fdbk/mweb_profile?fdbkType=FeedbackReceivedAsSeller&item_id=375628578150&username=vfscientific&filter=feedback_page%3ARECEIVED_AS_SELLER&sort=RELEVANCE,375628578150
https://www.ebay.com/fdbk/mweb_profile?fdbkType=FeedbackReceivedAsSeller&item_id=405057876297&username=sabo_8002&filter=feedback_page%3ARECEIVED_AS_SELLER&sort=RELEVANCE,405057876297
https://www.ebay.com/fdbk/mweb_profile?fdbkType=FeedbackReceivedAsSeller&item_id=234961982190&username=vfscientific&filter=feedback_page%3ARECEIVED_AS_SELLER&sort=RELEVANCE,234961982190
https://www.ebay.com/fdbk/mweb_profile?fdbkType=FeedbackReceivedAsSeller&item_id=395433419589&username=jackua&filter=feedback_page%3ARECEIVED_AS_SELLER&sort=RELEVANCE,395433419589
,316398517857
https://www.ebay.com/fdbk/mweb_profile?fdbkType=FeedbackReceivedAsSeller&item_id=235963535403&username=xinqishengshangmaoyouxiangongsi&filter=feedback_page%3ARECEIVED_AS_SELLER&sort=RELEVANCE,235963535403
https://www.ebay.com/fdbk/mweb_profile?fdbkType=FeedbackReceivedAsSeller&item_id=330552765272&username=lauriehon&filter=feedback_page%3ARECEIVED_AS_SELLER&sort=RELEVANCE,330552765272
https://www.ebay.com/fdbk/mweb_profile?fdbkType=FeedbackReceivedAsSeller&item_id=235737137057&username=vfscientific&filter=feedback_page%3ARECEIVED_AS_SELLER&sort=RELEVANCE,235737137057
https://www.ebay.com/fdbk/mweb_profile?fdbkType=FeedbackReceivedAsSeller&item_id=196741665514&username=norcalforsale&filter=feedback_page%3ARECEIVED_AS_SELLER&sort=RELEVANCE,196741665514
,175440975573
https://www.ebay.com/fdbk/mweb_profile?fdbkType=FeedbackReceivedAsSeller&item_id=176861456330&username=prestigecrates&filter=feedback_page%3ARECEIVED_AS_SELLER&sort=RELEVANCE,176861456330
https://www.ebay.com/fdbk/mweb_profile?fdbkType=FeedbackReceivedAsSeller&item_id=135327969244&username=networkhardwares&filter=feedback_page%3ARECEIVED_AS_SELLER&sort=RELEVANCE,135327969244
https://www.ebay.com/fdbk/mweb_profile?fdbkType=FeedbackReceivedAsSeller&item_id=204644181599&username=jeffg1960&filter=feedback_page%3ARECEIVED_AS_SELLER&sort=RELEVANCE,204644181599
https://www.ebay.com/fdbk/mweb_profile?fdbkType=FeedbackReceivedAsSeller&item_id=235737152010&username=vfscientific&filter=feedback_page%3ARECEIVED_AS_SELLER&sort=RELEVANCE,235737152010
https://www.ebay.com/fdbk/mweb_profile?fdbkType=FeedbackReceivedAsSeller&item_id=235538328717&username=vfscientific&filter=feedback_page%3ARECEIVED_AS_SELLER&sort=RELEVANCE,235538328717
https://www.ebay.com/fdbk/mweb_profile?fdbkType=FeedbackReceivedAsSeller&item_id=176856823555&username=katesestate-78&filter=feedback_page%3ARECEIVED_AS_SELLER&sort=RELEVANCE,176856823555
,115908608330
,375420413447
https://www.ebay.com/fdbk/mweb_profile?fdbkType=FeedbackReceivedAsSeller&item_id=176854220302&username=matt_pal&filter=feedback_page%3ARECEIVED_AS_SELLER&sort=RELEVANCE,176854220302
,175794453005
,272011455567
https://www.ebay.com/fdbk/mweb_profile?fdbkType=FeedbackReceivedAsSeller&item_id=205201853947&username=tamsolutions&filter=feedback_page%3ARECEIVED_AS_SELLER&sort=RELEVANCE,205201853947
,176701635222
,175258155656
https://www.ebay.com/fdbk/mweb_profile?fdbkType=FeedbackReceivedAsSeller&item_id=234976883371&username=vfscientific&filter=feedback_page%3ARECEIVED_AS_SELLER&sort=RELEVANCE,234976883371
https://www.ebay.com/fdbk/mweb_profile?fdbkType=FeedbackReceivedAsSeller&item_id=176231811365&username=matt_pal&filter=feedback_page%3ARECEIVED_AS_SELLER&sort=RELEVANCE,176231811365
https://www.ebay.com/fdbk/mweb_profile?fdbkType=FeedbackReceivedAsSeller&item_id=316047801217&username=free-hongkong&filter=feedback_page%3ARECEIVED_AS_SELLER&sort=RELEVANCE,316047801217
,146375972522
,134859478960
https://www.ebay.com/fdbk/mweb_profile?fdbkType=FeedbackReceivedAsSeller&item_id=375676653927&username=consignonline&filter=feedback_page%3ARECEIVED_AS_SELLER&sort=RELEVANCE,375676653927
https://www.ebay.com/fdbk/mweb_profile?fdbkType=FeedbackReceivedAsSeller&item_id=135228736377&username=ramham13&filter=feedback_page%3ARECEIVED_AS_SELLER&sort=RELEVANCE,135228736377
https://www.ebay.com/fdbk/mweb_profile?fdbkType=FeedbackReceivedAsSeller&item_id=256281892961&username=ericd3725&filter=feedback_page%3ARECEIVED_AS_SELLER&sort=RELEVANCE,256281892961
https://www.ebay.com/fdbk/mweb_profile?fdbkType=FeedbackReceivedAsSeller&item_id=156375533536&username=elitesportssignaturesllc&filter=feedback_page%3ARECEIVED_AS_SELLER&sort=RELEVANCE,156375533536
https://www.ebay.com/fdbk/mweb_profile?fdbkType=FeedbackReceivedAsSeller&item_id=235711660244&username=sportscardadct&filter=feedback_page%3ARECEIVED_AS_SELLER&sort=RELEVANCE,235711660244
https://www.ebay.com/fdbk/mweb_profile?fdbkType=FeedbackReceivedAsSeller&item_id=294425660712&username=barjgi99&filter=feedback_page%3ARECEIVED_AS_SELLER&sort=RELEVANCE,294425660712
,195261353992
https://www.ebay.com/fdbk/mweb_profile?fdbkType=FeedbackReceivedAsSeller&item_id=235106090881&username=maverick_collections&filter=feedback_page%3ARECEIVED_AS_SELLER&sort=RELEVANCE,235106090881
https://www.ebay.com/fdbk/mweb_profile?fdbkType=FeedbackReceivedAsSeller&item_id=126589517134&username=thegrailcards&filter=feedback_page%3ARECEIVED_AS_SELLER&sort=RELEVANCE,126589517134
https://www.ebay.com/fdbk/mweb_profile?fdbkType=FeedbackReceivedAsSeller&item_id=166502052489&username=big_comp_cards&filter=feedback_page%3ARECEIVED_AS_SELLER&sort=RELEVANCE,166502052489
https://www.ebay.com/fdbk/mweb_profile?fdbkType=FeedbackReceivedAsSeller&item_id=315315424304&username=miru_64&filter=feedback_page%3ARECEIVED_AS_SELLER&sort=RELEVANCE,315315424304
https://www.ebay.com/fdbk/mweb_profile?fdbkType=FeedbackReceivedAsSeller&item_id=326101385641&username=wilsons_ebazon&filter=feedback_page%3ARECEIVED_AS_SELLER&sort=RELEVANCE,326101385641
https://www.ebay.com/fdbk/mweb_profile?fdbkType=FeedbackReceivedAsSeller&item_id=364969514098&username=loer4684&filter=feedback_page%3ARECEIVED_AS_SELLER&sort=RELEVANCE,364969514098
https://www.ebay.com/fdbk/mweb_profile?fdbkType=FeedbackReceivedAsSeller&item_id=405197821265&username=wilho2415&filter=feedback_page%3ARECEIVED_AS_SELLER&sort=RELEVANCE,405197821265
https://www.ebay.com/fdbk/mweb_profile?fdbkType=FeedbackReceivedAsSeller&item_id=266333068667&username=theboens&filter=feedback_page%3ARECEIVED_AS_SELLER&sort=RELEVANCE,266333068667
https://www.ebay.com/fdbk/mweb_profile?fdbkType=FeedbackReceivedAsSeller&item_id=356231142828&username=plpl2012&filter=feedback_page%3ARECEIVED_AS_SELLER&sort=RELEVANCE,356231142828
https://www.ebay.com/fdbk/mweb_profile?fdbkType=FeedbackReceivedAsSeller&item_id=355952120327&username=double-teellc&filter=feedback_page%3ARECEIVED_AS_SELLER&sort=RELEVANCE,355952120327
,133044857587
https://www.ebay.com/fdbk/mweb_profile?fdbkType=FeedbackReceivedAsSeller&item_id=156559329129&username=srmyers1957&filter=feedback_page%3ARECEIVED_AS_SELLER&sort=RELEVANCE,156559329129
,133456233058
,133050734586
,133044910366
,132063548454
https://www.ebay.com/fdbk/mweb_profile?fdbkType=FeedbackReceivedAsSeller&item_id=365148033214&username=kjsboulder&filter=feedback_page%3ARECEIVED_AS_SELLER&sort=RELEVANCE,365148033214
,142225956509
https://www.ebay.com/fdbk/mweb_profile?fdbkType=FeedbackReceivedAsSeller&item_id=226623407063&username=1stroundcollectibles&filter=feedback_page%3ARECEIVED_AS_SELLER&sort=RELEVANCE,226623407063
,133057391270
https://www.ebay.com/fdbk/mweb_profile?fdbkType=FeedbackReceivedAsSeller&item_id=335823048259&username=mags3030&filter=feedback_page%3ARECEIVED_AS_SELLER&sort=RELEVANCE,335823048259
https://www.ebay.com/fdbk/mweb_profile?fdbkType=FeedbackReceivedAsSeller&item_id=376016523499&username=welcomebacksports&filter=feedback_page%3ARECEIVED_AS_SELLER&sort=RELEVANCE,376016523499
https://www.ebay.com/fdbk/mweb_profile?fdbkType=FeedbackReceivedAsSeller&item_id=205284230618&username=ironic-deals&filter=feedback_page%3ARECEIVED_AS_SELLER&sort=RELEVANCE,205284230618
https://www.ebay.com/fdbk/mweb_profile?fdbkType=FeedbackReceivedAsSeller&item_id=395804755906&username=findex24&filter=feedback_page%3ARECEIVED_AS_SELLER&sort=RELEVANCE,395804755906
https://www.ebay.com/fdbk/mweb_profile?fdbkType=FeedbackReceivedAsSeller&item_id=396003719660&username=findex24&filter=feedback_page%3ARECEIVED_AS_SELLER&sort=RELEVANCE,396003719660
https://www.ebay.com/fdbk/mweb_profile?fdbkType=FeedbackReceivedAsSeller&item_id=395834265650&username=findex24&filter=feedback_page%3ARECEIVED_AS_SELLER&sort=RELEVANCE,395834265650
https://www.ebay.com/fdbk/mweb_profile?fdbkType=FeedbackReceivedAsSeller&item_id=116483995712&username=mich0715&filter=feedback_page%3ARECEIVED_AS_SELLER&sort=RELEVANCE,116483995712
https://www.ebay.com/fdbk/mweb_profile?fdbkType=FeedbackReceivedAsSeller&item_id=376018589386&username=mags3030&filter=feedback_page%3ARECEIVED_AS_SELLER&sort=RELEVANCE,376018589386
,196214865681
https://www.ebay.com/fdbk/mweb_profile?fdbkType=FeedbackReceivedAsSeller&item_id=226501479844&username=dollar_box_prospector&filter=feedback_page%3ARECEIVED_AS_SELLER&sort=RELEVANCE,226501479844
https://www.ebay.com/fdbk/mweb_profile?fdbkType=FeedbackReceivedAsSeller&item_id=376024445878&username=welcomebacksports&filter=feedback_page%3ARECEIVED_AS_SELLER&sort=RELEVANCE,376024445878
https://www.ebay.com/fdbk/mweb_profile?fdbkType=FeedbackReceivedAsSeller&item_id=286347382784&username=collectorarium&filter=feedback_page%3ARECEIVED_AS_SELLER&sort=RELEVANCE,286347382784
https://www.ebay.com/fdbk/mweb_profile?fdbkType=FeedbackReceivedAsSeller&item_id=197063136937&username=buss-stop&filter=feedback_page%3ARECEIVED_AS_SELLER&sort=RELEVANCE,197063136937
https://www.ebay.com/fdbk/mweb_profile?fdbkType=FeedbackReceivedAsSeller&item_id=364703719809&username=kjsboulder&filter=feedback_page%3ARECEIVED_AS_SELLER&sort=RELEVANCE,364703719809
https://www.ebay.com/fdbk/mweb_profile?fdbkType=FeedbackReceivedAsSeller&item_id=186956728202&username=pirotule&filter=feedback_page%3ARECEIVED_AS_SELLER&sort=RELEVANCE,186956728202
https://www.ebay.com/fdbk/mweb_profile?fdbkType=FeedbackReceivedAsSeller&item_id=335823048813&username=mags3030&filter=feedback_page%3ARECEIVED_AS_SELLER&sort=RELEVANCE,335823048813
,266349957729
https://www.ebay.com/fdbk/mweb_profile?fdbkType=FeedbackReceivedAsSeller&item_id=146403660169&username=erics-eclectic-exchange&filter=feedback_page%3ARECEIVED_AS_SELLER&sort=RELEVANCE,146403660169
https://www.ebay.com/fdbk/mweb_profile?fdbkType=FeedbackReceivedAsSeller&item_id=186797690938&username=kar_break&filter=feedback_page%3ARECEIVED_AS_SELLER&sort=RELEVANCE,186797690938
https://www.ebay.com/fdbk/mweb_profile?fdbkType=FeedbackReceivedAsSeller&item_id=395819720037&username=findex24&filter=feedback_page%3ARECEIVED_AS_SELLER&sort=RELEVANCE,395819720037
https://www.ebay.com/fdbk/mweb_profile?fdbkType=FeedbackReceivedAsSeller&item_id=395819720028&username=findex24&filter=feedback_page%3ARECEIVED_AS_SELLER&sort=RELEVANCE,395819720028
https://www.ebay.com/fdbk/mweb_profile?fdbkType=FeedbackReceivedAsSeller&item_id=395830938974&username=findex24&filter=feedback_page%3ARECEIVED_AS_SELLER&sort=RELEVANCE,395830938974
,335801021593
https://www.ebay.com/fdbk/mweb_profile?fdbkType=FeedbackReceivedAsSeller&item_id=335801021157&username=mags3030&filter=feedback_page%3ARECEIVED_AS_SELLER&sort=RELEVANCE,335801021157
https://www.ebay.com/fdbk/mweb_profile?fdbkType=FeedbackReceivedAsSeller&item_id=335823044053&username=mags3030&filter=feedback_page%3ARECEIVED_AS_SELLER&sort=RELEVANCE,335823044053
https://www.ebay.com/fdbk/mweb_profile?fdbkType=FeedbackReceivedAsSeller&item_id=156319658225&username=jeriowa&filter=feedback_page%3ARECEIVED_AS_SELLER&sort=RELEVANCE,156319658225
https://www.ebay.com/fdbk/mweb_profile?fdbkType=FeedbackReceivedAsSeller&item_id=167317608153&username=danny.cs.keepsakes&filter=feedback_page%3ARECEIVED_AS_SELLER&sort=RELEVANCE,167317608153
,132289162418
https://www.ebay.com/fdbk/mweb_profile?fdbkType=FeedbackReceivedAsSeller&item_id=395804755908&username=findex24&filter=feedback_page%3ARECEIVED_AS_SELLER&sort=RELEVANCE,395804755908
https://www.ebay.com/fdbk/mweb_profile?fdbkType=FeedbackReceivedAsSeller&item_id=395804755900&username=findex24&filter=feedback_page%3ARECEIVED_AS_SELLER&sort=RELEVANCE,395804755900
https://www.ebay.com/fdbk/mweb_profile?fdbkType=FeedbackReceivedAsSeller&item_id=396257407144&username=nimand59&filter=feedback_page%3ARECEIVED_AS_SELLER&sort=RELEVANCE,396257407144
,132116644578
https://www.ebay.com/fdbk/mweb_profile?fdbkType=FeedbackReceivedAsSeller&item_id=286338901077&username=tsunamijon&filter=feedback_page%3ARECEIVED_AS_SELLER&sort=RELEVANCE,286338901077
,133387607228
,132228212909
https://www.ebay.com/fdbk/mweb_profile?fdbkType=FeedbackReceivedAsSeller&item_id=335837642159&username=mags3030&filter=feedback_page%3ARECEIVED_AS_SELLER&sort=RELEVANCE,335837642159
,143355967521
https://www.ebay.com/fdbk/mweb_profile?fdbkType=FeedbackReceivedAsSeller&item_id=116419437500&username=cubbie_1908&filter=feedback_page%3ARECEIVED_AS_SELLER&sort=RELEVANCE,116419437500
,186554271894
https://www.ebay.com/fdbk/mweb_profile?fdbkType=FeedbackReceivedAsSeller&item_id=176875559478&username=schmidtcollectibles&filter=feedback_page%3ARECEIVED_AS_SELLER&sort=RELEVANCE,176875559478
,132228240162
https://www.ebay.com/fdbk/mweb_profile?fdbkType=FeedbackReceivedAsSeller&item_id=186865799506&username=jerseyshorewholesale&filter=feedback_page%3ARECEIVED_AS_SELLER&sort=RELEVANCE,186865799506
,235203121467
,131993154803
https://www.ebay.com/fdbk/mweb_profile?fdbkType=FeedbackReceivedAsSeller&item_id=267174368155&username=trbsstuff&filter=feedback_page%3ARECEIVED_AS_SELLER&sort=RELEVANCE,267174368155
https://www.ebay.com/fdbk/mweb_profile?fdbkType=FeedbackReceivedAsSeller&item_id=375623277178&username=outstandingpickers&filter=feedback_page%3ARECEIVED_AS_SELLER&sort=RELEVANCE,375623277178
https://www.ebay.com/fdbk/mweb_profile?fdbkType=FeedbackReceivedAsSeller&item_id=335823046709&username=mags3030&filter=feedback_page%3ARECEIVED_AS_SELLER&sort=RELEVANCE,335823046709
https://www.ebay.com/fdbk/mweb_profile?fdbkType=FeedbackReceivedAsSeller&item_id=364703719897&username=kjsboulder&filter=feedback_page%3ARECEIVED_AS_SELLER&sort=RELEVANCE,364703719897
https://www.ebay.com/fdbk/mweb_profile?fdbkType=FeedbackReceivedAsSeller&item_id=395830938966&username=findex24&filter=feedback_page%3ARECEIVED_AS_SELLER&sort=RELEVANCE,395830938966
https://www.ebay.com/fdbk/mweb_profile?fdbkType=FeedbackReceivedAsSeller&item_id=395804755899&username=findex24&filter=feedback_page%3ARECEIVED_AS_SELLER&sort=RELEVANCE,395804755899
https://www.ebay.com/fdbk/mweb_profile?fdbkType=FeedbackReceivedAsSeller&item_id=195477805417&username=keach-fashion&filter=feedback_page%3ARECEIVED_AS_SELLER&sort=RELEVANCE,195477805417
https://www.ebay.com/fdbk/mweb_profile?fdbkType=FeedbackReceivedAsSeller&item_id=186204377435&username=loodermae&filter=feedback_page%3ARECEIVED_AS_SELLER&sort=RELEVANCE,186204377435
https://www.ebay.com/fdbk/mweb_profile?fdbkType=FeedbackReceivedAsSeller&item_id=196567197393&username=treasurefinds18&filter=feedback_page%3ARECEIVED_AS_SELLER&sort=RELEVANCE,196567197393
https://www.ebay.com/fdbk/mweb_profile?fdbkType=FeedbackReceivedAsSeller&item_id=166322975526&username=yixiaoshou&filter=feedback_page%3ARECEIVED_AS_SELLER&sort=RELEVANCE,166322975526
https://www.ebay.com/fdbk/mweb_profile?fdbkType=FeedbackReceivedAsSeller&item_id=165800379319&username=yixiaoshou&filter=feedback_page%3ARECEIVED_AS_SELLER&sort=RELEVANCE,165800379319
https://www.ebay.com/fdbk/mweb_profile?fdbkType=FeedbackReceivedAsSeller&item_id=165800418021&username=yixiaoshou&filter=feedback_page%3ARECEIVED_AS_SELLER&sort=RELEVANCE,165800418021
https://www.ebay.com/fdbk/mweb_profile?fdbkType=FeedbackReceivedAsSeller&item_id=166996950644&username=yixiaoshou&filter=feedback_page%3ARECEIVED_AS_SELLER&sort=RELEVANCE,166996950644
https://www.ebay.com/fdbk/mweb_profile?fdbkType=FeedbackReceivedAsSeller&item_id=235973806523&username=whiteroomauctions&filter=feedback_page%3ARECEIVED_AS_SELLER&sort=RELEVANCE,235973806523
https://www.ebay.com/fdbk/mweb_profile?fdbkType=FeedbackReceivedAsSeller&item_id=396246315976&username=roxmo_13&filter=feedback_page%3ARECEIVED_AS_SELLER&sort=RELEVANCE,396246315976
https://www.ebay.com/fdbk/mweb_profile?fdbkType=FeedbackReceivedAsSeller&item_id=156636917707&username=stacare&filter=feedback_page%3ARECEIVED_AS_SELLER&sort=RELEVANCE,156636917707
https://www.ebay.com/fdbk/mweb_profile?fdbkType=FeedbackReceivedAsSeller&item_id=146400648815&username=sherri1970wahine&filter=feedback_page%3ARECEIVED_AS_SELLER&sort=RELEVANCE,146400648815
https://www.ebay.com/fdbk/mweb_profile?fdbkType=FeedbackReceivedAsSeller&item_id=135563651003&username=sherri1970wahine&filter=feedback_page%3ARECEIVED_AS_SELLER&sort=RELEVANCE,135563651003
https://www.ebay.com/fdbk/mweb_profile?fdbkType=FeedbackReceivedAsSeller&item_id=135565236425&username=sherri1970wahine&filter=feedback_page%3ARECEIVED_AS_SELLER&sort=RELEVANCE,135565236425
https://www.ebay.com/fdbk/mweb_profile?fdbkType=FeedbackReceivedAsSeller&item_id=405581953531&username=mleach625&filter=feedback_page%3ARECEIVED_AS_SELLER&sort=RELEVANCE,405581953531
https://www.ebay.com/fdbk/mweb_profile?fdbkType=FeedbackReceivedAsSeller&item_id=276728540966&username=americancancersociety&filter=feedback_page%3ARECEIVED_AS_SELLER&sort=RELEVANCE,276728540966
https://www.ebay.com/fdbk/mweb_profile?fdbkType=FeedbackReceivedAsSeller&item_id=156224240276&username=yixiaoshou&filter=feedback_page%3ARECEIVED_AS_SELLER&sort=RELEVANCE,156224240276
https://www.ebay.com/fdbk/mweb_profile?fdbkType=FeedbackReceivedAsSeller&item_id=166364441230&username=yixiaoshou&filter=feedback_page%3ARECEIVED_AS_SELLER&sort=RELEVANCE,166364441230
https://www.ebay.com/fdbk/mweb_profile?fdbkType=FeedbackReceivedAsSeller&item_id=145711705213&username=halfp_2367&filter=feedback_page%3ARECEIVED_AS_SELLER&sort=RELEVANCE,145711705213
https://www.ebay.com/fdbk/mweb_profile?fdbkType=FeedbackReceivedAsSeller&item_id=155749429003&username=yixiaoshou&filter=feedback_page%3ARECEIVED_AS_SELLER&sort=RELEVANCE,155749429003
https://www.ebay.com/fdbk/mweb_profile?fdbkType=FeedbackReceivedAsSeller&item_id=356617622755&username=isoldit.ca001&filter=feedback_page%3ARECEIVED_AS_SELLER&sort=RELEVANCE,356617622755
https://www.ebay.com/fdbk/mweb_profile?fdbkType=FeedbackReceivedAsSeller&item_id=356558742764&username=janha-9674&filter=feedback_page%3ARECEIVED_AS_SELLER&sort=RELEVANCE,356558742764
https://www.ebay.com/fdbk/mweb_profile?fdbkType=FeedbackReceivedAsSeller&item_id=335828637112&username=whiteroomauctions&filter=feedback_page%3ARECEIVED_AS_SELLER&sort=RELEVANCE,335828637112
https://www.ebay.com/fdbk/mweb_profile?fdbkType=FeedbackReceivedAsSeller&item_id=326453637031&username=elfinsmom&filter=feedback_page%3ARECEIVED_AS_SELLER&sort=RELEVANCE,326453637031
https://www.ebay.com/fdbk/mweb_profile?fdbkType=FeedbackReceivedAsSeller&item_id=296908003358&username=draco17315&filter=feedback_page%3ARECEIVED_AS_SELLER&sort=RELEVANCE,296908003358
https://www.ebay.com/fdbk/mweb_profile?fdbkType=FeedbackReceivedAsSeller&item_id=146400666884&username=sherri1970wahine&filter=feedback_page%3ARECEIVED_AS_SELLER&sort=RELEVANCE,146400666884
https://www.ebay.com/fdbk/mweb_profile?fdbkType=FeedbackReceivedAsSeller&item_id=235582712820&username=whiteroomauctions&filter=feedback_page%3ARECEIVED_AS_SELLER&sort=RELEVANCE,235582712820
https://www.ebay.com/fdbk/mweb_profile?fdbkType=FeedbackReceivedAsSeller&item_id=267173314847&username=vestellesvintagecostumejewelry&filter=feedback_page%3ARECEIVED_AS_SELLER&sort=RELEVANCE,267173314847
https://www.ebay.com/fdbk/mweb_profile?fdbkType=FeedbackReceivedAsSeller&item_id=205155799897&username=mrocco&filter=feedback_page%3ARECEIVED_AS_SELLER&sort=RELEVANCE,205155799897
https://www.ebay.com/fdbk/mweb_profile?fdbkType=FeedbackReceivedAsSeller&item_id=267169561642&username=vestellesvintagecostumejewelry&filter=feedback_page%3ARECEIVED_AS_SELLER&sort=RELEVANCE,267169561642
https://www.ebay.com/fdbk/mweb_profile?fdbkType=FeedbackReceivedAsSeller&item_id=235793253105&username=turntwosales&filter=feedback_page%3ARECEIVED_AS_SELLER&sort=RELEVANCE,235793253105
https://www.ebay.com/fdbk/mweb_profile?fdbkType=FeedbackReceivedAsSeller&item_id=276901603201&username=americancancersociety&filter=feedback_page%3ARECEIVED_AS_SELLER&sort=RELEVANCE,276901603201
https://www.ebay.com/fdbk/mweb_profile?fdbkType=FeedbackReceivedAsSeller&item_id=164334535225&username=yixiaoshou&filter=feedback_page%3ARECEIVED_AS_SELLER&sort=RELEVANCE,164334535225
https://www.ebay.com/fdbk/mweb_profile?fdbkType=FeedbackReceivedAsSeller&item_id=154146450214&username=yixiaoshou&filter=feedback_page%3ARECEIVED_AS_SELLER&sort=RELEVANCE,154146450214
https://www.ebay.com/fdbk/mweb_profile?fdbkType=FeedbackReceivedAsSeller&item_id=164504579617&username=yixiaoshou&filter=feedback_page%3ARECEIVED_AS_SELLER&sort=RELEVANCE,164504579617
https://www.ebay.com/fdbk/mweb_profile?fdbkType=FeedbackReceivedAsSeller&item_id=164899986735&username=yixiaoshou&filter=feedback_page%3ARECEIVED_AS_SELLER&sort=RELEVANCE,164899986735
https://www.ebay.com/fdbk/mweb_profile?fdbkType=FeedbackReceivedAsSeller&item_id=135565291839&username=sherri1970wahine&filter=feedback_page%3ARECEIVED_AS_SELLER&sort=RELEVANCE,135565291839
https://www.ebay.com/fdbk/mweb_profile?fdbkType=FeedbackReceivedAsSeller&item_id=396225563202&username=preownedauctions&filter=feedback_page%3ARECEIVED_AS_SELLER&sort=RELEVANCE,396225563202
https://www.ebay.com/fdbk/mweb_profile?fdbkType=FeedbackReceivedAsSeller&item_id=256833557730&username=pamtiques212&filter=feedback_page%3ARECEIVED_AS_SELLER&sort=RELEVANCE,256833557730
https://www.ebay.com/fdbk/mweb_profile?fdbkType=FeedbackReceivedAsSeller&item_id=167120594747&username=yixiaoshou&filter=feedback_page%3ARECEIVED_AS_SELLER&sort=RELEVANCE,167120594747
https://www.ebay.com/fdbk/mweb_profile?fdbkType=FeedbackReceivedAsSeller&item_id=135565061860&username=sherri1970wahine&filter=feedback_page%3ARECEIVED_AS_SELLER&sort=RELEVANCE,135565061860
https://www.ebay.com/fdbk/mweb_profile?fdbkType=FeedbackReceivedAsSeller&item_id=146400813724&username=sherri1970wahine&filter=feedback_page%3ARECEIVED_AS_SELLER&sort=RELEVANCE,146400813724
https://www.ebay.com/fdbk/mweb_profile?fdbkType=FeedbackReceivedAsSeller&item_id=115925191109&username=10s4040&filter=feedback_page%3ARECEIVED_AS_SELLER&sort=RELEVANCE,115925191109
https://www.ebay.com/fdbk/mweb_profile?fdbkType=FeedbackReceivedAsSeller&item_id=156194453499&username=yixiaoshou&filter=feedback_page%3ARECEIVED_AS_SELLER&sort=RELEVANCE,156194453499
https://www.ebay.com/fdbk/mweb_profile?fdbkType=FeedbackReceivedAsSeller&item_id=395459671345&username=what.diane.admires&filter=feedback_page%3ARECEIVED_AS_SELLER&sort=RELEVANCE,395459671345
https://www.ebay.com/fdbk/mweb_profile?fdbkType=FeedbackReceivedAsSeller&item_id=375389184528&username=marblemike&filter=feedback_page%3ARECEIVED_AS_SELLER&sort=RELEVANCE,375389184528
https://www.ebay.com/fdbk/mweb_profile?fdbkType=FeedbackReceivedAsSeller&item_id=316014534438&username=ppaacckkrraatt&filter=feedback_page%3ARECEIVED_AS_SELLER&sort=RELEVANCE,316014534438
https://www.ebay.com/fdbk/mweb_profile?fdbkType=FeedbackReceivedAsSeller&item_id=375798702012&username=farmhousefind&filter=feedback_page%3ARECEIVED_AS_SELLER&sort=RELEVANCE,375798702012
https://www.ebay.com/fdbk/mweb_profile?fdbkType=FeedbackReceivedAsSeller&item_id=235549929914&username=turntwosales&filter=feedback_page%3ARECEIVED_AS_SELLER&sort=RELEVANCE,235549929914
https://www.ebay.com/fdbk/mweb_profile?fdbkType=FeedbackReceivedAsSeller&item_id=405581912015&username=mleach625&filter=feedback_page%3ARECEIVED_AS_SELLER&sort=RELEVANCE,405581912015
https://www.ebay.com/fdbk/mweb_profile?fdbkType=FeedbackReceivedAsSeller&item_id=156523327925&username=yixiaoshou&filter=feedback_page%3ARECEIVED_AS_SELLER&sort=RELEVANCE,156523327925
https://www.ebay.com/fdbk/mweb_profile?fdbkType=FeedbackReceivedAsSeller&item_id=167049687600&username=madd--maxx&filter=feedback_page%3ARECEIVED_AS_SELLER&sort=RELEVANCE,167049687600
https://www.ebay.com/fdbk/mweb_profile?fdbkType=FeedbackReceivedAsSeller&item_id=176683571993&username=powerseller.407&filter=feedback_page%3ARECEIVED_AS_SELLER&sort=RELEVANCE,176683571993
https://www.ebay.com/fdbk/mweb_profile?fdbkType=FeedbackReceivedAsSeller&item_id=176725736377&username=brittsmom911&filter=feedback_page%3ARECEIVED_AS_SELLER&sort=RELEVANCE,176725736377
https://www.ebay.com/fdbk/mweb_profile?fdbkType=FeedbackReceivedAsSeller&item_id=167049692416&username=madd--maxx&filter=feedback_page%3ARECEIVED_AS_SELLER&sort=RELEVANCE,167049692416
https://www.ebay.com/fdbk/mweb_profile?fdbkType=FeedbackReceivedAsSeller&item_id=135563645156&username=sherri1970wahine&filter=feedback_page%3ARECEIVED_AS_SELLER&sort=RELEVANCE,135563645156
https://www.ebay.com/fdbk/mweb_profile?fdbkType=FeedbackReceivedAsSeller&item_id=146400584910&username=sherri1970wahine&filter=feedback_page%3ARECEIVED_AS_SELLER&sort=RELEVANCE,146400584910
https://www.ebay.com/fdbk/mweb_profile?fdbkType=FeedbackReceivedAsSeller&item_id=205319211714&username=nparks0776&filter=feedback_page%3ARECEIVED_AS_SELLER&sort=RELEVANCE,205319211714
https://www.ebay.com/fdbk/mweb_profile?fdbkType=FeedbackReceivedAsSeller&item_id=365382955475&username=refind4u&filter=feedback_page%3ARECEIVED_AS_SELLER&sort=RELEVANCE,365382955475
https://www.ebay.com/fdbk/mweb_profile?fdbkType=FeedbackReceivedAsSeller&item_id=235601889484&username=whiteroomauctions&filter=feedback_page%3ARECEIVED_AS_SELLER&sort=RELEVANCE,235601889484
https://www.ebay.com/fdbk/mweb_profile?fdbkType=FeedbackReceivedAsSeller&item_id=235480895045&username=whiteroomauctions&filter=feedback_page%3ARECEIVED_AS_SELLER&sort=RELEVANCE,235480895045
https://www.ebay.com/fdbk/mweb_profile?fdbkType=FeedbackReceivedAsSeller&item_id=316362369603&username=marblemike&filter=feedback_page%3ARECEIVED_AS_SELLER&sort=RELEVANCE,316362369603
https://www.ebay.com/fdbk/mweb_profile?fdbkType=FeedbackReceivedAsSeller&item_id=135014756683&username=oregonsellerspdx&filter=feedback_page%3ARECEIVED_AS_SELLER&sort=RELEVANCE,135014756683
https://www.ebay.com/fdbk/mweb_profile?fdbkType=FeedbackReceivedAsSeller&item_id=286222051738&username=retro_treasure_antiques&filter=feedback_page%3ARECEIVED_AS_SELLER&sort=RELEVANCE,286222051738
https://www.ebay.com/fdbk/mweb_profile?fdbkType=FeedbackReceivedAsSeller&item_id=224953934870&username=blacksuperman.99&filter=feedback_page%3ARECEIVED_AS_SELLER&sort=RELEVANCE,224953934870
https://www.ebay.com/fdbk/mweb_profile?fdbkType=FeedbackReceivedAsSeller&item_id=394924200350&username=lafilmandsk8&filter=feedback_page%3ARECEIVED_AS_SELLER&sort=RELEVANCE,394924200350
https://www.ebay.com/fdbk/mweb_profile?fdbkType=FeedbackReceivedAsSeller&item_id=356165903195&username=yaiv_69&filter=feedback_page%3ARECEIVED_AS_SELLER&sort=RELEVANCE,356165903195
https://www.ebay.com/fdbk/mweb_profile?fdbkType=FeedbackReceivedAsSeller&item_id=404882583653&username=attocksports&filter=feedback_page%3ARECEIVED_AS_SELLER&sort=RELEVANCE,404882583653
https://www.ebay.com/fdbk/mweb_profile?fdbkType=FeedbackReceivedAsSeller&item_id=405229406682&username=smho-1456&filter=feedback_page%3ARECEIVED_AS_SELLER&sort=RELEVANCE,405229406682
https://www.ebay.com/fdbk/mweb_profile?fdbkType=FeedbackReceivedAsSeller&item_id=405209814808&username=smho-1456&filter=feedback_page%3ARECEIVED_AS_SELLER&sort=RELEVANCE,405209814808
https://www.ebay.com/fdbk/mweb_profile?fdbkType=FeedbackReceivedAsSeller&item_id=285881132435&username=pefan29&filter=feedback_page%3ARECEIVED_AS_SELLER&sort=RELEVANCE,285881132435
,176877555522
https://www.ebay.com/fdbk/mweb_profile?fdbkType=FeedbackReceivedAsSeller&item_id=387363504625&username=the_dark_slide&filter=feedback_page%3ARECEIVED_AS_SELLER&sort=RELEVANCE,387363504625
https://www.ebay.com/fdbk/mweb_profile?fdbkType=FeedbackReceivedAsSeller&item_id=235963092230&username=explorer708&filter=feedback_page%3ARECEIVED_AS_SELLER&sort=RELEVANCE,235963092230
https://www.ebay.com/fdbk/mweb_profile?fdbkType=FeedbackReceivedAsSeller&item_id=156727695347&username=indianalulu&filter=feedback_page%3ARECEIVED_AS_SELLER&sort=RELEVANCE,156727695347
,233928281005
https://www.ebay.com/fdbk/mweb_profile?fdbkType=FeedbackReceivedAsSeller&item_id=146410295516&username=ericg52&filter=feedback_page%3ARECEIVED_AS_SELLER&sort=RELEVANCE,146410295516
https://www.ebay.com/fdbk/mweb_profile?fdbkType=FeedbackReceivedAsSeller&item_id=156587084122&username=indianalulu&filter=feedback_page%3ARECEIVED_AS_SELLER&sort=RELEVANCE,156587084122
,356416760195
,396006726951
https://www.ebay.com/fdbk/mweb_profile?fdbkType=FeedbackReceivedAsSeller&item_id=296680992888&username=u143451&filter=feedback_page%3ARECEIVED_AS_SELLER&sort=RELEVANCE,296680992888
https://www.ebay.com/fdbk/mweb_profile?fdbkType=FeedbackReceivedAsSeller&item_id=156744719061&username=generationalsales&filter=feedback_page%3ARECEIVED_AS_SELLER&sort=RELEVANCE,156744719061
https://www.ebay.com/fdbk/mweb_profile?fdbkType=FeedbackReceivedAsSeller&item_id=235955541830&username=ppw_colorado&filter=feedback_page%3ARECEIVED_AS_SELLER&sort=RELEVANCE,235955541830
https://www.ebay.com/fdbk/mweb_profile?fdbkType=FeedbackReceivedAsSeller&item_id=156740739769&username=indianalulu&filter=feedback_page%3ARECEIVED_AS_SELLER&sort=RELEVANCE,156740739769
https://www.ebay.com/fdbk/mweb_profile?fdbkType=FeedbackReceivedAsSeller&item_id=156741769129&username=generationalsales&filter=feedback_page%3ARECEIVED_AS_SELLER&sort=RELEVANCE,156741769129
https://www.ebay.com/fdbk/mweb_profile?fdbkType=FeedbackReceivedAsSeller&item_id=276898500143&username=lakeshorevalet&filter=feedback_page%3ARECEIVED_AS_SELLER&sort=RELEVANCE,276898500143
https://www.ebay.com/fdbk/mweb_profile?fdbkType=FeedbackReceivedAsSeller&item_id=156740777026&username=indianalulu&filter=feedback_page%3ARECEIVED_AS_SELLER&sort=RELEVANCE,156740777026
https://www.ebay.com/fdbk/mweb_profile?fdbkType=FeedbackReceivedAsSeller&item_id=205321124589&username=sincitysports702&filter=feedback_page%3ARECEIVED_AS_SELLER&sort=RELEVANCE,205321124589
https://www.ebay.com/fdbk/mweb_profile?fdbkType=FeedbackReceivedAsSeller&item_id=156742498690&username=sincitysports702&filter=feedback_page%3ARECEIVED_AS_SELLER&sort=RELEVANCE,156742498690
,382943244856
https://www.ebay.com/fdbk/mweb_profile?fdbkType=FeedbackReceivedAsSeller&item_id=226411657544&username=alsetalokin1&filter=feedback_page%3ARECEIVED_AS_SELLER&sort=RELEVANCE,226411657544
,382942617947
https://www.ebay.com/fdbk/mweb_profile?fdbkType=FeedbackReceivedAsSeller&item_id=156727675826&username=indianalulu&filter=feedback_page%3ARECEIVED_AS_SELLER&sort=RELEVANCE,156727675826
https://www.ebay.com/fdbk/mweb_profile?fdbkType=FeedbackReceivedAsSeller&item_id=256820427284&username=thrifty_oc&filter=feedback_page%3ARECEIVED_AS_SELLER&sort=RELEVANCE,256820427284
https://www.ebay.com/fdbk/mweb_profile?fdbkType=FeedbackReceivedAsSeller&item_id=235846627989&username=shesl_67&filter=feedback_page%3ARECEIVED_AS_SELLER&sort=RELEVANCE,235846627989
,375630509116
https://www.ebay.com/fdbk/mweb_profile?fdbkType=FeedbackReceivedAsSeller&item_id=186349672167&username=drab_vi&filter=feedback_page%3ARECEIVED_AS_SELLER&sort=RELEVANCE,186349672167
https://www.ebay.com/fdbk/mweb_profile?fdbkType=FeedbackReceivedAsSeller&item_id=395930088707&username=theshop-ab&filter=feedback_page%3ARECEIVED_AS_SELLER&sort=RELEVANCE,395930088707
https://www.ebay.com/fdbk/mweb_profile?fdbkType=FeedbackReceivedAsSeller&item_id=335809843442&username=ppw_colorado&filter=feedback_page%3ARECEIVED_AS_SELLER&sort=RELEVANCE,335809843442
https://www.ebay.com/fdbk/mweb_profile?fdbkType=FeedbackReceivedAsSeller&item_id=156727675854&username=indianalulu&filter=feedback_page%3ARECEIVED_AS_SELLER&sort=RELEVANCE,156727675854
https://www.ebay.com/fdbk/mweb_profile?fdbkType=FeedbackReceivedAsSeller&item_id=156734431196&username=indianalulu&filter=feedback_page%3ARECEIVED_AS_SELLER&sort=RELEVANCE,156734431196
https://www.ebay.com/fdbk/mweb_profile?fdbkType=FeedbackReceivedAsSeller&item_id=387811692424&username=mikekr-10&filter=feedback_page%3ARECEIVED_AS_SELLER&sort=RELEVANCE,387811692424
,191845675331
https://www.ebay.com/fdbk/mweb_profile?fdbkType=FeedbackReceivedAsSeller&item_id=156727679298&username=indianalulu&filter=feedback_page%3ARECEIVED_AS_SELLER&sort=RELEVANCE,156727679298
https://www.ebay.com/fdbk/mweb_profile?fdbkType=FeedbackReceivedAsSeller&item_id=156411463213&username=indianalulu&filter=feedback_page%3ARECEIVED_AS_SELLER&sort=RELEVANCE,156411463213
https://www.ebay.com/fdbk/mweb_profile?fdbkType=FeedbackReceivedAsSeller&item_id=235836317457&username=vfscientific&filter=feedback_page%3ARECEIVED_AS_SELLER&sort=RELEVANCE,235836317457
https://www.ebay.com/fdbk/mweb_profile?fdbkType=FeedbackReceivedAsSeller&item_id=335765321755&username=ppw_colorado&filter=feedback_page%3ARECEIVED_AS_SELLER&sort=RELEVANCE,335765321755
,224003698911
https://www.ebay.com/fdbk/mweb_profile?fdbkType=FeedbackReceivedAsSeller&item_id=156439106962&username=indianalulu&filter=feedback_page%3ARECEIVED_AS_SELLER&sort=RELEVANCE,156439106962
https://www.ebay.com/fdbk/mweb_profile?fdbkType=FeedbackReceivedAsSeller&item_id=205321121186&username=sincitysports702&filter=feedback_page%3ARECEIVED_AS_SELLER&sort=RELEVANCE,205321121186
https://www.ebay.com/fdbk/mweb_profile?fdbkType=FeedbackReceivedAsSeller&item_id=396172651839&username=maplehillgolf&filter=feedback_page%3ARECEIVED_AS_SELLER&sort=RELEVANCE,396172651839
,232575458668
https://www.ebay.com/fdbk/mweb_profile?fdbkType=FeedbackReceivedAsSeller&item_id=305650505760&username=bighorngear&filter=feedback_page%3ARECEIVED_AS_SELLER&sort=RELEVANCE,305650505760
https://www.ebay.com/fdbk/mweb_profile?fdbkType=FeedbackReceivedAsSeller&item_id=356526646707&username=opticsplanet&filter=feedback_page%3ARECEIVED_AS_SELLER&sort=RELEVANCE,356526646707
https://www.ebay.com/fdbk/mweb_profile?fdbkType=FeedbackReceivedAsSeller&item_id=286113423486&username=userus&filter=feedback_page%3ARECEIVED_AS_SELLER&sort=RELEVANCE,286113423486
https://www.ebay.com/fdbk/mweb_profile?fdbkType=FeedbackReceivedAsSeller&item_id=156727666213&username=indianalulu&filter=feedback_page%3ARECEIVED_AS_SELLER&sort=RELEVANCE,156727666213
https://www.ebay.com/fdbk/mweb_profile?fdbkType=FeedbackReceivedAsSeller&item_id=296994305406&username=golfetail&filter=feedback_page%3ARECEIVED_AS_SELLER&sort=RELEVANCE,296994305406
https://www.ebay.com/fdbk/mweb_profile?fdbkType=FeedbackReceivedAsSeller&item_id=395614393687&username=ygsells&filter=feedback_page%3ARECEIVED_AS_SELLER&sort=RELEVANCE,395614393687
https://www.ebay.com/fdbk/mweb_profile?fdbkType=FeedbackReceivedAsSeller&item_id=375600750560&username=pmantw-75&filter=feedback_page%3ARECEIVED_AS_SELLER&sort=RELEVANCE,375600750560
https://www.ebay.com/fdbk/mweb_profile?fdbkType=FeedbackReceivedAsSeller&item_id=267170972652&username=dr.adrock&filter=feedback_page%3ARECEIVED_AS_SELLER&sort=RELEVANCE,267170972652
https://www.ebay.com/fdbk/mweb_profile?fdbkType=FeedbackReceivedAsSeller&item_id=375600750560&username=pmantw-75&filter=feedback_page%3ARECEIVED_AS_SELLER&sort=RELEVANCE,375600750560
https://www.ebay.com/fdbk/mweb_profile?fdbkType=FeedbackReceivedAsSeller&item_id=267170972652&username=dr.adrock&filter=feedback_page%3ARECEIVED_AS_SELLER&sort=RELEVANCE,267170972652
https://www.ebay.com/fdbk/mweb_profile?fdbkType=FeedbackReceivedAsSeller&item_id=156610009998&username=indianalulu&filter=feedback_page%3ARECEIVED_AS_SELLER&sort=RELEVANCE,156610009998
https://www.ebay.com/fdbk/mweb_profile?fdbkType=FeedbackReceivedAsSeller&item_id=316372365137&username=marblemike&filter=feedback_page%3ARECEIVED_AS_SELLER&sort=RELEVANCE,316372365137
https://www.ebay.com/fdbk/mweb_profile?fdbkType=FeedbackReceivedAsSeller&item_id=396190649283&username=opticsplanet&filter=feedback_page%3ARECEIVED_AS_SELLER&sort=RELEVANCE,396190649283
https://www.ebay.com/fdbk/mweb_profile?fdbkType=FeedbackReceivedAsSeller&item_id=156501964801&username=indianalulu&filter=feedback_page%3ARECEIVED_AS_SELLER&sort=RELEVANCE,156501964801
,285447792962
https://www.ebay.com/fdbk/mweb_profile?fdbkType=FeedbackReceivedAsSeller&item_id=375242031086&username=vfscientific&filter=feedback_page%3ARECEIVED_AS_SELLER&sort=RELEVANCE,375242031086
https://www.ebay.com/fdbk/mweb_profile?fdbkType=FeedbackReceivedAsSeller&item_id=196006544063&username=mmp-parts&filter=feedback_page%3ARECEIVED_AS_SELLER&sort=RELEVANCE,196006544063
https://www.ebay.com/fdbk/mweb_profile?fdbkType=FeedbackReceivedAsSeller&item_id=256789807136&username=performance_products&filter=feedback_page%3ARECEIVED_AS_SELLER&sort=RELEVANCE,256789807136
,375683664946
https://www.ebay.com/fdbk/mweb_profile?fdbkType=FeedbackReceivedAsSeller&item_id=145403021599&username=promptellstore&filter=feedback_page%3ARECEIVED_AS_SELLER&sort=RELEVANCE,145403021599
https://www.ebay.com/fdbk/mweb_profile?fdbkType=FeedbackReceivedAsSeller&item_id=387955393572&username=dytex_industrial&filter=feedback_page%3ARECEIVED_AS_SELLER&sort=RELEVANCE,387955393572
,306055612303
https://www.ebay.com/fdbk/mweb_profile?fdbkType=FeedbackReceivedAsSeller&item_id=156701235066&username=generationalsales&filter=feedback_page%3ARECEIVED_AS_SELLER&sort=RELEVANCE,156701235066
https://www.ebay.com/fdbk/mweb_profile?fdbkType=FeedbackReceivedAsSeller&item_id=156744719052&username=generationalsales&filter=feedback_page%3ARECEIVED_AS_SELLER&sort=RELEVANCE,156744719052
,302712708846
,382463810779
,292604405977
,166336115784
,292543461567
,383453441356
,292512994263
,302700029205
https://www.ebay.com/fdbk/mweb_profile?fdbkType=FeedbackReceivedAsSeller&item_id=156721583294&username=generationalsales&filter=feedback_page%3ARECEIVED_AS_SELLER&sort=RELEVANCE,156721583294
https://www.ebay.com/fdbk/mweb_profile?fdbkType=FeedbackReceivedAsSeller&item_id=156673468574&username=generationalsales&filter=feedback_page%3ARECEIVED_AS_SELLER&sort=RELEVANCE,156673468574
,235791691793
https://www.ebay.com/fdbk/mweb_profile?fdbkType=FeedbackReceivedAsSeller&item_id=156701235032&username=generationalsales&filter=feedback_page%3ARECEIVED_AS_SELLER&sort=RELEVANCE,156701235032
https://www.ebay.com/fdbk/mweb_profile?fdbkType=FeedbackReceivedAsSeller&item_id=335837488637&username=lauriehon&filter=feedback_page%3ARECEIVED_AS_SELLER&sort=RELEVANCE,335837488637
,302683117556
https://www.ebay.com/fdbk/mweb_profile?fdbkType=FeedbackReceivedAsSeller&item_id=167340515005&username=madd--maxx&filter=feedback_page%3ARECEIVED_AS_SELLER&sort=RELEVANCE,167340515005
https://www.ebay.com/fdbk/mweb_profile?fdbkType=FeedbackReceivedAsSeller&item_id=126787686559&username=freitas6840&filter=feedback_page%3ARECEIVED_AS_SELLER&sort=RELEVANCE,126787686559
,303079167511
https://www.ebay.com/fdbk/mweb_profile?fdbkType=FeedbackReceivedAsSeller&item_id=276907096305&username=lauriehon&filter=feedback_page%3ARECEIVED_AS_SELLER&sort=RELEVANCE,276907096305
,264173185529
,334966796003
,396257468680
https://www.ebay.com/fdbk/mweb_profile?fdbkType=FeedbackReceivedAsSeller&item_id=126826494898&username=mhmha.lv5gu6&filter=feedback_page%3ARECEIVED_AS_SELLER&sort=RELEVANCE,126826494898
,186614775876
https://www.ebay.com/fdbk/mweb_profile?fdbkType=FeedbackReceivedAsSeller&item_id=276907263234&username=lauriehon&filter=feedback_page%3ARECEIVED_AS_SELLER&sort=RELEVANCE,276907263234
https://www.ebay.com/fdbk/mweb_profile?fdbkType=FeedbackReceivedAsSeller&item_id=156730085053&username=generationalsales&filter=feedback_page%3ARECEIVED_AS_SELLER&sort=RELEVANCE,156730085053
https://www.ebay.com/fdbk/mweb_profile?fdbkType=FeedbackReceivedAsSeller&item_id=375237874282&username=vfscientific&filter=feedback_page%3ARECEIVED_AS_SELLER&sort=RELEVANCE,375237874282
https://www.ebay.com/fdbk/mweb_profile?fdbkType=FeedbackReceivedAsSeller&item_id=374514530290&username=vfscientific&filter=feedback_page%3ARECEIVED_AS_SELLER&sort=RELEVANCE,374514530290
https://www.ebay.com/fdbk/mweb_profile?fdbkType=FeedbackReceivedAsSeller&item_id=395795129412&username=hw33-21&filter=feedback_page%3ARECEIVED_AS_SELLER&sort=RELEVANCE,395795129412
https://www.ebay.com/fdbk/mweb_profile?fdbkType=FeedbackReceivedAsSeller&item_id=126423938297&username=ksurplus&filter=feedback_page%3ARECEIVED_AS_SELLER&sort=RELEVANCE,126423938297
https://www.ebay.com/fdbk/mweb_profile?fdbkType=FeedbackReceivedAsSeller&item_id=235737206313&username=vfscientific&filter=feedback_page%3ARECEIVED_AS_SELLER&sort=RELEVANCE,235737206313
https://www.ebay.com/fdbk/mweb_profile?fdbkType=FeedbackReceivedAsSeller&item_id=256822927110&username=reflection64&filter=feedback_page%3ARECEIVED_AS_SELLER&sort=RELEVANCE,256822927110
https://www.ebay.com/fdbk/mweb_profile?fdbkType=FeedbackReceivedAsSeller&item_id=186953390142&username=louros93&filter=feedback_page%3ARECEIVED_AS_SELLER&sort=RELEVANCE,186953390142
https://www.ebay.com/fdbk/mweb_profile?fdbkType=FeedbackReceivedAsSeller&item_id=234897622442&username=vfscientific&filter=feedback_page%3ARECEIVED_AS_SELLER&sort=RELEVANCE,234897622442
https://www.ebay.com/fdbk/mweb_profile?fdbkType=FeedbackReceivedAsSeller&item_id=356618151745&username=hitra_4973&filter=feedback_page%3ARECEIVED_AS_SELLER&sort=RELEVANCE,356618151745
https://www.ebay.com/fdbk/mweb_profile?fdbkType=FeedbackReceivedAsSeller&item_id=235904256237&username=vitalij6131&filter=feedback_page%3ARECEIVED_AS_SELLER&sort=RELEVANCE,235904256237
https://www.ebay.com/fdbk/mweb_profile?fdbkType=FeedbackReceivedAsSeller&item_id=135427133647&username=anafinds0587&filter=feedback_page%3ARECEIVED_AS_SELLER&sort=RELEVANCE,135427133647
https://www.ebay.com/fdbk/mweb_profile?fdbkType=FeedbackReceivedAsSeller&item_id=405557138738&username=lily_grace&filter=feedback_page%3ARECEIVED_AS_SELLER&sort=RELEVANCE,405557138738
https://www.ebay.com/fdbk/mweb_profile?fdbkType=FeedbackReceivedAsSeller&item_id=387856681804&username=alexdubois1&filter=feedback_page%3ARECEIVED_AS_SELLER&sort=RELEVANCE,387856681804
,405505517030
https://www.ebay.com/fdbk/mweb_profile?fdbkType=FeedbackReceivedAsSeller&item_id=375243223809&username=vfscientific&filter=feedback_page%3ARECEIVED_AS_SELLER&sort=RELEVANCE,375243223809
,315338351300
https://www.ebay.com/fdbk/mweb_profile?fdbkType=FeedbackReceivedAsSeller&item_id=256770482771&username=best4industrie&filter=feedback_page%3ARECEIVED_AS_SELLER&sort=RELEVANCE,256770482771
https://www.ebay.com/fdbk/mweb_profile?fdbkType=FeedbackReceivedAsSeller&item_id=135563772729&username=theautopaintdepot2&filter=feedback_page%3ARECEIVED_AS_SELLER&sort=RELEVANCE,135563772729
https://www.ebay.com/fdbk/mweb_profile?fdbkType=FeedbackReceivedAsSeller&item_id=156263423278&username=24hoursshopping&filter=feedback_page%3ARECEIVED_AS_SELLER&sort=RELEVANCE,156263423278
https://www.ebay.com/fdbk/mweb_profile?fdbkType=FeedbackReceivedAsSeller&item_id=235826689796&username=vfscientific&filter=feedback_page%3ARECEIVED_AS_SELLER&sort=RELEVANCE,235826689796
,235537338290
https://www.ebay.com/fdbk/mweb_profile?fdbkType=FeedbackReceivedAsSeller&item_id=234961990671&username=vfscientific&filter=feedback_page%3ARECEIVED_AS_SELLER&sort=RELEVANCE,234961990671
https://www.ebay.com/fdbk/mweb_profile?fdbkType=FeedbackReceivedAsSeller&item_id=273383339389&username=lauriehon&filter=feedback_page%3ARECEIVED_AS_SELLER&sort=RELEVANCE,273383339389
https://www.ebay.com/fdbk/mweb_profile?fdbkType=FeedbackReceivedAsSeller&item_id=256271074712&username=dentispal&filter=feedback_page%3ARECEIVED_AS_SELLER&sort=RELEVANCE,256271074712
https://www.ebay.com/fdbk/mweb_profile?fdbkType=FeedbackReceivedAsSeller&item_id=175356971885&username=marketing.overdrive&filter=feedback_page%3ARECEIVED_AS_SELLER&sort=RELEVANCE,175356971885
https://www.ebay.com/fdbk/mweb_profile?fdbkType=FeedbackReceivedAsSeller&item_id=205141746504&username=bwebb99&filter=feedback_page%3ARECEIVED_AS_SELLER&sort=RELEVANCE,205141746504
https://www.ebay.com/fdbk/mweb_profile?fdbkType=FeedbackReceivedAsSeller&item_id=186985621433&username=incomecreator&filter=feedback_page%3ARECEIVED_AS_SELLER&sort=RELEVANCE,186985621433
,326181677129
https://www.ebay.com/fdbk/mweb_profile?fdbkType=FeedbackReceivedAsSeller&item_id=375767053686&username=tawesri66&filter=feedback_page%3ARECEIVED_AS_SELLER&sort=RELEVANCE,375767053686
https://www.ebay.com/fdbk/mweb_profile?fdbkType=FeedbackReceivedAsSeller&item_id=375628598929&username=vfscientific&filter=feedback_page%3ARECEIVED_AS_SELLER&sort=RELEVANCE,375628598929
https://www.ebay.com/fdbk/mweb_profile?fdbkType=FeedbackReceivedAsSeller&item_id=235895703410&username=vitalij6131&filter=feedback_page%3ARECEIVED_AS_SELLER&sort=RELEVANCE,235895703410
https://www.ebay.com/fdbk/mweb_profile?fdbkType=FeedbackReceivedAsSeller&item_id=235869381186&username=gleskripniko_01&filter=feedback_page%3ARECEIVED_AS_SELLER&sort=RELEVANCE,235869381186
https://www.ebay.com/fdbk/mweb_profile?fdbkType=FeedbackReceivedAsSeller&item_id=256803185788&username=viki201&filter=feedback_page%3ARECEIVED_AS_SELLER&sort=RELEVANCE,256803185788
https://www.ebay.com/fdbk/mweb_profile?fdbkType=FeedbackReceivedAsSeller&item_id=226524199006&username=kagree11&filter=feedback_page%3ARECEIVED_AS_SELLER&sort=RELEVANCE,226524199006
,316184022290
,316339320751
,316184034943
,316184033231
,235423358111
,387398712067
,192974399611
,364523620622
https://www.ebay.com/fdbk/mweb_profile?fdbkType=FeedbackReceivedAsSeller&item_id=256768210063&username=haqsan_llc&filter=feedback_page%3ARECEIVED_AS_SELLER&sort=RELEVANCE,256768210063
https://www.ebay.com/fdbk/mweb_profile?fdbkType=FeedbackReceivedAsSeller&item_id=266951105772&username=robi.tanse&filter=feedback_page%3ARECEIVED_AS_SELLER&sort=RELEVANCE,266951105772
,316338723025
,316338730982
,316185676224
,316338741051
https://www.ebay.com/fdbk/mweb_profile?fdbkType=FeedbackReceivedAsSeller&item_id=355561299656&username=quality_king_hub&filter=feedback_page%3ARECEIVED_AS_SELLER&sort=RELEVANCE,355561299656
https://www.ebay.com/fdbk/mweb_profile?fdbkType=FeedbackReceivedAsSeller&item_id=187000713897&username=officedepot&filter=feedback_page%3ARECEIVED_AS_SELLER&sort=RELEVANCE,187000713897
,386000792812
https://www.ebay.com/fdbk/mweb_profile?fdbkType=FeedbackReceivedAsSeller&item_id=395540705957&username=laslov-0&filter=feedback_page%3ARECEIVED_AS_SELLER&sort=RELEVANCE,395540705957
,126337875482
https://www.ebay.com/fdbk/mweb_profile?fdbkType=FeedbackReceivedAsSeller&item_id=256492849590&username=1billz&filter=feedback_page%3ARECEIVED_AS_SELLER&sort=RELEVANCE,256492849590
https://www.ebay.com/fdbk/mweb_profile?fdbkType=FeedbackReceivedAsSeller&item_id=267090735679&username=xovo1894&filter=feedback_page%3ARECEIVED_AS_SELLER&sort=RELEVANCE,267090735679
https://www.ebay.com/fdbk/mweb_profile?fdbkType=FeedbackReceivedAsSeller&item_id=235580600984&username=turntwosales&filter=feedback_page%3ARECEIVED_AS_SELLER&sort=RELEVANCE,235580600984
,186835332546
https://www.ebay.com/fdbk/mweb_profile?fdbkType=FeedbackReceivedAsSeller&item_id=256448004553&username=baddestlight-8&filter=feedback_page%3ARECEIVED_AS_SELLER&sort=RELEVANCE,256448004553
,126392723568
,316184047979
,316184046062
,316243671336
,316338741019
https://www.ebay.com/fdbk/mweb_profile?fdbkType=FeedbackReceivedAsSeller&item_id=115628808300&username=prosecretshopper_123&filter=feedback_page%3ARECEIVED_AS_SELLER&sort=RELEVANCE,115628808300
https://www.ebay.com/fdbk/mweb_profile?fdbkType=FeedbackReceivedAsSeller&item_id=126675543803&username=prosecretshopper_123&filter=feedback_page%3ARECEIVED_AS_SELLER&sort=RELEVANCE,126675543803
https://www.ebay.com/fdbk/mweb_profile?fdbkType=FeedbackReceivedAsSeller&item_id=153451299184&username=patchpeddler&filter=feedback_page%3ARECEIVED_AS_SELLER&sort=RELEVANCE,153451299184
https://www.ebay.com/fdbk/mweb_profile?fdbkType=FeedbackReceivedAsSeller&item_id=125649162086&username=prosecretshopper_123&filter=feedback_page%3ARECEIVED_AS_SELLER&sort=RELEVANCE,125649162086
,364405930669
https://www.ebay.com/fdbk/mweb_profile?fdbkType=FeedbackReceivedAsSeller&item_id=115508927639&username=prosecretshopper_123&filter=feedback_page%3ARECEIVED_AS_SELLER&sort=RELEVANCE,115508927639
,316339320491
,316200571597
https://www.ebay.com/fdbk/mweb_profile?fdbkType=FeedbackReceivedAsSeller&item_id=276271238026&username=stitchnspin&filter=feedback_page%3ARECEIVED_AS_SELLER&sort=RELEVANCE,276271238026
https://www.ebay.com/fdbk/mweb_profile?fdbkType=FeedbackReceivedAsSeller&item_id=153429630071&username=patchpeddler&filter=feedback_page%3ARECEIVED_AS_SELLER&sort=RELEVANCE,153429630071
https://www.ebay.com/fdbk/mweb_profile?fdbkType=FeedbackReceivedAsSeller&item_id=296171334625&username=sunyhouse&filter=feedback_page%3ARECEIVED_AS_SELLER&sort=RELEVANCE,296171334625
https://www.ebay.com/fdbk/mweb_profile?fdbkType=FeedbackReceivedAsSeller&item_id=134300018838&username=moneywithnira&filter=feedback_page%3ARECEIVED_AS_SELLER&sort=RELEVANCE,134300018838
https://www.ebay.com/fdbk/mweb_profile?fdbkType=FeedbackReceivedAsSeller&item_id=256809724068&username=babyboomerresellers&filter=feedback_page%3ARECEIVED_AS_SELLER&sort=RELEVANCE,256809724068
https://www.ebay.com/fdbk/mweb_profile?fdbkType=FeedbackReceivedAsSeller&item_id=115508893019&username=prosecretshopper_123&filter=feedback_page%3ARECEIVED_AS_SELLER&sort=RELEVANCE,115508893019
,356168822189
https://www.ebay.com/fdbk/mweb_profile?fdbkType=FeedbackReceivedAsSeller&item_id=276840615143&username=stitchnspin&filter=feedback_page%3ARECEIVED_AS_SELLER&sort=RELEVANCE,276840615143
https://www.ebay.com/fdbk/mweb_profile?fdbkType=FeedbackReceivedAsSeller&item_id=285568869302&username=moncha_37&filter=feedback_page%3ARECEIVED_AS_SELLER&sort=RELEVANCE,285568869302
,386476315001
https://www.ebay.com/fdbk/mweb_profile?fdbkType=FeedbackReceivedAsSeller&item_id=296577055084&username=jangin22&filter=feedback_page%3ARECEIVED_AS_SELLER&sort=RELEVANCE,296577055084
https://www.ebay.com/fdbk/mweb_profile?fdbkType=FeedbackReceivedAsSeller&item_id=285992115314&username=sdhick&filter=feedback_page%3ARECEIVED_AS_SELLER&sort=RELEVANCE,285992115314
https://www.ebay.com/fdbk/mweb_profile?fdbkType=FeedbackReceivedAsSeller&item_id=115640740481&username=prosecretshopper_123&filter=feedback_page%3ARECEIVED_AS_SELLER&sort=RELEVANCE,115640740481
https://www.ebay.com/fdbk/mweb_profile?fdbkType=FeedbackReceivedAsSeller&item_id=115508890955&username=prosecretshopper_123&filter=feedback_page%3ARECEIVED_AS_SELLER&sort=RELEVANCE,115508890955
https://www.ebay.com/fdbk/mweb_profile?fdbkType=FeedbackReceivedAsSeller&item_id=276904155110&username=michellebgee&filter=feedback_page%3ARECEIVED_AS_SELLER&sort=RELEVANCE,276904155110
https://www.ebay.com/fdbk/mweb_profile?fdbkType=FeedbackReceivedAsSeller&item_id=395966900400&username=hollyshobbyshop&filter=feedback_page%3ARECEIVED_AS_SELLER&sort=RELEVANCE,395966900400
https://www.ebay.com/fdbk/mweb_profile?fdbkType=FeedbackReceivedAsSeller&item_id=235518786538&username=memcmu-66&filter=feedback_page%3ARECEIVED_AS_SELLER&sort=RELEVANCE,235518786538
,387053847499
,316184041374
https://www.ebay.com/fdbk/mweb_profile?fdbkType=FeedbackReceivedAsSeller&item_id=256644041350&username=xandri.vax&filter=feedback_page%3ARECEIVED_AS_SELLER&sort=RELEVANCE,256644041350
https://www.ebay.com/fdbk/mweb_profile?fdbkType=FeedbackReceivedAsSeller&item_id=226408834712&username=mandmcares&filter=feedback_page%3ARECEIVED_AS_SELLER&sort=RELEVANCE,226408834712
https://www.ebay.com/fdbk/mweb_profile?fdbkType=FeedbackReceivedAsSeller&item_id=305965856490&username=world*shop18&filter=feedback_page%3ARECEIVED_AS_SELLER&sort=RELEVANCE,305965856490
,193324432238
,223495449883
https://www.ebay.com/fdbk/mweb_profile?fdbkType=FeedbackReceivedAsSeller&item_id=316328384924&username=t-shirtdoctor&filter=feedback_page%3ARECEIVED_AS_SELLER&sort=RELEVANCE,316328384924
,196255976638
,193716172831
,185493018454
,204039912254
,185725668903
https://www.ebay.com/fdbk/mweb_profile?fdbkType=FeedbackReceivedAsSeller&item_id=315958963367&username=t-shirtdoctor&filter=feedback_page%3ARECEIVED_AS_SELLER&sort=RELEVANCE,315958963367
,405348603388
https://www.ebay.com/fdbk/mweb_profile?fdbkType=FeedbackReceivedAsSeller&item_id=205215543604&username=divine2022&filter=feedback_page%3ARECEIVED_AS_SELLER&sort=RELEVANCE,205215543604
https://www.ebay.com/fdbk/mweb_profile?fdbkType=FeedbackReceivedAsSeller&item_id=116172770531&username=shirtlover901&filter=feedback_page%3ARECEIVED_AS_SELLER&sort=RELEVANCE,116172770531
,223498457315
,375976142121
,175350174876
,253531066697
,134251613863
,312995129277
,312963557827
,365080112989
,193325666643
,254272994279
,185504719565
,193382668134
https://www.ebay.com/fdbk/mweb_profile?fdbkType=FeedbackReceivedAsSeller&item_id=316087048412&username=t-shirtdoctor&filter=feedback_page%3ARECEIVED_AS_SELLER&sort=RELEVANCE,316087048412
,375954045987
,176512097799
https://www.ebay.com/fdbk/mweb_profile?fdbkType=FeedbackReceivedAsSeller&item_id=226433870186&username=kedy_6305&filter=feedback_page%3ARECEIVED_AS_SELLER&sort=RELEVANCE,226433870186
,204832714119
https://www.ebay.com/fdbk/mweb_profile?fdbkType=FeedbackReceivedAsSeller&item_id=387942059317&username=star0714&filter=feedback_page%3ARECEIVED_AS_SELLER&sort=RELEVANCE,387942059317
,185688889369
,141876049680
,372579084383
,205202701465
https://www.ebay.com/fdbk/mweb_profile?fdbkType=FeedbackReceivedAsSeller&item_id=375961182195&username=trenzshirts&filter=feedback_page%3ARECEIVED_AS_SELLER&sort=RELEVANCE,375961182195
,312710231141
,314440514270
https://www.ebay.com/fdbk/mweb_profile?fdbkType=FeedbackReceivedAsSeller&item_id=306084055448&username=mumustore0&filter=feedback_page%3ARECEIVED_AS_SELLER&sort=RELEVANCE,306084055448
,375988640183
,204035260937
,132525683959
,175310519459
https://www.ebay.com/fdbk/mweb_profile?fdbkType=FeedbackReceivedAsSeller&item_id=315144182199&username=t-shirtdoctor&filter=feedback_page%3ARECEIVED_AS_SELLER&sort=RELEVANCE,315144182199
,123150781144
,387865952544
,314664256008
,375988640442
https://www.ebay.com/fdbk/mweb_profile?fdbkType=FeedbackReceivedAsSeller&item_id=203649902277&username=tampaprinting&filter=feedback_page%3ARECEIVED_AS_SELLER&sort=RELEVANCE,203649902277
,375945227323
https://www.ebay.com/fdbk/mweb_profile?fdbkType=FeedbackReceivedAsSeller&item_id=167346973236&username=natashsim0&filter=feedback_page%3ARECEIVED_AS_SELLER&sort=RELEVANCE,167346973236
,145816569602
,133444667945
https://www.ebay.com/fdbk/mweb_profile?fdbkType=FeedbackReceivedAsSeller&item_id=388014355922&username=jojothe44&filter=feedback_page%3ARECEIVED_AS_SELLER&sort=RELEVANCE,388014355922
,196762297044
,193324458448
,223490490690
,225199211545
https://www.ebay.com/fdbk/mweb_profile?fdbkType=FeedbackReceivedAsSeller&item_id=156383799501&username=afflictio-4&filter=feedback_page%3ARECEIVED_AS_SELLER&sort=RELEVANCE,156383799501
,355899696653
https://www.ebay.com/fdbk/mweb_profile?fdbkType=FeedbackReceivedAsSeller&item_id=131657370189&username=floridalabs&filter=feedback_page%3ARECEIVED_AS_SELLER&sort=RELEVANCE,131657370189
,145795462931
,322382352646
https://www.ebay.com/fdbk/mweb_profile?fdbkType=FeedbackReceivedAsSeller&item_id=405383353383&username=valuevil_50&filter=feedback_page%3ARECEIVED_AS_SELLER&sort=RELEVANCE,405383353383
,322400362901
https://www.ebay.com/fdbk/mweb_profile?fdbkType=FeedbackReceivedAsSeller&item_id=163289752977&username=ladyfletch&filter=feedback_page%3ARECEIVED_AS_SELLER&sort=RELEVANCE,163289752977
https://www.ebay.com/fdbk/mweb_profile?fdbkType=FeedbackReceivedAsSeller&item_id=156580877048&username=popo576&filter=feedback_page%3ARECEIVED_AS_SELLER&sort=RELEVANCE,156580877048
https://www.ebay.com/fdbk/mweb_profile?fdbkType=FeedbackReceivedAsSeller&item_id=135573610713&username=9phillies&filter=feedback_page%3ARECEIVED_AS_SELLER&sort=RELEVANCE,135573610713
https://www.ebay.com/fdbk/mweb_profile?fdbkType=FeedbackReceivedAsSeller&item_id=133443646223&username=9phillies&filter=feedback_page%3ARECEIVED_AS_SELLER&sort=RELEVANCE,133443646223
https://www.ebay.com/fdbk/mweb_profile?fdbkType=FeedbackReceivedAsSeller&item_id=135392581406&username=9phillies&filter=feedback_page%3ARECEIVED_AS_SELLER&sort=RELEVANCE,135392581406
,263505214248
,140606565403
https://www.ebay.com/fdbk/mweb_profile?fdbkType=FeedbackReceivedAsSeller&item_id=405583382759&username=fantasticdealsarehere&filter=feedback_page%3ARECEIVED_AS_SELLER&sort=RELEVANCE,405583382759
https://www.ebay.com/fdbk/mweb_profile?fdbkType=FeedbackReceivedAsSeller&item_id=405583383288&username=fantasticdealsarehere&filter=feedback_page%3ARECEIVED_AS_SELLER&sort=RELEVANCE,405583383288
https://www.ebay.com/fdbk/mweb_profile?fdbkType=FeedbackReceivedAsSeller&item_id=405583383393&username=fantasticdealsarehere&filter=feedback_page%3ARECEIVED_AS_SELLER&sort=RELEVANCE,405583383393
https://www.ebay.com/fdbk/mweb_profile?fdbkType=FeedbackReceivedAsSeller&item_id=405583383244&username=fantasticdealsarehere&filter=feedback_page%3ARECEIVED_AS_SELLER&sort=RELEVANCE,405583383244
https://www.ebay.com/fdbk/mweb_profile?fdbkType=FeedbackReceivedAsSeller&item_id=405583382781&username=fantasticdealsarehere&filter=feedback_page%3ARECEIVED_AS_SELLER&sort=RELEVANCE,405583382781
https://www.ebay.com/fdbk/mweb_profile?fdbkType=FeedbackReceivedAsSeller&item_id=405583383331&username=fantasticdealsarehere&filter=feedback_page%3ARECEIVED_AS_SELLER&sort=RELEVANCE,405583383331
,173428170181
,196238404803
https://www.ebay.com/fdbk/mweb_profile?fdbkType=FeedbackReceivedAsSeller&item_id=306075430784&username=supergrow-lasers&filter=feedback_page%3ARECEIVED_AS_SELLER&sort=RELEVANCE,306075430784
https://www.ebay.com/fdbk/mweb_profile?fdbkType=FeedbackReceivedAsSeller&item_id=396260629652&username=tacscollectibles&filter=feedback_page%3ARECEIVED_AS_SELLER&sort=RELEVANCE,396260629652
https://www.ebay.com/fdbk/mweb_profile?fdbkType=FeedbackReceivedAsSeller&item_id=266956671341&username=oliviabrookeandco-3&filter=feedback_page%3ARECEIVED_AS_SELLER&sort=RELEVANCE,266956671341
,194487034836
,176644734344
https://www.ebay.com/fdbk/mweb_profile?fdbkType=FeedbackReceivedAsSeller&item_id=365398704700&username=fatbar_42&filter=feedback_page%3ARECEIVED_AS_SELLER&sort=RELEVANCE,365398704700
https://www.ebay.com/fdbk/mweb_profile?fdbkType=FeedbackReceivedAsSeller&item_id=116495161592&username=mygigioutlet&filter=feedback_page%3ARECEIVED_AS_SELLER&sort=RELEVANCE,116495161592
https://www.ebay.com/fdbk/mweb_profile?fdbkType=FeedbackReceivedAsSeller&item_id=396118384922&username=betterworldbookswest&filter=feedback_page%3ARECEIVED_AS_SELLER&sort=RELEVANCE,396118384922
https://www.ebay.com/fdbk/mweb_profile?fdbkType=FeedbackReceivedAsSeller&item_id=396197376566&username=shop_glix&filter=feedback_page%3ARECEIVED_AS_SELLER&sort=RELEVANCE,396197376566
https://www.ebay.com/fdbk/mweb_profile?fdbkType=FeedbackReceivedAsSeller&item_id=356494505361&username=service_first_media&filter=feedback_page%3ARECEIVED_AS_SELLER&sort=RELEVANCE,356494505361
https://www.ebay.com/fdbk/mweb_profile?fdbkType=FeedbackReceivedAsSeller&item_id=126947598300&username=heinzresale&filter=feedback_page%3ARECEIVED_AS_SELLER&sort=RELEVANCE,126947598300
https://www.ebay.com/fdbk/mweb_profile?fdbkType=FeedbackReceivedAsSeller&item_id=116458667098&username=posh_point_of_sale_headquarters&filter=feedback_page%3ARECEIVED_AS_SELLER&sort=RELEVANCE,116458667098
https://www.ebay.com/fdbk/mweb_profile?fdbkType=FeedbackReceivedAsSeller&item_id=387891709214&username=oemglass4mirrors_24&filter=feedback_page%3ARECEIVED_AS_SELLER&sort=RELEVANCE,387891709214
,291619341606
https://www.ebay.com/fdbk/mweb_profile?fdbkType=FeedbackReceivedAsSeller&item_id=146294708631&username=claritychemicalcorporation&filter=feedback_page%3ARECEIVED_AS_SELLER&sort=RELEVANCE,146294708631
,363380803499
,316320256125
https://www.ebay.com/fdbk/mweb_profile?fdbkType=FeedbackReceivedAsSeller&item_id=196210568191&username=kimk0326&filter=feedback_page%3ARECEIVED_AS_SELLER&sort=RELEVANCE,196210568191
,286304130452
,266381926316
https://www.ebay.com/fdbk/mweb_profile?fdbkType=FeedbackReceivedAsSeller&item_id=146408511341&username=tkbsales&filter=feedback_page%3ARECEIVED_AS_SELLER&sort=RELEVANCE,146408511341
https://www.ebay.com/fdbk/mweb_profile?fdbkType=FeedbackReceivedAsSeller&item_id=197061988070&username=thrift.books&filter=feedback_page%3ARECEIVED_AS_SELLER&sort=RELEVANCE,197061988070
,221145081334
https://www.ebay.com/fdbk/mweb_profile?fdbkType=FeedbackReceivedAsSeller&item_id=286358955548&username=pinkham_enterprise&filter=feedback_page%3ARECEIVED_AS_SELLER&sort=RELEVANCE,286358955548
https://www.ebay.com/fdbk/mweb_profile?fdbkType=FeedbackReceivedAsSeller&item_id=387998953556&username=dixonscider&filter=feedback_page%3ARECEIVED_AS_SELLER&sort=RELEVANCE,387998953556
,116404503436
https://www.ebay.com/fdbk/mweb_profile?fdbkType=FeedbackReceivedAsSeller&item_id=276906204257&username=blountcofriendsoflibrary&filter=feedback_page%3ARECEIVED_AS_SELLER&sort=RELEVANCE,276906204257
https://www.ebay.com/fdbk/mweb_profile?fdbkType=FeedbackReceivedAsSeller&item_id=396218583186&username=cousinsalscards&filter=feedback_page%3ARECEIVED_AS_SELLER&sort=RELEVANCE,396218583186
,176667186992
https://www.ebay.com/fdbk/mweb_profile?fdbkType=FeedbackReceivedAsSeller&item_id=276802483884&username=roitberg86&filter=feedback_page%3ARECEIVED_AS_SELLER&sort=RELEVANCE,276802483884
https://www.ebay.com/fdbk/mweb_profile?fdbkType=FeedbackReceivedAsSeller&item_id=387939447887&username=instacardboard&filter=feedback_page%3ARECEIVED_AS_SELLER&sort=RELEVANCE,387939447887
https://www.ebay.com/fdbk/mweb_profile?fdbkType=FeedbackReceivedAsSeller&item_id=276899168080&username=second.sale&filter=feedback_page%3ARECEIVED_AS_SELLER&sort=RELEVANCE,276899168080
,276635261808
,185259180091
https://www.ebay.com/fdbk/mweb_profile?fdbkType=FeedbackReceivedAsSeller&item_id=167342420254&username=misfit%24&filter=feedback_page%3ARECEIVED_AS_SELLER&sort=RELEVANCE,167342420254
,403447430775
https://www.ebay.com/fdbk/mweb_profile?fdbkType=FeedbackReceivedAsSeller&item_id=146398150900&username=varietydealsny&filter=feedback_page%3ARECEIVED_AS_SELLER&sort=RELEVANCE,146398150900
,302791584953
https://www.ebay.com/fdbk/mweb_profile?fdbkType=FeedbackReceivedAsSeller&item_id=387876187877&username=oemglass4mirrors_24&filter=feedback_page%3ARECEIVED_AS_SELLER&sort=RELEVANCE,387876187877
https://www.ebay.com/fdbk/mweb_profile?fdbkType=FeedbackReceivedAsSeller&item_id=197065916125&username=lipor7052&filter=feedback_page%3ARECEIVED_AS_SELLER&sort=RELEVANCE,197065916125
https://www.ebay.com/fdbk/mweb_profile?fdbkType=FeedbackReceivedAsSeller&item_id=176223745898&username=smitty-man&filter=feedback_page%3ARECEIVED_AS_SELLER&sort=RELEVANCE,176223745898
https://www.ebay.com/fdbk/mweb_profile?fdbkType=FeedbackReceivedAsSeller&item_id=116387566695&username=crystalvelvetcouture&filter=feedback_page%3ARECEIVED_AS_SELLER&sort=RELEVANCE,116387566695
https://www.ebay.com/fdbk/mweb_profile?fdbkType=FeedbackReceivedAsSeller&item_id=286369708392&username=blountcofriendsoflibrary&filter=feedback_page%3ARECEIVED_AS_SELLER&sort=RELEVANCE,286369708392
https://www.ebay.com/fdbk/mweb_profile?fdbkType=FeedbackReceivedAsSeller&item_id=387590482445&username=bargainbookstores&filter=feedback_page%3ARECEIVED_AS_SELLER&sort=RELEVANCE,387590482445
https://www.ebay.com/fdbk/mweb_profile?fdbkType=FeedbackReceivedAsSeller&item_id=326392034334&username=donnaskings08&filter=feedback_page%3ARECEIVED_AS_SELLER&sort=RELEVANCE,326392034334
https://www.ebay.com/fdbk/mweb_profile?fdbkType=FeedbackReceivedAsSeller&item_id=186971822682&username=beautybox_101&filter=feedback_page%3ARECEIVED_AS_SELLER&sort=RELEVANCE,186971822682
https://www.ebay.com/fdbk/mweb_profile?fdbkType=FeedbackReceivedAsSeller&item_id=146182119259&username=thrift.books&filter=feedback_page%3ARECEIVED_AS_SELLER&sort=RELEVANCE,146182119259
,335826981700
https://www.ebay.com/fdbk/mweb_profile?fdbkType=FeedbackReceivedAsSeller&item_id=226599466051&username=ash_201&filter=feedback_page%3ARECEIVED_AS_SELLER&sort=RELEVANCE,226599466051
,184093229381
,256383211878
,404986244161
,196987130526
https://www.ebay.com/fdbk/mweb_profile?fdbkType=FeedbackReceivedAsSeller&item_id=387994913372&username=step*right*up&filter=feedback_page%3ARECEIVED_AS_SELLER&sort=RELEVANCE,387994913372
,326443167734
,154686679865
https://www.ebay.com/fdbk/mweb_profile?fdbkType=FeedbackReceivedAsSeller&item_id=405544995097&username=south_trade&filter=feedback_page%3ARECEIVED_AS_SELLER&sort=RELEVANCE,405544995097
https://www.ebay.com/fdbk/mweb_profile?fdbkType=FeedbackReceivedAsSeller&item_id=356072371278&username=318qualityparts&filter=feedback_page%3ARECEIVED_AS_SELLER&sort=RELEVANCE,356072371278
,324735493683
,326456455646
https://www.ebay.com/fdbk/mweb_profile?fdbkType=FeedbackReceivedAsSeller&item_id=326195920392&username=cocosprinkles&filter=feedback_page%3ARECEIVED_AS_SELLER&sort=RELEVANCE,326195920392
https://www.ebay.com/fdbk/mweb_profile?fdbkType=FeedbackReceivedAsSeller&item_id=326457986678&username=cocosprinkles&filter=feedback_page%3ARECEIVED_AS_SELLER&sort=RELEVANCE,326457986678
,325791276236
,185698601733
https://www.ebay.com/fdbk/mweb_profile?fdbkType=FeedbackReceivedAsSeller&item_id=187002800936&username=ocpcshq&filter=feedback_page%3ARECEIVED_AS_SELLER&sort=RELEVANCE,187002800936
,275432827701
,254462710891
,186680796452
,195547073395
,226348022590
,386936766515
https://www.ebay.com/fdbk/mweb_profile?fdbkType=FeedbackReceivedAsSeller&item_id=326440769160&username=cocosprinkles&filter=feedback_page%3ARECEIVED_AS_SELLER&sort=RELEVANCE,326440769160
https://www.ebay.com/fdbk/mweb_profile?fdbkType=FeedbackReceivedAsSeller&item_id=326461560216&username=cocosprinkles&filter=feedback_page%3ARECEIVED_AS_SELLER&sort=RELEVANCE,326461560216
,226236881455
,266745050689
,355095070816
,356339359651
,186577116952
,355896536737
,195662784122
,387578165479
,225936656368
,356235760918
,185735284265
,134845802705
,275427662747
,186589116873
,405502286144
https://www.ebay.com/fdbk/mweb_profile?fdbkType=FeedbackReceivedAsSeller&item_id=316054216542&username=shiyesan&filter=feedback_page%3ARECEIVED_AS_SELLER&sort=RELEVANCE,316054216542
,266631629380
,365358829085
,375928365565
https://www.ebay.com/fdbk/mweb_profile?fdbkType=FeedbackReceivedAsSeller&item_id=286371768990&username=grigamza0&filter=feedback_page%3ARECEIVED_AS_SELLER&sort=RELEVANCE,286371768990
,355896547023
,204733115528
,276523158982
,226415688103
https://www.ebay.com/fdbk/mweb_profile?fdbkType=FeedbackReceivedAsSeller&item_id=375704326364&username=dncl-techzone&filter=feedback_page%3ARECEIVED_AS_SELLER&sort=RELEVANCE,375704326364
,284909957435
https://www.ebay.com/fdbk/mweb_profile?fdbkType=FeedbackReceivedAsSeller&item_id=156744479973&username=discountcdtoolsdvd&filter=feedback_page%3ARECEIVED_AS_SELLER&sort=RELEVANCE,156744479973
,186312828253
,325852789181
,255889634697
,125654714303
,255865325274
,176805610914
https://www.ebay.com/fdbk/mweb_profile?fdbkType=FeedbackReceivedAsSeller&item_id=156695614270&username=411phonedude&filter=feedback_page%3ARECEIVED_AS_SELLER&sort=RELEVANCE,156695614270
,186893916693
,226402866617
,354954088639
,316207984021
https://www.ebay.com/fdbk/mweb_profile?fdbkType=FeedbackReceivedAsSeller&item_id=156745842645&username=411phonedude&filter=feedback_page%3ARECEIVED_AS_SELLER&sort=RELEVANCE,156745842645
https://www.ebay.com/fdbk/mweb_profile?fdbkType=FeedbackReceivedAsSeller&item_id=335818034805&username=angiesgreengosurplus&filter=feedback_page%3ARECEIVED_AS_SELLER&sort=RELEVANCE,335818034805
,276806870275
,224785456700
,156375281666
,286256037131
https://www.ebay.com/fdbk/mweb_profile?fdbkType=FeedbackReceivedAsSeller&item_id=186934074993&username=umidigi_it_001&filter=feedback_page%3ARECEIVED_AS_SELLER&sort=RELEVANCE,186934074993
,256566032456
https://www.ebay.com/fdbk/mweb_profile?fdbkType=FeedbackReceivedAsSeller&item_id=326398667707&username=cocosprinkles&filter=feedback_page%3ARECEIVED_AS_SELLER&sort=RELEVANCE,326398667707
https://www.ebay.com/fdbk/mweb_profile?fdbkType=FeedbackReceivedAsSeller&item_id=334847243917&username=cocosprinkles&filter=feedback_page%3ARECEIVED_AS_SELLER&sort=RELEVANCE,334847243917
,186853288230
https://www.ebay.com/fdbk/mweb_profile?fdbkType=FeedbackReceivedAsSeller&item_id=405566676609&username=nabe-2498&filter=feedback_page%3ARECEIVED_AS_SELLER&sort=RELEVANCE,405566676609
,156642887335
,156721370039
,156658686765
,156543511976
,156653585152
,284959012013
,176519222820
,156699500706
https://www.ebay.com/fdbk/mweb_profile?fdbkType=FeedbackReceivedAsSeller&item_id=405587102213&username=drama111&filter=feedback_page%3ARECEIVED_AS_SELLER&sort=RELEVANCE,405587102213
https://www.ebay.com/fdbk/mweb_profile?fdbkType=FeedbackReceivedAsSeller&item_id=405574900598&username=nabe-2498&filter=feedback_page%3ARECEIVED_AS_SELLER&sort=RELEVANCE,405574900598
https://www.ebay.com/fdbk/mweb_profile?fdbkType=FeedbackReceivedAsSeller&item_id=405557261678&username=nabe-2498&filter=feedback_page%3ARECEIVED_AS_SELLER&sort=RELEVANCE,405557261678
https://www.ebay.com/fdbk/mweb_profile?fdbkType=FeedbackReceivedAsSeller&item_id=405574865669&username=nabe-2498&filter=feedback_page%3ARECEIVED_AS_SELLER&sort=RELEVANCE,405574865669
,286306723074
https://www.ebay.com/fdbk/mweb_profile?fdbkType=FeedbackReceivedAsSeller&item_id=156742458403&username=adidas_official&filter=feedback_page%3ARECEIVED_AS_SELLER&sort=RELEVANCE,156742458403
,156720435911
,156475774764
,156697031550
,186893953172
,286060525507
,285506399001
,286245224904
,156694883695
,286151685219
,387811597828
https://www.ebay.com/fdbk/mweb_profile?fdbkType=FeedbackReceivedAsSeller&item_id=205275873486&username=trustedclothing1&filter=feedback_page%3ARECEIVED_AS_SELLER&sort=RELEVANCE,205275873486
https://www.ebay.com/fdbk/mweb_profile?fdbkType=FeedbackReceivedAsSeller&item_id=405557245358&username=nabe-2498&filter=feedback_page%3ARECEIVED_AS_SELLER&sort=RELEVANCE,405557245358
https://www.ebay.com/fdbk/mweb_profile?fdbkType=FeedbackReceivedAsSeller&item_id=405574824982&username=nabe-2498&filter=feedback_page%3ARECEIVED_AS_SELLER&sort=RELEVANCE,405574824982
https://www.ebay.com/fdbk/mweb_profile?fdbkType=FeedbackReceivedAsSeller&item_id=405574877521&username=nabe-2498&filter=feedback_page%3ARECEIVED_AS_SELLER&sort=RELEVANCE,405574877521
,305041180504
,134603886418
,326352751795
,195732379789
,276732561148
,387967141985
https://www.ebay.com/fdbk/mweb_profile?fdbkType=FeedbackReceivedAsSeller&item_id=405557245610&username=nabe-2498&filter=feedback_page%3ARECEIVED_AS_SELLER&sort=RELEVANCE,405557245610
https://www.ebay.com/fdbk/mweb_profile?fdbkType=FeedbackReceivedAsSeller&item_id=405557244923&username=nabe-2498&filter=feedback_page%3ARECEIVED_AS_SELLER&sort=RELEVANCE,405557244923
,405576483579
,275297288091
,404313698485
,365331005836
,156576977931
,405576493500
https://www.ebay.com/fdbk/mweb_profile?fdbkType=FeedbackReceivedAsSeller&item_id=205297467434&username=nurulfirzanah7&filter=feedback_page%3ARECEIVED_AS_SELLER&sort=RELEVANCE,205297467434
,286245225466
,286241951404
,295521901335
,135499734649
,276718582320
,175911468260
,284706188359
,315252796135
,286060525575
,284959005216
https://www.ebay.com/fdbk/mweb_profile?fdbkType=FeedbackReceivedAsSeller&item_id=186964834355&username=javcab43&filter=feedback_page%3ARECEIVED_AS_SELLER&sort=RELEVANCE,186964834355
https://www.ebay.com/fdbk/mweb_profile?fdbkType=FeedbackReceivedAsSeller&item_id=405560404409&username=nabe-2498&filter=feedback_page%3ARECEIVED_AS_SELLER&sort=RELEVANCE,405560404409
https://www.ebay.com/fdbk/mweb_profile?fdbkType=FeedbackReceivedAsSeller&item_id=405557265999&username=nabe-2498&filter=feedback_page%3ARECEIVED_AS_SELLER&sort=RELEVANCE,405557265999
https://www.ebay.com/fdbk/mweb_profile?fdbkType=FeedbackReceivedAsSeller&item_id=135546185877&username=thao-hai&filter=feedback_page%3ARECEIVED_AS_SELLER&sort=RELEVANCE,135546185877
,296805991039
https://www.ebay.com/fdbk/mweb_profile?fdbkType=FeedbackReceivedAsSeller&item_id=365351631476&username=shesobombllc21&filter=feedback_page%3ARECEIVED_AS_SELLER&sort=RELEVANCE,365351631476
,196800133846
,266901627470
,396109878462
,126799764594
,196839752349
,196504235351
,305911032067
,167055263782
,266926448868
,365431933889
https://www.ebay.com/fdbk/mweb_profile?fdbkType=FeedbackReceivedAsSeller&item_id=266538594014&username=nutcravingsinc&filter=feedback_page%3ARECEIVED_AS_SELLER&sort=RELEVANCE,266538594014
https://www.ebay.com/fdbk/mweb_profile?fdbkType=FeedbackReceivedAsSeller&item_id=145875337532&username=table5-direct&filter=feedback_page%3ARECEIVED_AS_SELLER&sort=RELEVANCE,145875337532
,365021142399
,315891075499
,316010766047
https://www.ebay.com/fdbk/mweb_profile?fdbkType=FeedbackReceivedAsSeller&item_id=167343550554&username=alcamp-3443&filter=feedback_page%3ARECEIVED_AS_SELLER&sort=RELEVANCE,167343550554
,326448772004
,405466193590
,355628567451
,197037392302
,176607419000
https://www.ebay.com/fdbk/mweb_profile?fdbkType=FeedbackReceivedAsSeller&item_id=305824625360&username=swiftinc&filter=feedback_page%3ARECEIVED_AS_SELLER&sort=RELEVANCE,305824625360
https://www.ebay.com/fdbk/mweb_profile?fdbkType=FeedbackReceivedAsSeller&item_id=316402199351&username=dgj_75&filter=feedback_page%3ARECEIVED_AS_SELLER&sort=RELEVANCE,316402199351
,266917679419
,285794125264
,375946168585
https://www.ebay.com/fdbk/mweb_profile?fdbkType=FeedbackReceivedAsSeller&item_id=396006279955&username=robust_ventures&filter=feedback_page%3ARECEIVED_AS_SELLER&sort=RELEVANCE,396006279955
,196309826108
https://www.ebay.com/fdbk/mweb_profile?fdbkType=FeedbackReceivedAsSeller&item_id=266073152166&username=nutcravingsinc&filter=feedback_page%3ARECEIVED_AS_SELLER&sort=RELEVANCE,266073152166
,196793740189
https://www.ebay.com/fdbk/mweb_profile?fdbkType=FeedbackReceivedAsSeller&item_id=286365781225&username=darsae-5&filter=feedback_page%3ARECEIVED_AS_SELLER&sort=RELEVANCE,286365781225
,395927107166
https://www.ebay.com/fdbk/mweb_profile?fdbkType=FeedbackReceivedAsSeller&item_id=387968903487&username=iullc786&filter=feedback_page%3ARECEIVED_AS_SELLER&sort=RELEVANCE,387968903487
,387999950134
,205291892365
https://www.ebay.com/fdbk/mweb_profile?fdbkType=FeedbackReceivedAsSeller&item_id=396135345122&username=robust_ventures&filter=feedback_page%3ARECEIVED_AS_SELLER&sort=RELEVANCE,396135345122
https://www.ebay.com/fdbk/mweb_profile?fdbkType=FeedbackReceivedAsSeller&item_id=267096395635&username=nutcravingsinc&filter=feedback_page%3ARECEIVED_AS_SELLER&sort=RELEVANCE,267096395635
https://www.ebay.com/fdbk/mweb_profile?fdbkType=FeedbackReceivedAsSeller&item_id=376008904629&username=luxiecoshop&filter=feedback_page%3ARECEIVED_AS_SELLER&sort=RELEVANCE,376008904629
https://www.ebay.com/fdbk/mweb_profile?fdbkType=FeedbackReceivedAsSeller&item_id=126943339852&username=prestigepul-0&filter=feedback_page%3ARECEIVED_AS_SELLER&sort=RELEVANCE,126943339852
,116469881606
https://www.ebay.com/fdbk/mweb_profile?fdbkType=FeedbackReceivedAsSeller&item_id=388008545723&username=elvin.store02&filter=feedback_page%3ARECEIVED_AS_SELLER&sort=RELEVANCE,388008545723
https://www.ebay.com/fdbk/mweb_profile?fdbkType=FeedbackReceivedAsSeller&item_id=376024824795&username=bestpick_marketplace&filter=feedback_page%3ARECEIVED_AS_SELLER&sort=RELEVANCE,376024824795
,126746919784
https://www.ebay.com/fdbk/mweb_profile?fdbkType=FeedbackReceivedAsSeller&item_id=316384350095&username=arallure&filter=feedback_page%3ARECEIVED_AS_SELLER&sort=RELEVANCE,316384350095
https://www.ebay.com/fdbk/mweb_profile?fdbkType=FeedbackReceivedAsSeller&item_id=256837442963&username=navigamer7shop&filter=feedback_page%3ARECEIVED_AS_SELLER&sort=RELEVANCE,256837442963
,387503370838
,365304144512
https://www.ebay.com/fdbk/mweb_profile?fdbkType=FeedbackReceivedAsSeller&item_id=396253063766&username=saza_1334&filter=feedback_page%3ARECEIVED_AS_SELLER&sort=RELEVANCE,396253063766
,155629201367
,316010774164
,123817343391
,116406088437
,196692869153
,126936705856
,365340818783
https://www.ebay.com/fdbk/mweb_profile?fdbkType=FeedbackReceivedAsSeller&item_id=375820492336&username=mazoucase19&filter=feedback_page%3ARECEIVED_AS_SELLER&sort=RELEVANCE,375820492336
https://www.ebay.com/fdbk/mweb_profile?fdbkType=FeedbackReceivedAsSeller&item_id=396135356142&username=robust_ventures&filter=feedback_page%3ARECEIVED_AS_SELLER&sort=RELEVANCE,396135356142
,167233887389
,387213902015
,167185567914
,315840495626
,126716305927
,305966728301
,335720448847
,296584849936
https://www.ebay.com/fdbk/mweb_profile?fdbkType=FeedbackReceivedAsSeller&item_id=197057476004&username=best_buy&filter=feedback_page%3ARECEIVED_AS_SELLER&sort=RELEVANCE,197057476004
,264714576220
,196337655134
,264714553889
,116093713720
https://www.ebay.com/fdbk/mweb_profile?fdbkType=FeedbackReceivedAsSeller&item_id=315584662444&username=sgin_official_store&filter=feedback_page%3ARECEIVED_AS_SELLER&sort=RELEVANCE,315584662444
,325837948714
,115892071413
,284813504070
,254582474636
,305718430632
https://www.ebay.com/fdbk/mweb_profile?fdbkType=FeedbackReceivedAsSeller&item_id=326346609367&username=best_buy&filter=feedback_page%3ARECEIVED_AS_SELLER&sort=RELEVANCE,326346609367
,296452079342
,167025758236
,116436274952
https://www.ebay.com/fdbk/mweb_profile?fdbkType=FeedbackReceivedAsSeller&item_id=388003871713&username=ersaccount&filter=feedback_page%3ARECEIVED_AS_SELLER&sort=RELEVANCE,388003871713
,276553848381
,204802774805
,256520136672
,275457031453
,256717127800
,315584640725
https://www.ebay.com/fdbk/mweb_profile?fdbkType=FeedbackReceivedAsSeller&item_id=156746503917&username=forrapp&filter=feedback_page%3ARECEIVED_AS_SELLER&sort=RELEVANCE,156746503917
https://www.ebay.com/fdbk/mweb_profile?fdbkType=FeedbackReceivedAsSeller&item_id=375567619665&username=ysd_20_53&filter=feedback_page%3ARECEIVED_AS_SELLER&sort=RELEVANCE,375567619665
,266896713942
,256518979185
,204802985528
,266889342994
https://www.ebay.com/fdbk/mweb_profile?fdbkType=FeedbackReceivedAsSeller&item_id=126967648351&username=cnil1635&filter=feedback_page%3ARECEIVED_AS_SELLER&sort=RELEVANCE,126967648351
,306148414800
https://www.ebay.com/fdbk/mweb_profile?fdbkType=FeedbackReceivedAsSeller&item_id=167250905169&username=yuansheng&filter=feedback_page%3ARECEIVED_AS_SELLER&sort=RELEVANCE,167250905169
,166908078372
https://www.ebay.com/fdbk/mweb_profile?fdbkType=FeedbackReceivedAsSeller&item_id=316404951389&username=stthomas_31&filter=feedback_page%3ARECEIVED_AS_SELLER&sort=RELEVANCE,316404951389
https://www.ebay.com/fdbk/mweb_profile?fdbkType=FeedbackReceivedAsSeller&item_id=197035778702&username=best_buy&filter=feedback_page%3ARECEIVED_AS_SELLER&sort=RELEVANCE,197035778702
https://www.ebay.com/fdbk/mweb_profile?fdbkType=FeedbackReceivedAsSeller&item_id=276909174027&username=epc-pa&filter=feedback_page%3ARECEIVED_AS_SELLER&sort=RELEVANCE,276909174027
,387635594054
,205117429872
,254654754368
,196487289019
,276553848429
,176816169120
,335762770305
,126480962681
,235711075450
,256496543516
,115839581444
,254953548648
,267055140518
,305776945810
,326349465754
,315829474213
,235412028199
,126911523480
https://www.ebay.com/fdbk/mweb_profile?fdbkType=FeedbackReceivedAsSeller&item_id=126911552064&username=saiholdings&filter=feedback_page%3ARECEIVED_AS_SELLER&sort=RELEVANCE,126911552064
https://www.ebay.com/fdbk/mweb_profile?fdbkType=FeedbackReceivedAsSeller&item_id=126911509744&username=saiholdings&filter=feedback_page%3ARECEIVED_AS_SELLER&sort=RELEVANCE,126911509744
https://www.ebay.com/fdbk/mweb_profile?fdbkType=FeedbackReceivedAsSeller&item_id=375960007896&username=saiholdings&filter=feedback_page%3ARECEIVED_AS_SELLER&sort=RELEVANCE,375960007896
,335066191383
,223979571796
,115940036321
,114618496075
,193553482938
,135018937757
,284383788268
,225232916083
https://www.ebay.com/fdbk/mweb_profile?fdbkType=FeedbackReceivedAsSeller&item_id=186982207588&username=alihaq3&filter=feedback_page%3ARECEIVED_AS_SELLER&sort=RELEVANCE,186982207588
,126911509452
,326081353313
,135526072026
,116112402153
,304933697912
https://www.ebay.com/fdbk/mweb_profile?fdbkType=FeedbackReceivedAsSeller&item_id=286362330655&username=beautyvice_5&filter=feedback_page%3ARECEIVED_AS_SELLER&sort=RELEVANCE,286362330655
,265625460264
,224411053720
,256824391651
,314956305011
,296560784488
,404953294066
https://www.ebay.com/fdbk/mweb_profile?fdbkType=FeedbackReceivedAsSeller&item_id=365413757488&username=hefeishinutangk0&filter=feedback_page%3ARECEIVED_AS_SELLER&sort=RELEVANCE,365413757488
,135552323988
,282475328144
https://www.ebay.com/fdbk/mweb_profile?fdbkType=FeedbackReceivedAsSeller&item_id=325994003019&username=digital_detect403&filter=feedback_page%3ARECEIVED_AS_SELLER&sort=RELEVANCE,325994003019
,135526079651
,374510192884
,375960008123
https://www.ebay.com/fdbk/mweb_profile?fdbkType=FeedbackReceivedAsSeller&item_id=387960100551&username=belowmp&filter=feedback_page%3ARECEIVED_AS_SELLER&sort=RELEVANCE,387960100551
,254717017757
https://www.ebay.com/fdbk/mweb_profile?fdbkType=FeedbackReceivedAsSeller&item_id=306133792504&username=beauty33&filter=feedback_page%3ARECEIVED_AS_SELLER&sort=RELEVANCE,306133792504
https://www.ebay.com/fdbk/mweb_profile?fdbkType=FeedbackReceivedAsSeller&item_id=126962084968&username=maurysllc&filter=feedback_page%3ARECEIVED_AS_SELLER&sort=RELEVANCE,126962084968
,326072416389
,314964742745
https://www.ebay.com/fdbk/mweb_profile?fdbkType=FeedbackReceivedAsSeller&item_id=375959984051&username=saiholdings&filter=feedback_page%3ARECEIVED_AS_SELLER&sort=RELEVANCE,375959984051
,356475424697
,306071653976
,134905688477
,405289956471
,167166498399
,296817759465
,403636726071
,364635809166
,224411052627
,205273325221
,256519887875
,286010764154
,226471381139
,116447814216
,135542352340
,234245489116
,403776952748
,153356585464
,375009780740
https://www.ebay.com/fdbk/mweb_profile?fdbkType=FeedbackReceivedAsSeller&item_id=135526079520&username=saiholdings&filter=feedback_page%3ARECEIVED_AS_SELLER&sort=RELEVANCE,135526079520
https://www.ebay.com/fdbk/mweb_profile?fdbkType=FeedbackReceivedAsSeller&item_id=135526062125&username=saiholdings&filter=feedback_page%3ARECEIVED_AS_SELLER&sort=RELEVANCE,135526062125
,156534415657
,156179224878
,156327604212
,395561792302
,314074071401
,373530480350
,315380320519
,204911186386
,155524566127
,156426545045
,185779976643
,265114617809
,356616707321
https://www.ebay.com/fdbk/mweb_profile?fdbkType=FeedbackReceivedAsSeller&item_id=375979555928&username=greatvaluesite&filter=feedback_page%3ARECEIVED_AS_SELLER&sort=RELEVANCE,375979555928
https://www.ebay.com/fdbk/mweb_profile?fdbkType=FeedbackReceivedAsSeller&item_id=256822977422&username=lightningcontrols&filter=feedback_page%3ARECEIVED_AS_SELLER&sort=RELEVANCE,256822977422
,265317827751
,145639884571
,176852829304
,285940263627
,175871876562
,276535998102
,285940372908
,286158185541
,204911174256
,286332563947
https://www.ebay.com/fdbk/mweb_profile?fdbkType=FeedbackReceivedAsSeller&item_id=286364965557&username=rdealz1004&filter=feedback_page%3ARECEIVED_AS_SELLER&sort=RELEVANCE,286364965557
,274493598619
,395535173196
https://www.ebay.com/fdbk/mweb_profile?fdbkType=FeedbackReceivedAsSeller&item_id=404806991001&username=rrugro_fm2ljg0&filter=feedback_page%3ARECEIVED_AS_SELLER&sort=RELEVANCE,404806991001
,374348254649
,316113073974
,365411632584
,235425329067
https://www.ebay.com/fdbk/mweb_profile?fdbkType=FeedbackReceivedAsSeller&item_id=396254591439&username=powerliquidators123&filter=feedback_page%3ARECEIVED_AS_SELLER&sort=RELEVANCE,396254591439
,116439084522
,365287263800
,364745069964
,204884851600
,297066327825
,196886732569
https://www.ebay.com/fdbk/mweb_profile?fdbkType=FeedbackReceivedAsSeller&item_id=205318248790&username=regencytechnologies&filter=feedback_page%3ARECEIVED_AS_SELLER&sort=RELEVANCE,205318248790
,124636439051
,315380320340
,364656007583
,204761676663
,276623399394
,265781335780
https://www.ebay.com/fdbk/mweb_profile?fdbkType=FeedbackReceivedAsSeller&item_id=306144887277&username=mytownsupply&filter=feedback_page%3ARECEIVED_AS_SELLER&sort=RELEVANCE,306144887277
https://www.ebay.com/fdbk/mweb_profile?fdbkType=FeedbackReceivedAsSeller&item_id=405573880224&username=chasta_244&filter=feedback_page%3ARECEIVED_AS_SELLER&sort=RELEVANCE,405573880224
,364893131314
,156426543417
,265983500898
,375279032105
,335329535867
,176781365427
,256678179402
,116115307393
,116430341651
https://www.ebay.com/fdbk/mweb_profile?fdbkType=FeedbackReceivedAsSeller&item_id=306111600479&username=tradeportusa&filter=feedback_page%3ARECEIVED_AS_SELLER&sort=RELEVANCE,306111600479
,166876714953
https://www.ebay.com/fdbk/mweb_profile?fdbkType=FeedbackReceivedAsSeller&item_id=375600750560&username=pmantw-75&filter=feedback_page%3ARECEIVED_AS_SELLER&sort=RELEVANCE,375600750560
https://www.ebay.com/fdbk/mweb_profile?fdbkType=FeedbackReceivedAsSeller&item_id=267170972652&username=dr.adrock&filter=feedback_page%3ARECEIVED_AS_SELLER&sort=RELEVANCE,267170972652
https://www.ebay.com/fdbk/mweb_profile?fdbkType=FeedbackReceivedAsSeller&item_id=156610009998&username=indianalulu&filter=feedback_page%3ARECEIVED_AS_SELLER&sort=RELEVANCE,156610009998
